run_accession	study_accession	sample_accession	experiment_accession	tax_id	scientific_name	fastq_ftp	submitted_ftp	bam_ftp
ERR321069	PRJEB4336	SAMEA2149557	ERX294202	408170	human gut metagenome	ftp.sra.ebi.ac.uk/vol1/fastq/ERR321/ERR321069/ERR321069_1.fastq.gz;ftp.sra.ebi.ac.uk/vol1/fastq/ERR321/ERR321069/ERR321069_2.fastq.gz	ftp.sra.ebi.ac.uk/vol1/run/ERR321/ERR321069/MetaHIT-MH0003_090107.rmHuman.rmHost.1.fq.gz;ftp.sra.ebi.ac.uk/vol1/run/ERR321/ERR321069/MetaHIT-MH0003_090107.rmHuman.rmHost.2.fq.gz	
ERR321080	PRJEB4336	SAMEA2148472	ERX294213	408170	human gut metagenome	ftp.sra.ebi.ac.uk/vol1/fastq/ERR321/ERR321080/ERR321080_1.fastq.gz;ftp.sra.ebi.ac.uk/vol1/fastq/ERR321/ERR321080/ERR321080_2.fastq.gz	ftp.sra.ebi.ac.uk/vol1/run/ERR321/ERR321080/MetaHIT-MH0007_081109.rmHuman.rmHost.1.fq.gz;ftp.sra.ebi.ac.uk/vol1/run/ERR321/ERR321080/MetaHIT-MH0007_081109.rmHuman.rmHost.2.fq.gz	
ERR321083	PRJEB4336	SAMEA1970582	ERX294216	408170	human gut metagenome	ftp.sra.ebi.ac.uk/vol1/fastq/ERR321/ERR321083/ERR321083_1.fastq.gz;ftp.sra.ebi.ac.uk/vol1/fastq/ERR321/ERR321083/ERR321083_2.fastq.gz	ftp.sra.ebi.ac.uk/vol1/run/ERR321/ERR321083/MetaHIT-MH0008_081123.rmHuman.rmHost.1.fq.gz;ftp.sra.ebi.ac.uk/vol1/run/ERR321/ERR321083/MetaHIT-MH0008_081123.rmHuman.rmHost.2.fq.gz	
ERR321084	PRJEB4336	SAMEA2144299	ERX294217	408170	human gut metagenome	ftp.sra.ebi.ac.uk/vol1/fastq/ERR321/ERR321084/ERR321084_1.fastq.gz;ftp.sra.ebi.ac.uk/vol1/fastq/ERR321/ERR321084/ERR321084_2.fastq.gz	ftp.sra.ebi.ac.uk/vol1/run/ERR321/ERR321084/MetaHIT-MH0009_081203.rmHuman.rmHost.1.fq.gz;ftp.sra.ebi.ac.uk/vol1/run/ERR321/ERR321084/MetaHIT-MH0009_081203.rmHuman.rmHost.2.fq.gz	
ERR321091	PRJEB4336	SAMEA2159553	ERX294224	408170	human gut metagenome	ftp.sra.ebi.ac.uk/vol1/fastq/ERR321/ERR321091/ERR321091_1.fastq.gz;ftp.sra.ebi.ac.uk/vol1/fastq/ERR321/ERR321091/ERR321091_2.fastq.gz	ftp.sra.ebi.ac.uk/vol1/run/ERR321/ERR321091/MetaHIT-MH0011_090120.rmHuman.rmHost.1.fq.gz;ftp.sra.ebi.ac.uk/vol1/run/ERR321/ERR321091/MetaHIT-MH0011_090120.rmHuman.rmHost.2.fq.gz	
ERR321108	PRJEB4336	SAMEA2149603	ERX294241	408170	human gut metagenome	ftp.sra.ebi.ac.uk/vol1/fastq/ERR321/ERR321108/ERR321108_1.fastq.gz;ftp.sra.ebi.ac.uk/vol1/fastq/ERR321/ERR321108/ERR321108_2.fastq.gz	ftp.sra.ebi.ac.uk/vol1/run/ERR321/ERR321108/MetaHIT-MH0016_090120.rmHuman.rmHost.1.fq.gz;ftp.sra.ebi.ac.uk/vol1/run/ERR321/ERR321108/MetaHIT-MH0016_090120.rmHuman.rmHost.2.fq.gz	
ERR321111	PRJEB4336	SAMEA2161087	ERX294244	408170	human gut metagenome	ftp.sra.ebi.ac.uk/vol1/fastq/ERR321/ERR321111/ERR321111_1.fastq.gz;ftp.sra.ebi.ac.uk/vol1/fastq/ERR321/ERR321111/ERR321111_2.fastq.gz	ftp.sra.ebi.ac.uk/vol1/run/ERR321/ERR321111/MetaHIT-MH0018_081108.rmHuman.rmHost.1.fq.gz;ftp.sra.ebi.ac.uk/vol1/run/ERR321/ERR321111/MetaHIT-MH0018_081108.rmHuman.rmHost.2.fq.gz	
ERR321123	PRJEB4336	SAMEA2162297	ERX294256	408170	human gut metagenome	ftp.sra.ebi.ac.uk/vol1/fastq/ERR321/ERR321123/ERR321123_1.fastq.gz;ftp.sra.ebi.ac.uk/vol1/fastq/ERR321/ERR321123/ERR321123_2.fastq.gz	ftp.sra.ebi.ac.uk/vol1/run/ERR321/ERR321123/MetaHIT-MH0024_081224.rmHuman.rmHost.1.fq.gz;ftp.sra.ebi.ac.uk/vol1/run/ERR321/ERR321123/MetaHIT-MH0024_081224.rmHuman.rmHost.2.fq.gz	
ERR321126	PRJEB4336	SAMEA2148374	ERX294259	408170	human gut metagenome	ftp.sra.ebi.ac.uk/vol1/fastq/ERR321/ERR321126/ERR321126_1.fastq.gz;ftp.sra.ebi.ac.uk/vol1/fastq/ERR321/ERR321126/ERR321126_2.fastq.gz	ftp.sra.ebi.ac.uk/vol1/run/ERR321/ERR321126/MetaHIT-MH0025_090121.rmHuman.rmHost.1.fq.gz;ftp.sra.ebi.ac.uk/vol1/run/ERR321/ERR321126/MetaHIT-MH0025_090121.rmHuman.rmHost.2.fq.gz	
ERR321128	PRJEB4336	SAMEA2161309	ERX294261	408170	human gut metagenome	ftp.sra.ebi.ac.uk/vol1/fastq/ERR321/ERR321128/ERR321128_1.fastq.gz;ftp.sra.ebi.ac.uk/vol1/fastq/ERR321/ERR321128/ERR321128_2.fastq.gz	ftp.sra.ebi.ac.uk/vol1/run/ERR321/ERR321128/MetaHIT-MH0026_090117.rmHuman.rmHost.1.fq.gz;ftp.sra.ebi.ac.uk/vol1/run/ERR321/ERR321128/MetaHIT-MH0026_090117.rmHuman.rmHost.2.fq.gz	
ERR321129	PRJEB4336	SAMEA2150994	ERX294262	408170	human gut metagenome	ftp.sra.ebi.ac.uk/vol1/fastq/ERR321/ERR321129/ERR321129_1.fastq.gz;ftp.sra.ebi.ac.uk/vol1/fastq/ERR321/ERR321129/ERR321129_2.fastq.gz	ftp.sra.ebi.ac.uk/vol1/run/ERR321/ERR321129/MetaHIT-MH0027_081108.rmHuman.rmHost.1.fq.gz;ftp.sra.ebi.ac.uk/vol1/run/ERR321/ERR321129/MetaHIT-MH0027_081108.rmHuman.rmHost.2.fq.gz	
ERR321131	PRJEB4336	SAMEA2155745	ERX294264	408170	human gut metagenome	ftp.sra.ebi.ac.uk/vol1/fastq/ERR321/ERR321131/ERR321131_1.fastq.gz;ftp.sra.ebi.ac.uk/vol1/fastq/ERR321/ERR321131/ERR321131_2.fastq.gz	ftp.sra.ebi.ac.uk/vol1/run/ERR321/ERR321131/MetaHIT-MH0028_081223.rmHuman.rmHost.1.fq.gz;ftp.sra.ebi.ac.uk/vol1/run/ERR321/ERR321131/MetaHIT-MH0028_081223.rmHuman.rmHost.2.fq.gz	
ERR321137	PRJEB4336	SAMEA2163271	ERX294270	408170	human gut metagenome	ftp.sra.ebi.ac.uk/vol1/fastq/ERR321/ERR321137/ERR321137_1.fastq.gz;ftp.sra.ebi.ac.uk/vol1/fastq/ERR321/ERR321137/ERR321137_2.fastq.gz	ftp.sra.ebi.ac.uk/vol1/run/ERR321/ERR321137/MetaHIT-MH0032_081224.rmHuman.rmHost.1.fq.gz;ftp.sra.ebi.ac.uk/vol1/run/ERR321/ERR321137/MetaHIT-MH0032_081224.rmHuman.rmHost.2.fq.gz	
ERR321138	PRJEB4336	SAMEA2163271	ERX294271	408170	human gut metagenome	ftp.sra.ebi.ac.uk/vol1/fastq/ERR321/ERR321138/ERR321138_1.fastq.gz;ftp.sra.ebi.ac.uk/vol1/fastq/ERR321/ERR321138/ERR321138_2.fastq.gz	ftp.sra.ebi.ac.uk/vol1/run/ERR321/ERR321138/MetaHIT-MH0032_090121.rmHuman.rmHost.1.fq.gz;ftp.sra.ebi.ac.uk/vol1/run/ERR321/ERR321138/MetaHIT-MH0032_090121.rmHuman.rmHost.2.fq.gz	
ERR321139	PRJEB4336	SAMEA2146321	ERX294272	408170	human gut metagenome	ftp.sra.ebi.ac.uk/vol1/fastq/ERR321/ERR321139/ERR321139_1.fastq.gz;ftp.sra.ebi.ac.uk/vol1/fastq/ERR321/ERR321139/ERR321139_2.fastq.gz	ftp.sra.ebi.ac.uk/vol1/run/ERR321/ERR321139/MetaHIT-MH0033_081224.rmHuman.rmHost.1.fq.gz;ftp.sra.ebi.ac.uk/vol1/run/ERR321/ERR321139/MetaHIT-MH0033_081224.rmHuman.rmHost.2.fq.gz	
ERR321141	PRJEB4336	SAMEA2154082	ERX294274	408170	human gut metagenome	ftp.sra.ebi.ac.uk/vol1/fastq/ERR321/ERR321141/ERR321141_1.fastq.gz;ftp.sra.ebi.ac.uk/vol1/fastq/ERR321/ERR321141/ERR321141_2.fastq.gz	ftp.sra.ebi.ac.uk/vol1/run/ERR321/ERR321141/MetaHIT-MH0034_081213.rmHuman.rmHost.1.fq.gz;ftp.sra.ebi.ac.uk/vol1/run/ERR321/ERR321141/MetaHIT-MH0034_081213.rmHuman.rmHost.2.fq.gz	
ERR321147	PRJEB4336	SAMEA2143295	ERX294280	408170	human gut metagenome	ftp.sra.ebi.ac.uk/vol1/fastq/ERR321/ERR321147/ERR321147_1.fastq.gz;ftp.sra.ebi.ac.uk/vol1/fastq/ERR321/ERR321147/ERR321147_2.fastq.gz	ftp.sra.ebi.ac.uk/vol1/run/ERR321/ERR321147/MetaHIT-MH0037_081226.rmHuman.rmHost.1.fq.gz;ftp.sra.ebi.ac.uk/vol1/run/ERR321/ERR321147/MetaHIT-MH0037_081226.rmHuman.rmHost.2.fq.gz	
ERR321151	PRJEB4336	SAMEA2156186	ERX294284	408170	human gut metagenome	ftp.sra.ebi.ac.uk/vol1/fastq/ERR321/ERR321151/ERR321151_1.fastq.gz;ftp.sra.ebi.ac.uk/vol1/fastq/ERR321/ERR321151/ERR321151_2.fastq.gz	ftp.sra.ebi.ac.uk/vol1/run/ERR321/ERR321151/MetaHIT-MH0039_081226.rmHuman.rmHost.1.fq.gz;ftp.sra.ebi.ac.uk/vol1/run/ERR321/ERR321151/MetaHIT-MH0039_081226.rmHuman.rmHost.2.fq.gz	
ERR321153	PRJEB4336	SAMEA2152602	ERX294286	408170	human gut metagenome	ftp.sra.ebi.ac.uk/vol1/fastq/ERR321/ERR321153/ERR321153_1.fastq.gz;ftp.sra.ebi.ac.uk/vol1/fastq/ERR321/ERR321153/ERR321153_2.fastq.gz	ftp.sra.ebi.ac.uk/vol1/run/ERR321/ERR321153/MetaHIT-MH0040_081223.rmHuman.rmHost.1.fq.gz;ftp.sra.ebi.ac.uk/vol1/run/ERR321/ERR321153/MetaHIT-MH0040_081223.rmHuman.rmHost.2.fq.gz	
ERR321154	PRJEB4336	SAMEA2152602	ERX294287	408170	human gut metagenome	ftp.sra.ebi.ac.uk/vol1/fastq/ERR321/ERR321154/ERR321154_1.fastq.gz;ftp.sra.ebi.ac.uk/vol1/fastq/ERR321/ERR321154/ERR321154_2.fastq.gz	ftp.sra.ebi.ac.uk/vol1/run/ERR321/ERR321154/MetaHIT-MH0040_090125.rmHuman.rmHost.1.fq.gz;ftp.sra.ebi.ac.uk/vol1/run/ERR321/ERR321154/MetaHIT-MH0040_090125.rmHuman.rmHost.2.fq.gz	
ERR321156	PRJEB4336	SAMEA2149030	ERX294289	408170	human gut metagenome	ftp.sra.ebi.ac.uk/vol1/fastq/ERR321/ERR321156/ERR321156_1.fastq.gz;ftp.sra.ebi.ac.uk/vol1/fastq/ERR321/ERR321156/ERR321156_2.fastq.gz	ftp.sra.ebi.ac.uk/vol1/run/ERR321/ERR321156/MetaHIT-MH0041_090125.rmHuman.rmHost.1.fq.gz;ftp.sra.ebi.ac.uk/vol1/run/ERR321/ERR321156/MetaHIT-MH0041_090125.rmHuman.rmHost.2.fq.gz	
ERR321163	PRJEB4336	SAMEA1972002	ERX294296	408170	human gut metagenome	ftp.sra.ebi.ac.uk/vol1/fastq/ERR321/ERR321163/ERR321163_1.fastq.gz;ftp.sra.ebi.ac.uk/vol1/fastq/ERR321/ERR321163/ERR321163_2.fastq.gz	ftp.sra.ebi.ac.uk/vol1/run/ERR321/ERR321163/MetaHIT-MH0045_081223.rmHuman.rmHost.1.fq.gz;ftp.sra.ebi.ac.uk/vol1/run/ERR321/ERR321163/MetaHIT-MH0045_081223.rmHuman.rmHost.2.fq.gz	
ERR321172	PRJEB4336	SAMEA2157043	ERX294305	408170	human gut metagenome	ftp.sra.ebi.ac.uk/vol1/fastq/ERR321/ERR321172/ERR321172_1.fastq.gz;ftp.sra.ebi.ac.uk/vol1/fastq/ERR321/ERR321172/ERR321172_2.fastq.gz	ftp.sra.ebi.ac.uk/vol1/run/ERR321/ERR321172/MetaHIT-MH0049_090201.rmHuman.rmHost.1.fq.gz;ftp.sra.ebi.ac.uk/vol1/run/ERR321/ERR321172/MetaHIT-MH0049_090201.rmHuman.rmHost.2.fq.gz	
ERR321175	PRJEB4336	SAMEA2143176	ERX294308	408170	human gut metagenome	ftp.sra.ebi.ac.uk/vol1/fastq/ERR321/ERR321175/ERR321175_1.fastq.gz;ftp.sra.ebi.ac.uk/vol1/fastq/ERR321/ERR321175/ERR321175_2.fastq.gz	ftp.sra.ebi.ac.uk/vol1/run/ERR321/ERR321175/MetaHIT-MH0051_081226.rmHuman.rmHost.1.fq.gz;ftp.sra.ebi.ac.uk/vol1/run/ERR321/ERR321175/MetaHIT-MH0051_081226.rmHuman.rmHost.2.fq.gz	
ERR321179	PRJEB4336	SAMEA2155953	ERX294312	408170	human gut metagenome	ftp.sra.ebi.ac.uk/vol1/fastq/ERR321/ERR321179/ERR321179_1.fastq.gz;ftp.sra.ebi.ac.uk/vol1/fastq/ERR321/ERR321179/ERR321179_2.fastq.gz	ftp.sra.ebi.ac.uk/vol1/run/ERR321/ERR321179/MetaHIT-MH0053_081222.rmHuman.rmHost.1.fq.gz;ftp.sra.ebi.ac.uk/vol1/run/ERR321/ERR321179/MetaHIT-MH0053_081222.rmHuman.rmHost.2.fq.gz	
ERR321180	PRJEB4336	SAMEA2155953	ERX294313	408170	human gut metagenome	ftp.sra.ebi.ac.uk/vol1/fastq/ERR321/ERR321180/ERR321180_1.fastq.gz;ftp.sra.ebi.ac.uk/vol1/fastq/ERR321/ERR321180/ERR321180_2.fastq.gz	ftp.sra.ebi.ac.uk/vol1/run/ERR321/ERR321180/MetaHIT-MH0053_090125.rmHuman.rmHost.1.fq.gz;ftp.sra.ebi.ac.uk/vol1/run/ERR321/ERR321180/MetaHIT-MH0053_090125.rmHuman.rmHost.2.fq.gz	
ERR321181	PRJEB4336	SAMEA2146778	ERX294314	408170	human gut metagenome	ftp.sra.ebi.ac.uk/vol1/fastq/ERR321/ERR321181/ERR321181_1.fastq.gz;ftp.sra.ebi.ac.uk/vol1/fastq/ERR321/ERR321181/ERR321181_2.fastq.gz	ftp.sra.ebi.ac.uk/vol1/run/ERR321/ERR321181/MetaHIT-MH0054_081222.rmHuman.rmHost.1.fq.gz;ftp.sra.ebi.ac.uk/vol1/run/ERR321/ERR321181/MetaHIT-MH0054_081222.rmHuman.rmHost.2.fq.gz	
ERR321185	PRJEB4336	SAMEA2150283	ERX294318	408170	human gut metagenome	ftp.sra.ebi.ac.uk/vol1/fastq/ERR321/ERR321185/ERR321185_1.fastq.gz;ftp.sra.ebi.ac.uk/vol1/fastq/ERR321/ERR321185/ERR321185_2.fastq.gz	ftp.sra.ebi.ac.uk/vol1/run/ERR321/ERR321185/MetaHIT-MH0056_081230.rmHuman.rmHost.1.fq.gz;ftp.sra.ebi.ac.uk/vol1/run/ERR321/ERR321185/MetaHIT-MH0056_081230.rmHuman.rmHost.2.fq.gz	
ERR321187	PRJEB4336	SAMEA2150839	ERX294320	408170	human gut metagenome	ftp.sra.ebi.ac.uk/vol1/fastq/ERR321/ERR321187/ERR321187_1.fastq.gz;ftp.sra.ebi.ac.uk/vol1/fastq/ERR321/ERR321187/ERR321187_2.fastq.gz	ftp.sra.ebi.ac.uk/vol1/run/ERR321/ERR321187/MetaHIT-MH0057_081222.rmHuman.rmHost.1.fq.gz;ftp.sra.ebi.ac.uk/vol1/run/ERR321/ERR321187/MetaHIT-MH0057_081222.rmHuman.rmHost.2.fq.gz	
ERR321189	PRJEB4336	SAMEA2152254	ERX294322	408170	human gut metagenome	ftp.sra.ebi.ac.uk/vol1/fastq/ERR321/ERR321189/ERR321189_1.fastq.gz;ftp.sra.ebi.ac.uk/vol1/fastq/ERR321/ERR321189/ERR321189_2.fastq.gz	ftp.sra.ebi.ac.uk/vol1/run/ERR321/ERR321189/MetaHIT-MH0058_081230.rmHuman.rmHost.1.fq.gz;ftp.sra.ebi.ac.uk/vol1/run/ERR321/ERR321189/MetaHIT-MH0058_081230.rmHuman.rmHost.2.fq.gz	
ERR321190	PRJEB4336	SAMEA2152254	ERX294323	408170	human gut metagenome	ftp.sra.ebi.ac.uk/vol1/fastq/ERR321/ERR321190/ERR321190_1.fastq.gz;ftp.sra.ebi.ac.uk/vol1/fastq/ERR321/ERR321190/ERR321190_2.fastq.gz	ftp.sra.ebi.ac.uk/vol1/run/ERR321/ERR321190/MetaHIT-MH0058_090125.rmHuman.rmHost.1.fq.gz;ftp.sra.ebi.ac.uk/vol1/run/ERR321/ERR321190/MetaHIT-MH0058_090125.rmHuman.rmHost.2.fq.gz	
ERR321191	PRJEB4336	SAMEA2155215	ERX294324	408170	human gut metagenome	ftp.sra.ebi.ac.uk/vol1/fastq/ERR321/ERR321191/ERR321191_1.fastq.gz;ftp.sra.ebi.ac.uk/vol1/fastq/ERR321/ERR321191/ERR321191_2.fastq.gz	ftp.sra.ebi.ac.uk/vol1/run/ERR321/ERR321191/MetaHIT-MH0059_081230.rmHuman.rmHost.1.fq.gz;ftp.sra.ebi.ac.uk/vol1/run/ERR321/ERR321191/MetaHIT-MH0059_081230.rmHuman.rmHost.2.fq.gz	
ERR321196	PRJEB4336	SAMEA2148063	ERX294329	408170	human gut metagenome	ftp.sra.ebi.ac.uk/vol1/fastq/ERR321/ERR321196/ERR321196_1.fastq.gz;ftp.sra.ebi.ac.uk/vol1/fastq/ERR321/ERR321196/ERR321196_2.fastq.gz	ftp.sra.ebi.ac.uk/vol1/run/ERR321/ERR321196/MetaHIT-MH0061_090126.rmHuman.rmHost.1.fq.gz;ftp.sra.ebi.ac.uk/vol1/run/ERR321/ERR321196/MetaHIT-MH0061_090126.rmHuman.rmHost.2.fq.gz	
ERR321197	PRJEB4336	SAMEA2150866	ERX294330	408170	human gut metagenome	ftp.sra.ebi.ac.uk/vol1/fastq/ERR321/ERR321197/ERR321197_1.fastq.gz;ftp.sra.ebi.ac.uk/vol1/fastq/ERR321/ERR321197/ERR321197_2.fastq.gz	ftp.sra.ebi.ac.uk/vol1/run/ERR321/ERR321197/MetaHIT-MH0062_081223.rmHuman.rmHost.1.fq.gz;ftp.sra.ebi.ac.uk/vol1/run/ERR321/ERR321197/MetaHIT-MH0062_081223.rmHuman.rmHost.2.fq.gz	
ERR321203	PRJEB4336	SAMEA2150814	ERX294336	408170	human gut metagenome	ftp.sra.ebi.ac.uk/vol1/fastq/ERR321/ERR321203/ERR321203_1.fastq.gz;ftp.sra.ebi.ac.uk/vol1/fastq/ERR321/ERR321203/ERR321203_2.fastq.gz	ftp.sra.ebi.ac.uk/vol1/run/ERR321/ERR321203/MetaHIT-MH0065_081223.rmHuman.rmHost.1.fq.gz;ftp.sra.ebi.ac.uk/vol1/run/ERR321/ERR321203/MetaHIT-MH0065_081223.rmHuman.rmHost.2.fq.gz	
ERR321205	PRJEB4336	SAMEA2154930	ERX294338	408170	human gut metagenome	ftp.sra.ebi.ac.uk/vol1/fastq/ERR321/ERR321205/ERR321205_1.fastq.gz;ftp.sra.ebi.ac.uk/vol1/fastq/ERR321/ERR321205/ERR321205_2.fastq.gz	ftp.sra.ebi.ac.uk/vol1/run/ERR321/ERR321205/MetaHIT-MH0066_081223.rmHuman.rmHost.1.fq.gz;ftp.sra.ebi.ac.uk/vol1/run/ERR321/ERR321205/MetaHIT-MH0066_081223.rmHuman.rmHost.2.fq.gz	
ERR321207	PRJEB4336	SAMEA2162460	ERX294340	408170	human gut metagenome	ftp.sra.ebi.ac.uk/vol1/fastq/ERR321/ERR321207/ERR321207_1.fastq.gz;ftp.sra.ebi.ac.uk/vol1/fastq/ERR321/ERR321207/ERR321207_2.fastq.gz	ftp.sra.ebi.ac.uk/vol1/run/ERR321/ERR321207/MetaHIT-MH0067_090103.rmHuman.rmHost.1.fq.gz;ftp.sra.ebi.ac.uk/vol1/run/ERR321/ERR321207/MetaHIT-MH0067_090103.rmHuman.rmHost.2.fq.gz	
ERR321209	PRJEB4336	SAMEA2153740	ERX294342	408170	human gut metagenome	ftp.sra.ebi.ac.uk/vol1/fastq/ERR321/ERR321209/ERR321209_1.fastq.gz;ftp.sra.ebi.ac.uk/vol1/fastq/ERR321/ERR321209/ERR321209_2.fastq.gz	ftp.sra.ebi.ac.uk/vol1/run/ERR321/ERR321209/MetaHIT-MH0068_081223.rmHuman.rmHost.1.fq.gz;ftp.sra.ebi.ac.uk/vol1/run/ERR321/ERR321209/MetaHIT-MH0068_081223.rmHuman.rmHost.2.fq.gz	
ERR321210	PRJEB4336	SAMEA2153740	ERX294343	408170	human gut metagenome	ftp.sra.ebi.ac.uk/vol1/fastq/ERR321/ERR321210/ERR321210_1.fastq.gz;ftp.sra.ebi.ac.uk/vol1/fastq/ERR321/ERR321210/ERR321210_2.fastq.gz	ftp.sra.ebi.ac.uk/vol1/run/ERR321/ERR321210/MetaHIT-MH0068_090126.rmHuman.rmHost.1.fq.gz;ftp.sra.ebi.ac.uk/vol1/run/ERR321/ERR321210/MetaHIT-MH0068_090126.rmHuman.rmHost.2.fq.gz	
ERR321212	PRJEB4336	SAMEA2143745	ERX294345	408170	human gut metagenome	ftp.sra.ebi.ac.uk/vol1/fastq/ERR321/ERR321212/ERR321212_1.fastq.gz;ftp.sra.ebi.ac.uk/vol1/fastq/ERR321/ERR321212/ERR321212_2.fastq.gz	ftp.sra.ebi.ac.uk/vol1/run/ERR321/ERR321212/MetaHIT-MH0069_090103.rmHuman.rmHost.1.fq.gz;ftp.sra.ebi.ac.uk/vol1/run/ERR321/ERR321212/MetaHIT-MH0069_090103.rmHuman.rmHost.2.fq.gz	
ERR321214	PRJEB4336	SAMEA2160621	ERX294347	408170	human gut metagenome	ftp.sra.ebi.ac.uk/vol1/fastq/ERR321/ERR321214/ERR321214_1.fastq.gz;ftp.sra.ebi.ac.uk/vol1/fastq/ERR321/ERR321214/ERR321214_2.fastq.gz	ftp.sra.ebi.ac.uk/vol1/run/ERR321/ERR321214/MetaHIT-MH0070_090104.rmHuman.rmHost.1.fq.gz;ftp.sra.ebi.ac.uk/vol1/run/ERR321/ERR321214/MetaHIT-MH0070_090104.rmHuman.rmHost.2.fq.gz	
ERR321217	PRJEB4336	SAMEA2151258	ERX294350	408170	human gut metagenome	ftp.sra.ebi.ac.uk/vol1/fastq/ERR321/ERR321217/ERR321217_1.fastq.gz;ftp.sra.ebi.ac.uk/vol1/fastq/ERR321/ERR321217/ERR321217_2.fastq.gz	ftp.sra.ebi.ac.uk/vol1/run/ERR321/ERR321217/MetaHIT-MH0071_090125.rmHuman.rmHost.1.fq.gz;ftp.sra.ebi.ac.uk/vol1/run/ERR321/ERR321217/MetaHIT-MH0071_090125.rmHuman.rmHost.2.fq.gz	
ERR321218	PRJEB4336	SAMEA2148905	ERX294351	408170	human gut metagenome	ftp.sra.ebi.ac.uk/vol1/fastq/ERR321/ERR321218/ERR321218_1.fastq.gz;ftp.sra.ebi.ac.uk/vol1/fastq/ERR321/ERR321218/ERR321218_2.fastq.gz	ftp.sra.ebi.ac.uk/vol1/run/ERR321/ERR321218/MetaHIT-MH0072_081223.rmHuman.rmHost.1.fq.gz;ftp.sra.ebi.ac.uk/vol1/run/ERR321/ERR321218/MetaHIT-MH0072_081223.rmHuman.rmHost.2.fq.gz	
ERR321221	PRJEB4336	SAMEA2144640	ERX294354	408170	human gut metagenome	ftp.sra.ebi.ac.uk/vol1/fastq/ERR321/ERR321221/ERR321221_1.fastq.gz;ftp.sra.ebi.ac.uk/vol1/fastq/ERR321/ERR321221/ERR321221_2.fastq.gz	ftp.sra.ebi.ac.uk/vol1/run/ERR321/ERR321221/MetaHIT-MH0073_090125.rmHuman.rmHost.1.fq.gz;ftp.sra.ebi.ac.uk/vol1/run/ERR321/ERR321221/MetaHIT-MH0073_090125.rmHuman.rmHost.2.fq.gz	
ERR321222	PRJEB4336	SAMEA2161216	ERX294355	408170	human gut metagenome	ftp.sra.ebi.ac.uk/vol1/fastq/ERR321/ERR321222/ERR321222_1.fastq.gz;ftp.sra.ebi.ac.uk/vol1/fastq/ERR321/ERR321222/ERR321222_2.fastq.gz	ftp.sra.ebi.ac.uk/vol1/run/ERR321/ERR321222/MetaHIT-MH0074_081223.rmHuman.rmHost.1.fq.gz;ftp.sra.ebi.ac.uk/vol1/run/ERR321/ERR321222/MetaHIT-MH0074_081223.rmHuman.rmHost.2.fq.gz	
ERR321227	PRJEB4336	SAMEA2155055	ERX294360	408170	human gut metagenome	ftp.sra.ebi.ac.uk/vol1/fastq/ERR321/ERR321227/ERR321227_1.fastq.gz;ftp.sra.ebi.ac.uk/vol1/fastq/ERR321/ERR321227/ERR321227_2.fastq.gz	ftp.sra.ebi.ac.uk/vol1/run/ERR321/ERR321227/MetaHIT-MH0076_090130.rmHuman.rmHost.1.fq.gz;ftp.sra.ebi.ac.uk/vol1/run/ERR321/ERR321227/MetaHIT-MH0076_090130.rmHuman.rmHost.2.fq.gz	
ERR321228	PRJEB4336	SAMEA2157853	ERX294361	408170	human gut metagenome	ftp.sra.ebi.ac.uk/vol1/fastq/ERR321/ERR321228/ERR321228_1.fastq.gz;ftp.sra.ebi.ac.uk/vol1/fastq/ERR321/ERR321228/ERR321228_2.fastq.gz	ftp.sra.ebi.ac.uk/vol1/run/ERR321/ERR321228/MetaHIT-MH0077_081223.rmHuman.rmHost.1.fq.gz;ftp.sra.ebi.ac.uk/vol1/run/ERR321/ERR321228/MetaHIT-MH0077_081223.rmHuman.rmHost.2.fq.gz	
ERR321235	PRJEB4336	SAMEA2153887	ERX294368	408170	human gut metagenome	ftp.sra.ebi.ac.uk/vol1/fastq/ERR321/ERR321235/ERR321235_1.fastq.gz;ftp.sra.ebi.ac.uk/vol1/fastq/ERR321/ERR321235/ERR321235_2.fastq.gz	ftp.sra.ebi.ac.uk/vol1/run/ERR321/ERR321235/MetaHIT-MH0080_090130.rmHuman.rmHost.1.fq.gz;ftp.sra.ebi.ac.uk/vol1/run/ERR321/ERR321235/MetaHIT-MH0080_090130.rmHuman.rmHost.2.fq.gz	
ERR321236	PRJEB4336	SAMEA2152904	ERX294369	408170	human gut metagenome	ftp.sra.ebi.ac.uk/vol1/fastq/ERR321/ERR321236/ERR321236_1.fastq.gz;ftp.sra.ebi.ac.uk/vol1/fastq/ERR321/ERR321236/ERR321236_2.fastq.gz	ftp.sra.ebi.ac.uk/vol1/run/ERR321/ERR321236/MetaHIT-MH0081_090105.rmHuman.rmHost.1.fq.gz;ftp.sra.ebi.ac.uk/vol1/run/ERR321/ERR321236/MetaHIT-MH0081_090105.rmHuman.rmHost.2.fq.gz	
ERR321238	PRJEB4336	SAMEA2149318	ERX294371	408170	human gut metagenome	ftp.sra.ebi.ac.uk/vol1/fastq/ERR321/ERR321238/ERR321238_1.fastq.gz;ftp.sra.ebi.ac.uk/vol1/fastq/ERR321/ERR321238/ERR321238_2.fastq.gz	ftp.sra.ebi.ac.uk/vol1/run/ERR321/ERR321238/MetaHIT-MH0082_090105.rmHuman.rmHost.1.fq.gz;ftp.sra.ebi.ac.uk/vol1/run/ERR321/ERR321238/MetaHIT-MH0082_090105.rmHuman.rmHost.2.fq.gz	
ERR321239	PRJEB4336	SAMEA2149318	ERX294372	408170	human gut metagenome	ftp.sra.ebi.ac.uk/vol1/fastq/ERR321/ERR321239/ERR321239_1.fastq.gz;ftp.sra.ebi.ac.uk/vol1/fastq/ERR321/ERR321239/ERR321239_2.fastq.gz	ftp.sra.ebi.ac.uk/vol1/run/ERR321/ERR321239/MetaHIT-MH0082_090130.rmHuman.rmHost.1.fq.gz;ftp.sra.ebi.ac.uk/vol1/run/ERR321/ERR321239/MetaHIT-MH0082_090130.rmHuman.rmHost.2.fq.gz	
ERR321241	PRJEB4336	SAMEA2151468	ERX294374	408170	human gut metagenome	ftp.sra.ebi.ac.uk/vol1/fastq/ERR321/ERR321241/ERR321241_1.fastq.gz;ftp.sra.ebi.ac.uk/vol1/fastq/ERR321/ERR321241/ERR321241_2.fastq.gz	ftp.sra.ebi.ac.uk/vol1/run/ERR321/ERR321241/MetaHIT-MH0083_090126.rmHuman.rmHost.1.fq.gz;ftp.sra.ebi.ac.uk/vol1/run/ERR321/ERR321241/MetaHIT-MH0083_090126.rmHuman.rmHost.2.fq.gz	
ERR321242	PRJEB4336	SAMEA2154726	ERX294375	408170	human gut metagenome	ftp.sra.ebi.ac.uk/vol1/fastq/ERR321/ERR321242/ERR321242_1.fastq.gz;ftp.sra.ebi.ac.uk/vol1/fastq/ERR321/ERR321242/ERR321242_2.fastq.gz	ftp.sra.ebi.ac.uk/vol1/run/ERR321/ERR321242/MetaHIT-MH0084_090109.rmHuman.rmHost.1.fq.gz;ftp.sra.ebi.ac.uk/vol1/run/ERR321/ERR321242/MetaHIT-MH0084_090109.rmHuman.rmHost.2.fq.gz	
ERR321244	PRJEB4336	SAMEA2149627	ERX294377	408170	human gut metagenome	ftp.sra.ebi.ac.uk/vol1/fastq/ERR321/ERR321244/ERR321244_1.fastq.gz;ftp.sra.ebi.ac.uk/vol1/fastq/ERR321/ERR321244/ERR321244_2.fastq.gz	ftp.sra.ebi.ac.uk/vol1/run/ERR321/ERR321244/MetaHIT-MH0085_081223.rmHuman.rmHost.1.fq.gz;ftp.sra.ebi.ac.uk/vol1/run/ERR321/ERR321244/MetaHIT-MH0085_081223.rmHuman.rmHost.2.fq.gz	
ERR321252	PRJEB4336	SAMEA1964852	ERX294385	408170	human gut metagenome	ftp.sra.ebi.ac.uk/vol1/fastq/ERR321/ERR321252/ERR321252_1.fastq.gz;ftp.sra.ebi.ac.uk/vol1/fastq/ERR321/ERR321252/ERR321252_2.fastq.gz	ftp.sra.ebi.ac.uk/vol1/run/ERR321/ERR321252/MetaHIT-MH0088_20091105.rmHuman.rmHost.1.fq.gz;ftp.sra.ebi.ac.uk/vol1/run/ERR321/ERR321252/MetaHIT-MH0088_20091105.rmHuman.rmHost.2.fq.gz	
ERR321254	PRJEB4336	SAMEA1969126	ERX294387	408170	human gut metagenome	ftp.sra.ebi.ac.uk/vol1/fastq/ERR321/ERR321254/ERR321254_1.fastq.gz;ftp.sra.ebi.ac.uk/vol1/fastq/ERR321/ERR321254/ERR321254_2.fastq.gz	ftp.sra.ebi.ac.uk/vol1/run/ERR321/ERR321254/MetaHIT-MH0089_20100124L7.rmHuman.rmHost.1.fq.gz;ftp.sra.ebi.ac.uk/vol1/run/ERR321/ERR321254/MetaHIT-MH0089_20100124L7.rmHuman.rmHost.2.fq.gz	
ERR321256	PRJEB4336	SAMEA1969126	ERX294389	408170	human gut metagenome	ftp.sra.ebi.ac.uk/vol1/fastq/ERR321/ERR321256/ERR321256_1.fastq.gz;ftp.sra.ebi.ac.uk/vol1/fastq/ERR321/ERR321256/ERR321256_2.fastq.gz	ftp.sra.ebi.ac.uk/vol1/run/ERR321/ERR321256/MetaHIT-MH0089_20100125L5.rmHuman.rmHost.1.fq.gz;ftp.sra.ebi.ac.uk/vol1/run/ERR321/ERR321256/MetaHIT-MH0089_20100125L5.rmHuman.rmHost.2.fq.gz	
ERR321257	PRJEB4336	SAMEA2151677	ERX294390	408170	human gut metagenome	ftp.sra.ebi.ac.uk/vol1/fastq/ERR321/ERR321257/ERR321257_1.fastq.gz;ftp.sra.ebi.ac.uk/vol1/fastq/ERR321/ERR321257/ERR321257_2.fastq.gz	ftp.sra.ebi.ac.uk/vol1/run/ERR321/ERR321257/MetaHIT-MH0090_20091015.rmHuman.rmHost.1.fq.gz;ftp.sra.ebi.ac.uk/vol1/run/ERR321/ERR321257/MetaHIT-MH0090_20091015.rmHuman.rmHost.2.fq.gz	
ERR321259	PRJEB4336	SAMEA2151677	ERX294392	408170	human gut metagenome	ftp.sra.ebi.ac.uk/vol1/fastq/ERR321/ERR321259/ERR321259_1.fastq.gz;ftp.sra.ebi.ac.uk/vol1/fastq/ERR321/ERR321259/ERR321259_2.fastq.gz	ftp.sra.ebi.ac.uk/vol1/run/ERR321/ERR321259/MetaHIT-MH0090_20100129L2.rmHuman.rmHost.1.fq.gz;ftp.sra.ebi.ac.uk/vol1/run/ERR321/ERR321259/MetaHIT-MH0090_20100129L2.rmHuman.rmHost.2.fq.gz	
ERR321262	PRJEB4336	SAMEA2159429	ERX294395	408170	human gut metagenome	ftp.sra.ebi.ac.uk/vol1/fastq/ERR321/ERR321262/ERR321262_1.fastq.gz;ftp.sra.ebi.ac.uk/vol1/fastq/ERR321/ERR321262/ERR321262_2.fastq.gz	ftp.sra.ebi.ac.uk/vol1/run/ERR321/ERR321262/MetaHIT-MH0092_20091014.rmHuman.rmHost.1.fq.gz;ftp.sra.ebi.ac.uk/vol1/run/ERR321/ERR321262/MetaHIT-MH0092_20091014.rmHuman.rmHost.2.fq.gz	
ERR321263	PRJEB4336	SAMEA2159429	ERX294396	408170	human gut metagenome	ftp.sra.ebi.ac.uk/vol1/fastq/ERR321/ERR321263/ERR321263_1.fastq.gz;ftp.sra.ebi.ac.uk/vol1/fastq/ERR321/ERR321263/ERR321263_2.fastq.gz	ftp.sra.ebi.ac.uk/vol1/run/ERR321/ERR321263/MetaHIT-MH0092_20091107L6.rmHuman.rmHost.1.fq.gz;ftp.sra.ebi.ac.uk/vol1/run/ERR321/ERR321263/MetaHIT-MH0092_20091107L6.rmHuman.rmHost.2.fq.gz	
ERR321268	PRJEB4336	SAMEA2159429	ERX294401	408170	human gut metagenome	ftp.sra.ebi.ac.uk/vol1/fastq/ERR321/ERR321268/ERR321268_1.fastq.gz;ftp.sra.ebi.ac.uk/vol1/fastq/ERR321/ERR321268/ERR321268_2.fastq.gz	ftp.sra.ebi.ac.uk/vol1/run/ERR321/ERR321268/MetaHIT-MH0092_20091212L4.rmHuman.rmHost.1.fq.gz;ftp.sra.ebi.ac.uk/vol1/run/ERR321/ERR321268/MetaHIT-MH0092_20091212L4.rmHuman.rmHost.2.fq.gz	
ERR321272	PRJEB4336	SAMEA2163504	ERX294405	408170	human gut metagenome	ftp.sra.ebi.ac.uk/vol1/fastq/ERR321/ERR321272/ERR321272_1.fastq.gz;ftp.sra.ebi.ac.uk/vol1/fastq/ERR321/ERR321272/ERR321272_2.fastq.gz	ftp.sra.ebi.ac.uk/vol1/run/ERR321/ERR321272/MetaHIT-MH0093_20091126L7.rmHuman.rmHost.1.fq.gz;ftp.sra.ebi.ac.uk/vol1/run/ERR321/ERR321272/MetaHIT-MH0093_20091126L7.rmHuman.rmHost.2.fq.gz	
ERR321280	PRJEB4336	SAMEA2155310	ERX294413	408170	human gut metagenome	ftp.sra.ebi.ac.uk/vol1/fastq/ERR321/ERR321280/ERR321280_1.fastq.gz;ftp.sra.ebi.ac.uk/vol1/fastq/ERR321/ERR321280/ERR321280_2.fastq.gz	ftp.sra.ebi.ac.uk/vol1/run/ERR321/ERR321280/MetaHIT-MH0094_20091212L4.rmHuman.rmHost.1.fq.gz;ftp.sra.ebi.ac.uk/vol1/run/ERR321/ERR321280/MetaHIT-MH0094_20091212L4.rmHuman.rmHost.2.fq.gz	
ERR321283	PRJEB4336	SAMEA2157192	ERX294416	408170	human gut metagenome	ftp.sra.ebi.ac.uk/vol1/fastq/ERR321/ERR321283/ERR321283_1.fastq.gz;ftp.sra.ebi.ac.uk/vol1/fastq/ERR321/ERR321283/ERR321283_2.fastq.gz	ftp.sra.ebi.ac.uk/vol1/run/ERR321/ERR321283/MetaHIT-MH0095_20091126L6.rmHuman.rmHost.1.fq.gz;ftp.sra.ebi.ac.uk/vol1/run/ERR321/ERR321283/MetaHIT-MH0095_20091126L6.rmHuman.rmHost.2.fq.gz	
ERR321287	PRJEB4336	SAMEA2146731	ERX294420	408170	human gut metagenome	ftp.sra.ebi.ac.uk/vol1/fastq/ERR321/ERR321287/ERR321287_1.fastq.gz;ftp.sra.ebi.ac.uk/vol1/fastq/ERR321/ERR321287/ERR321287_2.fastq.gz	ftp.sra.ebi.ac.uk/vol1/run/ERR321/ERR321287/MetaHIT-MH0096_20091014.rmHuman.rmHost.1.fq.gz;ftp.sra.ebi.ac.uk/vol1/run/ERR321/ERR321287/MetaHIT-MH0096_20091014.rmHuman.rmHost.2.fq.gz	
ERR321288	PRJEB4336	SAMEA2146731	ERX294421	408170	human gut metagenome	ftp.sra.ebi.ac.uk/vol1/fastq/ERR321/ERR321288/ERR321288_1.fastq.gz;ftp.sra.ebi.ac.uk/vol1/fastq/ERR321/ERR321288/ERR321288_2.fastq.gz	ftp.sra.ebi.ac.uk/vol1/run/ERR321/ERR321288/MetaHIT-MH0096_20091124L4.rmHuman.rmHost.1.fq.gz;ftp.sra.ebi.ac.uk/vol1/run/ERR321/ERR321288/MetaHIT-MH0096_20091124L4.rmHuman.rmHost.2.fq.gz	
ERR321293	PRJEB4336	SAMEA1964695	ERX294426	408170	human gut metagenome	ftp.sra.ebi.ac.uk/vol1/fastq/ERR321/ERR321293/ERR321293_1.fastq.gz;ftp.sra.ebi.ac.uk/vol1/fastq/ERR321/ERR321293/ERR321293_2.fastq.gz	ftp.sra.ebi.ac.uk/vol1/run/ERR321/ERR321293/MetaHIT-MH0097_20091014.rmHuman.rmHost.1.fq.gz;ftp.sra.ebi.ac.uk/vol1/run/ERR321/ERR321293/MetaHIT-MH0097_20091014.rmHuman.rmHost.2.fq.gz	
ERR321294	PRJEB4336	SAMEA1964695	ERX294427	408170	human gut metagenome	ftp.sra.ebi.ac.uk/vol1/fastq/ERR321/ERR321294/ERR321294_1.fastq.gz;ftp.sra.ebi.ac.uk/vol1/fastq/ERR321/ERR321294/ERR321294_2.fastq.gz	ftp.sra.ebi.ac.uk/vol1/run/ERR321/ERR321294/MetaHIT-MH0097_20091124L3.rmHuman.rmHost.1.fq.gz;ftp.sra.ebi.ac.uk/vol1/run/ERR321/ERR321294/MetaHIT-MH0097_20091124L3.rmHuman.rmHost.2.fq.gz	
ERR321298	PRJEB4336	SAMEA1964695	ERX294431	408170	human gut metagenome	ftp.sra.ebi.ac.uk/vol1/fastq/ERR321/ERR321298/ERR321298_1.fastq.gz;ftp.sra.ebi.ac.uk/vol1/fastq/ERR321/ERR321298/ERR321298_2.fastq.gz	ftp.sra.ebi.ac.uk/vol1/run/ERR321/ERR321298/MetaHIT-MH0097_20091212L5.rmHuman.rmHost.1.fq.gz;ftp.sra.ebi.ac.uk/vol1/run/ERR321/ERR321298/MetaHIT-MH0097_20091212L5.rmHuman.rmHost.2.fq.gz	
ERR321307	PRJEB4336	SAMEA1966821	ERX294440	408170	human gut metagenome	ftp.sra.ebi.ac.uk/vol1/fastq/ERR321/ERR321307/ERR321307_1.fastq.gz;ftp.sra.ebi.ac.uk/vol1/fastq/ERR321/ERR321307/ERR321307_2.fastq.gz	ftp.sra.ebi.ac.uk/vol1/run/ERR321/ERR321307/MetaHIT-MH0099_20091212L2.rmHuman.rmHost.1.fq.gz;ftp.sra.ebi.ac.uk/vol1/run/ERR321/ERR321307/MetaHIT-MH0099_20091212L2.rmHuman.rmHost.2.fq.gz	
ERR321311	PRJEB4336	SAMEA2146682	ERX294444	408170	human gut metagenome	ftp.sra.ebi.ac.uk/vol1/fastq/ERR321/ERR321311/ERR321311_1.fastq.gz;ftp.sra.ebi.ac.uk/vol1/fastq/ERR321/ERR321311/ERR321311_2.fastq.gz	ftp.sra.ebi.ac.uk/vol1/run/ERR321/ERR321311/MetaHIT-MH0100_20091126L3.rmHuman.rmHost.1.fq.gz;ftp.sra.ebi.ac.uk/vol1/run/ERR321/ERR321311/MetaHIT-MH0100_20091126L3.rmHuman.rmHost.2.fq.gz	
ERR321312	PRJEB4336	SAMEA2150909	ERX294445	408170	human gut metagenome	ftp.sra.ebi.ac.uk/vol1/fastq/ERR321/ERR321312/ERR321312_1.fastq.gz;ftp.sra.ebi.ac.uk/vol1/fastq/ERR321/ERR321312/ERR321312_2.fastq.gz	ftp.sra.ebi.ac.uk/vol1/run/ERR321/ERR321312/MetaHIT-MH0101_20091014.rmHuman.rmHost.1.fq.gz;ftp.sra.ebi.ac.uk/vol1/run/ERR321/ERR321312/MetaHIT-MH0101_20091014.rmHuman.rmHost.2.fq.gz	
ERR321313	PRJEB4336	SAMEA2150909	ERX294446	408170	human gut metagenome	ftp.sra.ebi.ac.uk/vol1/fastq/ERR321/ERR321313/ERR321313_1.fastq.gz;ftp.sra.ebi.ac.uk/vol1/fastq/ERR321/ERR321313/ERR321313_2.fastq.gz	ftp.sra.ebi.ac.uk/vol1/run/ERR321/ERR321313/MetaHIT-MH0101_20091124L5.rmHuman.rmHost.1.fq.gz;ftp.sra.ebi.ac.uk/vol1/run/ERR321/ERR321313/MetaHIT-MH0101_20091124L5.rmHuman.rmHost.2.fq.gz	
ERR321316	PRJEB4336	SAMEA2150909	ERX294449	408170	human gut metagenome	ftp.sra.ebi.ac.uk/vol1/fastq/ERR321/ERR321316/ERR321316_1.fastq.gz;ftp.sra.ebi.ac.uk/vol1/fastq/ERR321/ERR321316/ERR321316_2.fastq.gz	ftp.sra.ebi.ac.uk/vol1/run/ERR321/ERR321316/MetaHIT-MH0101_20091212L3.rmHuman.rmHost.1.fq.gz;ftp.sra.ebi.ac.uk/vol1/run/ERR321/ERR321316/MetaHIT-MH0101_20091212L3.rmHuman.rmHost.2.fq.gz	
ERR321319	PRJEB4336	SAMEA2145068	ERX294452	408170	human gut metagenome	ftp.sra.ebi.ac.uk/vol1/fastq/ERR321/ERR321319/ERR321319_1.fastq.gz;ftp.sra.ebi.ac.uk/vol1/fastq/ERR321/ERR321319/ERR321319_2.fastq.gz	ftp.sra.ebi.ac.uk/vol1/run/ERR321/ERR321319/MetaHIT-MH0102_20091124L6.rmHuman.rmHost.1.fq.gz;ftp.sra.ebi.ac.uk/vol1/run/ERR321/ERR321319/MetaHIT-MH0102_20091124L6.rmHuman.rmHost.2.fq.gz	
ERR321327	PRJEB4336	SAMEA2144588	ERX294460	408170	human gut metagenome	ftp.sra.ebi.ac.uk/vol1/fastq/ERR321/ERR321327/ERR321327_1.fastq.gz;ftp.sra.ebi.ac.uk/vol1/fastq/ERR321/ERR321327/ERR321327_2.fastq.gz	ftp.sra.ebi.ac.uk/vol1/run/ERR321/ERR321327/MetaHIT-MH0104_20091014.rmHuman.rmHost.1.fq.gz;ftp.sra.ebi.ac.uk/vol1/run/ERR321/ERR321327/MetaHIT-MH0104_20091014.rmHuman.rmHost.2.fq.gz	
ERR321329	PRJEB4336	SAMEA2144588	ERX294462	408170	human gut metagenome	ftp.sra.ebi.ac.uk/vol1/fastq/ERR321/ERR321329/ERR321329_1.fastq.gz;ftp.sra.ebi.ac.uk/vol1/fastq/ERR321/ERR321329/ERR321329_2.fastq.gz	ftp.sra.ebi.ac.uk/vol1/run/ERR321/ERR321329/MetaHIT-MH0104_20091124L3.rmHuman.rmHost.1.fq.gz;ftp.sra.ebi.ac.uk/vol1/run/ERR321/ERR321329/MetaHIT-MH0104_20091124L3.rmHuman.rmHost.2.fq.gz	
ERR321334	PRJEB4336	SAMEA2162880	ERX294467	408170	human gut metagenome	ftp.sra.ebi.ac.uk/vol1/fastq/ERR321/ERR321334/ERR321334_1.fastq.gz;ftp.sra.ebi.ac.uk/vol1/fastq/ERR321/ERR321334/ERR321334_2.fastq.gz	ftp.sra.ebi.ac.uk/vol1/run/ERR321/ERR321334/MetaHIT-MH0105_20091015.rmHuman.rmHost.1.fq.gz;ftp.sra.ebi.ac.uk/vol1/run/ERR321/ERR321334/MetaHIT-MH0105_20091015.rmHuman.rmHost.2.fq.gz	
ERR321335	PRJEB4336	SAMEA2162880	ERX294468	408170	human gut metagenome	ftp.sra.ebi.ac.uk/vol1/fastq/ERR321/ERR321335/ERR321335_1.fastq.gz;ftp.sra.ebi.ac.uk/vol1/fastq/ERR321/ERR321335/ERR321335_2.fastq.gz	ftp.sra.ebi.ac.uk/vol1/run/ERR321/ERR321335/MetaHIT-MH0105_20091124L2.rmHuman.rmHost.1.fq.gz;ftp.sra.ebi.ac.uk/vol1/run/ERR321/ERR321335/MetaHIT-MH0105_20091124L2.rmHuman.rmHost.2.fq.gz	
ERR321342	PRJEB4336	SAMEA2153557	ERX294475	408170	human gut metagenome	ftp.sra.ebi.ac.uk/vol1/fastq/ERR321/ERR321342/ERR321342_1.fastq.gz;ftp.sra.ebi.ac.uk/vol1/fastq/ERR321/ERR321342/ERR321342_2.fastq.gz	ftp.sra.ebi.ac.uk/vol1/run/ERR321/ERR321342/MetaHIT-MH0106_20091126L6.rmHuman.rmHost.1.fq.gz;ftp.sra.ebi.ac.uk/vol1/run/ERR321/ERR321342/MetaHIT-MH0106_20091126L6.rmHuman.rmHost.2.fq.gz	
ERR321344	PRJEB4336	SAMEA2153557	ERX294477	408170	human gut metagenome	ftp.sra.ebi.ac.uk/vol1/fastq/ERR321/ERR321344/ERR321344_1.fastq.gz;ftp.sra.ebi.ac.uk/vol1/fastq/ERR321/ERR321344/ERR321344_2.fastq.gz	ftp.sra.ebi.ac.uk/vol1/run/ERR321/ERR321344/MetaHIT-MH0106_20091126L8.rmHuman.rmHost.1.fq.gz;ftp.sra.ebi.ac.uk/vol1/run/ERR321/ERR321344/MetaHIT-MH0106_20091126L8.rmHuman.rmHost.2.fq.gz	
ERR321349	PRJEB4336	SAMEA2149539	ERX294482	408170	human gut metagenome	ftp.sra.ebi.ac.uk/vol1/fastq/ERR321/ERR321349/ERR321349_1.fastq.gz;ftp.sra.ebi.ac.uk/vol1/fastq/ERR321/ERR321349/ERR321349_2.fastq.gz	ftp.sra.ebi.ac.uk/vol1/run/ERR321/ERR321349/MetaHIT-MH0107_20091124L6.rmHuman.rmHost.1.fq.gz;ftp.sra.ebi.ac.uk/vol1/run/ERR321/ERR321349/MetaHIT-MH0107_20091124L6.rmHuman.rmHost.2.fq.gz	
ERR321350	PRJEB4336	SAMEA2149539	ERX294483	408170	human gut metagenome	ftp.sra.ebi.ac.uk/vol1/fastq/ERR321/ERR321350/ERR321350_1.fastq.gz;ftp.sra.ebi.ac.uk/vol1/fastq/ERR321/ERR321350/ERR321350_2.fastq.gz	ftp.sra.ebi.ac.uk/vol1/run/ERR321/ERR321350/MetaHIT-MH0107_20091124L7.rmHuman.rmHost.1.fq.gz;ftp.sra.ebi.ac.uk/vol1/run/ERR321/ERR321350/MetaHIT-MH0107_20091124L7.rmHuman.rmHost.2.fq.gz	
ERR321351	PRJEB4336	SAMEA2149539	ERX294484	408170	human gut metagenome	ftp.sra.ebi.ac.uk/vol1/fastq/ERR321/ERR321351/ERR321351_1.fastq.gz;ftp.sra.ebi.ac.uk/vol1/fastq/ERR321/ERR321351/ERR321351_2.fastq.gz	ftp.sra.ebi.ac.uk/vol1/run/ERR321/ERR321351/MetaHIT-MH0107_20091212L3.rmHuman.rmHost.1.fq.gz;ftp.sra.ebi.ac.uk/vol1/run/ERR321/ERR321351/MetaHIT-MH0107_20091212L3.rmHuman.rmHost.2.fq.gz	
ERR321355	PRJEB4336	SAMEA2158408	ERX294488	408170	human gut metagenome	ftp.sra.ebi.ac.uk/vol1/fastq/ERR321/ERR321355/ERR321355_1.fastq.gz;ftp.sra.ebi.ac.uk/vol1/fastq/ERR321/ERR321355/ERR321355_2.fastq.gz	ftp.sra.ebi.ac.uk/vol1/run/ERR321/ERR321355/MetaHIT-MH0109_20091124L2.rmHuman.rmHost.1.fq.gz;ftp.sra.ebi.ac.uk/vol1/run/ERR321/ERR321355/MetaHIT-MH0109_20091124L2.rmHuman.rmHost.2.fq.gz	
ERR321367	PRJEB4336	SAMEA2146320	ERX294500	408170	human gut metagenome	ftp.sra.ebi.ac.uk/vol1/fastq/ERR321/ERR321367/ERR321367_1.fastq.gz;ftp.sra.ebi.ac.uk/vol1/fastq/ERR321/ERR321367/ERR321367_2.fastq.gz	ftp.sra.ebi.ac.uk/vol1/run/ERR321/ERR321367/MetaHIT-MH0111_20100305L3.rmHuman.rmHost.1.fq.gz;ftp.sra.ebi.ac.uk/vol1/run/ERR321/ERR321367/MetaHIT-MH0111_20100305L3.rmHuman.rmHost.2.fq.gz	
ERR321369	PRJEB4336	SAMEA2146908	ERX294502	408170	human gut metagenome	ftp.sra.ebi.ac.uk/vol1/fastq/ERR321/ERR321369/ERR321369_1.fastq.gz;ftp.sra.ebi.ac.uk/vol1/fastq/ERR321/ERR321369/ERR321369_2.fastq.gz	ftp.sra.ebi.ac.uk/vol1/run/ERR321/ERR321369/MetaHIT-MH0113_20100124L7.rmHuman.rmHost.1.fq.gz;ftp.sra.ebi.ac.uk/vol1/run/ERR321/ERR321369/MetaHIT-MH0113_20100124L7.rmHuman.rmHost.2.fq.gz	
ERR321371	PRJEB4336	SAMEA2146908	ERX294504	408170	human gut metagenome	ftp.sra.ebi.ac.uk/vol1/fastq/ERR321/ERR321371/ERR321371_1.fastq.gz;ftp.sra.ebi.ac.uk/vol1/fastq/ERR321/ERR321371/ERR321371_2.fastq.gz	ftp.sra.ebi.ac.uk/vol1/run/ERR321/ERR321371/MetaHIT-MH0113_20100125L5.rmHuman.rmHost.1.fq.gz;ftp.sra.ebi.ac.uk/vol1/run/ERR321/ERR321371/MetaHIT-MH0113_20100125L5.rmHuman.rmHost.2.fq.gz	
ERR321373	PRJEB4336	SAMEA2147384	ERX294506	408170	human gut metagenome	ftp.sra.ebi.ac.uk/vol1/fastq/ERR321/ERR321373/ERR321373_1.fastq.gz;ftp.sra.ebi.ac.uk/vol1/fastq/ERR321/ERR321373/ERR321373_2.fastq.gz	ftp.sra.ebi.ac.uk/vol1/run/ERR321/ERR321373/MetaHIT-MH0114_20091124L2.rmHuman.rmHost.1.fq.gz;ftp.sra.ebi.ac.uk/vol1/run/ERR321/ERR321373/MetaHIT-MH0114_20091124L2.rmHuman.rmHost.2.fq.gz	
ERR321378	PRJEB4336	SAMEA2163248	ERX294511	408170	human gut metagenome	ftp.sra.ebi.ac.uk/vol1/fastq/ERR321/ERR321378/ERR321378_1.fastq.gz;ftp.sra.ebi.ac.uk/vol1/fastq/ERR321/ERR321378/ERR321378_2.fastq.gz	ftp.sra.ebi.ac.uk/vol1/run/ERR321/ERR321378/MetaHIT-MH0115_20091124L8.rmHuman.rmHost.1.fq.gz;ftp.sra.ebi.ac.uk/vol1/run/ERR321/ERR321378/MetaHIT-MH0115_20091124L8.rmHuman.rmHost.2.fq.gz	
ERR321385	PRJEB4336	SAMEA2154992	ERX294518	408170	human gut metagenome	ftp.sra.ebi.ac.uk/vol1/fastq/ERR321/ERR321385/ERR321385_1.fastq.gz;ftp.sra.ebi.ac.uk/vol1/fastq/ERR321/ERR321385/ERR321385_2.fastq.gz	ftp.sra.ebi.ac.uk/vol1/run/ERR321/ERR321385/MetaHIT-MH0116_20091212L4.rmHuman.rmHost.1.fq.gz;ftp.sra.ebi.ac.uk/vol1/run/ERR321/ERR321385/MetaHIT-MH0116_20091212L4.rmHuman.rmHost.2.fq.gz	
ERR321391	PRJEB4336	SAMEA2142846	ERX294524	408170	human gut metagenome	ftp.sra.ebi.ac.uk/vol1/fastq/ERR321/ERR321391/ERR321391_1.fastq.gz;ftp.sra.ebi.ac.uk/vol1/fastq/ERR321/ERR321391/ERR321391_2.fastq.gz	ftp.sra.ebi.ac.uk/vol1/run/ERR321/ERR321391/MetaHIT-MH0118_20100124L5.rmHuman.rmHost.1.fq.gz;ftp.sra.ebi.ac.uk/vol1/run/ERR321/ERR321391/MetaHIT-MH0118_20100124L5.rmHuman.rmHost.2.fq.gz	
ERR321392	PRJEB4336	SAMEA2142846	ERX294525	408170	human gut metagenome	ftp.sra.ebi.ac.uk/vol1/fastq/ERR321/ERR321392/ERR321392_1.fastq.gz;ftp.sra.ebi.ac.uk/vol1/fastq/ERR321/ERR321392/ERR321392_2.fastq.gz	ftp.sra.ebi.ac.uk/vol1/run/ERR321/ERR321392/MetaHIT-MH0118_20100305L3.rmHuman.rmHost.1.fq.gz;ftp.sra.ebi.ac.uk/vol1/run/ERR321/ERR321392/MetaHIT-MH0118_20100305L3.rmHuman.rmHost.2.fq.gz	
ERR321393	PRJEB4336	SAMEA2154516	ERX294526	408170	human gut metagenome	ftp.sra.ebi.ac.uk/vol1/fastq/ERR321/ERR321393/ERR321393_1.fastq.gz;ftp.sra.ebi.ac.uk/vol1/fastq/ERR321/ERR321393/ERR321393_2.fastq.gz	ftp.sra.ebi.ac.uk/vol1/run/ERR321/ERR321393/MetaHIT-MH0119_101101.clean.rmhost.1.fq.gz;ftp.sra.ebi.ac.uk/vol1/run/ERR321/ERR321393/MetaHIT-MH0119_101101.clean.rmhost.2.fq.gz	
ERR321395	PRJEB4336	SAMEA2156362	ERX294528	408170	human gut metagenome	ftp.sra.ebi.ac.uk/vol1/fastq/ERR321/ERR321395/ERR321395_1.fastq.gz;ftp.sra.ebi.ac.uk/vol1/fastq/ERR321/ERR321395/ERR321395_2.fastq.gz	ftp.sra.ebi.ac.uk/vol1/run/ERR321/ERR321395/MetaHIT-MH0120_20100124L6.rmHuman.rmHost.1.fq.gz;ftp.sra.ebi.ac.uk/vol1/run/ERR321/ERR321395/MetaHIT-MH0120_20100124L6.rmHuman.rmHost.2.fq.gz	
ERR321398	PRJEB4336	SAMEA2148265	ERX294531	408170	human gut metagenome	ftp.sra.ebi.ac.uk/vol1/fastq/ERR321/ERR321398/ERR321398_1.fastq.gz;ftp.sra.ebi.ac.uk/vol1/fastq/ERR321/ERR321398/ERR321398_2.fastq.gz	ftp.sra.ebi.ac.uk/vol1/run/ERR321/ERR321398/MetaHIT-MH0121_20091105.rmHuman.rmHost.1.fq.gz;ftp.sra.ebi.ac.uk/vol1/run/ERR321/ERR321398/MetaHIT-MH0121_20091105.rmHuman.rmHost.2.fq.gz	
ERR321399	PRJEB4336	SAMEA2153010	ERX294532	408170	human gut metagenome	ftp.sra.ebi.ac.uk/vol1/fastq/ERR321/ERR321399/ERR321399_1.fastq.gz;ftp.sra.ebi.ac.uk/vol1/fastq/ERR321/ERR321399/ERR321399_2.fastq.gz	ftp.sra.ebi.ac.uk/vol1/run/ERR321/ERR321399/MetaHIT-MH0122_20091023.rmHuman.rmHost.1.fq.gz;ftp.sra.ebi.ac.uk/vol1/run/ERR321/ERR321399/MetaHIT-MH0122_20091023.rmHuman.rmHost.2.fq.gz	
ERR321401	PRJEB4336	SAMEA2153010	ERX294534	408170	human gut metagenome	ftp.sra.ebi.ac.uk/vol1/fastq/ERR321/ERR321401/ERR321401_1.fastq.gz;ftp.sra.ebi.ac.uk/vol1/fastq/ERR321/ERR321401/ERR321401_2.fastq.gz	ftp.sra.ebi.ac.uk/vol1/run/ERR321/ERR321401/MetaHIT-MH0122_20100128L7.rmHuman.rmHost.1.fq.gz;ftp.sra.ebi.ac.uk/vol1/run/ERR321/ERR321401/MetaHIT-MH0122_20100128L7.rmHuman.rmHost.2.fq.gz	
ERR321405	PRJEB4336	SAMEA2158454	ERX294538	408170	human gut metagenome	ftp.sra.ebi.ac.uk/vol1/fastq/ERR321/ERR321405/ERR321405_1.fastq.gz;ftp.sra.ebi.ac.uk/vol1/fastq/ERR321/ERR321405/ERR321405_2.fastq.gz	ftp.sra.ebi.ac.uk/vol1/run/ERR321/ERR321405/MetaHIT-MH0123_20100124L8.rmHuman.rmHost.1.fq.gz;ftp.sra.ebi.ac.uk/vol1/run/ERR321/ERR321405/MetaHIT-MH0123_20100124L8.rmHuman.rmHost.2.fq.gz	
ERR321407	PRJEB4336	SAMEA2158454	ERX294540	408170	human gut metagenome	ftp.sra.ebi.ac.uk/vol1/fastq/ERR321/ERR321407/ERR321407_1.fastq.gz;ftp.sra.ebi.ac.uk/vol1/fastq/ERR321/ERR321407/ERR321407_2.fastq.gz	ftp.sra.ebi.ac.uk/vol1/run/ERR321/ERR321407/MetaHIT-MH0123_20100128L8.rmHuman.rmHost.1.fq.gz;ftp.sra.ebi.ac.uk/vol1/run/ERR321/ERR321407/MetaHIT-MH0123_20100128L8.rmHuman.rmHost.2.fq.gz	
ERR321409	PRJEB4336	SAMEA2158100	ERX294542	408170	human gut metagenome	ftp.sra.ebi.ac.uk/vol1/fastq/ERR321/ERR321409/ERR321409_1.fastq.gz;ftp.sra.ebi.ac.uk/vol1/fastq/ERR321/ERR321409/ERR321409_2.fastq.gz	ftp.sra.ebi.ac.uk/vol1/run/ERR321/ERR321409/MetaHIT-MH0124_20100128L6.rmHuman.rmHost.1.fq.gz;ftp.sra.ebi.ac.uk/vol1/run/ERR321/ERR321409/MetaHIT-MH0124_20100128L6.rmHuman.rmHost.2.fq.gz	
ERR321411	PRJEB4336	SAMEA2158100	ERX294544	408170	human gut metagenome	ftp.sra.ebi.ac.uk/vol1/fastq/ERR321/ERR321411/ERR321411_1.fastq.gz;ftp.sra.ebi.ac.uk/vol1/fastq/ERR321/ERR321411/ERR321411_2.fastq.gz	ftp.sra.ebi.ac.uk/vol1/run/ERR321/ERR321411/MetaHIT-MH0124_20100129L3.rmHuman.rmHost.1.fq.gz;ftp.sra.ebi.ac.uk/vol1/run/ERR321/ERR321411/MetaHIT-MH0124_20100129L3.rmHuman.rmHost.2.fq.gz	
ERR321413	PRJEB4336	SAMEA2147070	ERX294546	408170	human gut metagenome	ftp.sra.ebi.ac.uk/vol1/fastq/ERR321/ERR321413/ERR321413_1.fastq.gz;ftp.sra.ebi.ac.uk/vol1/fastq/ERR321/ERR321413/ERR321413_2.fastq.gz	ftp.sra.ebi.ac.uk/vol1/run/ERR321/ERR321413/MetaHIT-MH0125_20091011.rmHuman.rmHost.1.fq.gz;ftp.sra.ebi.ac.uk/vol1/run/ERR321/ERR321413/MetaHIT-MH0125_20091011.rmHuman.rmHost.2.fq.gz	
ERR321414	PRJEB4336	SAMEA2147070	ERX294547	408170	human gut metagenome	ftp.sra.ebi.ac.uk/vol1/fastq/ERR321/ERR321414/ERR321414_1.fastq.gz;ftp.sra.ebi.ac.uk/vol1/fastq/ERR321/ERR321414/ERR321414_2.fastq.gz	ftp.sra.ebi.ac.uk/vol1/run/ERR321/ERR321414/MetaHIT-MH0125_20100124L8.rmHuman.rmHost.1.fq.gz;ftp.sra.ebi.ac.uk/vol1/run/ERR321/ERR321414/MetaHIT-MH0125_20100124L8.rmHuman.rmHost.2.fq.gz	
ERR321424	PRJEB4336	SAMEA2162259	ERX294557	408170	human gut metagenome	ftp.sra.ebi.ac.uk/vol1/fastq/ERR321/ERR321424/ERR321424_1.fastq.gz;ftp.sra.ebi.ac.uk/vol1/fastq/ERR321/ERR321424/ERR321424_2.fastq.gz	ftp.sra.ebi.ac.uk/vol1/run/ERR321/ERR321424/MetaHIT-MH0127_20100125L5.rmHuman.rmHost.1.fq.gz;ftp.sra.ebi.ac.uk/vol1/run/ERR321/ERR321424/MetaHIT-MH0127_20100125L5.rmHuman.rmHost.2.fq.gz	
ERR321430	PRJEB4336	SAMEA2160437	ERX294563	408170	human gut metagenome	ftp.sra.ebi.ac.uk/vol1/fastq/ERR321/ERR321430/ERR321430_1.fastq.gz;ftp.sra.ebi.ac.uk/vol1/fastq/ERR321/ERR321430/ERR321430_2.fastq.gz	ftp.sra.ebi.ac.uk/vol1/run/ERR321/ERR321430/MetaHIT-MH0129_20100124L7.rmHuman.rmHost.1.fq.gz;ftp.sra.ebi.ac.uk/vol1/run/ERR321/ERR321430/MetaHIT-MH0129_20100124L7.rmHuman.rmHost.2.fq.gz	
ERR321431	PRJEB4336	SAMEA2160437	ERX294564	408170	human gut metagenome	ftp.sra.ebi.ac.uk/vol1/fastq/ERR321/ERR321431/ERR321431_1.fastq.gz;ftp.sra.ebi.ac.uk/vol1/fastq/ERR321/ERR321431/ERR321431_2.fastq.gz	ftp.sra.ebi.ac.uk/vol1/run/ERR321/ERR321431/MetaHIT-MH0129_20100125L4.rmHuman.rmHost.1.fq.gz;ftp.sra.ebi.ac.uk/vol1/run/ERR321/ERR321431/MetaHIT-MH0129_20100125L4.rmHuman.rmHost.2.fq.gz	
ERR321432	PRJEB4336	SAMEA2160437	ERX294565	408170	human gut metagenome	ftp.sra.ebi.ac.uk/vol1/fastq/ERR321/ERR321432/ERR321432_1.fastq.gz;ftp.sra.ebi.ac.uk/vol1/fastq/ERR321/ERR321432/ERR321432_2.fastq.gz	ftp.sra.ebi.ac.uk/vol1/run/ERR321/ERR321432/MetaHIT-MH0129_20100125L5.rmHuman.rmHost.1.fq.gz;ftp.sra.ebi.ac.uk/vol1/run/ERR321/ERR321432/MetaHIT-MH0129_20100125L5.rmHuman.rmHost.2.fq.gz	
ERR321438	PRJEB4336	SAMEA2154452	ERX294571	408170	human gut metagenome	ftp.sra.ebi.ac.uk/vol1/fastq/ERR321/ERR321438/ERR321438_1.fastq.gz;ftp.sra.ebi.ac.uk/vol1/fastq/ERR321/ERR321438/ERR321438_2.fastq.gz	ftp.sra.ebi.ac.uk/vol1/run/ERR321/ERR321438/MetaHIT-MH0132_20091028.rmHuman.rmHost.1.fq.gz;ftp.sra.ebi.ac.uk/vol1/run/ERR321/ERR321438/MetaHIT-MH0132_20091028.rmHuman.rmHost.2.fq.gz	
ERR321439	PRJEB4336	SAMEA2154452	ERX294572	408170	human gut metagenome	ftp.sra.ebi.ac.uk/vol1/fastq/ERR321/ERR321439/ERR321439_1.fastq.gz;ftp.sra.ebi.ac.uk/vol1/fastq/ERR321/ERR321439/ERR321439_2.fastq.gz	ftp.sra.ebi.ac.uk/vol1/run/ERR321/ERR321439/MetaHIT-MH0132_20100124L7.rmHuman.rmHost.1.fq.gz;ftp.sra.ebi.ac.uk/vol1/run/ERR321/ERR321439/MetaHIT-MH0132_20100124L7.rmHuman.rmHost.2.fq.gz	
ERR321443	PRJEB4336	SAMEA2142848	ERX294576	408170	human gut metagenome	ftp.sra.ebi.ac.uk/vol1/fastq/ERR321/ERR321443/ERR321443_1.fastq.gz;ftp.sra.ebi.ac.uk/vol1/fastq/ERR321/ERR321443/ERR321443_2.fastq.gz	ftp.sra.ebi.ac.uk/vol1/run/ERR321/ERR321443/MetaHIT-MH0133_20100124L7.rmHuman.rmHost.1.fq.gz;ftp.sra.ebi.ac.uk/vol1/run/ERR321/ERR321443/MetaHIT-MH0133_20100124L7.rmHuman.rmHost.2.fq.gz	
ERR321444	PRJEB4336	SAMEA2142848	ERX294577	408170	human gut metagenome	ftp.sra.ebi.ac.uk/vol1/fastq/ERR321/ERR321444/ERR321444_1.fastq.gz;ftp.sra.ebi.ac.uk/vol1/fastq/ERR321/ERR321444/ERR321444_2.fastq.gz	ftp.sra.ebi.ac.uk/vol1/run/ERR321/ERR321444/MetaHIT-MH0133_20100125L4.rmHuman.rmHost.1.fq.gz;ftp.sra.ebi.ac.uk/vol1/run/ERR321/ERR321444/MetaHIT-MH0133_20100125L4.rmHuman.rmHost.2.fq.gz	
ERR321446	PRJEB4336	SAMEA2144525	ERX294579	408170	human gut metagenome	ftp.sra.ebi.ac.uk/vol1/fastq/ERR321/ERR321446/ERR321446_1.fastq.gz;ftp.sra.ebi.ac.uk/vol1/fastq/ERR321/ERR321446/ERR321446_2.fastq.gz	ftp.sra.ebi.ac.uk/vol1/run/ERR321/ERR321446/MetaHIT-MH0134_20091028.rmHuman.rmHost.1.fq.gz;ftp.sra.ebi.ac.uk/vol1/run/ERR321/ERR321446/MetaHIT-MH0134_20091028.rmHuman.rmHost.2.fq.gz	
ERR321447	PRJEB4336	SAMEA2144525	ERX294580	408170	human gut metagenome	ftp.sra.ebi.ac.uk/vol1/fastq/ERR321/ERR321447/ERR321447_1.fastq.gz;ftp.sra.ebi.ac.uk/vol1/fastq/ERR321/ERR321447/ERR321447_2.fastq.gz	ftp.sra.ebi.ac.uk/vol1/run/ERR321/ERR321447/MetaHIT-MH0134_20100124L6.rmHuman.rmHost.1.fq.gz;ftp.sra.ebi.ac.uk/vol1/run/ERR321/ERR321447/MetaHIT-MH0134_20100124L6.rmHuman.rmHost.2.fq.gz	
ERR321448	PRJEB4336	SAMEA2144525	ERX294581	408170	human gut metagenome	ftp.sra.ebi.ac.uk/vol1/fastq/ERR321/ERR321448/ERR321448_1.fastq.gz;ftp.sra.ebi.ac.uk/vol1/fastq/ERR321/ERR321448/ERR321448_2.fastq.gz	ftp.sra.ebi.ac.uk/vol1/run/ERR321/ERR321448/MetaHIT-MH0134_20100125L2.rmHuman.rmHost.1.fq.gz;ftp.sra.ebi.ac.uk/vol1/run/ERR321/ERR321448/MetaHIT-MH0134_20100125L2.rmHuman.rmHost.2.fq.gz	
ERR321449	PRJEB4336	SAMEA2144525	ERX294582	408170	human gut metagenome	ftp.sra.ebi.ac.uk/vol1/fastq/ERR321/ERR321449/ERR321449_1.fastq.gz;ftp.sra.ebi.ac.uk/vol1/fastq/ERR321/ERR321449/ERR321449_2.fastq.gz	ftp.sra.ebi.ac.uk/vol1/run/ERR321/ERR321449/MetaHIT-MH0134_20100125L3.rmHuman.rmHost.1.fq.gz;ftp.sra.ebi.ac.uk/vol1/run/ERR321/ERR321449/MetaHIT-MH0134_20100125L3.rmHuman.rmHost.2.fq.gz	
ERR321450	PRJEB4336	SAMEA2158521	ERX294583	408170	human gut metagenome	ftp.sra.ebi.ac.uk/vol1/fastq/ERR321/ERR321450/ERR321450_1.fastq.gz;ftp.sra.ebi.ac.uk/vol1/fastq/ERR321/ERR321450/ERR321450_2.fastq.gz	ftp.sra.ebi.ac.uk/vol1/run/ERR321/ERR321450/MetaHIT-MH0135_20091028.rmHuman.rmHost.1.fq.gz;ftp.sra.ebi.ac.uk/vol1/run/ERR321/ERR321450/MetaHIT-MH0135_20091028.rmHuman.rmHost.2.fq.gz	
ERR321453	PRJEB4336	SAMEA2158521	ERX294586	408170	human gut metagenome	ftp.sra.ebi.ac.uk/vol1/fastq/ERR321/ERR321453/ERR321453_1.fastq.gz;ftp.sra.ebi.ac.uk/vol1/fastq/ERR321/ERR321453/ERR321453_2.fastq.gz	ftp.sra.ebi.ac.uk/vol1/run/ERR321/ERR321453/MetaHIT-MH0135_20100125L3.rmHuman.rmHost.1.fq.gz;ftp.sra.ebi.ac.uk/vol1/run/ERR321/ERR321453/MetaHIT-MH0135_20100125L3.rmHuman.rmHost.2.fq.gz	
ERR321456	PRJEB4336	SAMEA2155636	ERX294589	408170	human gut metagenome	ftp.sra.ebi.ac.uk/vol1/fastq/ERR321/ERR321456/ERR321456_1.fastq.gz;ftp.sra.ebi.ac.uk/vol1/fastq/ERR321/ERR321456/ERR321456_2.fastq.gz	ftp.sra.ebi.ac.uk/vol1/run/ERR321/ERR321456/MetaHIT-MH0136_20100129L2.rmHuman.rmHost.1.fq.gz;ftp.sra.ebi.ac.uk/vol1/run/ERR321/ERR321456/MetaHIT-MH0136_20100129L2.rmHuman.rmHost.2.fq.gz	
ERR321460	PRJEB4336	SAMEA2162200	ERX294593	408170	human gut metagenome	ftp.sra.ebi.ac.uk/vol1/fastq/ERR321/ERR321460/ERR321460_1.fastq.gz;ftp.sra.ebi.ac.uk/vol1/fastq/ERR321/ERR321460/ERR321460_2.fastq.gz	ftp.sra.ebi.ac.uk/vol1/run/ERR321/ERR321460/MetaHIT-MH0137_20100128L7.rmHuman.rmHost.1.fq.gz;ftp.sra.ebi.ac.uk/vol1/run/ERR321/ERR321460/MetaHIT-MH0137_20100128L7.rmHuman.rmHost.2.fq.gz	
ERR321463	PRJEB4336	SAMEA2145301	ERX294596	408170	human gut metagenome	ftp.sra.ebi.ac.uk/vol1/fastq/ERR321/ERR321463/ERR321463_1.fastq.gz;ftp.sra.ebi.ac.uk/vol1/fastq/ERR321/ERR321463/ERR321463_2.fastq.gz	ftp.sra.ebi.ac.uk/vol1/run/ERR321/ERR321463/MetaHIT-MH0139_20091115.rmHuman.rmHost.1.fq.gz;ftp.sra.ebi.ac.uk/vol1/run/ERR321/ERR321463/MetaHIT-MH0139_20091115.rmHuman.rmHost.2.fq.gz	
ERR321464	PRJEB4336	SAMEA2147587	ERX294597	408170	human gut metagenome	ftp.sra.ebi.ac.uk/vol1/fastq/ERR321/ERR321464/ERR321464_1.fastq.gz;ftp.sra.ebi.ac.uk/vol1/fastq/ERR321/ERR321464/ERR321464_2.fastq.gz	ftp.sra.ebi.ac.uk/vol1/run/ERR321/ERR321464/MetaHIT-MH0140_20091115.rmHuman.rmHost.1.fq.gz;ftp.sra.ebi.ac.uk/vol1/run/ERR321/ERR321464/MetaHIT-MH0140_20091115.rmHuman.rmHost.2.fq.gz	
ERR321468	PRJEB4336	SAMEA2159408	ERX294601	408170	human gut metagenome	ftp.sra.ebi.ac.uk/vol1/fastq/ERR321/ERR321468/ERR321468_1.fastq.gz;ftp.sra.ebi.ac.uk/vol1/fastq/ERR321/ERR321468/ERR321468_2.fastq.gz	ftp.sra.ebi.ac.uk/vol1/run/ERR321/ERR321468/MetaHIT-MH0144_20091115.rmHuman.rmHost.1.fq.gz;ftp.sra.ebi.ac.uk/vol1/run/ERR321/ERR321468/MetaHIT-MH0144_20091115.rmHuman.rmHost.2.fq.gz	
ERR321470	PRJEB4336	SAMEA2157747	ERX294603	408170	human gut metagenome	ftp.sra.ebi.ac.uk/vol1/fastq/ERR321/ERR321470/ERR321470_1.fastq.gz;ftp.sra.ebi.ac.uk/vol1/fastq/ERR321/ERR321470/ERR321470_2.fastq.gz	ftp.sra.ebi.ac.uk/vol1/run/ERR321/ERR321470/MetaHIT-MH0145_20100124L5.rmHuman.rmHost.1.fq.gz;ftp.sra.ebi.ac.uk/vol1/run/ERR321/ERR321470/MetaHIT-MH0145_20100124L5.rmHuman.rmHost.2.fq.gz	
ERR321472	PRJEB4336	SAMEA2151838	ERX294605	408170	human gut metagenome	ftp.sra.ebi.ac.uk/vol1/fastq/ERR321/ERR321472/ERR321472_1.fastq.gz;ftp.sra.ebi.ac.uk/vol1/fastq/ERR321/ERR321472/ERR321472_2.fastq.gz	ftp.sra.ebi.ac.uk/vol1/run/ERR321/ERR321472/MetaHIT-MH0147_20091116.rmHuman.rmHost.1.fq.gz;ftp.sra.ebi.ac.uk/vol1/run/ERR321/ERR321472/MetaHIT-MH0147_20091116.rmHuman.rmHost.2.fq.gz	
ERR321476	PRJEB4336	SAMEA2161222	ERX294609	408170	human gut metagenome	ftp.sra.ebi.ac.uk/vol1/fastq/ERR321/ERR321476/ERR321476_1.fastq.gz;ftp.sra.ebi.ac.uk/vol1/fastq/ERR321/ERR321476/ERR321476_2.fastq.gz	ftp.sra.ebi.ac.uk/vol1/run/ERR321/ERR321476/MetaHIT-MH0148_20091116.rmHuman.rmHost.1.fq.gz;ftp.sra.ebi.ac.uk/vol1/run/ERR321/ERR321476/MetaHIT-MH0148_20091116.rmHuman.rmHost.2.fq.gz	
ERR321478	PRJEB4336	SAMEA2161222	ERX294611	408170	human gut metagenome	ftp.sra.ebi.ac.uk/vol1/fastq/ERR321/ERR321478/ERR321478_1.fastq.gz;ftp.sra.ebi.ac.uk/vol1/fastq/ERR321/ERR321478/ERR321478_2.fastq.gz	ftp.sra.ebi.ac.uk/vol1/run/ERR321/ERR321478/MetaHIT-MH0148_20100125L4.rmHuman.rmHost.1.fq.gz;ftp.sra.ebi.ac.uk/vol1/run/ERR321/ERR321478/MetaHIT-MH0148_20100125L4.rmHuman.rmHost.2.fq.gz	
ERR321482	PRJEB4336	SAMEA1964687	ERX294615	408170	human gut metagenome	ftp.sra.ebi.ac.uk/vol1/fastq/ERR321/ERR321482/ERR321482_1.fastq.gz;ftp.sra.ebi.ac.uk/vol1/fastq/ERR321/ERR321482/ERR321482_2.fastq.gz	ftp.sra.ebi.ac.uk/vol1/run/ERR321/ERR321482/MetaHIT-MH0150_101205.clean.rmhost.1.fq.gz;ftp.sra.ebi.ac.uk/vol1/run/ERR321/ERR321482/MetaHIT-MH0150_101205.clean.rmhost.2.fq.gz	
ERR321486	PRJEB4336	SAMEA2145582	ERX294619	408170	human gut metagenome	ftp.sra.ebi.ac.uk/vol1/fastq/ERR321/ERR321486/ERR321486_1.fastq.gz;ftp.sra.ebi.ac.uk/vol1/fastq/ERR321/ERR321486/ERR321486_2.fastq.gz	ftp.sra.ebi.ac.uk/vol1/run/ERR321/ERR321486/MetaHIT-MH0154_20091105.rmHuman.rmHost.1.fq.gz;ftp.sra.ebi.ac.uk/vol1/run/ERR321/ERR321486/MetaHIT-MH0154_20091105.rmHuman.rmHost.2.fq.gz	
ERR321491	PRJEB4336	SAMEA2150447	ERX294624	408170	human gut metagenome	ftp.sra.ebi.ac.uk/vol1/fastq/ERR321/ERR321491/ERR321491_1.fastq.gz;ftp.sra.ebi.ac.uk/vol1/fastq/ERR321/ERR321491/ERR321491_2.fastq.gz	ftp.sra.ebi.ac.uk/vol1/run/ERR321/ERR321491/MetaHIT-MH0159_20091111.rmHuman.rmHost.1.fq.gz;ftp.sra.ebi.ac.uk/vol1/run/ERR321/ERR321491/MetaHIT-MH0159_20091111.rmHuman.rmHost.2.fq.gz	
ERR321493	PRJEB4336	SAMEA2149271	ERX294626	408170	human gut metagenome	ftp.sra.ebi.ac.uk/vol1/fastq/ERR321/ERR321493/ERR321493_1.fastq.gz;ftp.sra.ebi.ac.uk/vol1/fastq/ERR321/ERR321493/ERR321493_2.fastq.gz	ftp.sra.ebi.ac.uk/vol1/run/ERR321/ERR321493/MetaHIT-MH0161_101101.clean.rmhost.1.fq.gz;ftp.sra.ebi.ac.uk/vol1/run/ERR321/ERR321493/MetaHIT-MH0161_101101.clean.rmhost.2.fq.gz	
ERR321496	PRJEB4336	SAMEA2156906	ERX294629	408170	human gut metagenome	ftp.sra.ebi.ac.uk/vol1/fastq/ERR321/ERR321496/ERR321496_1.fastq.gz;ftp.sra.ebi.ac.uk/vol1/fastq/ERR321/ERR321496/ERR321496_2.fastq.gz	ftp.sra.ebi.ac.uk/vol1/run/ERR321/ERR321496/MetaHIT-MH0163_20100124L5.rmHuman.rmHost.1.fq.gz;ftp.sra.ebi.ac.uk/vol1/run/ERR321/ERR321496/MetaHIT-MH0163_20100124L5.rmHuman.rmHost.2.fq.gz	
ERR321501	PRJEB4336	SAMEA2155373	ERX294634	408170	human gut metagenome	ftp.sra.ebi.ac.uk/vol1/fastq/ERR321/ERR321501/ERR321501_1.fastq.gz;ftp.sra.ebi.ac.uk/vol1/fastq/ERR321/ERR321501/ERR321501_2.fastq.gz	ftp.sra.ebi.ac.uk/vol1/run/ERR321/ERR321501/MetaHIT-MH0165_20100125L3.rmHuman.rmHost.1.fq.gz;ftp.sra.ebi.ac.uk/vol1/run/ERR321/ERR321501/MetaHIT-MH0165_20100125L3.rmHuman.rmHost.2.fq.gz	
ERR321503	PRJEB4336	SAMEA2154893	ERX294636	408170	human gut metagenome	ftp.sra.ebi.ac.uk/vol1/fastq/ERR321/ERR321503/ERR321503_1.fastq.gz;ftp.sra.ebi.ac.uk/vol1/fastq/ERR321/ERR321503/ERR321503_2.fastq.gz	ftp.sra.ebi.ac.uk/vol1/run/ERR321/ERR321503/MetaHIT-MH0166_20091031.rmHuman.rmHost.1.fq.gz;ftp.sra.ebi.ac.uk/vol1/run/ERR321/ERR321503/MetaHIT-MH0166_20091031.rmHuman.rmHost.2.fq.gz	
ERR321506	PRJEB4336	SAMEA2154920	ERX294639	408170	human gut metagenome	ftp.sra.ebi.ac.uk/vol1/fastq/ERR321/ERR321506/ERR321506_1.fastq.gz;ftp.sra.ebi.ac.uk/vol1/fastq/ERR321/ERR321506/ERR321506_2.fastq.gz	ftp.sra.ebi.ac.uk/vol1/run/ERR321/ERR321506/MetaHIT-MH0167_20091031.rmHuman.rmHost.1.fq.gz;ftp.sra.ebi.ac.uk/vol1/run/ERR321/ERR321506/MetaHIT-MH0167_20091031.rmHuman.rmHost.2.fq.gz	
ERR321507	PRJEB4336	SAMEA2154920	ERX294640	408170	human gut metagenome	ftp.sra.ebi.ac.uk/vol1/fastq/ERR321/ERR321507/ERR321507_1.fastq.gz;ftp.sra.ebi.ac.uk/vol1/fastq/ERR321/ERR321507/ERR321507_2.fastq.gz	ftp.sra.ebi.ac.uk/vol1/run/ERR321/ERR321507/MetaHIT-MH0167_20100124L6.rmHuman.rmHost.1.fq.gz;ftp.sra.ebi.ac.uk/vol1/run/ERR321/ERR321507/MetaHIT-MH0167_20100124L6.rmHuman.rmHost.2.fq.gz	
ERR321508	PRJEB4336	SAMEA2154920	ERX294641	408170	human gut metagenome	ftp.sra.ebi.ac.uk/vol1/fastq/ERR321/ERR321508/ERR321508_1.fastq.gz;ftp.sra.ebi.ac.uk/vol1/fastq/ERR321/ERR321508/ERR321508_2.fastq.gz	ftp.sra.ebi.ac.uk/vol1/run/ERR321/ERR321508/MetaHIT-MH0167_20100125L2.rmHuman.rmHost.1.fq.gz;ftp.sra.ebi.ac.uk/vol1/run/ERR321/ERR321508/MetaHIT-MH0167_20100125L2.rmHuman.rmHost.2.fq.gz	
ERR321512	PRJEB4336	SAMEA2145758	ERX294645	408170	human gut metagenome	ftp.sra.ebi.ac.uk/vol1/fastq/ERR321/ERR321512/ERR321512_1.fastq.gz;ftp.sra.ebi.ac.uk/vol1/fastq/ERR321/ERR321512/ERR321512_2.fastq.gz	ftp.sra.ebi.ac.uk/vol1/run/ERR321/ERR321512/MetaHIT-MH0168_20100125L2.rmHuman.rmHost.1.fq.gz;ftp.sra.ebi.ac.uk/vol1/run/ERR321/ERR321512/MetaHIT-MH0168_20100125L2.rmHuman.rmHost.2.fq.gz	
ERR321513	PRJEB4336	SAMEA2145758	ERX294646	408170	human gut metagenome	ftp.sra.ebi.ac.uk/vol1/fastq/ERR321/ERR321513/ERR321513_1.fastq.gz;ftp.sra.ebi.ac.uk/vol1/fastq/ERR321/ERR321513/ERR321513_2.fastq.gz	ftp.sra.ebi.ac.uk/vol1/run/ERR321/ERR321513/MetaHIT-MH0168_20100125L3.rmHuman.rmHost.1.fq.gz;ftp.sra.ebi.ac.uk/vol1/run/ERR321/ERR321513/MetaHIT-MH0168_20100125L3.rmHuman.rmHost.2.fq.gz	
ERR321517	PRJEB4336	SAMEA2158269	ERX294650	408170	human gut metagenome	ftp.sra.ebi.ac.uk/vol1/fastq/ERR321/ERR321517/ERR321517_1.fastq.gz;ftp.sra.ebi.ac.uk/vol1/fastq/ERR321/ERR321517/ERR321517_2.fastq.gz	ftp.sra.ebi.ac.uk/vol1/run/ERR321/ERR321517/MetaHIT-MH0170_20100124L6.rmHuman.rmHost.1.fq.gz;ftp.sra.ebi.ac.uk/vol1/run/ERR321/ERR321517/MetaHIT-MH0170_20100124L6.rmHuman.rmHost.2.fq.gz	
ERR321519	PRJEB4336	SAMEA2158269	ERX294652	408170	human gut metagenome	ftp.sra.ebi.ac.uk/vol1/fastq/ERR321/ERR321519/ERR321519_1.fastq.gz;ftp.sra.ebi.ac.uk/vol1/fastq/ERR321/ERR321519/ERR321519_2.fastq.gz	ftp.sra.ebi.ac.uk/vol1/run/ERR321/ERR321519/MetaHIT-MH0170_20100125L3.rmHuman.rmHost.1.fq.gz;ftp.sra.ebi.ac.uk/vol1/run/ERR321/ERR321519/MetaHIT-MH0170_20100125L3.rmHuman.rmHost.2.fq.gz	
ERR321520	PRJEB4336	SAMEA2152125	ERX294653	408170	human gut metagenome	ftp.sra.ebi.ac.uk/vol1/fastq/ERR321/ERR321520/ERR321520_1.fastq.gz;ftp.sra.ebi.ac.uk/vol1/fastq/ERR321/ERR321520/ERR321520_2.fastq.gz	ftp.sra.ebi.ac.uk/vol1/run/ERR321/ERR321520/MetaHIT-MH0172_20091110.rmHuman.rmHost.1.fq.gz;ftp.sra.ebi.ac.uk/vol1/run/ERR321/ERR321520/MetaHIT-MH0172_20091110.rmHuman.rmHost.2.fq.gz	
ERR321524	PRJEB4336	SAMEA2150563	ERX294657	408170	human gut metagenome	ftp.sra.ebi.ac.uk/vol1/fastq/ERR321/ERR321524/ERR321524_1.fastq.gz;ftp.sra.ebi.ac.uk/vol1/fastq/ERR321/ERR321524/ERR321524_2.fastq.gz	ftp.sra.ebi.ac.uk/vol1/run/ERR321/ERR321524/MetaHIT-MH0176_101101.clean.rmhost.1.fq.gz;ftp.sra.ebi.ac.uk/vol1/run/ERR321/ERR321524/MetaHIT-MH0176_101101.clean.rmhost.2.fq.gz	
ERR321525	PRJEB4336	SAMEA2151606	ERX294658	408170	human gut metagenome	ftp.sra.ebi.ac.uk/vol1/fastq/ERR321/ERR321525/ERR321525_1.fastq.gz;ftp.sra.ebi.ac.uk/vol1/fastq/ERR321/ERR321525/ERR321525_2.fastq.gz	ftp.sra.ebi.ac.uk/vol1/run/ERR321/ERR321525/MetaHIT-MH0177_20091031.rmHuman.rmHost.1.fq.gz;ftp.sra.ebi.ac.uk/vol1/run/ERR321/ERR321525/MetaHIT-MH0177_20091031.rmHuman.rmHost.2.fq.gz	
ERR321532	PRJEB4336	SAMEA2147991	ERX294665	408170	human gut metagenome	ftp.sra.ebi.ac.uk/vol1/fastq/ERR321/ERR321532/ERR321532_1.fastq.gz;ftp.sra.ebi.ac.uk/vol1/fastq/ERR321/ERR321532/ERR321532_2.fastq.gz	ftp.sra.ebi.ac.uk/vol1/run/ERR321/ERR321532/MetaHIT-MH0181_20091117.rmHuman.rmHost.1.fq.gz;ftp.sra.ebi.ac.uk/vol1/run/ERR321/ERR321532/MetaHIT-MH0181_20091117.rmHuman.rmHost.2.fq.gz	
ERR321541	PRJEB4336	SAMEA2151034	ERX294674	408170	human gut metagenome	ftp.sra.ebi.ac.uk/vol1/fastq/ERR321/ERR321541/ERR321541_1.fastq.gz;ftp.sra.ebi.ac.uk/vol1/fastq/ERR321/ERR321541/ERR321541_2.fastq.gz	ftp.sra.ebi.ac.uk/vol1/run/ERR321/ERR321541/MetaHIT-MH0184_20100129L3.rmHuman.rmHost.1.fq.gz;ftp.sra.ebi.ac.uk/vol1/run/ERR321/ERR321541/MetaHIT-MH0184_20100129L3.rmHuman.rmHost.2.fq.gz	
ERR321543	PRJEB4336	SAMEA2142525	ERX294676	408170	human gut metagenome	ftp.sra.ebi.ac.uk/vol1/fastq/ERR321/ERR321543/ERR321543_1.fastq.gz;ftp.sra.ebi.ac.uk/vol1/fastq/ERR321/ERR321543/ERR321543_2.fastq.gz	ftp.sra.ebi.ac.uk/vol1/run/ERR321/ERR321543/MetaHIT-MH0186_20091117.rmHuman.rmHost.1.fq.gz;ftp.sra.ebi.ac.uk/vol1/run/ERR321/ERR321543/MetaHIT-MH0186_20091117.rmHuman.rmHost.2.fq.gz	
ERR321545	PRJEB4336	SAMEA2143633	ERX294678	408170	human gut metagenome	ftp.sra.ebi.ac.uk/vol1/fastq/ERR321/ERR321545/ERR321545_1.fastq.gz;ftp.sra.ebi.ac.uk/vol1/fastq/ERR321/ERR321545/ERR321545_2.fastq.gz	ftp.sra.ebi.ac.uk/vol1/run/ERR321/ERR321545/MetaHIT-MH0188_110517L7.clean.rmhost.1.fq.gz;ftp.sra.ebi.ac.uk/vol1/run/ERR321/ERR321545/MetaHIT-MH0188_110517L7.clean.rmhost.2.fq.gz	
ERR321548	PRJEB4336	SAMEA2158190	ERX294681	408170	human gut metagenome	ftp.sra.ebi.ac.uk/vol1/fastq/ERR321/ERR321548/ERR321548_1.fastq.gz;ftp.sra.ebi.ac.uk/vol1/fastq/ERR321/ERR321548/ERR321548_2.fastq.gz	ftp.sra.ebi.ac.uk/vol1/run/ERR321/ERR321548/MetaHIT-MH0191_110425.clean.rmhost.1.fq.gz;ftp.sra.ebi.ac.uk/vol1/run/ERR321/ERR321548/MetaHIT-MH0191_110425.clean.rmhost.2.fq.gz	
ERR321550	PRJEB4336	SAMEA2157917	ERX294683	408170	human gut metagenome	ftp.sra.ebi.ac.uk/vol1/fastq/ERR321/ERR321550/ERR321550_1.fastq.gz;ftp.sra.ebi.ac.uk/vol1/fastq/ERR321/ERR321550/ERR321550_2.fastq.gz	ftp.sra.ebi.ac.uk/vol1/run/ERR321/ERR321550/MetaHIT-MH0193_110517L8.clean.rmhost.1.fq.gz;ftp.sra.ebi.ac.uk/vol1/run/ERR321/ERR321550/MetaHIT-MH0193_110517L8.clean.rmhost.2.fq.gz	
ERR321554	PRJEB4336	SAMEA2153397	ERX294687	408170	human gut metagenome	ftp.sra.ebi.ac.uk/vol1/fastq/ERR321/ERR321554/ERR321554_1.fastq.gz;ftp.sra.ebi.ac.uk/vol1/fastq/ERR321/ERR321554/ERR321554_2.fastq.gz	ftp.sra.ebi.ac.uk/vol1/run/ERR321/ERR321554/MetaHIT-MH0198_110418.clean.rmhost.1.fq.gz;ftp.sra.ebi.ac.uk/vol1/run/ERR321/ERR321554/MetaHIT-MH0198_110418.clean.rmhost.2.fq.gz	
ERR321557	PRJEB4336	SAMEA2150726	ERX294690	408170	human gut metagenome	ftp.sra.ebi.ac.uk/vol1/fastq/ERR321/ERR321557/ERR321557_1.fastq.gz;ftp.sra.ebi.ac.uk/vol1/fastq/ERR321/ERR321557/ERR321557_2.fastq.gz	ftp.sra.ebi.ac.uk/vol1/run/ERR321/ERR321557/MetaHIT-MH0203_110425.clean.rmhost.1.fq.gz;ftp.sra.ebi.ac.uk/vol1/run/ERR321/ERR321557/MetaHIT-MH0203_110425.clean.rmhost.2.fq.gz	
ERR321558	PRJEB4336	SAMEA2154015	ERX294691	408170	human gut metagenome	ftp.sra.ebi.ac.uk/vol1/fastq/ERR321/ERR321558/ERR321558_1.fastq.gz;ftp.sra.ebi.ac.uk/vol1/fastq/ERR321/ERR321558/ERR321558_2.fastq.gz	ftp.sra.ebi.ac.uk/vol1/run/ERR321/ERR321558/MetaHIT-MH0204_110418.clean.rmhost.1.fq.gz;ftp.sra.ebi.ac.uk/vol1/run/ERR321/ERR321558/MetaHIT-MH0204_110418.clean.rmhost.2.fq.gz	
ERR321567	PRJEB4336	SAMEA2161897	ERX294700	408170	human gut metagenome	ftp.sra.ebi.ac.uk/vol1/fastq/ERR321/ERR321567/ERR321567_1.fastq.gz;ftp.sra.ebi.ac.uk/vol1/fastq/ERR321/ERR321567/ERR321567_2.fastq.gz	ftp.sra.ebi.ac.uk/vol1/run/ERR321/ERR321567/MetaHIT-MH0227_110517L8.clean.rmhost.1.fq.gz;ftp.sra.ebi.ac.uk/vol1/run/ERR321/ERR321567/MetaHIT-MH0227_110517L8.clean.rmhost.2.fq.gz	
ERR321576	PRJEB4336	SAMEA2153852	ERX294709	408170	human gut metagenome	ftp.sra.ebi.ac.uk/vol1/fastq/ERR321/ERR321576/ERR321576_1.fastq.gz;ftp.sra.ebi.ac.uk/vol1/fastq/ERR321/ERR321576/ERR321576_2.fastq.gz	ftp.sra.ebi.ac.uk/vol1/run/ERR321/ERR321576/MetaHIT-MH0250_110517.clean.rmhost.1.fq.gz;ftp.sra.ebi.ac.uk/vol1/run/ERR321/ERR321576/MetaHIT-MH0250_110517.clean.rmhost.2.fq.gz	
ERR321577	PRJEB4336	SAMEA1965858	ERX294710	408170	human gut metagenome	ftp.sra.ebi.ac.uk/vol1/fastq/ERR321/ERR321577/ERR321577_1.fastq.gz;ftp.sra.ebi.ac.uk/vol1/fastq/ERR321/ERR321577/ERR321577_2.fastq.gz	ftp.sra.ebi.ac.uk/vol1/run/ERR321/ERR321577/MetaHIT-MH0251_110425.clean.rmhost.1.fq.gz;ftp.sra.ebi.ac.uk/vol1/run/ERR321/ERR321577/MetaHIT-MH0251_110425.clean.rmhost.2.fq.gz	
ERR321582	PRJEB4336	SAMEA2152591	ERX294715	408170	human gut metagenome	ftp.sra.ebi.ac.uk/vol1/fastq/ERR321/ERR321582/ERR321582_1.fastq.gz;ftp.sra.ebi.ac.uk/vol1/fastq/ERR321/ERR321582/ERR321582_2.fastq.gz	ftp.sra.ebi.ac.uk/vol1/run/ERR321/ERR321582/MetaHIT-MH0274_110425.clean.rmhost.1.fq.gz;ftp.sra.ebi.ac.uk/vol1/run/ERR321/ERR321582/MetaHIT-MH0274_110425.clean.rmhost.2.fq.gz	
ERR321585	PRJEB4336	SAMEA2153898	ERX294718	408170	human gut metagenome	ftp.sra.ebi.ac.uk/vol1/fastq/ERR321/ERR321585/ERR321585_1.fastq.gz;ftp.sra.ebi.ac.uk/vol1/fastq/ERR321/ERR321585/ERR321585_2.fastq.gz	ftp.sra.ebi.ac.uk/vol1/run/ERR321/ERR321585/MetaHIT-MH0277_110517L7.clean.rmhost.1.fq.gz;ftp.sra.ebi.ac.uk/vol1/run/ERR321/ERR321585/MetaHIT-MH0277_110517L7.clean.rmhost.2.fq.gz	
ERR321586	PRJEB4336	SAMEA2153898	ERX294719	408170	human gut metagenome	ftp.sra.ebi.ac.uk/vol1/fastq/ERR321/ERR321586/ERR321586_1.fastq.gz;ftp.sra.ebi.ac.uk/vol1/fastq/ERR321/ERR321586/ERR321586_2.fastq.gz	ftp.sra.ebi.ac.uk/vol1/run/ERR321/ERR321586/MetaHIT-MH0277_110517L8.clean.rmhost.1.fq.gz;ftp.sra.ebi.ac.uk/vol1/run/ERR321/ERR321586/MetaHIT-MH0277_110517L8.clean.rmhost.2.fq.gz	
ERR321587	PRJEB4336	SAMEA2151439	ERX294720	408170	human gut metagenome	ftp.sra.ebi.ac.uk/vol1/fastq/ERR321/ERR321587/ERR321587_1.fastq.gz;ftp.sra.ebi.ac.uk/vol1/fastq/ERR321/ERR321587/ERR321587_2.fastq.gz	ftp.sra.ebi.ac.uk/vol1/run/ERR321/ERR321587/MetaHIT-MH0286_110418.clean.rmhost.1.fq.gz;ftp.sra.ebi.ac.uk/vol1/run/ERR321/ERR321587/MetaHIT-MH0286_110418.clean.rmhost.2.fq.gz	
ERR321588	PRJEB4336	SAMEA2152531	ERX294721	408170	human gut metagenome	ftp.sra.ebi.ac.uk/vol1/fastq/ERR321/ERR321588/ERR321588_1.fastq.gz;ftp.sra.ebi.ac.uk/vol1/fastq/ERR321/ERR321588/ERR321588_2.fastq.gz	ftp.sra.ebi.ac.uk/vol1/run/ERR321/ERR321588/MetaHIT-MH0287_110425.clean.rmhost.1.fq.gz;ftp.sra.ebi.ac.uk/vol1/run/ERR321/ERR321588/MetaHIT-MH0287_110425.clean.rmhost.2.fq.gz	
ERR321592	PRJEB4336	SAMEA2152063	ERX294725	408170	human gut metagenome	ftp.sra.ebi.ac.uk/vol1/fastq/ERR321/ERR321592/ERR321592_1.fastq.gz;ftp.sra.ebi.ac.uk/vol1/fastq/ERR321/ERR321592/ERR321592_2.fastq.gz	ftp.sra.ebi.ac.uk/vol1/run/ERR321/ERR321592/MetaHIT-MH0302_110425.clean.rmhost.1.fq.gz;ftp.sra.ebi.ac.uk/vol1/run/ERR321/ERR321592/MetaHIT-MH0302_110425.clean.rmhost.2.fq.gz	
ERR321594	PRJEB4336	SAMEA1971210	ERX294727	408170	human gut metagenome	ftp.sra.ebi.ac.uk/vol1/fastq/ERR321/ERR321594/ERR321594_1.fastq.gz;ftp.sra.ebi.ac.uk/vol1/fastq/ERR321/ERR321594/ERR321594_2.fastq.gz	ftp.sra.ebi.ac.uk/vol1/run/ERR321/ERR321594/MetaHIT-MH0307_110425.clean.rmhost.1.fq.gz;ftp.sra.ebi.ac.uk/vol1/run/ERR321/ERR321594/MetaHIT-MH0307_110425.clean.rmhost.2.fq.gz	
ERR321595	PRJEB4336	SAMEA2160902	ERX294728	408170	human gut metagenome	ftp.sra.ebi.ac.uk/vol1/fastq/ERR321/ERR321595/ERR321595_1.fastq.gz;ftp.sra.ebi.ac.uk/vol1/fastq/ERR321/ERR321595/ERR321595_2.fastq.gz	ftp.sra.ebi.ac.uk/vol1/run/ERR321/ERR321595/MetaHIT-MH0313_110425.clean.rmhost.1.fq.gz;ftp.sra.ebi.ac.uk/vol1/run/ERR321/ERR321595/MetaHIT-MH0313_110425.clean.rmhost.2.fq.gz	
ERR321597	PRJEB4336	SAMEA2158542	ERX294730	408170	human gut metagenome	ftp.sra.ebi.ac.uk/vol1/fastq/ERR321/ERR321597/ERR321597_1.fastq.gz;ftp.sra.ebi.ac.uk/vol1/fastq/ERR321/ERR321597/ERR321597_2.fastq.gz	ftp.sra.ebi.ac.uk/vol1/run/ERR321/ERR321597/MetaHIT-MH0318_110425.clean.rmhost.1.fq.gz;ftp.sra.ebi.ac.uk/vol1/run/ERR321/ERR321597/MetaHIT-MH0318_110425.clean.rmhost.2.fq.gz	
ERR321600	PRJEB4336	SAMEA2153251	ERX294733	408170	human gut metagenome	ftp.sra.ebi.ac.uk/vol1/fastq/ERR321/ERR321600/ERR321600_1.fastq.gz;ftp.sra.ebi.ac.uk/vol1/fastq/ERR321/ERR321600/ERR321600_2.fastq.gz	ftp.sra.ebi.ac.uk/vol1/run/ERR321/ERR321600/MetaHIT-MH0333_110425.clean.rmhost.1.fq.gz;ftp.sra.ebi.ac.uk/vol1/run/ERR321/ERR321600/MetaHIT-MH0333_110425.clean.rmhost.2.fq.gz	
ERR321602	PRJEB4336	SAMEA2149228	ERX294735	408170	human gut metagenome	ftp.sra.ebi.ac.uk/vol1/fastq/ERR321/ERR321602/ERR321602_1.fastq.gz;ftp.sra.ebi.ac.uk/vol1/fastq/ERR321/ERR321602/ERR321602_2.fastq.gz	ftp.sra.ebi.ac.uk/vol1/run/ERR321/ERR321602/MetaHIT-MH0404_110425.clean.rmhost.1.fq.gz;ftp.sra.ebi.ac.uk/vol1/run/ERR321/ERR321602/MetaHIT-MH0404_110425.clean.rmhost.2.fq.gz	
ERR321603	PRJEB4336	SAMEA2147036	ERX294736	408170	human gut metagenome	ftp.sra.ebi.ac.uk/vol1/fastq/ERR321/ERR321603/ERR321603_1.fastq.gz;ftp.sra.ebi.ac.uk/vol1/fastq/ERR321/ERR321603/ERR321603_2.fastq.gz	ftp.sra.ebi.ac.uk/vol1/run/ERR321/ERR321603/MetaHIT-MH0405_110425.clean.rmhost.1.fq.gz;ftp.sra.ebi.ac.uk/vol1/run/ERR321/ERR321603/MetaHIT-MH0405_110425.clean.rmhost.2.fq.gz	
ERR321605	PRJEB4336	SAMEA2158468	ERX294738	408170	human gut metagenome	ftp.sra.ebi.ac.uk/vol1/fastq/ERR321/ERR321605/ERR321605_1.fastq.gz;ftp.sra.ebi.ac.uk/vol1/fastq/ERR321/ERR321605/ERR321605_2.fastq.gz	ftp.sra.ebi.ac.uk/vol1/run/ERR321/ERR321605/MetaHIT-MH0407_110425.clean.rmhost.1.fq.gz;ftp.sra.ebi.ac.uk/vol1/run/ERR321/ERR321605/MetaHIT-MH0407_110425.clean.rmhost.2.fq.gz	
ERR321607	PRJEB4336	SAMEA2152521	ERX294740	408170	human gut metagenome	ftp.sra.ebi.ac.uk/vol1/fastq/ERR321/ERR321607/ERR321607_1.fastq.gz;ftp.sra.ebi.ac.uk/vol1/fastq/ERR321/ERR321607/ERR321607_2.fastq.gz	ftp.sra.ebi.ac.uk/vol1/run/ERR321/ERR321607/MetaHIT-MH0409_110425.clean.rmhost.1.fq.gz;ftp.sra.ebi.ac.uk/vol1/run/ERR321/ERR321607/MetaHIT-MH0409_110425.clean.rmhost.2.fq.gz	
ERR321611	PRJEB4336	SAMEA2143863	ERX294744	408170	human gut metagenome	ftp.sra.ebi.ac.uk/vol1/fastq/ERR321/ERR321611/ERR321611_1.fastq.gz;ftp.sra.ebi.ac.uk/vol1/fastq/ERR321/ERR321611/ERR321611_2.fastq.gz	ftp.sra.ebi.ac.uk/vol1/run/ERR321/ERR321611/MetaHIT-MH0413_110425.clean.rmhost.1.fq.gz;ftp.sra.ebi.ac.uk/vol1/run/ERR321/ERR321611/MetaHIT-MH0413_110425.clean.rmhost.2.fq.gz	
ERR321612	PRJEB4336	SAMEA1967319	ERX294745	408170	human gut metagenome	ftp.sra.ebi.ac.uk/vol1/fastq/ERR321/ERR321612/ERR321612_1.fastq.gz;ftp.sra.ebi.ac.uk/vol1/fastq/ERR321/ERR321612/ERR321612_2.fastq.gz	ftp.sra.ebi.ac.uk/vol1/run/ERR321/ERR321612/MetaHIT-MH0414_110425.clean.rmhost.1.fq.gz;ftp.sra.ebi.ac.uk/vol1/run/ERR321/ERR321612/MetaHIT-MH0414_110425.clean.rmhost.2.fq.gz	
ERR321614	PRJEB4336	SAMEA2154561	ERX294747	408170	human gut metagenome	ftp.sra.ebi.ac.uk/vol1/fastq/ERR321/ERR321614/ERR321614_1.fastq.gz;ftp.sra.ebi.ac.uk/vol1/fastq/ERR321/ERR321614/ERR321614_2.fastq.gz	ftp.sra.ebi.ac.uk/vol1/run/ERR321/ERR321614/MetaHIT-MH0416_110425.clean.rmhost.1.fq.gz;ftp.sra.ebi.ac.uk/vol1/run/ERR321/ERR321614/MetaHIT-MH0416_110425.clean.rmhost.2.fq.gz	
ERR321615	PRJEB4336	SAMEA2144555	ERX294748	408170	human gut metagenome	ftp.sra.ebi.ac.uk/vol1/fastq/ERR321/ERR321615/ERR321615_1.fastq.gz;ftp.sra.ebi.ac.uk/vol1/fastq/ERR321/ERR321615/ERR321615_2.fastq.gz	ftp.sra.ebi.ac.uk/vol1/run/ERR321/ERR321615/MetaHIT-MH0417_110425.clean.rmhost.1.fq.gz;ftp.sra.ebi.ac.uk/vol1/run/ERR321/ERR321615/MetaHIT-MH0417_110425.clean.rmhost.2.fq.gz	
ERR321616	PRJEB4336	SAMEA2144304	ERX294749	408170	human gut metagenome	ftp.sra.ebi.ac.uk/vol1/fastq/ERR321/ERR321616/ERR321616_1.fastq.gz;ftp.sra.ebi.ac.uk/vol1/fastq/ERR321/ERR321616/ERR321616_2.fastq.gz	ftp.sra.ebi.ac.uk/vol1/run/ERR321/ERR321616/MetaHIT-MH0418_110425.clean.rmhost.1.fq.gz;ftp.sra.ebi.ac.uk/vol1/run/ERR321/ERR321616/MetaHIT-MH0418_110425.clean.rmhost.2.fq.gz	
ERR321619	PRJEB4336	SAMEA2151703	ERX294752	408170	human gut metagenome	ftp.sra.ebi.ac.uk/vol1/fastq/ERR321/ERR321619/ERR321619_1.fastq.gz;ftp.sra.ebi.ac.uk/vol1/fastq/ERR321/ERR321619/ERR321619_2.fastq.gz	ftp.sra.ebi.ac.uk/vol1/run/ERR321/ERR321619/MetaHIT-MH0421_110425.clean.rmhost.1.fq.gz;ftp.sra.ebi.ac.uk/vol1/run/ERR321/ERR321619/MetaHIT-MH0421_110425.clean.rmhost.2.fq.gz	
ERR321622	PRJEB4336	SAMEA2145815	ERX294755	408170	human gut metagenome	ftp.sra.ebi.ac.uk/vol1/fastq/ERR321/ERR321622/ERR321622_1.fastq.gz;ftp.sra.ebi.ac.uk/vol1/fastq/ERR321/ERR321622/ERR321622_2.fastq.gz	ftp.sra.ebi.ac.uk/vol1/run/ERR321/ERR321622/MetaHIT-MH0424_110425.clean.rmhost.1.fq.gz;ftp.sra.ebi.ac.uk/vol1/run/ERR321/ERR321622/MetaHIT-MH0424_110425.clean.rmhost.2.fq.gz	
ERR321625	PRJEB4336	SAMEA2144223	ERX294758	408170	human gut metagenome	ftp.sra.ebi.ac.uk/vol1/fastq/ERR321/ERR321625/ERR321625_1.fastq.gz;ftp.sra.ebi.ac.uk/vol1/fastq/ERR321/ERR321625/ERR321625_2.fastq.gz	ftp.sra.ebi.ac.uk/vol1/run/ERR321/ERR321625/MetaHIT-MH0427_110425.clean.rmhost.1.fq.gz;ftp.sra.ebi.ac.uk/vol1/run/ERR321/ERR321625/MetaHIT-MH0427_110425.clean.rmhost.2.fq.gz	
ERR321626	PRJEB4336	SAMEA2155512	ERX294759	408170	human gut metagenome	ftp.sra.ebi.ac.uk/vol1/fastq/ERR321/ERR321626/ERR321626_1.fastq.gz;ftp.sra.ebi.ac.uk/vol1/fastq/ERR321/ERR321626/ERR321626_2.fastq.gz	ftp.sra.ebi.ac.uk/vol1/run/ERR321/ERR321626/MetaHIT-MH0428_110425.clean.rmhost.1.fq.gz;ftp.sra.ebi.ac.uk/vol1/run/ERR321/ERR321626/MetaHIT-MH0428_110425.clean.rmhost.2.fq.gz	
ERR321627	PRJEB4336	SAMEA2157977	ERX294760	408170	human gut metagenome	ftp.sra.ebi.ac.uk/vol1/fastq/ERR321/ERR321627/ERR321627_1.fastq.gz;ftp.sra.ebi.ac.uk/vol1/fastq/ERR321/ERR321627/ERR321627_2.fastq.gz	ftp.sra.ebi.ac.uk/vol1/run/ERR321/ERR321627/MetaHIT-MH0429_110425.clean.rmhost.1.fq.gz;ftp.sra.ebi.ac.uk/vol1/run/ERR321/ERR321627/MetaHIT-MH0429_110425.clean.rmhost.2.fq.gz	
ERR321629	PRJEB4336	SAMEA2161597	ERX294762	408170	human gut metagenome	ftp.sra.ebi.ac.uk/vol1/fastq/ERR321/ERR321629/ERR321629_1.fastq.gz;ftp.sra.ebi.ac.uk/vol1/fastq/ERR321/ERR321629/ERR321629_2.fastq.gz	ftp.sra.ebi.ac.uk/vol1/run/ERR321/ERR321629/MetaHIT-MH0431_110425.clean.rmhost.1.fq.gz;ftp.sra.ebi.ac.uk/vol1/run/ERR321/ERR321629/MetaHIT-MH0431_110425.clean.rmhost.2.fq.gz	
ERR321631	PRJEB4336	SAMEA2155758	ERX294764	408170	human gut metagenome	ftp.sra.ebi.ac.uk/vol1/fastq/ERR321/ERR321631/ERR321631_1.fastq.gz;ftp.sra.ebi.ac.uk/vol1/fastq/ERR321/ERR321631/ERR321631_2.fastq.gz	ftp.sra.ebi.ac.uk/vol1/run/ERR321/ERR321631/MetaHIT-MH0433_110425.clean.rmhost.1.fq.gz;ftp.sra.ebi.ac.uk/vol1/run/ERR321/ERR321631/MetaHIT-MH0433_110425.clean.rmhost.2.fq.gz	
ERR321633	PRJEB4336	SAMEA2148094	ERX294766	408170	human gut metagenome	ftp.sra.ebi.ac.uk/vol1/fastq/ERR321/ERR321633/ERR321633_1.fastq.gz;ftp.sra.ebi.ac.uk/vol1/fastq/ERR321/ERR321633/ERR321633_2.fastq.gz	ftp.sra.ebi.ac.uk/vol1/run/ERR321/ERR321633/MetaHIT-MH0435_110425.clean.rmhost.1.fq.gz;ftp.sra.ebi.ac.uk/vol1/run/ERR321/ERR321633/MetaHIT-MH0435_110425.clean.rmhost.2.fq.gz	
ERR321636	PRJEB4336	SAMEA2156850	ERX294769	408170	human gut metagenome	ftp.sra.ebi.ac.uk/vol1/fastq/ERR321/ERR321636/ERR321636_1.fastq.gz;ftp.sra.ebi.ac.uk/vol1/fastq/ERR321/ERR321636/ERR321636_2.fastq.gz	ftp.sra.ebi.ac.uk/vol1/run/ERR321/ERR321636/MetaHIT-MH0438_110425.clean.rmhost.1.fq.gz;ftp.sra.ebi.ac.uk/vol1/run/ERR321/ERR321636/MetaHIT-MH0438_110425.clean.rmhost.2.fq.gz	
ERR321638	PRJEB4336	SAMEA2151010	ERX294771	408170	human gut metagenome	ftp.sra.ebi.ac.uk/vol1/fastq/ERR321/ERR321638/ERR321638_1.fastq.gz;ftp.sra.ebi.ac.uk/vol1/fastq/ERR321/ERR321638/ERR321638_2.fastq.gz	ftp.sra.ebi.ac.uk/vol1/run/ERR321/ERR321638/MetaHIT-MH0440_110425.clean.rmhost.1.fq.gz;ftp.sra.ebi.ac.uk/vol1/run/ERR321/ERR321638/MetaHIT-MH0440_110425.clean.rmhost.2.fq.gz	
ERR321639	PRJEB4336	SAMEA2160998	ERX294772	408170	human gut metagenome	ftp.sra.ebi.ac.uk/vol1/fastq/ERR321/ERR321639/ERR321639_1.fastq.gz;ftp.sra.ebi.ac.uk/vol1/fastq/ERR321/ERR321639/ERR321639_2.fastq.gz	ftp.sra.ebi.ac.uk/vol1/run/ERR321/ERR321639/MetaHIT-MH0441_110425.clean.rmhost.1.fq.gz;ftp.sra.ebi.ac.uk/vol1/run/ERR321/ERR321639/MetaHIT-MH0441_110425.clean.rmhost.2.fq.gz	
ERR321641	PRJEB4336	SAMEA2162475	ERX294774	408170	human gut metagenome	ftp.sra.ebi.ac.uk/vol1/fastq/ERR321/ERR321641/ERR321641_1.fastq.gz;ftp.sra.ebi.ac.uk/vol1/fastq/ERR321/ERR321641/ERR321641_2.fastq.gz	ftp.sra.ebi.ac.uk/vol1/run/ERR321/ERR321641/MetaHIT-MH0443_110425.clean.rmhost.1.fq.gz;ftp.sra.ebi.ac.uk/vol1/run/ERR321/ERR321641/MetaHIT-MH0443_110425.clean.rmhost.2.fq.gz	
ERR321650	PRJEB4336	SAMEA1970858	ERX294783	408170	human gut metagenome	ftp.sra.ebi.ac.uk/vol1/fastq/ERR321/ERR321650/ERR321650_1.fastq.gz;ftp.sra.ebi.ac.uk/vol1/fastq/ERR321/ERR321650/ERR321650_2.fastq.gz	ftp.sra.ebi.ac.uk/vol1/run/ERR321/ERR321650/MetaHIT-MH0453_110425.clean.rmhost.1.fq.gz;ftp.sra.ebi.ac.uk/vol1/run/ERR321/ERR321650/MetaHIT-MH0453_110425.clean.rmhost.2.fq.gz	
ERR321652	PRJEB4336	SAMEA2162640	ERX294785	408170	human gut metagenome	ftp.sra.ebi.ac.uk/vol1/fastq/ERR321/ERR321652/ERR321652_1.fastq.gz;ftp.sra.ebi.ac.uk/vol1/fastq/ERR321/ERR321652/ERR321652_2.fastq.gz	ftp.sra.ebi.ac.uk/vol1/run/ERR321/ERR321652/MetaHIT-MH0455_110425.clean.rmhost.1.fq.gz;ftp.sra.ebi.ac.uk/vol1/run/ERR321/ERR321652/MetaHIT-MH0455_110425.clean.rmhost.2.fq.gz	
ERR321653	PRJEB4336	SAMEA2149983	ERX294786	408170	human gut metagenome	ftp.sra.ebi.ac.uk/vol1/fastq/ERR321/ERR321653/ERR321653_1.fastq.gz;ftp.sra.ebi.ac.uk/vol1/fastq/ERR321/ERR321653/ERR321653_2.fastq.gz	ftp.sra.ebi.ac.uk/vol1/run/ERR321/ERR321653/MetaHIT-MH0456_110425.clean.rmhost.1.fq.gz;ftp.sra.ebi.ac.uk/vol1/run/ERR321/ERR321653/MetaHIT-MH0456_110425.clean.rmhost.2.fq.gz	
ERR321062	PRJEB4336	SAMEA2143941	ERX294195	408170	human gut metagenome	ftp.sra.ebi.ac.uk/vol1/fastq/ERR321/ERR321062/ERR321062_1.fastq.gz;ftp.sra.ebi.ac.uk/vol1/fastq/ERR321/ERR321062/ERR321062_2.fastq.gz	ftp.sra.ebi.ac.uk/vol1/run/ERR321/ERR321062/MetaHIT-MH0001_081026.rmHuman.rmHost.1.fq.gz;ftp.sra.ebi.ac.uk/vol1/run/ERR321/ERR321062/MetaHIT-MH0001_081026.rmHuman.rmHost.2.fq.gz	
ERR321063	PRJEB4336	SAMEA2143941	ERX294196	408170	human gut metagenome	ftp.sra.ebi.ac.uk/vol1/fastq/ERR321/ERR321063/ERR321063_1.fastq.gz;ftp.sra.ebi.ac.uk/vol1/fastq/ERR321/ERR321063/ERR321063_2.fastq.gz	ftp.sra.ebi.ac.uk/vol1/run/ERR321/ERR321063/MetaHIT-MH0001_081123.rmHuman.rmHost.1.fq.gz;ftp.sra.ebi.ac.uk/vol1/run/ERR321/ERR321063/MetaHIT-MH0001_081123.rmHuman.rmHost.2.fq.gz	
ERR321064	PRJEB4336	SAMEA2155030	ERX294197	408170	human gut metagenome	ftp.sra.ebi.ac.uk/vol1/fastq/ERR321/ERR321064/ERR321064_1.fastq.gz;ftp.sra.ebi.ac.uk/vol1/fastq/ERR321/ERR321064/ERR321064_2.fastq.gz	ftp.sra.ebi.ac.uk/vol1/run/ERR321/ERR321064/MetaHIT-MH0002_081203.rmHuman.rmHost.1.fq.gz;ftp.sra.ebi.ac.uk/vol1/run/ERR321/ERR321064/MetaHIT-MH0002_081203.rmHuman.rmHost.2.fq.gz	
ERR321065	PRJEB4336	SAMEA2155030	ERX294198	408170	human gut metagenome	ftp.sra.ebi.ac.uk/vol1/fastq/ERR321/ERR321065/ERR321065_1.fastq.gz;ftp.sra.ebi.ac.uk/vol1/fastq/ERR321/ERR321065/ERR321065_2.fastq.gz	ftp.sra.ebi.ac.uk/vol1/run/ERR321/ERR321065/MetaHIT-MH0002_081224.rmHuman.rmHost.1.fq.gz;ftp.sra.ebi.ac.uk/vol1/run/ERR321/ERR321065/MetaHIT-MH0002_081224.rmHuman.rmHost.2.fq.gz	
ERR321066	PRJEB4336	SAMEA2155030	ERX294199	408170	human gut metagenome	ftp.sra.ebi.ac.uk/vol1/fastq/ERR321/ERR321066/ERR321066_1.fastq.gz;ftp.sra.ebi.ac.uk/vol1/fastq/ERR321/ERR321066/ERR321066_2.fastq.gz	ftp.sra.ebi.ac.uk/vol1/run/ERR321/ERR321066/MetaHIT-MH0002_090117.rmHuman.rmHost.1.fq.gz;ftp.sra.ebi.ac.uk/vol1/run/ERR321/ERR321066/MetaHIT-MH0002_090117.rmHuman.rmHost.2.fq.gz	
ERR321067	PRJEB4336	SAMEA2149557	ERX294200	408170	human gut metagenome	ftp.sra.ebi.ac.uk/vol1/fastq/ERR321/ERR321067/ERR321067_1.fastq.gz;ftp.sra.ebi.ac.uk/vol1/fastq/ERR321/ERR321067/ERR321067_2.fastq.gz	ftp.sra.ebi.ac.uk/vol1/run/ERR321/ERR321067/MetaHIT-MH0003_081203.rmHuman.rmHost.1.fq.gz;ftp.sra.ebi.ac.uk/vol1/run/ERR321/ERR321067/MetaHIT-MH0003_081203.rmHuman.rmHost.2.fq.gz	
ERR321070	PRJEB4336	SAMEA2158594	ERX294203	408170	human gut metagenome	ftp.sra.ebi.ac.uk/vol1/fastq/ERR321/ERR321070/ERR321070_1.fastq.gz;ftp.sra.ebi.ac.uk/vol1/fastq/ERR321/ERR321070/ERR321070_2.fastq.gz	ftp.sra.ebi.ac.uk/vol1/run/ERR321/ERR321070/MetaHIT-MH0004_081026.rmHuman.rmHost.1.fq.gz;ftp.sra.ebi.ac.uk/vol1/run/ERR321/ERR321070/MetaHIT-MH0004_081026.rmHuman.rmHost.2.fq.gz	
ERR321071	PRJEB4336	SAMEA2158594	ERX294204	408170	human gut metagenome	ftp.sra.ebi.ac.uk/vol1/fastq/ERR321/ERR321071/ERR321071_1.fastq.gz;ftp.sra.ebi.ac.uk/vol1/fastq/ERR321/ERR321071/ERR321071_2.fastq.gz	ftp.sra.ebi.ac.uk/vol1/run/ERR321/ERR321071/MetaHIT-MH0004_081123.rmHuman.rmHost.1.fq.gz;ftp.sra.ebi.ac.uk/vol1/run/ERR321/ERR321071/MetaHIT-MH0004_081123.rmHuman.rmHost.2.fq.gz	
ERR321075	PRJEB4336	SAMEA1970465	ERX294208	408170	human gut metagenome	ftp.sra.ebi.ac.uk/vol1/fastq/ERR321/ERR321075/ERR321075_1.fastq.gz;ftp.sra.ebi.ac.uk/vol1/fastq/ERR321/ERR321075/ERR321075_2.fastq.gz	ftp.sra.ebi.ac.uk/vol1/run/ERR321/ERR321075/MetaHIT-MH0006_081120.rmHuman.rmHost.1.fq.gz;ftp.sra.ebi.ac.uk/vol1/run/ERR321/ERR321075/MetaHIT-MH0006_081120.rmHuman.rmHost.2.fq.gz	
ERR321076	PRJEB4336	SAMEA1970465	ERX294209	408170	human gut metagenome	ftp.sra.ebi.ac.uk/vol1/fastq/ERR321/ERR321076/ERR321076_1.fastq.gz;ftp.sra.ebi.ac.uk/vol1/fastq/ERR321/ERR321076/ERR321076_2.fastq.gz	ftp.sra.ebi.ac.uk/vol1/run/ERR321/ERR321076/MetaHIT-MH0006_lane2.rmHuman.rmHost.1.fq.gz;ftp.sra.ebi.ac.uk/vol1/run/ERR321/ERR321076/MetaHIT-MH0006_lane2.rmHuman.rmHost.2.fq.gz	
ERR321079	PRJEB4336	SAMEA1970465	ERX294212	408170	human gut metagenome	ftp.sra.ebi.ac.uk/vol1/fastq/ERR321/ERR321079/ERR321079_1.fastq.gz;ftp.sra.ebi.ac.uk/vol1/fastq/ERR321/ERR321079/ERR321079_2.fastq.gz	ftp.sra.ebi.ac.uk/vol1/run/ERR321/ERR321079/MetaHIT-MH0006_lane8.rmHuman.rmHost.1.fq.gz;ftp.sra.ebi.ac.uk/vol1/run/ERR321/ERR321079/MetaHIT-MH0006_lane8.rmHuman.rmHost.2.fq.gz	
ERR321081	PRJEB4336	SAMEA2148472	ERX294214	408170	human gut metagenome	ftp.sra.ebi.ac.uk/vol1/fastq/ERR321/ERR321081/ERR321081_1.fastq.gz;ftp.sra.ebi.ac.uk/vol1/fastq/ERR321/ERR321081/ERR321081_2.fastq.gz	ftp.sra.ebi.ac.uk/vol1/run/ERR321/ERR321081/MetaHIT-MH0007_081123.rmHuman.rmHost.1.fq.gz;ftp.sra.ebi.ac.uk/vol1/run/ERR321/ERR321081/MetaHIT-MH0007_081123.rmHuman.rmHost.2.fq.gz	
ERR321085	PRJEB4336	SAMEA2144299	ERX294218	408170	human gut metagenome	ftp.sra.ebi.ac.uk/vol1/fastq/ERR321/ERR321085/ERR321085_1.fastq.gz;ftp.sra.ebi.ac.uk/vol1/fastq/ERR321/ERR321085/ERR321085_2.fastq.gz	ftp.sra.ebi.ac.uk/vol1/run/ERR321/ERR321085/MetaHIT-MH0009_081224.rmHuman.rmHost.1.fq.gz;ftp.sra.ebi.ac.uk/vol1/run/ERR321/ERR321085/MetaHIT-MH0009_081224.rmHuman.rmHost.2.fq.gz	
ERR321087	PRJEB4336	SAMEA2144302	ERX294220	408170	human gut metagenome	ftp.sra.ebi.ac.uk/vol1/fastq/ERR321/ERR321087/ERR321087_1.fastq.gz;ftp.sra.ebi.ac.uk/vol1/fastq/ERR321/ERR321087/ERR321087_2.fastq.gz	ftp.sra.ebi.ac.uk/vol1/run/ERR321/ERR321087/MetaHIT-MH0010_081113.rmHuman.rmHost.1.fq.gz;ftp.sra.ebi.ac.uk/vol1/run/ERR321/ERR321087/MetaHIT-MH0010_081113.rmHuman.rmHost.2.fq.gz	
ERR321088	PRJEB4336	SAMEA2144302	ERX294221	408170	human gut metagenome	ftp.sra.ebi.ac.uk/vol1/fastq/ERR321/ERR321088/ERR321088_1.fastq.gz;ftp.sra.ebi.ac.uk/vol1/fastq/ERR321/ERR321088/ERR321088_2.fastq.gz	ftp.sra.ebi.ac.uk/vol1/run/ERR321/ERR321088/MetaHIT-MH0010_081120.rmHuman.rmHost.1.fq.gz;ftp.sra.ebi.ac.uk/vol1/run/ERR321/ERR321088/MetaHIT-MH0010_081120.rmHuman.rmHost.2.fq.gz	
ERR321090	PRJEB4336	SAMEA2159553	ERX294223	408170	human gut metagenome	ftp.sra.ebi.ac.uk/vol1/fastq/ERR321/ERR321090/ERR321090_1.fastq.gz;ftp.sra.ebi.ac.uk/vol1/fastq/ERR321/ERR321090/ERR321090_2.fastq.gz	ftp.sra.ebi.ac.uk/vol1/run/ERR321/ERR321090/MetaHIT-MH0011_081224.rmHuman.rmHost.1.fq.gz;ftp.sra.ebi.ac.uk/vol1/run/ERR321/ERR321090/MetaHIT-MH0011_081224.rmHuman.rmHost.2.fq.gz	
ERR321095	PRJEB4336	SAMEA2161876	ERX294228	408170	human gut metagenome	ftp.sra.ebi.ac.uk/vol1/fastq/ERR321/ERR321095/ERR321095_1.fastq.gz;ftp.sra.ebi.ac.uk/vol1/fastq/ERR321/ERR321095/ERR321095_2.fastq.gz	ftp.sra.ebi.ac.uk/vol1/run/ERR321/ERR321095/MetaHIT-MH0012_lane2.rmHuman.rmHost.1.fq.gz;ftp.sra.ebi.ac.uk/vol1/run/ERR321/ERR321095/MetaHIT-MH0012_lane2.rmHuman.rmHost.2.fq.gz	
ERR321097	PRJEB4336	SAMEA2161876	ERX294230	408170	human gut metagenome	ftp.sra.ebi.ac.uk/vol1/fastq/ERR321/ERR321097/ERR321097_1.fastq.gz;ftp.sra.ebi.ac.uk/vol1/fastq/ERR321/ERR321097/ERR321097_2.fastq.gz	ftp.sra.ebi.ac.uk/vol1/run/ERR321/ERR321097/MetaHIT-MH0012_lane4.rmHuman.rmHost.1.fq.gz;ftp.sra.ebi.ac.uk/vol1/run/ERR321/ERR321097/MetaHIT-MH0012_lane4.rmHuman.rmHost.2.fq.gz	
ERR321102	PRJEB4336	SAMEA1970897	ERX294235	408170	human gut metagenome	ftp.sra.ebi.ac.uk/vol1/fastq/ERR321/ERR321102/ERR321102_1.fastq.gz;ftp.sra.ebi.ac.uk/vol1/fastq/ERR321/ERR321102/ERR321102_2.fastq.gz	ftp.sra.ebi.ac.uk/vol1/run/ERR321/ERR321102/MetaHIT-MH0014_081224.rmHuman.rmHost.1.fq.gz;ftp.sra.ebi.ac.uk/vol1/run/ERR321/ERR321102/MetaHIT-MH0014_081224.rmHuman.rmHost.2.fq.gz	
ERR321105	PRJEB4336	SAMEA2151054	ERX294238	408170	human gut metagenome	ftp.sra.ebi.ac.uk/vol1/fastq/ERR321/ERR321105/ERR321105_1.fastq.gz;ftp.sra.ebi.ac.uk/vol1/fastq/ERR321/ERR321105/ERR321105_2.fastq.gz	ftp.sra.ebi.ac.uk/vol1/run/ERR321/ERR321105/MetaHIT-MH0015_081119.rmHuman.rmHost.1.fq.gz;ftp.sra.ebi.ac.uk/vol1/run/ERR321/ERR321105/MetaHIT-MH0015_081119.rmHuman.rmHost.2.fq.gz	
ERR321106	PRJEB4336	SAMEA2149603	ERX294239	408170	human gut metagenome	ftp.sra.ebi.ac.uk/vol1/fastq/ERR321/ERR321106/ERR321106_1.fastq.gz;ftp.sra.ebi.ac.uk/vol1/fastq/ERR321/ERR321106/ERR321106_2.fastq.gz	ftp.sra.ebi.ac.uk/vol1/run/ERR321/ERR321106/MetaHIT-MH0016_081203.rmHuman.rmHost.1.fq.gz;ftp.sra.ebi.ac.uk/vol1/run/ERR321/ERR321106/MetaHIT-MH0016_081203.rmHuman.rmHost.2.fq.gz	
ERR321107	PRJEB4336	SAMEA2149603	ERX294240	408170	human gut metagenome	ftp.sra.ebi.ac.uk/vol1/fastq/ERR321/ERR321107/ERR321107_1.fastq.gz;ftp.sra.ebi.ac.uk/vol1/fastq/ERR321/ERR321107/ERR321107_2.fastq.gz	ftp.sra.ebi.ac.uk/vol1/run/ERR321/ERR321107/MetaHIT-MH0016_081224.rmHuman.rmHost.1.fq.gz;ftp.sra.ebi.ac.uk/vol1/run/ERR321/ERR321107/MetaHIT-MH0016_081224.rmHuman.rmHost.2.fq.gz	
ERR321110	PRJEB4336	SAMEA2157270	ERX294243	408170	human gut metagenome	ftp.sra.ebi.ac.uk/vol1/fastq/ERR321/ERR321110/ERR321110_1.fastq.gz;ftp.sra.ebi.ac.uk/vol1/fastq/ERR321/ERR321110/ERR321110_2.fastq.gz	ftp.sra.ebi.ac.uk/vol1/run/ERR321/ERR321110/MetaHIT-MH0017_081119.rmHuman.rmHost.1.fq.gz;ftp.sra.ebi.ac.uk/vol1/run/ERR321/ERR321110/MetaHIT-MH0017_081119.rmHuman.rmHost.2.fq.gz	
ERR321113	PRJEB4336	SAMEA2161917	ERX294246	408170	human gut metagenome	ftp.sra.ebi.ac.uk/vol1/fastq/ERR321/ERR321113/ERR321113_1.fastq.gz;ftp.sra.ebi.ac.uk/vol1/fastq/ERR321/ERR321113/ERR321113_2.fastq.gz	ftp.sra.ebi.ac.uk/vol1/run/ERR321/ERR321113/MetaHIT-MH0019_081108.rmHuman.rmHost.1.fq.gz;ftp.sra.ebi.ac.uk/vol1/run/ERR321/ERR321113/MetaHIT-MH0019_081108.rmHuman.rmHost.2.fq.gz	
ERR321114	PRJEB4336	SAMEA2161917	ERX294247	408170	human gut metagenome	ftp.sra.ebi.ac.uk/vol1/fastq/ERR321/ERR321114/ERR321114_1.fastq.gz;ftp.sra.ebi.ac.uk/vol1/fastq/ERR321/ERR321114/ERR321114_2.fastq.gz	ftp.sra.ebi.ac.uk/vol1/run/ERR321/ERR321114/MetaHIT-MH0019_081119.rmHuman.rmHost.1.fq.gz;ftp.sra.ebi.ac.uk/vol1/run/ERR321/ERR321114/MetaHIT-MH0019_081119.rmHuman.rmHost.2.fq.gz	
ERR321115	PRJEB4336	SAMEA1964270	ERX294248	408170	human gut metagenome	ftp.sra.ebi.ac.uk/vol1/fastq/ERR321/ERR321115/ERR321115_1.fastq.gz;ftp.sra.ebi.ac.uk/vol1/fastq/ERR321/ERR321115/ERR321115_2.fastq.gz	ftp.sra.ebi.ac.uk/vol1/run/ERR321/ERR321115/MetaHIT-MH0020_081224.rmHuman.rmHost.1.fq.gz;ftp.sra.ebi.ac.uk/vol1/run/ERR321/ERR321115/MetaHIT-MH0020_081224.rmHuman.rmHost.2.fq.gz	
ERR321117	PRJEB4336	SAMEA2162138	ERX294250	408170	human gut metagenome	ftp.sra.ebi.ac.uk/vol1/fastq/ERR321/ERR321117/ERR321117_1.fastq.gz;ftp.sra.ebi.ac.uk/vol1/fastq/ERR321/ERR321117/ERR321117_2.fastq.gz	ftp.sra.ebi.ac.uk/vol1/run/ERR321/ERR321117/MetaHIT-MH0021_081224.rmHuman.rmHost.1.fq.gz;ftp.sra.ebi.ac.uk/vol1/run/ERR321/ERR321117/MetaHIT-MH0021_081224.rmHuman.rmHost.2.fq.gz	
ERR321118	PRJEB4336	SAMEA2162138	ERX294251	408170	human gut metagenome	ftp.sra.ebi.ac.uk/vol1/fastq/ERR321/ERR321118/ERR321118_1.fastq.gz;ftp.sra.ebi.ac.uk/vol1/fastq/ERR321/ERR321118/ERR321118_2.fastq.gz	ftp.sra.ebi.ac.uk/vol1/run/ERR321/ERR321118/MetaHIT-MH0021_090201.rmHuman.rmHost.1.fq.gz;ftp.sra.ebi.ac.uk/vol1/run/ERR321/ERR321118/MetaHIT-MH0021_090201.rmHuman.rmHost.2.fq.gz	
ERR321119	PRJEB4336	SAMEA2150310	ERX294252	408170	human gut metagenome	ftp.sra.ebi.ac.uk/vol1/fastq/ERR321/ERR321119/ERR321119_1.fastq.gz;ftp.sra.ebi.ac.uk/vol1/fastq/ERR321/ERR321119/ERR321119_2.fastq.gz	ftp.sra.ebi.ac.uk/vol1/run/ERR321/ERR321119/MetaHIT-MH0022_081108.rmHuman.rmHost.1.fq.gz;ftp.sra.ebi.ac.uk/vol1/run/ERR321/ERR321119/MetaHIT-MH0022_081108.rmHuman.rmHost.2.fq.gz	
ERR321122	PRJEB4336	SAMEA2145251	ERX294255	408170	human gut metagenome	ftp.sra.ebi.ac.uk/vol1/fastq/ERR321/ERR321122/ERR321122_1.fastq.gz;ftp.sra.ebi.ac.uk/vol1/fastq/ERR321/ERR321122/ERR321122_2.fastq.gz	ftp.sra.ebi.ac.uk/vol1/run/ERR321/ERR321122/MetaHIT-MH0023_081119.rmHuman.rmHost.1.fq.gz;ftp.sra.ebi.ac.uk/vol1/run/ERR321/ERR321122/MetaHIT-MH0023_081119.rmHuman.rmHost.2.fq.gz	
ERR321133	PRJEB4336	SAMEA2153837	ERX294266	408170	human gut metagenome	ftp.sra.ebi.ac.uk/vol1/fastq/ERR321/ERR321133/ERR321133_1.fastq.gz;ftp.sra.ebi.ac.uk/vol1/fastq/ERR321/ERR321133/ERR321133_2.fastq.gz	ftp.sra.ebi.ac.uk/vol1/run/ERR321/ERR321133/MetaHIT-MH0030_081224.rmHuman.rmHost.1.fq.gz;ftp.sra.ebi.ac.uk/vol1/run/ERR321/ERR321133/MetaHIT-MH0030_081224.rmHuman.rmHost.2.fq.gz	
ERR321144	PRJEB4336	SAMEA2162530	ERX294277	408170	human gut metagenome	ftp.sra.ebi.ac.uk/vol1/fastq/ERR321/ERR321144/ERR321144_1.fastq.gz;ftp.sra.ebi.ac.uk/vol1/fastq/ERR321/ERR321144/ERR321144_2.fastq.gz	ftp.sra.ebi.ac.uk/vol1/run/ERR321/ERR321144/MetaHIT-MH0035_090122.rmHuman.rmHost.1.fq.gz;ftp.sra.ebi.ac.uk/vol1/run/ERR321/ERR321144/MetaHIT-MH0035_090122.rmHuman.rmHost.2.fq.gz	
ERR321145	PRJEB4336	SAMEA2155132	ERX294278	408170	human gut metagenome	ftp.sra.ebi.ac.uk/vol1/fastq/ERR321/ERR321145/ERR321145_1.fastq.gz;ftp.sra.ebi.ac.uk/vol1/fastq/ERR321/ERR321145/ERR321145_2.fastq.gz	ftp.sra.ebi.ac.uk/vol1/run/ERR321/ERR321145/MetaHIT-MH0036_081226.rmHuman.rmHost.1.fq.gz;ftp.sra.ebi.ac.uk/vol1/run/ERR321/ERR321145/MetaHIT-MH0036_081226.rmHuman.rmHost.2.fq.gz	
ERR321146	PRJEB4336	SAMEA2155132	ERX294279	408170	human gut metagenome	ftp.sra.ebi.ac.uk/vol1/fastq/ERR321/ERR321146/ERR321146_1.fastq.gz;ftp.sra.ebi.ac.uk/vol1/fastq/ERR321/ERR321146/ERR321146_2.fastq.gz	ftp.sra.ebi.ac.uk/vol1/run/ERR321/ERR321146/MetaHIT-MH0036_090122.rmHuman.rmHost.1.fq.gz;ftp.sra.ebi.ac.uk/vol1/run/ERR321/ERR321146/MetaHIT-MH0036_090122.rmHuman.rmHost.2.fq.gz	
ERR321152	PRJEB4336	SAMEA2156186	ERX294285	408170	human gut metagenome	ftp.sra.ebi.ac.uk/vol1/fastq/ERR321/ERR321152/ERR321152_1.fastq.gz;ftp.sra.ebi.ac.uk/vol1/fastq/ERR321/ERR321152/ERR321152_2.fastq.gz	ftp.sra.ebi.ac.uk/vol1/run/ERR321/ERR321152/MetaHIT-MH0039_090122.rmHuman.rmHost.1.fq.gz;ftp.sra.ebi.ac.uk/vol1/run/ERR321/ERR321152/MetaHIT-MH0039_090122.rmHuman.rmHost.2.fq.gz	
ERR321155	PRJEB4336	SAMEA2149030	ERX294288	408170	human gut metagenome	ftp.sra.ebi.ac.uk/vol1/fastq/ERR321/ERR321155/ERR321155_1.fastq.gz;ftp.sra.ebi.ac.uk/vol1/fastq/ERR321/ERR321155/ERR321155_2.fastq.gz	ftp.sra.ebi.ac.uk/vol1/run/ERR321/ERR321155/MetaHIT-MH0041_081222.rmHuman.rmHost.1.fq.gz;ftp.sra.ebi.ac.uk/vol1/run/ERR321/ERR321155/MetaHIT-MH0041_081222.rmHuman.rmHost.2.fq.gz	
ERR321159	PRJEB4336	SAMEA2147983	ERX294292	408170	human gut metagenome	ftp.sra.ebi.ac.uk/vol1/fastq/ERR321/ERR321159/ERR321159_1.fastq.gz;ftp.sra.ebi.ac.uk/vol1/fastq/ERR321/ERR321159/ERR321159_2.fastq.gz	ftp.sra.ebi.ac.uk/vol1/run/ERR321/ERR321159/MetaHIT-MH0043_081214.rmHuman.rmHost.1.fq.gz;ftp.sra.ebi.ac.uk/vol1/run/ERR321/ERR321159/MetaHIT-MH0043_081214.rmHuman.rmHost.2.fq.gz	
ERR321160	PRJEB4336	SAMEA2147983	ERX294293	408170	human gut metagenome	ftp.sra.ebi.ac.uk/vol1/fastq/ERR321/ERR321160/ERR321160_1.fastq.gz;ftp.sra.ebi.ac.uk/vol1/fastq/ERR321/ERR321160/ERR321160_2.fastq.gz	ftp.sra.ebi.ac.uk/vol1/run/ERR321/ERR321160/MetaHIT-MH0043_090125.rmHuman.rmHost.1.fq.gz;ftp.sra.ebi.ac.uk/vol1/run/ERR321/ERR321160/MetaHIT-MH0043_090125.rmHuman.rmHost.2.fq.gz	
ERR321161	PRJEB4336	SAMEA2148558	ERX294294	408170	human gut metagenome	ftp.sra.ebi.ac.uk/vol1/fastq/ERR321/ERR321161/ERR321161_1.fastq.gz;ftp.sra.ebi.ac.uk/vol1/fastq/ERR321/ERR321161/ERR321161_2.fastq.gz	ftp.sra.ebi.ac.uk/vol1/run/ERR321/ERR321161/MetaHIT-MH0044_081222.rmHuman.rmHost.1.fq.gz;ftp.sra.ebi.ac.uk/vol1/run/ERR321/ERR321161/MetaHIT-MH0044_081222.rmHuman.rmHost.2.fq.gz	
ERR321162	PRJEB4336	SAMEA2148558	ERX294295	408170	human gut metagenome	ftp.sra.ebi.ac.uk/vol1/fastq/ERR321/ERR321162/ERR321162_1.fastq.gz;ftp.sra.ebi.ac.uk/vol1/fastq/ERR321/ERR321162/ERR321162_2.fastq.gz	ftp.sra.ebi.ac.uk/vol1/run/ERR321/ERR321162/MetaHIT-MH0044_090125.rmHuman.rmHost.1.fq.gz;ftp.sra.ebi.ac.uk/vol1/run/ERR321/ERR321162/MetaHIT-MH0044_090125.rmHuman.rmHost.2.fq.gz	
ERR321164	PRJEB4336	SAMEA1972002	ERX294297	408170	human gut metagenome	ftp.sra.ebi.ac.uk/vol1/fastq/ERR321/ERR321164/ERR321164_1.fastq.gz;ftp.sra.ebi.ac.uk/vol1/fastq/ERR321/ERR321164/ERR321164_2.fastq.gz	ftp.sra.ebi.ac.uk/vol1/run/ERR321/ERR321164/MetaHIT-MH0045_090125.rmHuman.rmHost.1.fq.gz;ftp.sra.ebi.ac.uk/vol1/run/ERR321/ERR321164/MetaHIT-MH0045_090125.rmHuman.rmHost.2.fq.gz	
ERR321165	PRJEB4336	SAMEA2148024	ERX294298	408170	human gut metagenome	ftp.sra.ebi.ac.uk/vol1/fastq/ERR321/ERR321165/ERR321165_1.fastq.gz;ftp.sra.ebi.ac.uk/vol1/fastq/ERR321/ERR321165/ERR321165_2.fastq.gz	ftp.sra.ebi.ac.uk/vol1/run/ERR321/ERR321165/MetaHIT-MH0046_081230.rmHuman.rmHost.1.fq.gz;ftp.sra.ebi.ac.uk/vol1/run/ERR321/ERR321165/MetaHIT-MH0046_081230.rmHuman.rmHost.2.fq.gz	
ERR321168	PRJEB4336	SAMEA2152315	ERX294301	408170	human gut metagenome	ftp.sra.ebi.ac.uk/vol1/fastq/ERR321/ERR321168/ERR321168_1.fastq.gz;ftp.sra.ebi.ac.uk/vol1/fastq/ERR321/ERR321168/ERR321168_2.fastq.gz	ftp.sra.ebi.ac.uk/vol1/run/ERR321/ERR321168/MetaHIT-MH0047_090201.rmHuman.rmHost.1.fq.gz;ftp.sra.ebi.ac.uk/vol1/run/ERR321/ERR321168/MetaHIT-MH0047_090201.rmHuman.rmHost.2.fq.gz	
ERR321169	PRJEB4336	SAMEA2155432	ERX294302	408170	human gut metagenome	ftp.sra.ebi.ac.uk/vol1/fastq/ERR321/ERR321169/ERR321169_1.fastq.gz;ftp.sra.ebi.ac.uk/vol1/fastq/ERR321/ERR321169/ERR321169_2.fastq.gz	ftp.sra.ebi.ac.uk/vol1/run/ERR321/ERR321169/MetaHIT-MH0048_081226.rmHuman.rmHost.1.fq.gz;ftp.sra.ebi.ac.uk/vol1/run/ERR321/ERR321169/MetaHIT-MH0048_081226.rmHuman.rmHost.2.fq.gz	
ERR321170	PRJEB4336	SAMEA2155432	ERX294303	408170	human gut metagenome	ftp.sra.ebi.ac.uk/vol1/fastq/ERR321/ERR321170/ERR321170_1.fastq.gz;ftp.sra.ebi.ac.uk/vol1/fastq/ERR321/ERR321170/ERR321170_2.fastq.gz	ftp.sra.ebi.ac.uk/vol1/run/ERR321/ERR321170/MetaHIT-MH0048_090201.rmHuman.rmHost.1.fq.gz;ftp.sra.ebi.ac.uk/vol1/run/ERR321/ERR321170/MetaHIT-MH0048_090201.rmHuman.rmHost.2.fq.gz	
ERR321171	PRJEB4336	SAMEA2157043	ERX294304	408170	human gut metagenome	ftp.sra.ebi.ac.uk/vol1/fastq/ERR321/ERR321171/ERR321171_1.fastq.gz;ftp.sra.ebi.ac.uk/vol1/fastq/ERR321/ERR321171/ERR321171_2.fastq.gz	ftp.sra.ebi.ac.uk/vol1/run/ERR321/ERR321171/MetaHIT-MH0049_081223.rmHuman.rmHost.1.fq.gz;ftp.sra.ebi.ac.uk/vol1/run/ERR321/ERR321171/MetaHIT-MH0049_081223.rmHuman.rmHost.2.fq.gz	
ERR321173	PRJEB4336	SAMEA2149568	ERX294306	408170	human gut metagenome	ftp.sra.ebi.ac.uk/vol1/fastq/ERR321/ERR321173/ERR321173_1.fastq.gz;ftp.sra.ebi.ac.uk/vol1/fastq/ERR321/ERR321173/ERR321173_2.fastq.gz	ftp.sra.ebi.ac.uk/vol1/run/ERR321/ERR321173/MetaHIT-MH0050_081223.rmHuman.rmHost.1.fq.gz;ftp.sra.ebi.ac.uk/vol1/run/ERR321/ERR321173/MetaHIT-MH0050_081223.rmHuman.rmHost.2.fq.gz	
ERR321176	PRJEB4336	SAMEA2143176	ERX294309	408170	human gut metagenome	ftp.sra.ebi.ac.uk/vol1/fastq/ERR321/ERR321176/ERR321176_1.fastq.gz;ftp.sra.ebi.ac.uk/vol1/fastq/ERR321/ERR321176/ERR321176_2.fastq.gz	ftp.sra.ebi.ac.uk/vol1/run/ERR321/ERR321176/MetaHIT-MH0051_090201.rmHuman.rmHost.1.fq.gz;ftp.sra.ebi.ac.uk/vol1/run/ERR321/ERR321176/MetaHIT-MH0051_090201.rmHuman.rmHost.2.fq.gz	
ERR321177	PRJEB4336	SAMEA2146472	ERX294310	408170	human gut metagenome	ftp.sra.ebi.ac.uk/vol1/fastq/ERR321/ERR321177/ERR321177_1.fastq.gz;ftp.sra.ebi.ac.uk/vol1/fastq/ERR321/ERR321177/ERR321177_2.fastq.gz	ftp.sra.ebi.ac.uk/vol1/run/ERR321/ERR321177/MetaHIT-MH0052_090103.rmHuman.rmHost.1.fq.gz;ftp.sra.ebi.ac.uk/vol1/run/ERR321/ERR321177/MetaHIT-MH0052_090103.rmHuman.rmHost.2.fq.gz	
ERR321178	PRJEB4336	SAMEA2146472	ERX294311	408170	human gut metagenome	ftp.sra.ebi.ac.uk/vol1/fastq/ERR321/ERR321178/ERR321178_1.fastq.gz;ftp.sra.ebi.ac.uk/vol1/fastq/ERR321/ERR321178/ERR321178_2.fastq.gz	ftp.sra.ebi.ac.uk/vol1/run/ERR321/ERR321178/MetaHIT-MH0052_090201.rmHuman.rmHost.1.fq.gz;ftp.sra.ebi.ac.uk/vol1/run/ERR321/ERR321178/MetaHIT-MH0052_090201.rmHuman.rmHost.2.fq.gz	
ERR321188	PRJEB4336	SAMEA2150839	ERX294321	408170	human gut metagenome	ftp.sra.ebi.ac.uk/vol1/fastq/ERR321/ERR321188/ERR321188_1.fastq.gz;ftp.sra.ebi.ac.uk/vol1/fastq/ERR321/ERR321188/ERR321188_2.fastq.gz	ftp.sra.ebi.ac.uk/vol1/run/ERR321/ERR321188/MetaHIT-MH0057_090125.rmHuman.rmHost.1.fq.gz;ftp.sra.ebi.ac.uk/vol1/run/ERR321/ERR321188/MetaHIT-MH0057_090125.rmHuman.rmHost.2.fq.gz	
ERR321194	PRJEB4336	SAMEA2161608	ERX294327	408170	human gut metagenome	ftp.sra.ebi.ac.uk/vol1/fastq/ERR321/ERR321194/ERR321194_1.fastq.gz;ftp.sra.ebi.ac.uk/vol1/fastq/ERR321/ERR321194/ERR321194_2.fastq.gz	ftp.sra.ebi.ac.uk/vol1/run/ERR321/ERR321194/MetaHIT-MH0060_090125.rmHuman.rmHost.1.fq.gz;ftp.sra.ebi.ac.uk/vol1/run/ERR321/ERR321194/MetaHIT-MH0060_090125.rmHuman.rmHost.2.fq.gz	
ERR321195	PRJEB4336	SAMEA2148063	ERX294328	408170	human gut metagenome	ftp.sra.ebi.ac.uk/vol1/fastq/ERR321/ERR321195/ERR321195_1.fastq.gz;ftp.sra.ebi.ac.uk/vol1/fastq/ERR321/ERR321195/ERR321195_2.fastq.gz	ftp.sra.ebi.ac.uk/vol1/run/ERR321/ERR321195/MetaHIT-MH0061_090103.rmHuman.rmHost.1.fq.gz;ftp.sra.ebi.ac.uk/vol1/run/ERR321/ERR321195/MetaHIT-MH0061_090103.rmHuman.rmHost.2.fq.gz	
ERR321198	PRJEB4336	SAMEA2150866	ERX294331	408170	human gut metagenome	ftp.sra.ebi.ac.uk/vol1/fastq/ERR321/ERR321198/ERR321198_1.fastq.gz;ftp.sra.ebi.ac.uk/vol1/fastq/ERR321/ERR321198/ERR321198_2.fastq.gz	ftp.sra.ebi.ac.uk/vol1/run/ERR321/ERR321198/MetaHIT-MH0062_090104.rmHuman.rmHost.1.fq.gz;ftp.sra.ebi.ac.uk/vol1/run/ERR321/ERR321198/MetaHIT-MH0062_090104.rmHuman.rmHost.2.fq.gz	
ERR321200	PRJEB4336	SAMEA2151035	ERX294333	408170	human gut metagenome	ftp.sra.ebi.ac.uk/vol1/fastq/ERR321/ERR321200/ERR321200_1.fastq.gz;ftp.sra.ebi.ac.uk/vol1/fastq/ERR321/ERR321200/ERR321200_2.fastq.gz	ftp.sra.ebi.ac.uk/vol1/run/ERR321/ERR321200/MetaHIT-MH0063_090126.rmHuman.rmHost.1.fq.gz;ftp.sra.ebi.ac.uk/vol1/run/ERR321/ERR321200/MetaHIT-MH0063_090126.rmHuman.rmHost.2.fq.gz	
ERR321201	PRJEB4336	SAMEA2162348	ERX294334	408170	human gut metagenome	ftp.sra.ebi.ac.uk/vol1/fastq/ERR321/ERR321201/ERR321201_1.fastq.gz;ftp.sra.ebi.ac.uk/vol1/fastq/ERR321/ERR321201/ERR321201_2.fastq.gz	ftp.sra.ebi.ac.uk/vol1/run/ERR321/ERR321201/MetaHIT-MH0064_081223.rmHuman.rmHost.1.fq.gz;ftp.sra.ebi.ac.uk/vol1/run/ERR321/ERR321201/MetaHIT-MH0064_081223.rmHuman.rmHost.2.fq.gz	
ERR321202	PRJEB4336	SAMEA2162348	ERX294335	408170	human gut metagenome	ftp.sra.ebi.ac.uk/vol1/fastq/ERR321/ERR321202/ERR321202_1.fastq.gz;ftp.sra.ebi.ac.uk/vol1/fastq/ERR321/ERR321202/ERR321202_2.fastq.gz	ftp.sra.ebi.ac.uk/vol1/run/ERR321/ERR321202/MetaHIT-MH0064_090126.rmHuman.rmHost.1.fq.gz;ftp.sra.ebi.ac.uk/vol1/run/ERR321/ERR321202/MetaHIT-MH0064_090126.rmHuman.rmHost.2.fq.gz	
ERR321213	PRJEB4336	SAMEA2143745	ERX294346	408170	human gut metagenome	ftp.sra.ebi.ac.uk/vol1/fastq/ERR321/ERR321213/ERR321213_1.fastq.gz;ftp.sra.ebi.ac.uk/vol1/fastq/ERR321/ERR321213/ERR321213_2.fastq.gz	ftp.sra.ebi.ac.uk/vol1/run/ERR321/ERR321213/MetaHIT-MH0069_090125.rmHuman.rmHost.1.fq.gz;ftp.sra.ebi.ac.uk/vol1/run/ERR321/ERR321213/MetaHIT-MH0069_090125.rmHuman.rmHost.2.fq.gz	
ERR321215	PRJEB4336	SAMEA2160621	ERX294348	408170	human gut metagenome	ftp.sra.ebi.ac.uk/vol1/fastq/ERR321/ERR321215/ERR321215_1.fastq.gz;ftp.sra.ebi.ac.uk/vol1/fastq/ERR321/ERR321215/ERR321215_2.fastq.gz	ftp.sra.ebi.ac.uk/vol1/run/ERR321/ERR321215/MetaHIT-MH0070_090125.rmHuman.rmHost.1.fq.gz;ftp.sra.ebi.ac.uk/vol1/run/ERR321/ERR321215/MetaHIT-MH0070_090125.rmHuman.rmHost.2.fq.gz	
ERR321216	PRJEB4336	SAMEA2151258	ERX294349	408170	human gut metagenome	ftp.sra.ebi.ac.uk/vol1/fastq/ERR321/ERR321216/ERR321216_1.fastq.gz;ftp.sra.ebi.ac.uk/vol1/fastq/ERR321/ERR321216/ERR321216_2.fastq.gz	ftp.sra.ebi.ac.uk/vol1/run/ERR321/ERR321216/MetaHIT-MH0071_090104.rmHuman.rmHost.1.fq.gz;ftp.sra.ebi.ac.uk/vol1/run/ERR321/ERR321216/MetaHIT-MH0071_090104.rmHuman.rmHost.2.fq.gz	
ERR321219	PRJEB4336	SAMEA2148905	ERX294352	408170	human gut metagenome	ftp.sra.ebi.ac.uk/vol1/fastq/ERR321/ERR321219/ERR321219_1.fastq.gz;ftp.sra.ebi.ac.uk/vol1/fastq/ERR321/ERR321219/ERR321219_2.fastq.gz	ftp.sra.ebi.ac.uk/vol1/run/ERR321/ERR321219/MetaHIT-MH0072_090125.rmHuman.rmHost.1.fq.gz;ftp.sra.ebi.ac.uk/vol1/run/ERR321/ERR321219/MetaHIT-MH0072_090125.rmHuman.rmHost.2.fq.gz	
ERR321220	PRJEB4336	SAMEA2144640	ERX294353	408170	human gut metagenome	ftp.sra.ebi.ac.uk/vol1/fastq/ERR321/ERR321220/ERR321220_1.fastq.gz;ftp.sra.ebi.ac.uk/vol1/fastq/ERR321/ERR321220/ERR321220_2.fastq.gz	ftp.sra.ebi.ac.uk/vol1/run/ERR321/ERR321220/MetaHIT-MH0073_081223.rmHuman.rmHost.1.fq.gz;ftp.sra.ebi.ac.uk/vol1/run/ERR321/ERR321220/MetaHIT-MH0073_081223.rmHuman.rmHost.2.fq.gz	
ERR321223	PRJEB4336	SAMEA2161216	ERX294356	408170	human gut metagenome	ftp.sra.ebi.ac.uk/vol1/fastq/ERR321/ERR321223/ERR321223_1.fastq.gz;ftp.sra.ebi.ac.uk/vol1/fastq/ERR321/ERR321223/ERR321223_2.fastq.gz	ftp.sra.ebi.ac.uk/vol1/run/ERR321/ERR321223/MetaHIT-MH0074_090125.rmHuman.rmHost.1.fq.gz;ftp.sra.ebi.ac.uk/vol1/run/ERR321/ERR321223/MetaHIT-MH0074_090125.rmHuman.rmHost.2.fq.gz	
ERR321225	PRJEB4336	SAMEA2159541	ERX294358	408170	human gut metagenome	ftp.sra.ebi.ac.uk/vol1/fastq/ERR321/ERR321225/ERR321225_1.fastq.gz;ftp.sra.ebi.ac.uk/vol1/fastq/ERR321/ERR321225/ERR321225_2.fastq.gz	ftp.sra.ebi.ac.uk/vol1/run/ERR321/ERR321225/MetaHIT-MH0075_090125.rmHuman.rmHost.1.fq.gz;ftp.sra.ebi.ac.uk/vol1/run/ERR321/ERR321225/MetaHIT-MH0075_090125.rmHuman.rmHost.2.fq.gz	
ERR321226	PRJEB4336	SAMEA2155055	ERX294359	408170	human gut metagenome	ftp.sra.ebi.ac.uk/vol1/fastq/ERR321/ERR321226/ERR321226_1.fastq.gz;ftp.sra.ebi.ac.uk/vol1/fastq/ERR321/ERR321226/ERR321226_2.fastq.gz	ftp.sra.ebi.ac.uk/vol1/run/ERR321/ERR321226/MetaHIT-MH0076_081223.rmHuman.rmHost.1.fq.gz;ftp.sra.ebi.ac.uk/vol1/run/ERR321/ERR321226/MetaHIT-MH0076_081223.rmHuman.rmHost.2.fq.gz	
ERR321229	PRJEB4336	SAMEA2157853	ERX294362	408170	human gut metagenome	ftp.sra.ebi.ac.uk/vol1/fastq/ERR321/ERR321229/ERR321229_1.fastq.gz;ftp.sra.ebi.ac.uk/vol1/fastq/ERR321/ERR321229/ERR321229_2.fastq.gz	ftp.sra.ebi.ac.uk/vol1/run/ERR321/ERR321229/MetaHIT-MH0077_090130.rmHuman.rmHost.1.fq.gz;ftp.sra.ebi.ac.uk/vol1/run/ERR321/ERR321229/MetaHIT-MH0077_090130.rmHuman.rmHost.2.fq.gz	
ERR321230	PRJEB4336	SAMEA2158480	ERX294363	408170	human gut metagenome	ftp.sra.ebi.ac.uk/vol1/fastq/ERR321/ERR321230/ERR321230_1.fastq.gz;ftp.sra.ebi.ac.uk/vol1/fastq/ERR321/ERR321230/ERR321230_2.fastq.gz	ftp.sra.ebi.ac.uk/vol1/run/ERR321/ERR321230/MetaHIT-MH0078_081222.rmHuman.rmHost.1.fq.gz;ftp.sra.ebi.ac.uk/vol1/run/ERR321/ERR321230/MetaHIT-MH0078_081222.rmHuman.rmHost.2.fq.gz	
ERR321232	PRJEB4336	SAMEA2152664	ERX294365	408170	human gut metagenome	ftp.sra.ebi.ac.uk/vol1/fastq/ERR321/ERR321232/ERR321232_1.fastq.gz;ftp.sra.ebi.ac.uk/vol1/fastq/ERR321/ERR321232/ERR321232_2.fastq.gz	ftp.sra.ebi.ac.uk/vol1/run/ERR321/ERR321232/MetaHIT-MH0079_090104.rmHuman.rmHost.1.fq.gz;ftp.sra.ebi.ac.uk/vol1/run/ERR321/ERR321232/MetaHIT-MH0079_090104.rmHuman.rmHost.2.fq.gz	
ERR321233	PRJEB4336	SAMEA2152664	ERX294366	408170	human gut metagenome	ftp.sra.ebi.ac.uk/vol1/fastq/ERR321/ERR321233/ERR321233_1.fastq.gz;ftp.sra.ebi.ac.uk/vol1/fastq/ERR321/ERR321233/ERR321233_2.fastq.gz	ftp.sra.ebi.ac.uk/vol1/run/ERR321/ERR321233/MetaHIT-MH0079_090130.rmHuman.rmHost.1.fq.gz;ftp.sra.ebi.ac.uk/vol1/run/ERR321/ERR321233/MetaHIT-MH0079_090130.rmHuman.rmHost.2.fq.gz	
ERR321234	PRJEB4336	SAMEA2153887	ERX294367	408170	human gut metagenome	ftp.sra.ebi.ac.uk/vol1/fastq/ERR321/ERR321234/ERR321234_1.fastq.gz;ftp.sra.ebi.ac.uk/vol1/fastq/ERR321/ERR321234/ERR321234_2.fastq.gz	ftp.sra.ebi.ac.uk/vol1/run/ERR321/ERR321234/MetaHIT-MH0080_090109.rmHuman.rmHost.1.fq.gz;ftp.sra.ebi.ac.uk/vol1/run/ERR321/ERR321234/MetaHIT-MH0080_090109.rmHuman.rmHost.2.fq.gz	
ERR321245	PRJEB4336	SAMEA2149627	ERX294378	408170	human gut metagenome	ftp.sra.ebi.ac.uk/vol1/fastq/ERR321/ERR321245/ERR321245_1.fastq.gz;ftp.sra.ebi.ac.uk/vol1/fastq/ERR321/ERR321245/ERR321245_2.fastq.gz	ftp.sra.ebi.ac.uk/vol1/run/ERR321/ERR321245/MetaHIT-MH0085_090126.rmHuman.rmHost.1.fq.gz;ftp.sra.ebi.ac.uk/vol1/run/ERR321/ERR321245/MetaHIT-MH0085_090126.rmHuman.rmHost.2.fq.gz	
ERR321246	PRJEB4336	SAMEA2163052	ERX294379	408170	human gut metagenome	ftp.sra.ebi.ac.uk/vol1/fastq/ERR321/ERR321246/ERR321246_1.fastq.gz;ftp.sra.ebi.ac.uk/vol1/fastq/ERR321/ERR321246/ERR321246_2.fastq.gz	ftp.sra.ebi.ac.uk/vol1/run/ERR321/ERR321246/MetaHIT-MH0086_081223.rmHuman.rmHost.1.fq.gz;ftp.sra.ebi.ac.uk/vol1/run/ERR321/ERR321246/MetaHIT-MH0086_081223.rmHuman.rmHost.2.fq.gz	
ERR321248	PRJEB4336	SAMEA2147589	ERX294381	408170	human gut metagenome	ftp.sra.ebi.ac.uk/vol1/fastq/ERR321/ERR321248/ERR321248_1.fastq.gz;ftp.sra.ebi.ac.uk/vol1/fastq/ERR321/ERR321248/ERR321248_2.fastq.gz	ftp.sra.ebi.ac.uk/vol1/run/ERR321/ERR321248/MetaHIT-MH0087_20091005.rmHuman.rmHost.1.fq.gz;ftp.sra.ebi.ac.uk/vol1/run/ERR321/ERR321248/MetaHIT-MH0087_20091005.rmHuman.rmHost.2.fq.gz	
ERR321249	PRJEB4336	SAMEA2147589	ERX294382	408170	human gut metagenome	ftp.sra.ebi.ac.uk/vol1/fastq/ERR321/ERR321249/ERR321249_1.fastq.gz;ftp.sra.ebi.ac.uk/vol1/fastq/ERR321/ERR321249/ERR321249_2.fastq.gz	ftp.sra.ebi.ac.uk/vol1/run/ERR321/ERR321249/MetaHIT-MH0087_20100124L8.rmHuman.rmHost.1.fq.gz;ftp.sra.ebi.ac.uk/vol1/run/ERR321/ERR321249/MetaHIT-MH0087_20100124L8.rmHuman.rmHost.2.fq.gz	
ERR321250	PRJEB4336	SAMEA2147589	ERX294383	408170	human gut metagenome	ftp.sra.ebi.ac.uk/vol1/fastq/ERR321/ERR321250/ERR321250_1.fastq.gz;ftp.sra.ebi.ac.uk/vol1/fastq/ERR321/ERR321250/ERR321250_2.fastq.gz	ftp.sra.ebi.ac.uk/vol1/run/ERR321/ERR321250/MetaHIT-MH0087_20100128L7.rmHuman.rmHost.1.fq.gz;ftp.sra.ebi.ac.uk/vol1/run/ERR321/ERR321250/MetaHIT-MH0087_20100128L7.rmHuman.rmHost.2.fq.gz	
ERR321251	PRJEB4336	SAMEA2147589	ERX294384	408170	human gut metagenome	ftp.sra.ebi.ac.uk/vol1/fastq/ERR321/ERR321251/ERR321251_1.fastq.gz;ftp.sra.ebi.ac.uk/vol1/fastq/ERR321/ERR321251/ERR321251_2.fastq.gz	ftp.sra.ebi.ac.uk/vol1/run/ERR321/ERR321251/MetaHIT-MH0087_20100128L8.rmHuman.rmHost.1.fq.gz;ftp.sra.ebi.ac.uk/vol1/run/ERR321/ERR321251/MetaHIT-MH0087_20100128L8.rmHuman.rmHost.2.fq.gz	
ERR321258	PRJEB4336	SAMEA2151677	ERX294391	408170	human gut metagenome	ftp.sra.ebi.ac.uk/vol1/fastq/ERR321/ERR321258/ERR321258_1.fastq.gz;ftp.sra.ebi.ac.uk/vol1/fastq/ERR321/ERR321258/ERR321258_2.fastq.gz	ftp.sra.ebi.ac.uk/vol1/run/ERR321/ERR321258/MetaHIT-MH0090_20100128L6.rmHuman.rmHost.1.fq.gz;ftp.sra.ebi.ac.uk/vol1/run/ERR321/ERR321258/MetaHIT-MH0090_20100128L6.rmHuman.rmHost.2.fq.gz	
ERR321261	PRJEB4336	SAMEA2150876	ERX294394	408170	human gut metagenome	ftp.sra.ebi.ac.uk/vol1/fastq/ERR321/ERR321261/ERR321261_1.fastq.gz;ftp.sra.ebi.ac.uk/vol1/fastq/ERR321/ERR321261/ERR321261_2.fastq.gz	ftp.sra.ebi.ac.uk/vol1/run/ERR321/ERR321261/MetaHIT-MH0091_20091103.rmHuman.rmHost.1.fq.gz;ftp.sra.ebi.ac.uk/vol1/run/ERR321/ERR321261/MetaHIT-MH0091_20091103.rmHuman.rmHost.2.fq.gz	
ERR321265	PRJEB4336	SAMEA2159429	ERX294398	408170	human gut metagenome	ftp.sra.ebi.ac.uk/vol1/fastq/ERR321/ERR321265/ERR321265_1.fastq.gz;ftp.sra.ebi.ac.uk/vol1/fastq/ERR321/ERR321265/ERR321265_2.fastq.gz	ftp.sra.ebi.ac.uk/vol1/run/ERR321/ERR321265/MetaHIT-MH0092_20091126L4.rmHuman.rmHost.1.fq.gz;ftp.sra.ebi.ac.uk/vol1/run/ERR321/ERR321265/MetaHIT-MH0092_20091126L4.rmHuman.rmHost.2.fq.gz	
ERR321267	PRJEB4336	SAMEA2159429	ERX294400	408170	human gut metagenome	ftp.sra.ebi.ac.uk/vol1/fastq/ERR321/ERR321267/ERR321267_1.fastq.gz;ftp.sra.ebi.ac.uk/vol1/fastq/ERR321/ERR321267/ERR321267_2.fastq.gz	ftp.sra.ebi.ac.uk/vol1/run/ERR321/ERR321267/MetaHIT-MH0092_20091128L4.rmHuman.rmHost.1.fq.gz;ftp.sra.ebi.ac.uk/vol1/run/ERR321/ERR321267/MetaHIT-MH0092_20091128L4.rmHuman.rmHost.2.fq.gz	
ERR321270	PRJEB4336	SAMEA2163504	ERX294403	408170	human gut metagenome	ftp.sra.ebi.ac.uk/vol1/fastq/ERR321/ERR321270/ERR321270_1.fastq.gz;ftp.sra.ebi.ac.uk/vol1/fastq/ERR321/ERR321270/ERR321270_2.fastq.gz	ftp.sra.ebi.ac.uk/vol1/run/ERR321/ERR321270/MetaHIT-MH0093_20091124L3.rmHuman.rmHost.1.fq.gz;ftp.sra.ebi.ac.uk/vol1/run/ERR321/ERR321270/MetaHIT-MH0093_20091124L3.rmHuman.rmHost.2.fq.gz	
ERR321271	PRJEB4336	SAMEA2163504	ERX294404	408170	human gut metagenome	ftp.sra.ebi.ac.uk/vol1/fastq/ERR321/ERR321271/ERR321271_1.fastq.gz;ftp.sra.ebi.ac.uk/vol1/fastq/ERR321/ERR321271/ERR321271_2.fastq.gz	ftp.sra.ebi.ac.uk/vol1/run/ERR321/ERR321271/MetaHIT-MH0093_20091126L6.rmHuman.rmHost.1.fq.gz;ftp.sra.ebi.ac.uk/vol1/run/ERR321/ERR321271/MetaHIT-MH0093_20091126L6.rmHuman.rmHost.2.fq.gz	
ERR321273	PRJEB4336	SAMEA2163504	ERX294406	408170	human gut metagenome	ftp.sra.ebi.ac.uk/vol1/fastq/ERR321/ERR321273/ERR321273_1.fastq.gz;ftp.sra.ebi.ac.uk/vol1/fastq/ERR321/ERR321273/ERR321273_2.fastq.gz	ftp.sra.ebi.ac.uk/vol1/run/ERR321/ERR321273/MetaHIT-MH0093_20091126L8.rmHuman.rmHost.1.fq.gz;ftp.sra.ebi.ac.uk/vol1/run/ERR321/ERR321273/MetaHIT-MH0093_20091126L8.rmHuman.rmHost.2.fq.gz	
ERR321274	PRJEB4336	SAMEA2163504	ERX294407	408170	human gut metagenome	ftp.sra.ebi.ac.uk/vol1/fastq/ERR321/ERR321274/ERR321274_1.fastq.gz;ftp.sra.ebi.ac.uk/vol1/fastq/ERR321/ERR321274/ERR321274_2.fastq.gz	ftp.sra.ebi.ac.uk/vol1/run/ERR321/ERR321274/MetaHIT-MH0093_20091212L5.rmHuman.rmHost.1.fq.gz;ftp.sra.ebi.ac.uk/vol1/run/ERR321/ERR321274/MetaHIT-MH0093_20091212L5.rmHuman.rmHost.2.fq.gz	
ERR321276	PRJEB4336	SAMEA2155310	ERX294409	408170	human gut metagenome	ftp.sra.ebi.ac.uk/vol1/fastq/ERR321/ERR321276/ERR321276_1.fastq.gz;ftp.sra.ebi.ac.uk/vol1/fastq/ERR321/ERR321276/ERR321276_2.fastq.gz	ftp.sra.ebi.ac.uk/vol1/run/ERR321/ERR321276/MetaHIT-MH0094_20091124L4.rmHuman.rmHost.1.fq.gz;ftp.sra.ebi.ac.uk/vol1/run/ERR321/ERR321276/MetaHIT-MH0094_20091124L4.rmHuman.rmHost.2.fq.gz	
ERR321277	PRJEB4336	SAMEA2155310	ERX294410	408170	human gut metagenome	ftp.sra.ebi.ac.uk/vol1/fastq/ERR321/ERR321277/ERR321277_1.fastq.gz;ftp.sra.ebi.ac.uk/vol1/fastq/ERR321/ERR321277/ERR321277_2.fastq.gz	ftp.sra.ebi.ac.uk/vol1/run/ERR321/ERR321277/MetaHIT-MH0094_20091126L4.rmHuman.rmHost.1.fq.gz;ftp.sra.ebi.ac.uk/vol1/run/ERR321/ERR321277/MetaHIT-MH0094_20091126L4.rmHuman.rmHost.2.fq.gz	
ERR321278	PRJEB4336	SAMEA2155310	ERX294411	408170	human gut metagenome	ftp.sra.ebi.ac.uk/vol1/fastq/ERR321/ERR321278/ERR321278_1.fastq.gz;ftp.sra.ebi.ac.uk/vol1/fastq/ERR321/ERR321278/ERR321278_2.fastq.gz	ftp.sra.ebi.ac.uk/vol1/run/ERR321/ERR321278/MetaHIT-MH0094_20091126L5.rmHuman.rmHost.1.fq.gz;ftp.sra.ebi.ac.uk/vol1/run/ERR321/ERR321278/MetaHIT-MH0094_20091126L5.rmHuman.rmHost.2.fq.gz	
ERR321279	PRJEB4336	SAMEA2155310	ERX294412	408170	human gut metagenome	ftp.sra.ebi.ac.uk/vol1/fastq/ERR321/ERR321279/ERR321279_1.fastq.gz;ftp.sra.ebi.ac.uk/vol1/fastq/ERR321/ERR321279/ERR321279_2.fastq.gz	ftp.sra.ebi.ac.uk/vol1/run/ERR321/ERR321279/MetaHIT-MH0094_20091128L4.rmHuman.rmHost.1.fq.gz;ftp.sra.ebi.ac.uk/vol1/run/ERR321/ERR321279/MetaHIT-MH0094_20091128L4.rmHuman.rmHost.2.fq.gz	
ERR321284	PRJEB4336	SAMEA2157192	ERX294417	408170	human gut metagenome	ftp.sra.ebi.ac.uk/vol1/fastq/ERR321/ERR321284/ERR321284_1.fastq.gz;ftp.sra.ebi.ac.uk/vol1/fastq/ERR321/ERR321284/ERR321284_2.fastq.gz	ftp.sra.ebi.ac.uk/vol1/run/ERR321/ERR321284/MetaHIT-MH0095_20091126L7.rmHuman.rmHost.1.fq.gz;ftp.sra.ebi.ac.uk/vol1/run/ERR321/ERR321284/MetaHIT-MH0095_20091126L7.rmHuman.rmHost.2.fq.gz	
ERR321285	PRJEB4336	SAMEA2157192	ERX294418	408170	human gut metagenome	ftp.sra.ebi.ac.uk/vol1/fastq/ERR321/ERR321285/ERR321285_1.fastq.gz;ftp.sra.ebi.ac.uk/vol1/fastq/ERR321/ERR321285/ERR321285_2.fastq.gz	ftp.sra.ebi.ac.uk/vol1/run/ERR321/ERR321285/MetaHIT-MH0095_20091126L8.rmHuman.rmHost.1.fq.gz;ftp.sra.ebi.ac.uk/vol1/run/ERR321/ERR321285/MetaHIT-MH0095_20091126L8.rmHuman.rmHost.2.fq.gz	
ERR321286	PRJEB4336	SAMEA2157192	ERX294419	408170	human gut metagenome	ftp.sra.ebi.ac.uk/vol1/fastq/ERR321/ERR321286/ERR321286_1.fastq.gz;ftp.sra.ebi.ac.uk/vol1/fastq/ERR321/ERR321286/ERR321286_2.fastq.gz	ftp.sra.ebi.ac.uk/vol1/run/ERR321/ERR321286/MetaHIT-MH0095_20091212L5.rmHuman.rmHost.1.fq.gz;ftp.sra.ebi.ac.uk/vol1/run/ERR321/ERR321286/MetaHIT-MH0095_20091212L5.rmHuman.rmHost.2.fq.gz	
ERR321289	PRJEB4336	SAMEA2146731	ERX294422	408170	human gut metagenome	ftp.sra.ebi.ac.uk/vol1/fastq/ERR321/ERR321289/ERR321289_1.fastq.gz;ftp.sra.ebi.ac.uk/vol1/fastq/ERR321/ERR321289/ERR321289_2.fastq.gz	ftp.sra.ebi.ac.uk/vol1/run/ERR321/ERR321289/MetaHIT-MH0096_20091126L4.rmHuman.rmHost.1.fq.gz;ftp.sra.ebi.ac.uk/vol1/run/ERR321/ERR321289/MetaHIT-MH0096_20091126L4.rmHuman.rmHost.2.fq.gz	
ERR321292	PRJEB4336	SAMEA2146731	ERX294425	408170	human gut metagenome	ftp.sra.ebi.ac.uk/vol1/fastq/ERR321/ERR321292/ERR321292_1.fastq.gz;ftp.sra.ebi.ac.uk/vol1/fastq/ERR321/ERR321292/ERR321292_2.fastq.gz	ftp.sra.ebi.ac.uk/vol1/run/ERR321/ERR321292/MetaHIT-MH0096_20091212L4.rmHuman.rmHost.1.fq.gz;ftp.sra.ebi.ac.uk/vol1/run/ERR321/ERR321292/MetaHIT-MH0096_20091212L4.rmHuman.rmHost.2.fq.gz	
ERR321295	PRJEB4336	SAMEA1964695	ERX294428	408170	human gut metagenome	ftp.sra.ebi.ac.uk/vol1/fastq/ERR321/ERR321295/ERR321295_1.fastq.gz;ftp.sra.ebi.ac.uk/vol1/fastq/ERR321/ERR321295/ERR321295_2.fastq.gz	ftp.sra.ebi.ac.uk/vol1/run/ERR321/ERR321295/MetaHIT-MH0097_20091126L6.rmHuman.rmHost.1.fq.gz;ftp.sra.ebi.ac.uk/vol1/run/ERR321/ERR321295/MetaHIT-MH0097_20091126L6.rmHuman.rmHost.2.fq.gz	
ERR321296	PRJEB4336	SAMEA1964695	ERX294429	408170	human gut metagenome	ftp.sra.ebi.ac.uk/vol1/fastq/ERR321/ERR321296/ERR321296_1.fastq.gz;ftp.sra.ebi.ac.uk/vol1/fastq/ERR321/ERR321296/ERR321296_2.fastq.gz	ftp.sra.ebi.ac.uk/vol1/run/ERR321/ERR321296/MetaHIT-MH0097_20091126L7.rmHuman.rmHost.1.fq.gz;ftp.sra.ebi.ac.uk/vol1/run/ERR321/ERR321296/MetaHIT-MH0097_20091126L7.rmHuman.rmHost.2.fq.gz	
ERR321297	PRJEB4336	SAMEA1964695	ERX294430	408170	human gut metagenome	ftp.sra.ebi.ac.uk/vol1/fastq/ERR321/ERR321297/ERR321297_1.fastq.gz;ftp.sra.ebi.ac.uk/vol1/fastq/ERR321/ERR321297/ERR321297_2.fastq.gz	ftp.sra.ebi.ac.uk/vol1/run/ERR321/ERR321297/MetaHIT-MH0097_20091126L8.rmHuman.rmHost.1.fq.gz;ftp.sra.ebi.ac.uk/vol1/run/ERR321/ERR321297/MetaHIT-MH0097_20091126L8.rmHuman.rmHost.2.fq.gz	
ERR321300	PRJEB4336	SAMEA2151391	ERX294433	408170	human gut metagenome	ftp.sra.ebi.ac.uk/vol1/fastq/ERR321/ERR321300/ERR321300_1.fastq.gz;ftp.sra.ebi.ac.uk/vol1/fastq/ERR321/ERR321300/ERR321300_2.fastq.gz	ftp.sra.ebi.ac.uk/vol1/run/ERR321/ERR321300/MetaHIT-MH0098_20091107L6.rmHuman.rmHost.1.fq.gz;ftp.sra.ebi.ac.uk/vol1/run/ERR321/ERR321300/MetaHIT-MH0098_20091107L6.rmHuman.rmHost.2.fq.gz	
ERR321301	PRJEB4336	SAMEA2151391	ERX294434	408170	human gut metagenome	ftp.sra.ebi.ac.uk/vol1/fastq/ERR321/ERR321301/ERR321301_1.fastq.gz;ftp.sra.ebi.ac.uk/vol1/fastq/ERR321/ERR321301/ERR321301_2.fastq.gz	ftp.sra.ebi.ac.uk/vol1/run/ERR321/ERR321301/MetaHIT-MH0098_20091124L8.rmHuman.rmHost.1.fq.gz;ftp.sra.ebi.ac.uk/vol1/run/ERR321/ERR321301/MetaHIT-MH0098_20091124L8.rmHuman.rmHost.2.fq.gz	
ERR321303	PRJEB4336	SAMEA1966821	ERX294436	408170	human gut metagenome	ftp.sra.ebi.ac.uk/vol1/fastq/ERR321/ERR321303/ERR321303_1.fastq.gz;ftp.sra.ebi.ac.uk/vol1/fastq/ERR321/ERR321303/ERR321303_2.fastq.gz	ftp.sra.ebi.ac.uk/vol1/run/ERR321/ERR321303/MetaHIT-MH0099_20091014.rmHuman.rmHost.1.fq.gz;ftp.sra.ebi.ac.uk/vol1/run/ERR321/ERR321303/MetaHIT-MH0099_20091014.rmHuman.rmHost.2.fq.gz	
ERR321306	PRJEB4336	SAMEA1966821	ERX294439	408170	human gut metagenome	ftp.sra.ebi.ac.uk/vol1/fastq/ERR321/ERR321306/ERR321306_1.fastq.gz;ftp.sra.ebi.ac.uk/vol1/fastq/ERR321/ERR321306/ERR321306_2.fastq.gz	ftp.sra.ebi.ac.uk/vol1/run/ERR321/ERR321306/MetaHIT-MH0099_20091124L4.rmHuman.rmHost.1.fq.gz;ftp.sra.ebi.ac.uk/vol1/run/ERR321/ERR321306/MetaHIT-MH0099_20091124L4.rmHuman.rmHost.2.fq.gz	
ERR321308	PRJEB4336	SAMEA2146682	ERX294441	408170	human gut metagenome	ftp.sra.ebi.ac.uk/vol1/fastq/ERR321/ERR321308/ERR321308_1.fastq.gz;ftp.sra.ebi.ac.uk/vol1/fastq/ERR321/ERR321308/ERR321308_2.fastq.gz	ftp.sra.ebi.ac.uk/vol1/run/ERR321/ERR321308/MetaHIT-MH0100_20091014.rmHuman.rmHost.1.fq.gz;ftp.sra.ebi.ac.uk/vol1/run/ERR321/ERR321308/MetaHIT-MH0100_20091014.rmHuman.rmHost.2.fq.gz	
ERR321314	PRJEB4336	SAMEA2150909	ERX294447	408170	human gut metagenome	ftp.sra.ebi.ac.uk/vol1/fastq/ERR321/ERR321314/ERR321314_1.fastq.gz;ftp.sra.ebi.ac.uk/vol1/fastq/ERR321/ERR321314/ERR321314_2.fastq.gz	ftp.sra.ebi.ac.uk/vol1/run/ERR321/ERR321314/MetaHIT-MH0101_20091124L6.rmHuman.rmHost.1.fq.gz;ftp.sra.ebi.ac.uk/vol1/run/ERR321/ERR321314/MetaHIT-MH0101_20091124L6.rmHuman.rmHost.2.fq.gz	
ERR321315	PRJEB4336	SAMEA2150909	ERX294448	408170	human gut metagenome	ftp.sra.ebi.ac.uk/vol1/fastq/ERR321/ERR321315/ERR321315_1.fastq.gz;ftp.sra.ebi.ac.uk/vol1/fastq/ERR321/ERR321315/ERR321315_2.fastq.gz	ftp.sra.ebi.ac.uk/vol1/run/ERR321/ERR321315/MetaHIT-MH0101_20091124L7.rmHuman.rmHost.1.fq.gz;ftp.sra.ebi.ac.uk/vol1/run/ERR321/ERR321315/MetaHIT-MH0101_20091124L7.rmHuman.rmHost.2.fq.gz	
ERR321317	PRJEB4336	SAMEA2145068	ERX294450	408170	human gut metagenome	ftp.sra.ebi.ac.uk/vol1/fastq/ERR321/ERR321317/ERR321317_1.fastq.gz;ftp.sra.ebi.ac.uk/vol1/fastq/ERR321/ERR321317/ERR321317_2.fastq.gz	ftp.sra.ebi.ac.uk/vol1/run/ERR321/ERR321317/MetaHIT-MH0102_20091014.rmHuman.rmHost.1.fq.gz;ftp.sra.ebi.ac.uk/vol1/run/ERR321/ERR321317/MetaHIT-MH0102_20091014.rmHuman.rmHost.2.fq.gz	
ERR321318	PRJEB4336	SAMEA2145068	ERX294451	408170	human gut metagenome	ftp.sra.ebi.ac.uk/vol1/fastq/ERR321/ERR321318/ERR321318_1.fastq.gz;ftp.sra.ebi.ac.uk/vol1/fastq/ERR321/ERR321318/ERR321318_2.fastq.gz	ftp.sra.ebi.ac.uk/vol1/run/ERR321/ERR321318/MetaHIT-MH0102_20091124L5.rmHuman.rmHost.1.fq.gz;ftp.sra.ebi.ac.uk/vol1/run/ERR321/ERR321318/MetaHIT-MH0102_20091124L5.rmHuman.rmHost.2.fq.gz	
ERR321323	PRJEB4336	SAMEA2147216	ERX294456	408170	human gut metagenome	ftp.sra.ebi.ac.uk/vol1/fastq/ERR321/ERR321323/ERR321323_1.fastq.gz;ftp.sra.ebi.ac.uk/vol1/fastq/ERR321/ERR321323/ERR321323_2.fastq.gz	ftp.sra.ebi.ac.uk/vol1/run/ERR321/ERR321323/MetaHIT-MH0103_20091124L5.rmHuman.rmHost.1.fq.gz;ftp.sra.ebi.ac.uk/vol1/run/ERR321/ERR321323/MetaHIT-MH0103_20091124L5.rmHuman.rmHost.2.fq.gz	
ERR321330	PRJEB4336	SAMEA2144588	ERX294463	408170	human gut metagenome	ftp.sra.ebi.ac.uk/vol1/fastq/ERR321/ERR321330/ERR321330_1.fastq.gz;ftp.sra.ebi.ac.uk/vol1/fastq/ERR321/ERR321330/ERR321330_2.fastq.gz	ftp.sra.ebi.ac.uk/vol1/run/ERR321/ERR321330/MetaHIT-MH0104_20091126L6.rmHuman.rmHost.1.fq.gz;ftp.sra.ebi.ac.uk/vol1/run/ERR321/ERR321330/MetaHIT-MH0104_20091126L6.rmHuman.rmHost.2.fq.gz	
ERR321331	PRJEB4336	SAMEA2144588	ERX294464	408170	human gut metagenome	ftp.sra.ebi.ac.uk/vol1/fastq/ERR321/ERR321331/ERR321331_1.fastq.gz;ftp.sra.ebi.ac.uk/vol1/fastq/ERR321/ERR321331/ERR321331_2.fastq.gz	ftp.sra.ebi.ac.uk/vol1/run/ERR321/ERR321331/MetaHIT-MH0104_20091126L7.rmHuman.rmHost.1.fq.gz;ftp.sra.ebi.ac.uk/vol1/run/ERR321/ERR321331/MetaHIT-MH0104_20091126L7.rmHuman.rmHost.2.fq.gz	
ERR321332	PRJEB4336	SAMEA2144588	ERX294465	408170	human gut metagenome	ftp.sra.ebi.ac.uk/vol1/fastq/ERR321/ERR321332/ERR321332_1.fastq.gz;ftp.sra.ebi.ac.uk/vol1/fastq/ERR321/ERR321332/ERR321332_2.fastq.gz	ftp.sra.ebi.ac.uk/vol1/run/ERR321/ERR321332/MetaHIT-MH0104_20091126L8.rmHuman.rmHost.1.fq.gz;ftp.sra.ebi.ac.uk/vol1/run/ERR321/ERR321332/MetaHIT-MH0104_20091126L8.rmHuman.rmHost.2.fq.gz	
ERR321333	PRJEB4336	SAMEA2144588	ERX294466	408170	human gut metagenome	ftp.sra.ebi.ac.uk/vol1/fastq/ERR321/ERR321333/ERR321333_1.fastq.gz;ftp.sra.ebi.ac.uk/vol1/fastq/ERR321/ERR321333/ERR321333_2.fastq.gz	ftp.sra.ebi.ac.uk/vol1/run/ERR321/ERR321333/MetaHIT-MH0104_20091212L5.rmHuman.rmHost.1.fq.gz;ftp.sra.ebi.ac.uk/vol1/run/ERR321/ERR321333/MetaHIT-MH0104_20091212L5.rmHuman.rmHost.2.fq.gz	
ERR321337	PRJEB4336	SAMEA2162880	ERX294470	408170	human gut metagenome	ftp.sra.ebi.ac.uk/vol1/fastq/ERR321/ERR321337/ERR321337_1.fastq.gz;ftp.sra.ebi.ac.uk/vol1/fastq/ERR321/ERR321337/ERR321337_2.fastq.gz	ftp.sra.ebi.ac.uk/vol1/run/ERR321/ERR321337/MetaHIT-MH0105_20091124L4.rmHuman.rmHost.1.fq.gz;ftp.sra.ebi.ac.uk/vol1/run/ERR321/ERR321337/MetaHIT-MH0105_20091124L4.rmHuman.rmHost.2.fq.gz	
ERR321338	PRJEB4336	SAMEA2162880	ERX294471	408170	human gut metagenome	ftp.sra.ebi.ac.uk/vol1/fastq/ERR321/ERR321338/ERR321338_1.fastq.gz;ftp.sra.ebi.ac.uk/vol1/fastq/ERR321/ERR321338/ERR321338_2.fastq.gz	ftp.sra.ebi.ac.uk/vol1/run/ERR321/ERR321338/MetaHIT-MH0105_20091212L2.rmHuman.rmHost.1.fq.gz;ftp.sra.ebi.ac.uk/vol1/run/ERR321/ERR321338/MetaHIT-MH0105_20091212L2.rmHuman.rmHost.2.fq.gz	
ERR321340	PRJEB4336	SAMEA2153557	ERX294473	408170	human gut metagenome	ftp.sra.ebi.ac.uk/vol1/fastq/ERR321/ERR321340/ERR321340_1.fastq.gz;ftp.sra.ebi.ac.uk/vol1/fastq/ERR321/ERR321340/ERR321340_2.fastq.gz	ftp.sra.ebi.ac.uk/vol1/run/ERR321/ERR321340/MetaHIT-MH0106_20091107L8.rmHuman.rmHost.1.fq.gz;ftp.sra.ebi.ac.uk/vol1/run/ERR321/ERR321340/MetaHIT-MH0106_20091107L8.rmHuman.rmHost.2.fq.gz	
ERR321341	PRJEB4336	SAMEA2153557	ERX294474	408170	human gut metagenome	ftp.sra.ebi.ac.uk/vol1/fastq/ERR321/ERR321341/ERR321341_1.fastq.gz;ftp.sra.ebi.ac.uk/vol1/fastq/ERR321/ERR321341/ERR321341_2.fastq.gz	ftp.sra.ebi.ac.uk/vol1/run/ERR321/ERR321341/MetaHIT-MH0106_20091124L3.rmHuman.rmHost.1.fq.gz;ftp.sra.ebi.ac.uk/vol1/run/ERR321/ERR321341/MetaHIT-MH0106_20091124L3.rmHuman.rmHost.2.fq.gz	
ERR321347	PRJEB4336	SAMEA2149539	ERX294480	408170	human gut metagenome	ftp.sra.ebi.ac.uk/vol1/fastq/ERR321/ERR321347/ERR321347_1.fastq.gz;ftp.sra.ebi.ac.uk/vol1/fastq/ERR321/ERR321347/ERR321347_2.fastq.gz	ftp.sra.ebi.ac.uk/vol1/run/ERR321/ERR321347/MetaHIT-MH0107_20091107L7.rmHuman.rmHost.1.fq.gz;ftp.sra.ebi.ac.uk/vol1/run/ERR321/ERR321347/MetaHIT-MH0107_20091107L7.rmHuman.rmHost.2.fq.gz	
ERR321352	PRJEB4336	SAMEA1969417	ERX294485	408170	human gut metagenome	ftp.sra.ebi.ac.uk/vol1/fastq/ERR321/ERR321352/ERR321352_1.fastq.gz;ftp.sra.ebi.ac.uk/vol1/fastq/ERR321/ERR321352/ERR321352_2.fastq.gz	ftp.sra.ebi.ac.uk/vol1/run/ERR321/ERR321352/MetaHIT-MH0108_101102.clean.rmhost.1.fq.gz;ftp.sra.ebi.ac.uk/vol1/run/ERR321/ERR321352/MetaHIT-MH0108_101102.clean.rmhost.2.fq.gz	
ERR321353	PRJEB4336	SAMEA1969417	ERX294486	408170	human gut metagenome	ftp.sra.ebi.ac.uk/vol1/fastq/ERR321/ERR321353/ERR321353_1.fastq.gz;ftp.sra.ebi.ac.uk/vol1/fastq/ERR321/ERR321353/ERR321353_2.fastq.gz	ftp.sra.ebi.ac.uk/vol1/run/ERR321/ERR321353/MetaHIT-MH0108_101205.clean.rmhost.1.fq.gz;ftp.sra.ebi.ac.uk/vol1/run/ERR321/ERR321353/MetaHIT-MH0108_101205.clean.rmhost.2.fq.gz	
ERR321356	PRJEB4336	SAMEA2158408	ERX294489	408170	human gut metagenome	ftp.sra.ebi.ac.uk/vol1/fastq/ERR321/ERR321356/ERR321356_1.fastq.gz;ftp.sra.ebi.ac.uk/vol1/fastq/ERR321/ERR321356/ERR321356_2.fastq.gz	ftp.sra.ebi.ac.uk/vol1/run/ERR321/ERR321356/MetaHIT-MH0109_20091124L3.rmHuman.rmHost.1.fq.gz;ftp.sra.ebi.ac.uk/vol1/run/ERR321/ERR321356/MetaHIT-MH0109_20091124L3.rmHuman.rmHost.2.fq.gz	
ERR321360	PRJEB4336	SAMEA2147022	ERX294493	408170	human gut metagenome	ftp.sra.ebi.ac.uk/vol1/fastq/ERR321/ERR321360/ERR321360_1.fastq.gz;ftp.sra.ebi.ac.uk/vol1/fastq/ERR321/ERR321360/ERR321360_2.fastq.gz	ftp.sra.ebi.ac.uk/vol1/run/ERR321/ERR321360/MetaHIT-MH0110_20091124L4.rmHuman.rmHost.1.fq.gz;ftp.sra.ebi.ac.uk/vol1/run/ERR321/ERR321360/MetaHIT-MH0110_20091124L4.rmHuman.rmHost.2.fq.gz	
ERR321361	PRJEB4336	SAMEA2147022	ERX294494	408170	human gut metagenome	ftp.sra.ebi.ac.uk/vol1/fastq/ERR321/ERR321361/ERR321361_1.fastq.gz;ftp.sra.ebi.ac.uk/vol1/fastq/ERR321/ERR321361/ERR321361_2.fastq.gz	ftp.sra.ebi.ac.uk/vol1/run/ERR321/ERR321361/MetaHIT-MH0110_20091126L4.rmHuman.rmHost.1.fq.gz;ftp.sra.ebi.ac.uk/vol1/run/ERR321/ERR321361/MetaHIT-MH0110_20091126L4.rmHuman.rmHost.2.fq.gz	
ERR321362	PRJEB4336	SAMEA2147022	ERX294495	408170	human gut metagenome	ftp.sra.ebi.ac.uk/vol1/fastq/ERR321/ERR321362/ERR321362_1.fastq.gz;ftp.sra.ebi.ac.uk/vol1/fastq/ERR321/ERR321362/ERR321362_2.fastq.gz	ftp.sra.ebi.ac.uk/vol1/run/ERR321/ERR321362/MetaHIT-MH0110_20091126L5.rmHuman.rmHost.1.fq.gz;ftp.sra.ebi.ac.uk/vol1/run/ERR321/ERR321362/MetaHIT-MH0110_20091126L5.rmHuman.rmHost.2.fq.gz	
ERR321364	PRJEB4336	SAMEA2147022	ERX294497	408170	human gut metagenome	ftp.sra.ebi.ac.uk/vol1/fastq/ERR321/ERR321364/ERR321364_1.fastq.gz;ftp.sra.ebi.ac.uk/vol1/fastq/ERR321/ERR321364/ERR321364_2.fastq.gz	ftp.sra.ebi.ac.uk/vol1/run/ERR321/ERR321364/MetaHIT-MH0110_20091212L4.rmHuman.rmHost.1.fq.gz;ftp.sra.ebi.ac.uk/vol1/run/ERR321/ERR321364/MetaHIT-MH0110_20091212L4.rmHuman.rmHost.2.fq.gz	
ERR321370	PRJEB4336	SAMEA2146908	ERX294503	408170	human gut metagenome	ftp.sra.ebi.ac.uk/vol1/fastq/ERR321/ERR321370/ERR321370_1.fastq.gz;ftp.sra.ebi.ac.uk/vol1/fastq/ERR321/ERR321370/ERR321370_2.fastq.gz	ftp.sra.ebi.ac.uk/vol1/run/ERR321/ERR321370/MetaHIT-MH0113_20100125L4.rmHuman.rmHost.1.fq.gz;ftp.sra.ebi.ac.uk/vol1/run/ERR321/ERR321370/MetaHIT-MH0113_20100125L4.rmHuman.rmHost.2.fq.gz	
ERR321372	PRJEB4336	SAMEA2147384	ERX294505	408170	human gut metagenome	ftp.sra.ebi.ac.uk/vol1/fastq/ERR321/ERR321372/ERR321372_1.fastq.gz;ftp.sra.ebi.ac.uk/vol1/fastq/ERR321/ERR321372/ERR321372_2.fastq.gz	ftp.sra.ebi.ac.uk/vol1/run/ERR321/ERR321372/MetaHIT-MH0114_20091023.rmHuman.rmHost.1.fq.gz;ftp.sra.ebi.ac.uk/vol1/run/ERR321/ERR321372/MetaHIT-MH0114_20091023.rmHuman.rmHost.2.fq.gz	
ERR321375	PRJEB4336	SAMEA2147384	ERX294508	408170	human gut metagenome	ftp.sra.ebi.ac.uk/vol1/fastq/ERR321/ERR321375/ERR321375_1.fastq.gz;ftp.sra.ebi.ac.uk/vol1/fastq/ERR321/ERR321375/ERR321375_2.fastq.gz	ftp.sra.ebi.ac.uk/vol1/run/ERR321/ERR321375/MetaHIT-MH0114_20091124L4.rmHuman.rmHost.1.fq.gz;ftp.sra.ebi.ac.uk/vol1/run/ERR321/ERR321375/MetaHIT-MH0114_20091124L4.rmHuman.rmHost.2.fq.gz	
ERR321377	PRJEB4336	SAMEA2163248	ERX294510	408170	human gut metagenome	ftp.sra.ebi.ac.uk/vol1/fastq/ERR321/ERR321377/ERR321377_1.fastq.gz;ftp.sra.ebi.ac.uk/vol1/fastq/ERR321/ERR321377/ERR321377_2.fastq.gz	ftp.sra.ebi.ac.uk/vol1/run/ERR321/ERR321377/MetaHIT-MH0115_20091023.rmHuman.rmHost.1.fq.gz;ftp.sra.ebi.ac.uk/vol1/run/ERR321/ERR321377/MetaHIT-MH0115_20091023.rmHuman.rmHost.2.fq.gz	
ERR321379	PRJEB4336	SAMEA2163248	ERX294512	408170	human gut metagenome	ftp.sra.ebi.ac.uk/vol1/fastq/ERR321/ERR321379/ERR321379_1.fastq.gz;ftp.sra.ebi.ac.uk/vol1/fastq/ERR321/ERR321379/ERR321379_2.fastq.gz	ftp.sra.ebi.ac.uk/vol1/run/ERR321/ERR321379/MetaHIT-MH0115_20091126L3.rmHuman.rmHost.1.fq.gz;ftp.sra.ebi.ac.uk/vol1/run/ERR321/ERR321379/MetaHIT-MH0115_20091126L3.rmHuman.rmHost.2.fq.gz	
ERR321382	PRJEB4336	SAMEA2154992	ERX294515	408170	human gut metagenome	ftp.sra.ebi.ac.uk/vol1/fastq/ERR321/ERR321382/ERR321382_1.fastq.gz;ftp.sra.ebi.ac.uk/vol1/fastq/ERR321/ERR321382/ERR321382_2.fastq.gz	ftp.sra.ebi.ac.uk/vol1/run/ERR321/ERR321382/MetaHIT-MH0116_20091126L4.rmHuman.rmHost.1.fq.gz;ftp.sra.ebi.ac.uk/vol1/run/ERR321/ERR321382/MetaHIT-MH0116_20091126L4.rmHuman.rmHost.2.fq.gz	
ERR321383	PRJEB4336	SAMEA2154992	ERX294516	408170	human gut metagenome	ftp.sra.ebi.ac.uk/vol1/fastq/ERR321/ERR321383/ERR321383_1.fastq.gz;ftp.sra.ebi.ac.uk/vol1/fastq/ERR321/ERR321383/ERR321383_2.fastq.gz	ftp.sra.ebi.ac.uk/vol1/run/ERR321/ERR321383/MetaHIT-MH0116_20091126L5.rmHuman.rmHost.1.fq.gz;ftp.sra.ebi.ac.uk/vol1/run/ERR321/ERR321383/MetaHIT-MH0116_20091126L5.rmHuman.rmHost.2.fq.gz	
ERR321384	PRJEB4336	SAMEA2154992	ERX294517	408170	human gut metagenome	ftp.sra.ebi.ac.uk/vol1/fastq/ERR321/ERR321384/ERR321384_1.fastq.gz;ftp.sra.ebi.ac.uk/vol1/fastq/ERR321/ERR321384/ERR321384_2.fastq.gz	ftp.sra.ebi.ac.uk/vol1/run/ERR321/ERR321384/MetaHIT-MH0116_20091128L4.rmHuman.rmHost.1.fq.gz;ftp.sra.ebi.ac.uk/vol1/run/ERR321/ERR321384/MetaHIT-MH0116_20091128L4.rmHuman.rmHost.2.fq.gz	
ERR321390	PRJEB4336	SAMEA2142846	ERX294523	408170	human gut metagenome	ftp.sra.ebi.ac.uk/vol1/fastq/ERR321/ERR321390/ERR321390_1.fastq.gz;ftp.sra.ebi.ac.uk/vol1/fastq/ERR321/ERR321390/ERR321390_2.fastq.gz	ftp.sra.ebi.ac.uk/vol1/run/ERR321/ERR321390/MetaHIT-MH0118_20091025.rmHuman.rmHost.1.fq.gz;ftp.sra.ebi.ac.uk/vol1/run/ERR321/ERR321390/MetaHIT-MH0118_20091025.rmHuman.rmHost.2.fq.gz	
ERR321396	PRJEB4336	SAMEA2156362	ERX294529	408170	human gut metagenome	ftp.sra.ebi.ac.uk/vol1/fastq/ERR321/ERR321396/ERR321396_1.fastq.gz;ftp.sra.ebi.ac.uk/vol1/fastq/ERR321/ERR321396/ERR321396_2.fastq.gz	ftp.sra.ebi.ac.uk/vol1/run/ERR321/ERR321396/MetaHIT-MH0120_20100125L2.rmHuman.rmHost.1.fq.gz;ftp.sra.ebi.ac.uk/vol1/run/ERR321/ERR321396/MetaHIT-MH0120_20100125L2.rmHuman.rmHost.2.fq.gz	
ERR321404	PRJEB4336	SAMEA2158454	ERX294537	408170	human gut metagenome	ftp.sra.ebi.ac.uk/vol1/fastq/ERR321/ERR321404/ERR321404_1.fastq.gz;ftp.sra.ebi.ac.uk/vol1/fastq/ERR321/ERR321404/ERR321404_2.fastq.gz	ftp.sra.ebi.ac.uk/vol1/run/ERR321/ERR321404/MetaHIT-MH0123_20091023.rmHuman.rmHost.1.fq.gz;ftp.sra.ebi.ac.uk/vol1/run/ERR321/ERR321404/MetaHIT-MH0123_20091023.rmHuman.rmHost.2.fq.gz	
ERR321416	PRJEB4336	SAMEA2147070	ERX294549	408170	human gut metagenome	ftp.sra.ebi.ac.uk/vol1/fastq/ERR321/ERR321416/ERR321416_1.fastq.gz;ftp.sra.ebi.ac.uk/vol1/fastq/ERR321/ERR321416/ERR321416_2.fastq.gz	ftp.sra.ebi.ac.uk/vol1/run/ERR321/ERR321416/MetaHIT-MH0125_20100128L8.rmHuman.rmHost.1.fq.gz;ftp.sra.ebi.ac.uk/vol1/run/ERR321/ERR321416/MetaHIT-MH0125_20100128L8.rmHuman.rmHost.2.fq.gz	
ERR321418	PRJEB4336	SAMEA2152065	ERX294551	408170	human gut metagenome	ftp.sra.ebi.ac.uk/vol1/fastq/ERR321/ERR321418/ERR321418_1.fastq.gz;ftp.sra.ebi.ac.uk/vol1/fastq/ERR321/ERR321418/ERR321418_2.fastq.gz	ftp.sra.ebi.ac.uk/vol1/run/ERR321/ERR321418/MetaHIT-MH0126_20100128L6.rmHuman.rmHost.1.fq.gz;ftp.sra.ebi.ac.uk/vol1/run/ERR321/ERR321418/MetaHIT-MH0126_20100128L6.rmHuman.rmHost.2.fq.gz	
ERR321420	PRJEB4336	SAMEA2152065	ERX294553	408170	human gut metagenome	ftp.sra.ebi.ac.uk/vol1/fastq/ERR321/ERR321420/ERR321420_1.fastq.gz;ftp.sra.ebi.ac.uk/vol1/fastq/ERR321/ERR321420/ERR321420_2.fastq.gz	ftp.sra.ebi.ac.uk/vol1/run/ERR321/ERR321420/MetaHIT-MH0126_20100129L3.rmHuman.rmHost.1.fq.gz;ftp.sra.ebi.ac.uk/vol1/run/ERR321/ERR321420/MetaHIT-MH0126_20100129L3.rmHuman.rmHost.2.fq.gz	
ERR321421	PRJEB4336	SAMEA2162259	ERX294554	408170	human gut metagenome	ftp.sra.ebi.ac.uk/vol1/fastq/ERR321/ERR321421/ERR321421_1.fastq.gz;ftp.sra.ebi.ac.uk/vol1/fastq/ERR321/ERR321421/ERR321421_2.fastq.gz	ftp.sra.ebi.ac.uk/vol1/run/ERR321/ERR321421/MetaHIT-MH0127_20091023.rmHuman.rmHost.1.fq.gz;ftp.sra.ebi.ac.uk/vol1/run/ERR321/ERR321421/MetaHIT-MH0127_20091023.rmHuman.rmHost.2.fq.gz	
ERR321422	PRJEB4336	SAMEA2162259	ERX294555	408170	human gut metagenome	ftp.sra.ebi.ac.uk/vol1/fastq/ERR321/ERR321422/ERR321422_1.fastq.gz;ftp.sra.ebi.ac.uk/vol1/fastq/ERR321/ERR321422/ERR321422_2.fastq.gz	ftp.sra.ebi.ac.uk/vol1/run/ERR321/ERR321422/MetaHIT-MH0127_20100124L7.rmHuman.rmHost.1.fq.gz;ftp.sra.ebi.ac.uk/vol1/run/ERR321/ERR321422/MetaHIT-MH0127_20100124L7.rmHuman.rmHost.2.fq.gz	
ERR321423	PRJEB4336	SAMEA2162259	ERX294556	408170	human gut metagenome	ftp.sra.ebi.ac.uk/vol1/fastq/ERR321/ERR321423/ERR321423_1.fastq.gz;ftp.sra.ebi.ac.uk/vol1/fastq/ERR321/ERR321423/ERR321423_2.fastq.gz	ftp.sra.ebi.ac.uk/vol1/run/ERR321/ERR321423/MetaHIT-MH0127_20100125L4.rmHuman.rmHost.1.fq.gz;ftp.sra.ebi.ac.uk/vol1/run/ERR321/ERR321423/MetaHIT-MH0127_20100125L4.rmHuman.rmHost.2.fq.gz	
ERR321425	PRJEB4336	SAMEA2163351	ERX294558	408170	human gut metagenome	ftp.sra.ebi.ac.uk/vol1/fastq/ERR321/ERR321425/ERR321425_1.fastq.gz;ftp.sra.ebi.ac.uk/vol1/fastq/ERR321/ERR321425/ERR321425_2.fastq.gz	ftp.sra.ebi.ac.uk/vol1/run/ERR321/ERR321425/MetaHIT-MH0128_20091023.rmHuman.rmHost.1.fq.gz;ftp.sra.ebi.ac.uk/vol1/run/ERR321/ERR321425/MetaHIT-MH0128_20091023.rmHuman.rmHost.2.fq.gz	
ERR321426	PRJEB4336	SAMEA2163351	ERX294559	408170	human gut metagenome	ftp.sra.ebi.ac.uk/vol1/fastq/ERR321/ERR321426/ERR321426_1.fastq.gz;ftp.sra.ebi.ac.uk/vol1/fastq/ERR321/ERR321426/ERR321426_2.fastq.gz	ftp.sra.ebi.ac.uk/vol1/run/ERR321/ERR321426/MetaHIT-MH0128_20100124L8.rmHuman.rmHost.1.fq.gz;ftp.sra.ebi.ac.uk/vol1/run/ERR321/ERR321426/MetaHIT-MH0128_20100124L8.rmHuman.rmHost.2.fq.gz	
ERR321428	PRJEB4336	SAMEA2163351	ERX294561	408170	human gut metagenome	ftp.sra.ebi.ac.uk/vol1/fastq/ERR321/ERR321428/ERR321428_1.fastq.gz;ftp.sra.ebi.ac.uk/vol1/fastq/ERR321/ERR321428/ERR321428_2.fastq.gz	ftp.sra.ebi.ac.uk/vol1/run/ERR321/ERR321428/MetaHIT-MH0128_20100128L8.rmHuman.rmHost.1.fq.gz;ftp.sra.ebi.ac.uk/vol1/run/ERR321/ERR321428/MetaHIT-MH0128_20100128L8.rmHuman.rmHost.2.fq.gz	
ERR321429	PRJEB4336	SAMEA2160437	ERX294562	408170	human gut metagenome	ftp.sra.ebi.ac.uk/vol1/fastq/ERR321/ERR321429/ERR321429_1.fastq.gz;ftp.sra.ebi.ac.uk/vol1/fastq/ERR321/ERR321429/ERR321429_2.fastq.gz	ftp.sra.ebi.ac.uk/vol1/run/ERR321/ERR321429/MetaHIT-MH0129_20091028.rmHuman.rmHost.1.fq.gz;ftp.sra.ebi.ac.uk/vol1/run/ERR321/ERR321429/MetaHIT-MH0129_20091028.rmHuman.rmHost.2.fq.gz	
ERR321436	PRJEB4336	SAMEA2144578	ERX294569	408170	human gut metagenome	ftp.sra.ebi.ac.uk/vol1/fastq/ERR321/ERR321436/ERR321436_1.fastq.gz;ftp.sra.ebi.ac.uk/vol1/fastq/ERR321/ERR321436/ERR321436_2.fastq.gz	ftp.sra.ebi.ac.uk/vol1/run/ERR321/ERR321436/MetaHIT-MH0130_20100129L3.rmHuman.rmHost.1.fq.gz;ftp.sra.ebi.ac.uk/vol1/run/ERR321/ERR321436/MetaHIT-MH0130_20100129L3.rmHuman.rmHost.2.fq.gz	
ERR321442	PRJEB4336	SAMEA2142848	ERX294575	408170	human gut metagenome	ftp.sra.ebi.ac.uk/vol1/fastq/ERR321/ERR321442/ERR321442_1.fastq.gz;ftp.sra.ebi.ac.uk/vol1/fastq/ERR321/ERR321442/ERR321442_2.fastq.gz	ftp.sra.ebi.ac.uk/vol1/run/ERR321/ERR321442/MetaHIT-MH0133_20091028.rmHuman.rmHost.1.fq.gz;ftp.sra.ebi.ac.uk/vol1/run/ERR321/ERR321442/MetaHIT-MH0133_20091028.rmHuman.rmHost.2.fq.gz	
ERR321451	PRJEB4336	SAMEA2158521	ERX294584	408170	human gut metagenome	ftp.sra.ebi.ac.uk/vol1/fastq/ERR321/ERR321451/ERR321451_1.fastq.gz;ftp.sra.ebi.ac.uk/vol1/fastq/ERR321/ERR321451/ERR321451_2.fastq.gz	ftp.sra.ebi.ac.uk/vol1/run/ERR321/ERR321451/MetaHIT-MH0135_20100124L6.rmHuman.rmHost.1.fq.gz;ftp.sra.ebi.ac.uk/vol1/run/ERR321/ERR321451/MetaHIT-MH0135_20100124L6.rmHuman.rmHost.2.fq.gz	
ERR321452	PRJEB4336	SAMEA2158521	ERX294585	408170	human gut metagenome	ftp.sra.ebi.ac.uk/vol1/fastq/ERR321/ERR321452/ERR321452_1.fastq.gz;ftp.sra.ebi.ac.uk/vol1/fastq/ERR321/ERR321452/ERR321452_2.fastq.gz	ftp.sra.ebi.ac.uk/vol1/run/ERR321/ERR321452/MetaHIT-MH0135_20100125L2.rmHuman.rmHost.1.fq.gz;ftp.sra.ebi.ac.uk/vol1/run/ERR321/ERR321452/MetaHIT-MH0135_20100125L2.rmHuman.rmHost.2.fq.gz	
ERR321459	PRJEB4336	SAMEA2162200	ERX294592	408170	human gut metagenome	ftp.sra.ebi.ac.uk/vol1/fastq/ERR321/ERR321459/ERR321459_1.fastq.gz;ftp.sra.ebi.ac.uk/vol1/fastq/ERR321/ERR321459/ERR321459_2.fastq.gz	ftp.sra.ebi.ac.uk/vol1/run/ERR321/ERR321459/MetaHIT-MH0137_20100124L8.rmHuman.rmHost.1.fq.gz;ftp.sra.ebi.ac.uk/vol1/run/ERR321/ERR321459/MetaHIT-MH0137_20100124L8.rmHuman.rmHost.2.fq.gz	
ERR321461	PRJEB4336	SAMEA2162200	ERX294594	408170	human gut metagenome	ftp.sra.ebi.ac.uk/vol1/fastq/ERR321/ERR321461/ERR321461_1.fastq.gz;ftp.sra.ebi.ac.uk/vol1/fastq/ERR321/ERR321461/ERR321461_2.fastq.gz	ftp.sra.ebi.ac.uk/vol1/run/ERR321/ERR321461/MetaHIT-MH0137_20100128L8.rmHuman.rmHost.1.fq.gz;ftp.sra.ebi.ac.uk/vol1/run/ERR321/ERR321461/MetaHIT-MH0137_20100128L8.rmHuman.rmHost.2.fq.gz	
ERR321466	PRJEB4336	SAMEA2156675	ERX294599	408170	human gut metagenome	ftp.sra.ebi.ac.uk/vol1/fastq/ERR321/ERR321466/ERR321466_1.fastq.gz;ftp.sra.ebi.ac.uk/vol1/fastq/ERR321/ERR321466/ERR321466_2.fastq.gz	ftp.sra.ebi.ac.uk/vol1/run/ERR321/ERR321466/MetaHIT-MH0142_20091115.rmHuman.rmHost.1.fq.gz;ftp.sra.ebi.ac.uk/vol1/run/ERR321/ERR321466/MetaHIT-MH0142_20091115.rmHuman.rmHost.2.fq.gz	
ERR321469	PRJEB4336	SAMEA2157747	ERX294602	408170	human gut metagenome	ftp.sra.ebi.ac.uk/vol1/fastq/ERR321/ERR321469/ERR321469_1.fastq.gz;ftp.sra.ebi.ac.uk/vol1/fastq/ERR321/ERR321469/ERR321469_2.fastq.gz	ftp.sra.ebi.ac.uk/vol1/run/ERR321/ERR321469/MetaHIT-MH0145_20091116.rmHuman.rmHost.1.fq.gz;ftp.sra.ebi.ac.uk/vol1/run/ERR321/ERR321469/MetaHIT-MH0145_20091116.rmHuman.rmHost.2.fq.gz	
ERR321477	PRJEB4336	SAMEA2161222	ERX294610	408170	human gut metagenome	ftp.sra.ebi.ac.uk/vol1/fastq/ERR321/ERR321477/ERR321477_1.fastq.gz;ftp.sra.ebi.ac.uk/vol1/fastq/ERR321/ERR321477/ERR321477_2.fastq.gz	ftp.sra.ebi.ac.uk/vol1/run/ERR321/ERR321477/MetaHIT-MH0148_20100124L7.rmHuman.rmHost.1.fq.gz;ftp.sra.ebi.ac.uk/vol1/run/ERR321/ERR321477/MetaHIT-MH0148_20100124L7.rmHuman.rmHost.2.fq.gz	
ERR321480	PRJEB4336	SAMEA1969178	ERX294613	408170	human gut metagenome	ftp.sra.ebi.ac.uk/vol1/fastq/ERR321/ERR321480/ERR321480_1.fastq.gz;ftp.sra.ebi.ac.uk/vol1/fastq/ERR321/ERR321480/ERR321480_2.fastq.gz	ftp.sra.ebi.ac.uk/vol1/run/ERR321/ERR321480/MetaHIT-MH0149_20091105.rmHuman.rmHost.1.fq.gz;ftp.sra.ebi.ac.uk/vol1/run/ERR321/ERR321480/MetaHIT-MH0149_20091105.rmHuman.rmHost.2.fq.gz	
ERR321484	PRJEB4336	SAMEA1967891	ERX294617	408170	human gut metagenome	ftp.sra.ebi.ac.uk/vol1/fastq/ERR321/ERR321484/ERR321484_1.fastq.gz;ftp.sra.ebi.ac.uk/vol1/fastq/ERR321/ERR321484/ERR321484_2.fastq.gz	ftp.sra.ebi.ac.uk/vol1/run/ERR321/ERR321484/MetaHIT-MH0152_20091105.rmHuman.rmHost.1.fq.gz;ftp.sra.ebi.ac.uk/vol1/run/ERR321/ERR321484/MetaHIT-MH0152_20091105.rmHuman.rmHost.2.fq.gz	
ERR321489	PRJEB4336	SAMEA2148549	ERX294622	408170	human gut metagenome	ftp.sra.ebi.ac.uk/vol1/fastq/ERR321/ERR321489/ERR321489_1.fastq.gz;ftp.sra.ebi.ac.uk/vol1/fastq/ERR321/ERR321489/ERR321489_2.fastq.gz	ftp.sra.ebi.ac.uk/vol1/run/ERR321/ERR321489/MetaHIT-MH0157_20091111.rmHuman.rmHost.1.fq.gz;ftp.sra.ebi.ac.uk/vol1/run/ERR321/ERR321489/MetaHIT-MH0157_20091111.rmHuman.rmHost.2.fq.gz	
ERR321490	PRJEB4336	SAMEA2143980	ERX294623	408170	human gut metagenome	ftp.sra.ebi.ac.uk/vol1/fastq/ERR321/ERR321490/ERR321490_1.fastq.gz;ftp.sra.ebi.ac.uk/vol1/fastq/ERR321/ERR321490/ERR321490_2.fastq.gz	ftp.sra.ebi.ac.uk/vol1/run/ERR321/ERR321490/MetaHIT-MH0158_20091111.rmHuman.rmHost.1.fq.gz;ftp.sra.ebi.ac.uk/vol1/run/ERR321/ERR321490/MetaHIT-MH0158_20091111.rmHuman.rmHost.2.fq.gz	
ERR321492	PRJEB4336	SAMEA2157793	ERX294625	408170	human gut metagenome	ftp.sra.ebi.ac.uk/vol1/fastq/ERR321/ERR321492/ERR321492_1.fastq.gz;ftp.sra.ebi.ac.uk/vol1/fastq/ERR321/ERR321492/ERR321492_2.fastq.gz	ftp.sra.ebi.ac.uk/vol1/run/ERR321/ERR321492/MetaHIT-MH0160_20091111.rmHuman.rmHost.1.fq.gz;ftp.sra.ebi.ac.uk/vol1/run/ERR321/ERR321492/MetaHIT-MH0160_20091111.rmHuman.rmHost.2.fq.gz	
ERR321494	PRJEB4336	SAMEA2162182	ERX294627	408170	human gut metagenome	ftp.sra.ebi.ac.uk/vol1/fastq/ERR321/ERR321494/ERR321494_1.fastq.gz;ftp.sra.ebi.ac.uk/vol1/fastq/ERR321/ERR321494/ERR321494_2.fastq.gz	ftp.sra.ebi.ac.uk/vol1/run/ERR321/ERR321494/MetaHIT-MH0162_20091115.rmHuman.rmHost.1.fq.gz;ftp.sra.ebi.ac.uk/vol1/run/ERR321/ERR321494/MetaHIT-MH0162_20091115.rmHuman.rmHost.2.fq.gz	
ERR321497	PRJEB4336	SAMEA2148105	ERX294630	408170	human gut metagenome	ftp.sra.ebi.ac.uk/vol1/fastq/ERR321/ERR321497/ERR321497_1.fastq.gz;ftp.sra.ebi.ac.uk/vol1/fastq/ERR321/ERR321497/ERR321497_2.fastq.gz	ftp.sra.ebi.ac.uk/vol1/run/ERR321/ERR321497/MetaHIT-MH0164_20091103.rmHuman.rmHost.1.fq.gz;ftp.sra.ebi.ac.uk/vol1/run/ERR321/ERR321497/MetaHIT-MH0164_20091103.rmHuman.rmHost.2.fq.gz	
ERR321500	PRJEB4336	SAMEA2155373	ERX294633	408170	human gut metagenome	ftp.sra.ebi.ac.uk/vol1/fastq/ERR321/ERR321500/ERR321500_1.fastq.gz;ftp.sra.ebi.ac.uk/vol1/fastq/ERR321/ERR321500/ERR321500_2.fastq.gz	ftp.sra.ebi.ac.uk/vol1/run/ERR321/ERR321500/MetaHIT-MH0165_20100125L2.rmHuman.rmHost.1.fq.gz;ftp.sra.ebi.ac.uk/vol1/run/ERR321/ERR321500/MetaHIT-MH0165_20100125L2.rmHuman.rmHost.2.fq.gz	
ERR321504	PRJEB4336	SAMEA2154893	ERX294637	408170	human gut metagenome	ftp.sra.ebi.ac.uk/vol1/fastq/ERR321/ERR321504/ERR321504_1.fastq.gz;ftp.sra.ebi.ac.uk/vol1/fastq/ERR321/ERR321504/ERR321504_2.fastq.gz	ftp.sra.ebi.ac.uk/vol1/run/ERR321/ERR321504/MetaHIT-MH0166_20100124L5.rmHuman.rmHost.1.fq.gz;ftp.sra.ebi.ac.uk/vol1/run/ERR321/ERR321504/MetaHIT-MH0166_20100124L5.rmHuman.rmHost.2.fq.gz	
ERR321511	PRJEB4336	SAMEA2145758	ERX294644	408170	human gut metagenome	ftp.sra.ebi.ac.uk/vol1/fastq/ERR321/ERR321511/ERR321511_1.fastq.gz;ftp.sra.ebi.ac.uk/vol1/fastq/ERR321/ERR321511/ERR321511_2.fastq.gz	ftp.sra.ebi.ac.uk/vol1/run/ERR321/ERR321511/MetaHIT-MH0168_20100124L6.rmHuman.rmHost.1.fq.gz;ftp.sra.ebi.ac.uk/vol1/run/ERR321/ERR321511/MetaHIT-MH0168_20100124L6.rmHuman.rmHost.2.fq.gz	
ERR321516	PRJEB4336	SAMEA2158269	ERX294649	408170	human gut metagenome	ftp.sra.ebi.ac.uk/vol1/fastq/ERR321/ERR321516/ERR321516_1.fastq.gz;ftp.sra.ebi.ac.uk/vol1/fastq/ERR321/ERR321516/ERR321516_2.fastq.gz	ftp.sra.ebi.ac.uk/vol1/run/ERR321/ERR321516/MetaHIT-MH0170_20091116.rmHuman.rmHost.1.fq.gz;ftp.sra.ebi.ac.uk/vol1/run/ERR321/ERR321516/MetaHIT-MH0170_20091116.rmHuman.rmHost.2.fq.gz	
ERR321518	PRJEB4336	SAMEA2158269	ERX294651	408170	human gut metagenome	ftp.sra.ebi.ac.uk/vol1/fastq/ERR321/ERR321518/ERR321518_1.fastq.gz;ftp.sra.ebi.ac.uk/vol1/fastq/ERR321/ERR321518/ERR321518_2.fastq.gz	ftp.sra.ebi.ac.uk/vol1/run/ERR321/ERR321518/MetaHIT-MH0170_20100125L2.rmHuman.rmHost.1.fq.gz;ftp.sra.ebi.ac.uk/vol1/run/ERR321/ERR321518/MetaHIT-MH0170_20100125L2.rmHuman.rmHost.2.fq.gz	
ERR321521	PRJEB4336	SAMEA2157273	ERX294654	408170	human gut metagenome	ftp.sra.ebi.ac.uk/vol1/fastq/ERR321/ERR321521/ERR321521_1.fastq.gz;ftp.sra.ebi.ac.uk/vol1/fastq/ERR321/ERR321521/ERR321521_2.fastq.gz	ftp.sra.ebi.ac.uk/vol1/run/ERR321/ERR321521/MetaHIT-MH0173_20091110.rmHuman.rmHost.1.fq.gz;ftp.sra.ebi.ac.uk/vol1/run/ERR321/ERR321521/MetaHIT-MH0173_20091110.rmHuman.rmHost.2.fq.gz	
ERR321526	PRJEB4336	SAMEA2151606	ERX294659	408170	human gut metagenome	ftp.sra.ebi.ac.uk/vol1/fastq/ERR321/ERR321526/ERR321526_1.fastq.gz;ftp.sra.ebi.ac.uk/vol1/fastq/ERR321/ERR321526/ERR321526_2.fastq.gz	ftp.sra.ebi.ac.uk/vol1/run/ERR321/ERR321526/MetaHIT-MH0177_20100124L6.rmHuman.rmHost.1.fq.gz;ftp.sra.ebi.ac.uk/vol1/run/ERR321/ERR321526/MetaHIT-MH0177_20100124L6.rmHuman.rmHost.2.fq.gz	
ERR321527	PRJEB4336	SAMEA2151606	ERX294660	408170	human gut metagenome	ftp.sra.ebi.ac.uk/vol1/fastq/ERR321/ERR321527/ERR321527_1.fastq.gz;ftp.sra.ebi.ac.uk/vol1/fastq/ERR321/ERR321527/ERR321527_2.fastq.gz	ftp.sra.ebi.ac.uk/vol1/run/ERR321/ERR321527/MetaHIT-MH0177_20100125L2.rmHuman.rmHost.1.fq.gz;ftp.sra.ebi.ac.uk/vol1/run/ERR321/ERR321527/MetaHIT-MH0177_20100125L2.rmHuman.rmHost.2.fq.gz	
ERR321528	PRJEB4336	SAMEA2151606	ERX294661	408170	human gut metagenome	ftp.sra.ebi.ac.uk/vol1/fastq/ERR321/ERR321528/ERR321528_1.fastq.gz;ftp.sra.ebi.ac.uk/vol1/fastq/ERR321/ERR321528/ERR321528_2.fastq.gz	ftp.sra.ebi.ac.uk/vol1/run/ERR321/ERR321528/MetaHIT-MH0177_20100125L3.rmHuman.rmHost.1.fq.gz;ftp.sra.ebi.ac.uk/vol1/run/ERR321/ERR321528/MetaHIT-MH0177_20100125L3.rmHuman.rmHost.2.fq.gz	
ERR321533	PRJEB4336	SAMEA2142793	ERX294666	408170	human gut metagenome	ftp.sra.ebi.ac.uk/vol1/fastq/ERR321/ERR321533/ERR321533_1.fastq.gz;ftp.sra.ebi.ac.uk/vol1/fastq/ERR321/ERR321533/ERR321533_2.fastq.gz	ftp.sra.ebi.ac.uk/vol1/run/ERR321/ERR321533/MetaHIT-MH0182_20091117.rmHuman.rmHost.1.fq.gz;ftp.sra.ebi.ac.uk/vol1/run/ERR321/ERR321533/MetaHIT-MH0182_20091117.rmHuman.rmHost.2.fq.gz	
ERR321534	PRJEB4336	SAMEA2157028	ERX294667	408170	human gut metagenome	ftp.sra.ebi.ac.uk/vol1/fastq/ERR321/ERR321534/ERR321534_1.fastq.gz;ftp.sra.ebi.ac.uk/vol1/fastq/ERR321/ERR321534/ERR321534_2.fastq.gz	ftp.sra.ebi.ac.uk/vol1/run/ERR321/ERR321534/MetaHIT-MH0183_20091117.rmHuman.rmHost.1.fq.gz;ftp.sra.ebi.ac.uk/vol1/run/ERR321/ERR321534/MetaHIT-MH0183_20091117.rmHuman.rmHost.2.fq.gz	
ERR321538	PRJEB4336	SAMEA2151034	ERX294671	408170	human gut metagenome	ftp.sra.ebi.ac.uk/vol1/fastq/ERR321/ERR321538/ERR321538_1.fastq.gz;ftp.sra.ebi.ac.uk/vol1/fastq/ERR321/ERR321538/ERR321538_2.fastq.gz	ftp.sra.ebi.ac.uk/vol1/run/ERR321/ERR321538/MetaHIT-MH0184_20091116.rmHuman.rmHost.1.fq.gz;ftp.sra.ebi.ac.uk/vol1/run/ERR321/ERR321538/MetaHIT-MH0184_20091116.rmHuman.rmHost.2.fq.gz	
ERR321544	PRJEB4336	SAMEA2159202	ERX294677	408170	human gut metagenome	ftp.sra.ebi.ac.uk/vol1/fastq/ERR321/ERR321544/ERR321544_1.fastq.gz;ftp.sra.ebi.ac.uk/vol1/fastq/ERR321/ERR321544/ERR321544_2.fastq.gz	ftp.sra.ebi.ac.uk/vol1/run/ERR321/ERR321544/MetaHIT-MH0187_110425.clean.rmhost.1.fq.gz;ftp.sra.ebi.ac.uk/vol1/run/ERR321/ERR321544/MetaHIT-MH0187_110425.clean.rmhost.2.fq.gz	
ERR321546	PRJEB4336	SAMEA2143633	ERX294679	408170	human gut metagenome	ftp.sra.ebi.ac.uk/vol1/fastq/ERR321/ERR321546/ERR321546_1.fastq.gz;ftp.sra.ebi.ac.uk/vol1/fastq/ERR321/ERR321546/ERR321546_2.fastq.gz	ftp.sra.ebi.ac.uk/vol1/run/ERR321/ERR321546/MetaHIT-MH0188_110517L8.clean.rmhost.1.fq.gz;ftp.sra.ebi.ac.uk/vol1/run/ERR321/ERR321546/MetaHIT-MH0188_110517L8.clean.rmhost.2.fq.gz	
ERR321549	PRJEB4336	SAMEA2157917	ERX294682	408170	human gut metagenome	ftp.sra.ebi.ac.uk/vol1/fastq/ERR321/ERR321549/ERR321549_1.fastq.gz;ftp.sra.ebi.ac.uk/vol1/fastq/ERR321/ERR321549/ERR321549_2.fastq.gz	ftp.sra.ebi.ac.uk/vol1/run/ERR321/ERR321549/MetaHIT-MH0193_110517L7.clean.rmhost.1.fq.gz;ftp.sra.ebi.ac.uk/vol1/run/ERR321/ERR321549/MetaHIT-MH0193_110517L7.clean.rmhost.2.fq.gz	
ERR321551	PRJEB4336	SAMEA2144980	ERX294684	408170	human gut metagenome	ftp.sra.ebi.ac.uk/vol1/fastq/ERR321/ERR321551/ERR321551_1.fastq.gz;ftp.sra.ebi.ac.uk/vol1/fastq/ERR321/ERR321551/ERR321551_2.fastq.gz	ftp.sra.ebi.ac.uk/vol1/run/ERR321/ERR321551/MetaHIT-MH0195_110425.clean.rmhost.1.fq.gz;ftp.sra.ebi.ac.uk/vol1/run/ERR321/ERR321551/MetaHIT-MH0195_110425.clean.rmhost.2.fq.gz	
ERR321556	PRJEB4336	SAMEA2146107	ERX294689	408170	human gut metagenome	ftp.sra.ebi.ac.uk/vol1/fastq/ERR321/ERR321556/ERR321556_1.fastq.gz;ftp.sra.ebi.ac.uk/vol1/fastq/ERR321/ERR321556/ERR321556_2.fastq.gz	ftp.sra.ebi.ac.uk/vol1/run/ERR321/ERR321556/MetaHIT-MH0200_110418.clean.rmhost.1.fq.gz;ftp.sra.ebi.ac.uk/vol1/run/ERR321/ERR321556/MetaHIT-MH0200_110418.clean.rmhost.2.fq.gz	
ERR321559	PRJEB4336	SAMEA2159529	ERX294692	408170	human gut metagenome	ftp.sra.ebi.ac.uk/vol1/fastq/ERR321/ERR321559/ERR321559_1.fastq.gz;ftp.sra.ebi.ac.uk/vol1/fastq/ERR321/ERR321559/ERR321559_2.fastq.gz	ftp.sra.ebi.ac.uk/vol1/run/ERR321/ERR321559/MetaHIT-MH0205_110425.clean.rmhost.1.fq.gz;ftp.sra.ebi.ac.uk/vol1/run/ERR321/ERR321559/MetaHIT-MH0205_110425.clean.rmhost.2.fq.gz	
ERR321566	PRJEB4336	SAMEA2161897	ERX294699	408170	human gut metagenome	ftp.sra.ebi.ac.uk/vol1/fastq/ERR321/ERR321566/ERR321566_1.fastq.gz;ftp.sra.ebi.ac.uk/vol1/fastq/ERR321/ERR321566/ERR321566_2.fastq.gz	ftp.sra.ebi.ac.uk/vol1/run/ERR321/ERR321566/MetaHIT-MH0227_110517L7.clean.rmhost.1.fq.gz;ftp.sra.ebi.ac.uk/vol1/run/ERR321/ERR321566/MetaHIT-MH0227_110517L7.clean.rmhost.2.fq.gz	
ERR321569	PRJEB4336	SAMEA2146600	ERX294702	408170	human gut metagenome	ftp.sra.ebi.ac.uk/vol1/fastq/ERR321/ERR321569/ERR321569_1.fastq.gz;ftp.sra.ebi.ac.uk/vol1/fastq/ERR321/ERR321569/ERR321569_2.fastq.gz	ftp.sra.ebi.ac.uk/vol1/run/ERR321/ERR321569/MetaHIT-MH0230_110425.clean.rmhost.1.fq.gz;ftp.sra.ebi.ac.uk/vol1/run/ERR321/ERR321569/MetaHIT-MH0230_110425.clean.rmhost.2.fq.gz	
ERR321574	PRJEB4336	SAMEA2156032	ERX294707	408170	human gut metagenome	ftp.sra.ebi.ac.uk/vol1/fastq/ERR321/ERR321574/ERR321574_1.fastq.gz;ftp.sra.ebi.ac.uk/vol1/fastq/ERR321/ERR321574/ERR321574_2.fastq.gz	ftp.sra.ebi.ac.uk/vol1/run/ERR321/ERR321574/MetaHIT-MH0244_110425.clean.rmhost.1.fq.gz;ftp.sra.ebi.ac.uk/vol1/run/ERR321/ERR321574/MetaHIT-MH0244_110425.clean.rmhost.2.fq.gz	
ERR321578	PRJEB4336	SAMEA2144396	ERX294711	408170	human gut metagenome	ftp.sra.ebi.ac.uk/vol1/fastq/ERR321/ERR321578/ERR321578_1.fastq.gz;ftp.sra.ebi.ac.uk/vol1/fastq/ERR321/ERR321578/ERR321578_2.fastq.gz	ftp.sra.ebi.ac.uk/vol1/run/ERR321/ERR321578/MetaHIT-MH0253_110425.clean.rmhost.1.fq.gz;ftp.sra.ebi.ac.uk/vol1/run/ERR321/ERR321578/MetaHIT-MH0253_110425.clean.rmhost.2.fq.gz	
ERR321583	PRJEB4336	SAMEA2161311	ERX294716	408170	human gut metagenome	ftp.sra.ebi.ac.uk/vol1/fastq/ERR321/ERR321583/ERR321583_1.fastq.gz;ftp.sra.ebi.ac.uk/vol1/fastq/ERR321/ERR321583/ERR321583_2.fastq.gz	ftp.sra.ebi.ac.uk/vol1/run/ERR321/ERR321583/MetaHIT-MH0275_110425.clean.rmhost.1.fq.gz;ftp.sra.ebi.ac.uk/vol1/run/ERR321/ERR321583/MetaHIT-MH0275_110425.clean.rmhost.2.fq.gz	
ERR321584	PRJEB4336	SAMEA2152443	ERX294717	408170	human gut metagenome	ftp.sra.ebi.ac.uk/vol1/fastq/ERR321/ERR321584/ERR321584_1.fastq.gz;ftp.sra.ebi.ac.uk/vol1/fastq/ERR321/ERR321584/ERR321584_2.fastq.gz	ftp.sra.ebi.ac.uk/vol1/run/ERR321/ERR321584/MetaHIT-MH0276_110425.clean.rmhost.1.fq.gz;ftp.sra.ebi.ac.uk/vol1/run/ERR321/ERR321584/MetaHIT-MH0276_110425.clean.rmhost.2.fq.gz	
ERR321591	PRJEB4336	SAMEA2161657	ERX294724	408170	human gut metagenome	ftp.sra.ebi.ac.uk/vol1/fastq/ERR321/ERR321591/ERR321591_1.fastq.gz;ftp.sra.ebi.ac.uk/vol1/fastq/ERR321/ERR321591/ERR321591_2.fastq.gz	ftp.sra.ebi.ac.uk/vol1/run/ERR321/ERR321591/MetaHIT-MH0292_110425.clean.rmhost.1.fq.gz;ftp.sra.ebi.ac.uk/vol1/run/ERR321/ERR321591/MetaHIT-MH0292_110425.clean.rmhost.2.fq.gz	
ERR321593	PRJEB4336	SAMEA2156577	ERX294726	408170	human gut metagenome	ftp.sra.ebi.ac.uk/vol1/fastq/ERR321/ERR321593/ERR321593_1.fastq.gz;ftp.sra.ebi.ac.uk/vol1/fastq/ERR321/ERR321593/ERR321593_2.fastq.gz	ftp.sra.ebi.ac.uk/vol1/run/ERR321/ERR321593/MetaHIT-MH0305_110425.clean.rmhost.1.fq.gz;ftp.sra.ebi.ac.uk/vol1/run/ERR321/ERR321593/MetaHIT-MH0305_110425.clean.rmhost.2.fq.gz	
ERR321596	PRJEB4336	SAMEA2159032	ERX294729	408170	human gut metagenome	ftp.sra.ebi.ac.uk/vol1/fastq/ERR321/ERR321596/ERR321596_1.fastq.gz;ftp.sra.ebi.ac.uk/vol1/fastq/ERR321/ERR321596/ERR321596_2.fastq.gz	ftp.sra.ebi.ac.uk/vol1/run/ERR321/ERR321596/MetaHIT-MH0316_110425.clean.rmhost.1.fq.gz;ftp.sra.ebi.ac.uk/vol1/run/ERR321/ERR321596/MetaHIT-MH0316_110425.clean.rmhost.2.fq.gz	
ERR321598	PRJEB4336	SAMEA2149794	ERX294731	408170	human gut metagenome	ftp.sra.ebi.ac.uk/vol1/fastq/ERR321/ERR321598/ERR321598_1.fastq.gz;ftp.sra.ebi.ac.uk/vol1/fastq/ERR321/ERR321598/ERR321598_2.fastq.gz	ftp.sra.ebi.ac.uk/vol1/run/ERR321/ERR321598/MetaHIT-MH0321_110425.clean.rmhost.1.fq.gz;ftp.sra.ebi.ac.uk/vol1/run/ERR321/ERR321598/MetaHIT-MH0321_110425.clean.rmhost.2.fq.gz	
ERR321601	PRJEB4336	SAMEA2142970	ERX294734	408170	human gut metagenome	ftp.sra.ebi.ac.uk/vol1/fastq/ERR321/ERR321601/ERR321601_1.fastq.gz;ftp.sra.ebi.ac.uk/vol1/fastq/ERR321/ERR321601/ERR321601_2.fastq.gz	ftp.sra.ebi.ac.uk/vol1/run/ERR321/ERR321601/MetaHIT-MH0403_110425.clean.rmhost.1.fq.gz;ftp.sra.ebi.ac.uk/vol1/run/ERR321/ERR321601/MetaHIT-MH0403_110425.clean.rmhost.2.fq.gz	
ERR321608	PRJEB4336	SAMEA2155520	ERX294741	408170	human gut metagenome	ftp.sra.ebi.ac.uk/vol1/fastq/ERR321/ERR321608/ERR321608_1.fastq.gz;ftp.sra.ebi.ac.uk/vol1/fastq/ERR321/ERR321608/ERR321608_2.fastq.gz	ftp.sra.ebi.ac.uk/vol1/run/ERR321/ERR321608/MetaHIT-MH0410_110425.clean.rmhost.1.fq.gz;ftp.sra.ebi.ac.uk/vol1/run/ERR321/ERR321608/MetaHIT-MH0410_110425.clean.rmhost.2.fq.gz	
ERR321609	PRJEB4336	SAMEA2159162	ERX294742	408170	human gut metagenome	ftp.sra.ebi.ac.uk/vol1/fastq/ERR321/ERR321609/ERR321609_1.fastq.gz;ftp.sra.ebi.ac.uk/vol1/fastq/ERR321/ERR321609/ERR321609_2.fastq.gz	ftp.sra.ebi.ac.uk/vol1/run/ERR321/ERR321609/MetaHIT-MH0411_110425.clean.rmhost.1.fq.gz;ftp.sra.ebi.ac.uk/vol1/run/ERR321/ERR321609/MetaHIT-MH0411_110425.clean.rmhost.2.fq.gz	
ERR321610	PRJEB4336	SAMEA1972381	ERX294743	408170	human gut metagenome	ftp.sra.ebi.ac.uk/vol1/fastq/ERR321/ERR321610/ERR321610_1.fastq.gz;ftp.sra.ebi.ac.uk/vol1/fastq/ERR321/ERR321610/ERR321610_2.fastq.gz	ftp.sra.ebi.ac.uk/vol1/run/ERR321/ERR321610/MetaHIT-MH0412_110425.clean.rmhost.1.fq.gz;ftp.sra.ebi.ac.uk/vol1/run/ERR321/ERR321610/MetaHIT-MH0412_110425.clean.rmhost.2.fq.gz	
ERR321613	PRJEB4336	SAMEA2160616	ERX294746	408170	human gut metagenome	ftp.sra.ebi.ac.uk/vol1/fastq/ERR321/ERR321613/ERR321613_1.fastq.gz;ftp.sra.ebi.ac.uk/vol1/fastq/ERR321/ERR321613/ERR321613_2.fastq.gz	ftp.sra.ebi.ac.uk/vol1/run/ERR321/ERR321613/MetaHIT-MH0415_110425.clean.rmhost.1.fq.gz;ftp.sra.ebi.ac.uk/vol1/run/ERR321/ERR321613/MetaHIT-MH0415_110425.clean.rmhost.2.fq.gz	
ERR321617	PRJEB4336	SAMEA2162811	ERX294750	408170	human gut metagenome	ftp.sra.ebi.ac.uk/vol1/fastq/ERR321/ERR321617/ERR321617_1.fastq.gz;ftp.sra.ebi.ac.uk/vol1/fastq/ERR321/ERR321617/ERR321617_2.fastq.gz	ftp.sra.ebi.ac.uk/vol1/run/ERR321/ERR321617/MetaHIT-MH0419_110425.clean.rmhost.1.fq.gz;ftp.sra.ebi.ac.uk/vol1/run/ERR321/ERR321617/MetaHIT-MH0419_110425.clean.rmhost.2.fq.gz	
ERR321618	PRJEB4336	SAMEA2154036	ERX294751	408170	human gut metagenome	ftp.sra.ebi.ac.uk/vol1/fastq/ERR321/ERR321618/ERR321618_1.fastq.gz;ftp.sra.ebi.ac.uk/vol1/fastq/ERR321/ERR321618/ERR321618_2.fastq.gz	ftp.sra.ebi.ac.uk/vol1/run/ERR321/ERR321618/MetaHIT-MH0420_110425.clean.rmhost.1.fq.gz;ftp.sra.ebi.ac.uk/vol1/run/ERR321/ERR321618/MetaHIT-MH0420_110425.clean.rmhost.2.fq.gz	
ERR321620	PRJEB4336	SAMEA2151007	ERX294753	408170	human gut metagenome	ftp.sra.ebi.ac.uk/vol1/fastq/ERR321/ERR321620/ERR321620_1.fastq.gz;ftp.sra.ebi.ac.uk/vol1/fastq/ERR321/ERR321620/ERR321620_2.fastq.gz	ftp.sra.ebi.ac.uk/vol1/run/ERR321/ERR321620/MetaHIT-MH0422_110425.clean.rmhost.1.fq.gz;ftp.sra.ebi.ac.uk/vol1/run/ERR321/ERR321620/MetaHIT-MH0422_110425.clean.rmhost.2.fq.gz	
ERR321624	PRJEB4336	SAMEA2150234	ERX294757	408170	human gut metagenome	ftp.sra.ebi.ac.uk/vol1/fastq/ERR321/ERR321624/ERR321624_1.fastq.gz;ftp.sra.ebi.ac.uk/vol1/fastq/ERR321/ERR321624/ERR321624_2.fastq.gz	ftp.sra.ebi.ac.uk/vol1/run/ERR321/ERR321624/MetaHIT-MH0426_110425.clean.rmhost.1.fq.gz;ftp.sra.ebi.ac.uk/vol1/run/ERR321/ERR321624/MetaHIT-MH0426_110425.clean.rmhost.2.fq.gz	
ERR321628	PRJEB4336	SAMEA2159338	ERX294761	408170	human gut metagenome	ftp.sra.ebi.ac.uk/vol1/fastq/ERR321/ERR321628/ERR321628_1.fastq.gz;ftp.sra.ebi.ac.uk/vol1/fastq/ERR321/ERR321628/ERR321628_2.fastq.gz	ftp.sra.ebi.ac.uk/vol1/run/ERR321/ERR321628/MetaHIT-MH0430_110425.clean.rmhost.1.fq.gz;ftp.sra.ebi.ac.uk/vol1/run/ERR321/ERR321628/MetaHIT-MH0430_110425.clean.rmhost.2.fq.gz	
ERR321632	PRJEB4336	SAMEA2155134	ERX294765	408170	human gut metagenome	ftp.sra.ebi.ac.uk/vol1/fastq/ERR321/ERR321632/ERR321632_1.fastq.gz;ftp.sra.ebi.ac.uk/vol1/fastq/ERR321/ERR321632/ERR321632_2.fastq.gz	ftp.sra.ebi.ac.uk/vol1/run/ERR321/ERR321632/MetaHIT-MH0434_110425.clean.rmhost.1.fq.gz;ftp.sra.ebi.ac.uk/vol1/run/ERR321/ERR321632/MetaHIT-MH0434_110425.clean.rmhost.2.fq.gz	
ERR321634	PRJEB4336	SAMEA2160152	ERX294767	408170	human gut metagenome	ftp.sra.ebi.ac.uk/vol1/fastq/ERR321/ERR321634/ERR321634_1.fastq.gz;ftp.sra.ebi.ac.uk/vol1/fastq/ERR321/ERR321634/ERR321634_2.fastq.gz	ftp.sra.ebi.ac.uk/vol1/run/ERR321/ERR321634/MetaHIT-MH0436_110425.clean.rmhost.1.fq.gz;ftp.sra.ebi.ac.uk/vol1/run/ERR321/ERR321634/MetaHIT-MH0436_110425.clean.rmhost.2.fq.gz	
ERR321635	PRJEB4336	SAMEA2142349	ERX294768	408170	human gut metagenome	ftp.sra.ebi.ac.uk/vol1/fastq/ERR321/ERR321635/ERR321635_1.fastq.gz;ftp.sra.ebi.ac.uk/vol1/fastq/ERR321/ERR321635/ERR321635_2.fastq.gz	ftp.sra.ebi.ac.uk/vol1/run/ERR321/ERR321635/MetaHIT-MH0437_110425.clean.rmhost.1.fq.gz;ftp.sra.ebi.ac.uk/vol1/run/ERR321/ERR321635/MetaHIT-MH0437_110425.clean.rmhost.2.fq.gz	
ERR321637	PRJEB4336	SAMEA2149241	ERX294770	408170	human gut metagenome	ftp.sra.ebi.ac.uk/vol1/fastq/ERR321/ERR321637/ERR321637_1.fastq.gz;ftp.sra.ebi.ac.uk/vol1/fastq/ERR321/ERR321637/ERR321637_2.fastq.gz	ftp.sra.ebi.ac.uk/vol1/run/ERR321/ERR321637/MetaHIT-MH0439_110425.clean.rmhost.1.fq.gz;ftp.sra.ebi.ac.uk/vol1/run/ERR321/ERR321637/MetaHIT-MH0439_110425.clean.rmhost.2.fq.gz	
ERR321645	PRJEB4336	SAMEA2157972	ERX294778	408170	human gut metagenome	ftp.sra.ebi.ac.uk/vol1/fastq/ERR321/ERR321645/ERR321645_1.fastq.gz;ftp.sra.ebi.ac.uk/vol1/fastq/ERR321/ERR321645/ERR321645_2.fastq.gz	ftp.sra.ebi.ac.uk/vol1/run/ERR321/ERR321645/MetaHIT-MH0447_110425.clean.rmhost.1.fq.gz;ftp.sra.ebi.ac.uk/vol1/run/ERR321/ERR321645/MetaHIT-MH0447_110425.clean.rmhost.2.fq.gz	
ERR321656	PRJEB4336	SAMEA2150168	ERX294789	408170	human gut metagenome	ftp.sra.ebi.ac.uk/vol1/fastq/ERR321/ERR321656/ERR321656_1.fastq.gz;ftp.sra.ebi.ac.uk/vol1/fastq/ERR321/ERR321656/ERR321656_2.fastq.gz	ftp.sra.ebi.ac.uk/vol1/run/ERR321/ERR321656/MetaHIT-MH0462_110425.clean.rmhost.1.fq.gz;ftp.sra.ebi.ac.uk/vol1/run/ERR321/ERR321656/MetaHIT-MH0462_110425.clean.rmhost.2.fq.gz	
ERR321068	PRJEB4336	SAMEA2149557	ERX294201	408170	human gut metagenome	ftp.sra.ebi.ac.uk/vol1/fastq/ERR321/ERR321068/ERR321068_1.fastq.gz;ftp.sra.ebi.ac.uk/vol1/fastq/ERR321/ERR321068/ERR321068_2.fastq.gz	ftp.sra.ebi.ac.uk/vol1/run/ERR321/ERR321068/MetaHIT-MH0003_081224.rmHuman.rmHost.1.fq.gz;ftp.sra.ebi.ac.uk/vol1/run/ERR321/ERR321068/MetaHIT-MH0003_081224.rmHuman.rmHost.2.fq.gz	
ERR321072	PRJEB4336	SAMEA2147193	ERX294205	408170	human gut metagenome	ftp.sra.ebi.ac.uk/vol1/fastq/ERR321/ERR321072/ERR321072_1.fastq.gz;ftp.sra.ebi.ac.uk/vol1/fastq/ERR321/ERR321072/ERR321072_2.fastq.gz	ftp.sra.ebi.ac.uk/vol1/run/ERR321/ERR321072/MetaHIT-MH0005_081109.rmHuman.rmHost.1.fq.gz;ftp.sra.ebi.ac.uk/vol1/run/ERR321/ERR321072/MetaHIT-MH0005_081109.rmHuman.rmHost.2.fq.gz	
ERR321073	PRJEB4336	SAMEA2147193	ERX294206	408170	human gut metagenome	ftp.sra.ebi.ac.uk/vol1/fastq/ERR321/ERR321073/ERR321073_1.fastq.gz;ftp.sra.ebi.ac.uk/vol1/fastq/ERR321/ERR321073/ERR321073_2.fastq.gz	ftp.sra.ebi.ac.uk/vol1/run/ERR321/ERR321073/MetaHIT-MH0005_081120.rmHuman.rmHost.1.fq.gz;ftp.sra.ebi.ac.uk/vol1/run/ERR321/ERR321073/MetaHIT-MH0005_081120.rmHuman.rmHost.2.fq.gz	
ERR321074	PRJEB4336	SAMEA1970465	ERX294207	408170	human gut metagenome	ftp.sra.ebi.ac.uk/vol1/fastq/ERR321/ERR321074/ERR321074_1.fastq.gz;ftp.sra.ebi.ac.uk/vol1/fastq/ERR321/ERR321074/ERR321074_2.fastq.gz	ftp.sra.ebi.ac.uk/vol1/run/ERR321/ERR321074/MetaHIT-MH0006_081109.rmHuman.rmHost.1.fq.gz;ftp.sra.ebi.ac.uk/vol1/run/ERR321/ERR321074/MetaHIT-MH0006_081109.rmHuman.rmHost.2.fq.gz	
ERR321077	PRJEB4336	SAMEA1970465	ERX294210	408170	human gut metagenome	ftp.sra.ebi.ac.uk/vol1/fastq/ERR321/ERR321077/ERR321077_1.fastq.gz;ftp.sra.ebi.ac.uk/vol1/fastq/ERR321/ERR321077/ERR321077_2.fastq.gz	ftp.sra.ebi.ac.uk/vol1/run/ERR321/ERR321077/MetaHIT-MH0006_lane6.rmHuman.rmHost.1.fq.gz;ftp.sra.ebi.ac.uk/vol1/run/ERR321/ERR321077/MetaHIT-MH0006_lane6.rmHuman.rmHost.2.fq.gz	
ERR321078	PRJEB4336	SAMEA1970465	ERX294211	408170	human gut metagenome	ftp.sra.ebi.ac.uk/vol1/fastq/ERR321/ERR321078/ERR321078_1.fastq.gz;ftp.sra.ebi.ac.uk/vol1/fastq/ERR321/ERR321078/ERR321078_2.fastq.gz	ftp.sra.ebi.ac.uk/vol1/run/ERR321/ERR321078/MetaHIT-MH0006_lane7.rmHuman.rmHost.1.fq.gz;ftp.sra.ebi.ac.uk/vol1/run/ERR321/ERR321078/MetaHIT-MH0006_lane7.rmHuman.rmHost.2.fq.gz	
ERR321082	PRJEB4336	SAMEA1970582	ERX294215	408170	human gut metagenome	ftp.sra.ebi.ac.uk/vol1/fastq/ERR321/ERR321082/ERR321082_1.fastq.gz;ftp.sra.ebi.ac.uk/vol1/fastq/ERR321/ERR321082/ERR321082_2.fastq.gz	ftp.sra.ebi.ac.uk/vol1/run/ERR321/ERR321082/MetaHIT-MH0008_081113.rmHuman.rmHost.1.fq.gz;ftp.sra.ebi.ac.uk/vol1/run/ERR321/ERR321082/MetaHIT-MH0008_081113.rmHuman.rmHost.2.fq.gz	
ERR321086	PRJEB4336	SAMEA2144299	ERX294219	408170	human gut metagenome	ftp.sra.ebi.ac.uk/vol1/fastq/ERR321/ERR321086/ERR321086_1.fastq.gz;ftp.sra.ebi.ac.uk/vol1/fastq/ERR321/ERR321086/ERR321086_2.fastq.gz	ftp.sra.ebi.ac.uk/vol1/run/ERR321/ERR321086/MetaHIT-MH0009_090109.rmHuman.rmHost.1.fq.gz;ftp.sra.ebi.ac.uk/vol1/run/ERR321/ERR321086/MetaHIT-MH0009_090109.rmHuman.rmHost.2.fq.gz	
ERR321089	PRJEB4336	SAMEA2159553	ERX294222	408170	human gut metagenome	ftp.sra.ebi.ac.uk/vol1/fastq/ERR321/ERR321089/ERR321089_1.fastq.gz;ftp.sra.ebi.ac.uk/vol1/fastq/ERR321/ERR321089/ERR321089_2.fastq.gz	ftp.sra.ebi.ac.uk/vol1/run/ERR321/ERR321089/MetaHIT-MH0011_081203.rmHuman.rmHost.1.fq.gz;ftp.sra.ebi.ac.uk/vol1/run/ERR321/ERR321089/MetaHIT-MH0011_081203.rmHuman.rmHost.2.fq.gz	
ERR321092	PRJEB4336	SAMEA2161876	ERX294225	408170	human gut metagenome	ftp.sra.ebi.ac.uk/vol1/fastq/ERR321/ERR321092/ERR321092_1.fastq.gz;ftp.sra.ebi.ac.uk/vol1/fastq/ERR321/ERR321092/ERR321092_2.fastq.gz	ftp.sra.ebi.ac.uk/vol1/run/ERR321/ERR321092/MetaHIT-MH0012_081203.rmHuman.rmHost.1.fq.gz;ftp.sra.ebi.ac.uk/vol1/run/ERR321/ERR321092/MetaHIT-MH0012_081203.rmHuman.rmHost.2.fq.gz	
ERR321093	PRJEB4336	SAMEA2161876	ERX294226	408170	human gut metagenome	ftp.sra.ebi.ac.uk/vol1/fastq/ERR321/ERR321093/ERR321093_1.fastq.gz;ftp.sra.ebi.ac.uk/vol1/fastq/ERR321/ERR321093/ERR321093_2.fastq.gz	ftp.sra.ebi.ac.uk/vol1/run/ERR321/ERR321093/MetaHIT-MH0012_081224.rmHuman.rmHost.1.fq.gz;ftp.sra.ebi.ac.uk/vol1/run/ERR321/ERR321093/MetaHIT-MH0012_081224.rmHuman.rmHost.2.fq.gz	
ERR321094	PRJEB4336	SAMEA2161876	ERX294227	408170	human gut metagenome	ftp.sra.ebi.ac.uk/vol1/fastq/ERR321/ERR321094/ERR321094_1.fastq.gz;ftp.sra.ebi.ac.uk/vol1/fastq/ERR321/ERR321094/ERR321094_2.fastq.gz	ftp.sra.ebi.ac.uk/vol1/run/ERR321/ERR321094/MetaHIT-MH0012_090120.rmHuman.rmHost.1.fq.gz;ftp.sra.ebi.ac.uk/vol1/run/ERR321/ERR321094/MetaHIT-MH0012_090120.rmHuman.rmHost.2.fq.gz	
ERR321096	PRJEB4336	SAMEA2161876	ERX294229	408170	human gut metagenome	ftp.sra.ebi.ac.uk/vol1/fastq/ERR321/ERR321096/ERR321096_1.fastq.gz;ftp.sra.ebi.ac.uk/vol1/fastq/ERR321/ERR321096/ERR321096_2.fastq.gz	ftp.sra.ebi.ac.uk/vol1/run/ERR321/ERR321096/MetaHIT-MH0012_lane3.rmHuman.rmHost.1.fq.gz;ftp.sra.ebi.ac.uk/vol1/run/ERR321/ERR321096/MetaHIT-MH0012_lane3.rmHuman.rmHost.2.fq.gz	
ERR321098	PRJEB4336	SAMEA2161876	ERX294231	408170	human gut metagenome	ftp.sra.ebi.ac.uk/vol1/fastq/ERR321/ERR321098/ERR321098_1.fastq.gz;ftp.sra.ebi.ac.uk/vol1/fastq/ERR321/ERR321098/ERR321098_2.fastq.gz	ftp.sra.ebi.ac.uk/vol1/run/ERR321/ERR321098/MetaHIT-MH0012_lane5.rmHuman.rmHost.1.fq.gz;ftp.sra.ebi.ac.uk/vol1/run/ERR321/ERR321098/MetaHIT-MH0012_lane5.rmHuman.rmHost.2.fq.gz	
ERR321099	PRJEB4336	SAMEA2152467	ERX294232	408170	human gut metagenome	ftp.sra.ebi.ac.uk/vol1/fastq/ERR321/ERR321099/ERR321099_1.fastq.gz;ftp.sra.ebi.ac.uk/vol1/fastq/ERR321/ERR321099/ERR321099_2.fastq.gz	ftp.sra.ebi.ac.uk/vol1/run/ERR321/ERR321099/MetaHIT-MH0013_081113.rmHuman.rmHost.1.fq.gz;ftp.sra.ebi.ac.uk/vol1/run/ERR321/ERR321099/MetaHIT-MH0013_081113.rmHuman.rmHost.2.fq.gz	
ERR321100	PRJEB4336	SAMEA2152467	ERX294233	408170	human gut metagenome	ftp.sra.ebi.ac.uk/vol1/fastq/ERR321/ERR321100/ERR321100_1.fastq.gz;ftp.sra.ebi.ac.uk/vol1/fastq/ERR321/ERR321100/ERR321100_2.fastq.gz	ftp.sra.ebi.ac.uk/vol1/run/ERR321/ERR321100/MetaHIT-MH0013_081120.rmHuman.rmHost.1.fq.gz;ftp.sra.ebi.ac.uk/vol1/run/ERR321/ERR321100/MetaHIT-MH0013_081120.rmHuman.rmHost.2.fq.gz	
ERR321101	PRJEB4336	SAMEA1970897	ERX294234	408170	human gut metagenome	ftp.sra.ebi.ac.uk/vol1/fastq/ERR321/ERR321101/ERR321101_1.fastq.gz;ftp.sra.ebi.ac.uk/vol1/fastq/ERR321/ERR321101/ERR321101_2.fastq.gz	ftp.sra.ebi.ac.uk/vol1/run/ERR321/ERR321101/MetaHIT-MH0014_081203.rmHuman.rmHost.1.fq.gz;ftp.sra.ebi.ac.uk/vol1/run/ERR321/ERR321101/MetaHIT-MH0014_081203.rmHuman.rmHost.2.fq.gz	
ERR321103	PRJEB4336	SAMEA1970897	ERX294236	408170	human gut metagenome	ftp.sra.ebi.ac.uk/vol1/fastq/ERR321/ERR321103/ERR321103_1.fastq.gz;ftp.sra.ebi.ac.uk/vol1/fastq/ERR321/ERR321103/ERR321103_2.fastq.gz	ftp.sra.ebi.ac.uk/vol1/run/ERR321/ERR321103/MetaHIT-MH0014_090120.rmHuman.rmHost.1.fq.gz;ftp.sra.ebi.ac.uk/vol1/run/ERR321/ERR321103/MetaHIT-MH0014_090120.rmHuman.rmHost.2.fq.gz	
ERR321104	PRJEB4336	SAMEA2151054	ERX294237	408170	human gut metagenome	ftp.sra.ebi.ac.uk/vol1/fastq/ERR321/ERR321104/ERR321104_1.fastq.gz;ftp.sra.ebi.ac.uk/vol1/fastq/ERR321/ERR321104/ERR321104_2.fastq.gz	ftp.sra.ebi.ac.uk/vol1/run/ERR321/ERR321104/MetaHIT-MH0015_081108.rmHuman.rmHost.1.fq.gz;ftp.sra.ebi.ac.uk/vol1/run/ERR321/ERR321104/MetaHIT-MH0015_081108.rmHuman.rmHost.2.fq.gz	
ERR321109	PRJEB4336	SAMEA2157270	ERX294242	408170	human gut metagenome	ftp.sra.ebi.ac.uk/vol1/fastq/ERR321/ERR321109/ERR321109_1.fastq.gz;ftp.sra.ebi.ac.uk/vol1/fastq/ERR321/ERR321109/ERR321109_2.fastq.gz	ftp.sra.ebi.ac.uk/vol1/run/ERR321/ERR321109/MetaHIT-MH0017_081108.rmHuman.rmHost.1.fq.gz;ftp.sra.ebi.ac.uk/vol1/run/ERR321/ERR321109/MetaHIT-MH0017_081108.rmHuman.rmHost.2.fq.gz	
ERR321112	PRJEB4336	SAMEA2161087	ERX294245	408170	human gut metagenome	ftp.sra.ebi.ac.uk/vol1/fastq/ERR321/ERR321112/ERR321112_1.fastq.gz;ftp.sra.ebi.ac.uk/vol1/fastq/ERR321/ERR321112/ERR321112_2.fastq.gz	ftp.sra.ebi.ac.uk/vol1/run/ERR321/ERR321112/MetaHIT-MH0018_081119.rmHuman.rmHost.1.fq.gz;ftp.sra.ebi.ac.uk/vol1/run/ERR321/ERR321112/MetaHIT-MH0018_081119.rmHuman.rmHost.2.fq.gz	
ERR321116	PRJEB4336	SAMEA1964270	ERX294249	408170	human gut metagenome	ftp.sra.ebi.ac.uk/vol1/fastq/ERR321/ERR321116/ERR321116_1.fastq.gz;ftp.sra.ebi.ac.uk/vol1/fastq/ERR321/ERR321116/ERR321116_2.fastq.gz	ftp.sra.ebi.ac.uk/vol1/run/ERR321/ERR321116/MetaHIT-MH0020_090120.rmHuman.rmHost.1.fq.gz;ftp.sra.ebi.ac.uk/vol1/run/ERR321/ERR321116/MetaHIT-MH0020_090120.rmHuman.rmHost.2.fq.gz	
ERR321120	PRJEB4336	SAMEA2150310	ERX294253	408170	human gut metagenome	ftp.sra.ebi.ac.uk/vol1/fastq/ERR321/ERR321120/ERR321120_1.fastq.gz;ftp.sra.ebi.ac.uk/vol1/fastq/ERR321/ERR321120/ERR321120_2.fastq.gz	ftp.sra.ebi.ac.uk/vol1/run/ERR321/ERR321120/MetaHIT-MH0022_081119.rmHuman.rmHost.1.fq.gz;ftp.sra.ebi.ac.uk/vol1/run/ERR321/ERR321120/MetaHIT-MH0022_081119.rmHuman.rmHost.2.fq.gz	
ERR321121	PRJEB4336	SAMEA2145251	ERX294254	408170	human gut metagenome	ftp.sra.ebi.ac.uk/vol1/fastq/ERR321/ERR321121/ERR321121_1.fastq.gz;ftp.sra.ebi.ac.uk/vol1/fastq/ERR321/ERR321121/ERR321121_2.fastq.gz	ftp.sra.ebi.ac.uk/vol1/run/ERR321/ERR321121/MetaHIT-MH0023_081108.rmHuman.rmHost.1.fq.gz;ftp.sra.ebi.ac.uk/vol1/run/ERR321/ERR321121/MetaHIT-MH0023_081108.rmHuman.rmHost.2.fq.gz	
ERR321124	PRJEB4336	SAMEA2162297	ERX294257	408170	human gut metagenome	ftp.sra.ebi.ac.uk/vol1/fastq/ERR321/ERR321124/ERR321124_1.fastq.gz;ftp.sra.ebi.ac.uk/vol1/fastq/ERR321/ERR321124/ERR321124_2.fastq.gz	ftp.sra.ebi.ac.uk/vol1/run/ERR321/ERR321124/MetaHIT-MH0024_090121.rmHuman.rmHost.1.fq.gz;ftp.sra.ebi.ac.uk/vol1/run/ERR321/ERR321124/MetaHIT-MH0024_090121.rmHuman.rmHost.2.fq.gz	
ERR321125	PRJEB4336	SAMEA2148374	ERX294258	408170	human gut metagenome	ftp.sra.ebi.ac.uk/vol1/fastq/ERR321/ERR321125/ERR321125_1.fastq.gz;ftp.sra.ebi.ac.uk/vol1/fastq/ERR321/ERR321125/ERR321125_2.fastq.gz	ftp.sra.ebi.ac.uk/vol1/run/ERR321/ERR321125/MetaHIT-MH0025_090120.rmHuman.rmHost.1.fq.gz;ftp.sra.ebi.ac.uk/vol1/run/ERR321/ERR321125/MetaHIT-MH0025_090120.rmHuman.rmHost.2.fq.gz	
ERR321127	PRJEB4336	SAMEA2161309	ERX294260	408170	human gut metagenome	ftp.sra.ebi.ac.uk/vol1/fastq/ERR321/ERR321127/ERR321127_1.fastq.gz;ftp.sra.ebi.ac.uk/vol1/fastq/ERR321/ERR321127/ERR321127_2.fastq.gz	ftp.sra.ebi.ac.uk/vol1/run/ERR321/ERR321127/MetaHIT-MH0026_081224.rmHuman.rmHost.1.fq.gz;ftp.sra.ebi.ac.uk/vol1/run/ERR321/ERR321127/MetaHIT-MH0026_081224.rmHuman.rmHost.2.fq.gz	
ERR321130	PRJEB4336	SAMEA2150994	ERX294263	408170	human gut metagenome	ftp.sra.ebi.ac.uk/vol1/fastq/ERR321/ERR321130/ERR321130_1.fastq.gz;ftp.sra.ebi.ac.uk/vol1/fastq/ERR321/ERR321130/ERR321130_2.fastq.gz	ftp.sra.ebi.ac.uk/vol1/run/ERR321/ERR321130/MetaHIT-MH0027_081119.rmHuman.rmHost.1.fq.gz;ftp.sra.ebi.ac.uk/vol1/run/ERR321/ERR321130/MetaHIT-MH0027_081119.rmHuman.rmHost.2.fq.gz	
ERR321132	PRJEB4336	SAMEA2155745	ERX294265	408170	human gut metagenome	ftp.sra.ebi.ac.uk/vol1/fastq/ERR321/ERR321132/ERR321132_1.fastq.gz;ftp.sra.ebi.ac.uk/vol1/fastq/ERR321/ERR321132/ERR321132_2.fastq.gz	ftp.sra.ebi.ac.uk/vol1/run/ERR321/ERR321132/MetaHIT-MH0028_090121.rmHuman.rmHost.1.fq.gz;ftp.sra.ebi.ac.uk/vol1/run/ERR321/ERR321132/MetaHIT-MH0028_090121.rmHuman.rmHost.2.fq.gz	
ERR321134	PRJEB4336	SAMEA2153837	ERX294267	408170	human gut metagenome	ftp.sra.ebi.ac.uk/vol1/fastq/ERR321/ERR321134/ERR321134_1.fastq.gz;ftp.sra.ebi.ac.uk/vol1/fastq/ERR321/ERR321134/ERR321134_2.fastq.gz	ftp.sra.ebi.ac.uk/vol1/run/ERR321/ERR321134/MetaHIT-MH0030_090121.rmHuman.rmHost.1.fq.gz;ftp.sra.ebi.ac.uk/vol1/run/ERR321/ERR321134/MetaHIT-MH0030_090121.rmHuman.rmHost.2.fq.gz	
ERR321135	PRJEB4336	SAMEA2150187	ERX294268	408170	human gut metagenome	ftp.sra.ebi.ac.uk/vol1/fastq/ERR321/ERR321135/ERR321135_1.fastq.gz;ftp.sra.ebi.ac.uk/vol1/fastq/ERR321/ERR321135/ERR321135_2.fastq.gz	ftp.sra.ebi.ac.uk/vol1/run/ERR321/ERR321135/MetaHIT-MH0031_081223.rmHuman.rmHost.1.fq.gz;ftp.sra.ebi.ac.uk/vol1/run/ERR321/ERR321135/MetaHIT-MH0031_081223.rmHuman.rmHost.2.fq.gz	
ERR321136	PRJEB4336	SAMEA2150187	ERX294269	408170	human gut metagenome	ftp.sra.ebi.ac.uk/vol1/fastq/ERR321/ERR321136/ERR321136_1.fastq.gz;ftp.sra.ebi.ac.uk/vol1/fastq/ERR321/ERR321136/ERR321136_2.fastq.gz	ftp.sra.ebi.ac.uk/vol1/run/ERR321/ERR321136/MetaHIT-MH0031_090121.rmHuman.rmHost.1.fq.gz;ftp.sra.ebi.ac.uk/vol1/run/ERR321/ERR321136/MetaHIT-MH0031_090121.rmHuman.rmHost.2.fq.gz	
ERR321140	PRJEB4336	SAMEA2146321	ERX294273	408170	human gut metagenome	ftp.sra.ebi.ac.uk/vol1/fastq/ERR321/ERR321140/ERR321140_1.fastq.gz;ftp.sra.ebi.ac.uk/vol1/fastq/ERR321/ERR321140/ERR321140_2.fastq.gz	ftp.sra.ebi.ac.uk/vol1/run/ERR321/ERR321140/MetaHIT-MH0033_090122.rmHuman.rmHost.1.fq.gz;ftp.sra.ebi.ac.uk/vol1/run/ERR321/ERR321140/MetaHIT-MH0033_090122.rmHuman.rmHost.2.fq.gz	
ERR321142	PRJEB4336	SAMEA2154082	ERX294275	408170	human gut metagenome	ftp.sra.ebi.ac.uk/vol1/fastq/ERR321/ERR321142/ERR321142_1.fastq.gz;ftp.sra.ebi.ac.uk/vol1/fastq/ERR321/ERR321142/ERR321142_2.fastq.gz	ftp.sra.ebi.ac.uk/vol1/run/ERR321/ERR321142/MetaHIT-MH0034_090122.rmHuman.rmHost.1.fq.gz;ftp.sra.ebi.ac.uk/vol1/run/ERR321/ERR321142/MetaHIT-MH0034_090122.rmHuman.rmHost.2.fq.gz	
ERR321143	PRJEB4336	SAMEA2162530	ERX294276	408170	human gut metagenome	ftp.sra.ebi.ac.uk/vol1/fastq/ERR321/ERR321143/ERR321143_1.fastq.gz;ftp.sra.ebi.ac.uk/vol1/fastq/ERR321/ERR321143/ERR321143_2.fastq.gz	ftp.sra.ebi.ac.uk/vol1/run/ERR321/ERR321143/MetaHIT-MH0035_081223.rmHuman.rmHost.1.fq.gz;ftp.sra.ebi.ac.uk/vol1/run/ERR321/ERR321143/MetaHIT-MH0035_081223.rmHuman.rmHost.2.fq.gz	
ERR321148	PRJEB4336	SAMEA2143295	ERX294281	408170	human gut metagenome	ftp.sra.ebi.ac.uk/vol1/fastq/ERR321/ERR321148/ERR321148_1.fastq.gz;ftp.sra.ebi.ac.uk/vol1/fastq/ERR321/ERR321148/ERR321148_2.fastq.gz	ftp.sra.ebi.ac.uk/vol1/run/ERR321/ERR321148/MetaHIT-MH0037_090122.rmHuman.rmHost.1.fq.gz;ftp.sra.ebi.ac.uk/vol1/run/ERR321/ERR321148/MetaHIT-MH0037_090122.rmHuman.rmHost.2.fq.gz	
ERR321149	PRJEB4336	SAMEA2142583	ERX294282	408170	human gut metagenome	ftp.sra.ebi.ac.uk/vol1/fastq/ERR321/ERR321149/ERR321149_1.fastq.gz;ftp.sra.ebi.ac.uk/vol1/fastq/ERR321/ERR321149/ERR321149_2.fastq.gz	ftp.sra.ebi.ac.uk/vol1/run/ERR321/ERR321149/MetaHIT-MH0038_081226.rmHuman.rmHost.1.fq.gz;ftp.sra.ebi.ac.uk/vol1/run/ERR321/ERR321149/MetaHIT-MH0038_081226.rmHuman.rmHost.2.fq.gz	
ERR321150	PRJEB4336	SAMEA2142583	ERX294283	408170	human gut metagenome	ftp.sra.ebi.ac.uk/vol1/fastq/ERR321/ERR321150/ERR321150_1.fastq.gz;ftp.sra.ebi.ac.uk/vol1/fastq/ERR321/ERR321150/ERR321150_2.fastq.gz	ftp.sra.ebi.ac.uk/vol1/run/ERR321/ERR321150/MetaHIT-MH0038_090122.rmHuman.rmHost.1.fq.gz;ftp.sra.ebi.ac.uk/vol1/run/ERR321/ERR321150/MetaHIT-MH0038_090122.rmHuman.rmHost.2.fq.gz	
ERR321157	PRJEB4336	SAMEA2152768	ERX294290	408170	human gut metagenome	ftp.sra.ebi.ac.uk/vol1/fastq/ERR321/ERR321157/ERR321157_1.fastq.gz;ftp.sra.ebi.ac.uk/vol1/fastq/ERR321/ERR321157/ERR321157_2.fastq.gz	ftp.sra.ebi.ac.uk/vol1/run/ERR321/ERR321157/MetaHIT-MH0042_081226.rmHuman.rmHost.1.fq.gz;ftp.sra.ebi.ac.uk/vol1/run/ERR321/ERR321157/MetaHIT-MH0042_081226.rmHuman.rmHost.2.fq.gz	
ERR321158	PRJEB4336	SAMEA2152768	ERX294291	408170	human gut metagenome	ftp.sra.ebi.ac.uk/vol1/fastq/ERR321/ERR321158/ERR321158_1.fastq.gz;ftp.sra.ebi.ac.uk/vol1/fastq/ERR321/ERR321158/ERR321158_2.fastq.gz	ftp.sra.ebi.ac.uk/vol1/run/ERR321/ERR321158/MetaHIT-MH0042_090125.rmHuman.rmHost.1.fq.gz;ftp.sra.ebi.ac.uk/vol1/run/ERR321/ERR321158/MetaHIT-MH0042_090125.rmHuman.rmHost.2.fq.gz	
ERR321166	PRJEB4336	SAMEA2148024	ERX294299	408170	human gut metagenome	ftp.sra.ebi.ac.uk/vol1/fastq/ERR321/ERR321166/ERR321166_1.fastq.gz;ftp.sra.ebi.ac.uk/vol1/fastq/ERR321/ERR321166/ERR321166_2.fastq.gz	ftp.sra.ebi.ac.uk/vol1/run/ERR321/ERR321166/MetaHIT-MH0046_090125.rmHuman.rmHost.1.fq.gz;ftp.sra.ebi.ac.uk/vol1/run/ERR321/ERR321166/MetaHIT-MH0046_090125.rmHuman.rmHost.2.fq.gz	
ERR321167	PRJEB4336	SAMEA2152315	ERX294300	408170	human gut metagenome	ftp.sra.ebi.ac.uk/vol1/fastq/ERR321/ERR321167/ERR321167_1.fastq.gz;ftp.sra.ebi.ac.uk/vol1/fastq/ERR321/ERR321167/ERR321167_2.fastq.gz	ftp.sra.ebi.ac.uk/vol1/run/ERR321/ERR321167/MetaHIT-MH0047_081223.rmHuman.rmHost.1.fq.gz;ftp.sra.ebi.ac.uk/vol1/run/ERR321/ERR321167/MetaHIT-MH0047_081223.rmHuman.rmHost.2.fq.gz	
ERR321174	PRJEB4336	SAMEA2149568	ERX294307	408170	human gut metagenome	ftp.sra.ebi.ac.uk/vol1/fastq/ERR321/ERR321174/ERR321174_1.fastq.gz;ftp.sra.ebi.ac.uk/vol1/fastq/ERR321/ERR321174/ERR321174_2.fastq.gz	ftp.sra.ebi.ac.uk/vol1/run/ERR321/ERR321174/MetaHIT-MH0050_090201.rmHuman.rmHost.1.fq.gz;ftp.sra.ebi.ac.uk/vol1/run/ERR321/ERR321174/MetaHIT-MH0050_090201.rmHuman.rmHost.2.fq.gz	
ERR321182	PRJEB4336	SAMEA2146778	ERX294315	408170	human gut metagenome	ftp.sra.ebi.ac.uk/vol1/fastq/ERR321/ERR321182/ERR321182_1.fastq.gz;ftp.sra.ebi.ac.uk/vol1/fastq/ERR321/ERR321182/ERR321182_2.fastq.gz	ftp.sra.ebi.ac.uk/vol1/run/ERR321/ERR321182/MetaHIT-MH0054_090125.rmHuman.rmHost.1.fq.gz;ftp.sra.ebi.ac.uk/vol1/run/ERR321/ERR321182/MetaHIT-MH0054_090125.rmHuman.rmHost.2.fq.gz	
ERR321183	PRJEB4336	SAMEA2148733	ERX294316	408170	human gut metagenome	ftp.sra.ebi.ac.uk/vol1/fastq/ERR321/ERR321183/ERR321183_1.fastq.gz;ftp.sra.ebi.ac.uk/vol1/fastq/ERR321/ERR321183/ERR321183_2.fastq.gz	ftp.sra.ebi.ac.uk/vol1/run/ERR321/ERR321183/MetaHIT-MH0055_081223.rmHuman.rmHost.1.fq.gz;ftp.sra.ebi.ac.uk/vol1/run/ERR321/ERR321183/MetaHIT-MH0055_081223.rmHuman.rmHost.2.fq.gz	
ERR321184	PRJEB4336	SAMEA2148733	ERX294317	408170	human gut metagenome	ftp.sra.ebi.ac.uk/vol1/fastq/ERR321/ERR321184/ERR321184_1.fastq.gz;ftp.sra.ebi.ac.uk/vol1/fastq/ERR321/ERR321184/ERR321184_2.fastq.gz	ftp.sra.ebi.ac.uk/vol1/run/ERR321/ERR321184/MetaHIT-MH0055_090125.rmHuman.rmHost.1.fq.gz;ftp.sra.ebi.ac.uk/vol1/run/ERR321/ERR321184/MetaHIT-MH0055_090125.rmHuman.rmHost.2.fq.gz	
ERR321186	PRJEB4336	SAMEA2150283	ERX294319	408170	human gut metagenome	ftp.sra.ebi.ac.uk/vol1/fastq/ERR321/ERR321186/ERR321186_1.fastq.gz;ftp.sra.ebi.ac.uk/vol1/fastq/ERR321/ERR321186/ERR321186_2.fastq.gz	ftp.sra.ebi.ac.uk/vol1/run/ERR321/ERR321186/MetaHIT-MH0056_090125.rmHuman.rmHost.1.fq.gz;ftp.sra.ebi.ac.uk/vol1/run/ERR321/ERR321186/MetaHIT-MH0056_090125.rmHuman.rmHost.2.fq.gz	
ERR321192	PRJEB4336	SAMEA2155215	ERX294325	408170	human gut metagenome	ftp.sra.ebi.ac.uk/vol1/fastq/ERR321/ERR321192/ERR321192_1.fastq.gz;ftp.sra.ebi.ac.uk/vol1/fastq/ERR321/ERR321192/ERR321192_2.fastq.gz	ftp.sra.ebi.ac.uk/vol1/run/ERR321/ERR321192/MetaHIT-MH0059_090105.rmHuman.rmHost.1.fq.gz;ftp.sra.ebi.ac.uk/vol1/run/ERR321/ERR321192/MetaHIT-MH0059_090105.rmHuman.rmHost.2.fq.gz	
ERR321193	PRJEB4336	SAMEA2161608	ERX294326	408170	human gut metagenome	ftp.sra.ebi.ac.uk/vol1/fastq/ERR321/ERR321193/ERR321193_1.fastq.gz;ftp.sra.ebi.ac.uk/vol1/fastq/ERR321/ERR321193/ERR321193_2.fastq.gz	ftp.sra.ebi.ac.uk/vol1/run/ERR321/ERR321193/MetaHIT-MH0060_081222.rmHuman.rmHost.1.fq.gz;ftp.sra.ebi.ac.uk/vol1/run/ERR321/ERR321193/MetaHIT-MH0060_081222.rmHuman.rmHost.2.fq.gz	
ERR321199	PRJEB4336	SAMEA2151035	ERX294332	408170	human gut metagenome	ftp.sra.ebi.ac.uk/vol1/fastq/ERR321/ERR321199/ERR321199_1.fastq.gz;ftp.sra.ebi.ac.uk/vol1/fastq/ERR321/ERR321199/ERR321199_2.fastq.gz	ftp.sra.ebi.ac.uk/vol1/run/ERR321/ERR321199/MetaHIT-MH0063_090103.rmHuman.rmHost.1.fq.gz;ftp.sra.ebi.ac.uk/vol1/run/ERR321/ERR321199/MetaHIT-MH0063_090103.rmHuman.rmHost.2.fq.gz	
ERR321204	PRJEB4336	SAMEA2150814	ERX294337	408170	human gut metagenome	ftp.sra.ebi.ac.uk/vol1/fastq/ERR321/ERR321204/ERR321204_1.fastq.gz;ftp.sra.ebi.ac.uk/vol1/fastq/ERR321/ERR321204/ERR321204_2.fastq.gz	ftp.sra.ebi.ac.uk/vol1/run/ERR321/ERR321204/MetaHIT-MH0065_090126.rmHuman.rmHost.1.fq.gz;ftp.sra.ebi.ac.uk/vol1/run/ERR321/ERR321204/MetaHIT-MH0065_090126.rmHuman.rmHost.2.fq.gz	
ERR321206	PRJEB4336	SAMEA2154930	ERX294339	408170	human gut metagenome	ftp.sra.ebi.ac.uk/vol1/fastq/ERR321/ERR321206/ERR321206_1.fastq.gz;ftp.sra.ebi.ac.uk/vol1/fastq/ERR321/ERR321206/ERR321206_2.fastq.gz	ftp.sra.ebi.ac.uk/vol1/run/ERR321/ERR321206/MetaHIT-MH0066_090126.rmHuman.rmHost.1.fq.gz;ftp.sra.ebi.ac.uk/vol1/run/ERR321/ERR321206/MetaHIT-MH0066_090126.rmHuman.rmHost.2.fq.gz	
ERR321208	PRJEB4336	SAMEA2162460	ERX294341	408170	human gut metagenome	ftp.sra.ebi.ac.uk/vol1/fastq/ERR321/ERR321208/ERR321208_1.fastq.gz;ftp.sra.ebi.ac.uk/vol1/fastq/ERR321/ERR321208/ERR321208_2.fastq.gz	ftp.sra.ebi.ac.uk/vol1/run/ERR321/ERR321208/MetaHIT-MH0067_090126.rmHuman.rmHost.1.fq.gz;ftp.sra.ebi.ac.uk/vol1/run/ERR321/ERR321208/MetaHIT-MH0067_090126.rmHuman.rmHost.2.fq.gz	
ERR321211	PRJEB4336	SAMEA2143745	ERX294344	408170	human gut metagenome	ftp.sra.ebi.ac.uk/vol1/fastq/ERR321/ERR321211/ERR321211_1.fastq.gz;ftp.sra.ebi.ac.uk/vol1/fastq/ERR321/ERR321211/ERR321211_2.fastq.gz	ftp.sra.ebi.ac.uk/vol1/run/ERR321/ERR321211/MetaHIT-MH0069_081209.rmHuman.rmHost.1.fq.gz;ftp.sra.ebi.ac.uk/vol1/run/ERR321/ERR321211/MetaHIT-MH0069_081209.rmHuman.rmHost.2.fq.gz	
ERR321224	PRJEB4336	SAMEA2159541	ERX294357	408170	human gut metagenome	ftp.sra.ebi.ac.uk/vol1/fastq/ERR321/ERR321224/ERR321224_1.fastq.gz;ftp.sra.ebi.ac.uk/vol1/fastq/ERR321/ERR321224/ERR321224_2.fastq.gz	ftp.sra.ebi.ac.uk/vol1/run/ERR321/ERR321224/MetaHIT-MH0075_090104.rmHuman.rmHost.1.fq.gz;ftp.sra.ebi.ac.uk/vol1/run/ERR321/ERR321224/MetaHIT-MH0075_090104.rmHuman.rmHost.2.fq.gz	
ERR321231	PRJEB4336	SAMEA2158480	ERX294364	408170	human gut metagenome	ftp.sra.ebi.ac.uk/vol1/fastq/ERR321/ERR321231/ERR321231_1.fastq.gz;ftp.sra.ebi.ac.uk/vol1/fastq/ERR321/ERR321231/ERR321231_2.fastq.gz	ftp.sra.ebi.ac.uk/vol1/run/ERR321/ERR321231/MetaHIT-MH0078_090130.rmHuman.rmHost.1.fq.gz;ftp.sra.ebi.ac.uk/vol1/run/ERR321/ERR321231/MetaHIT-MH0078_090130.rmHuman.rmHost.2.fq.gz	
ERR321237	PRJEB4336	SAMEA2152904	ERX294370	408170	human gut metagenome	ftp.sra.ebi.ac.uk/vol1/fastq/ERR321/ERR321237/ERR321237_1.fastq.gz;ftp.sra.ebi.ac.uk/vol1/fastq/ERR321/ERR321237/ERR321237_2.fastq.gz	ftp.sra.ebi.ac.uk/vol1/run/ERR321/ERR321237/MetaHIT-MH0081_090130.rmHuman.rmHost.1.fq.gz;ftp.sra.ebi.ac.uk/vol1/run/ERR321/ERR321237/MetaHIT-MH0081_090130.rmHuman.rmHost.2.fq.gz	
ERR321240	PRJEB4336	SAMEA2151468	ERX294373	408170	human gut metagenome	ftp.sra.ebi.ac.uk/vol1/fastq/ERR321/ERR321240/ERR321240_1.fastq.gz;ftp.sra.ebi.ac.uk/vol1/fastq/ERR321/ERR321240/ERR321240_2.fastq.gz	ftp.sra.ebi.ac.uk/vol1/run/ERR321/ERR321240/MetaHIT-MH0083_090105.rmHuman.rmHost.1.fq.gz;ftp.sra.ebi.ac.uk/vol1/run/ERR321/ERR321240/MetaHIT-MH0083_090105.rmHuman.rmHost.2.fq.gz	
ERR321243	PRJEB4336	SAMEA2154726	ERX294376	408170	human gut metagenome	ftp.sra.ebi.ac.uk/vol1/fastq/ERR321/ERR321243/ERR321243_1.fastq.gz;ftp.sra.ebi.ac.uk/vol1/fastq/ERR321/ERR321243/ERR321243_2.fastq.gz	ftp.sra.ebi.ac.uk/vol1/run/ERR321/ERR321243/MetaHIT-MH0084_090126.rmHuman.rmHost.1.fq.gz;ftp.sra.ebi.ac.uk/vol1/run/ERR321/ERR321243/MetaHIT-MH0084_090126.rmHuman.rmHost.2.fq.gz	
ERR321247	PRJEB4336	SAMEA2163052	ERX294380	408170	human gut metagenome	ftp.sra.ebi.ac.uk/vol1/fastq/ERR321/ERR321247/ERR321247_1.fastq.gz;ftp.sra.ebi.ac.uk/vol1/fastq/ERR321/ERR321247/ERR321247_2.fastq.gz	ftp.sra.ebi.ac.uk/vol1/run/ERR321/ERR321247/MetaHIT-MH0086_090325.rmHuman.rmHost.1.fq.gz;ftp.sra.ebi.ac.uk/vol1/run/ERR321/ERR321247/MetaHIT-MH0086_090325.rmHuman.rmHost.2.fq.gz	
ERR321253	PRJEB4336	SAMEA1969126	ERX294386	408170	human gut metagenome	ftp.sra.ebi.ac.uk/vol1/fastq/ERR321/ERR321253/ERR321253_1.fastq.gz;ftp.sra.ebi.ac.uk/vol1/fastq/ERR321/ERR321253/ERR321253_2.fastq.gz	ftp.sra.ebi.ac.uk/vol1/run/ERR321/ERR321253/MetaHIT-MH0089_20091023.rmHuman.rmHost.1.fq.gz;ftp.sra.ebi.ac.uk/vol1/run/ERR321/ERR321253/MetaHIT-MH0089_20091023.rmHuman.rmHost.2.fq.gz	
ERR321255	PRJEB4336	SAMEA1969126	ERX294388	408170	human gut metagenome	ftp.sra.ebi.ac.uk/vol1/fastq/ERR321/ERR321255/ERR321255_1.fastq.gz;ftp.sra.ebi.ac.uk/vol1/fastq/ERR321/ERR321255/ERR321255_2.fastq.gz	ftp.sra.ebi.ac.uk/vol1/run/ERR321/ERR321255/MetaHIT-MH0089_20100125L4.rmHuman.rmHost.1.fq.gz;ftp.sra.ebi.ac.uk/vol1/run/ERR321/ERR321255/MetaHIT-MH0089_20100125L4.rmHuman.rmHost.2.fq.gz	
ERR321260	PRJEB4336	SAMEA2151677	ERX294393	408170	human gut metagenome	ftp.sra.ebi.ac.uk/vol1/fastq/ERR321/ERR321260/ERR321260_1.fastq.gz;ftp.sra.ebi.ac.uk/vol1/fastq/ERR321/ERR321260/ERR321260_2.fastq.gz	ftp.sra.ebi.ac.uk/vol1/run/ERR321/ERR321260/MetaHIT-MH0090_20100129L3.rmHuman.rmHost.1.fq.gz;ftp.sra.ebi.ac.uk/vol1/run/ERR321/ERR321260/MetaHIT-MH0090_20100129L3.rmHuman.rmHost.2.fq.gz	
ERR321264	PRJEB4336	SAMEA2159429	ERX294397	408170	human gut metagenome	ftp.sra.ebi.ac.uk/vol1/fastq/ERR321/ERR321264/ERR321264_1.fastq.gz;ftp.sra.ebi.ac.uk/vol1/fastq/ERR321/ERR321264/ERR321264_2.fastq.gz	ftp.sra.ebi.ac.uk/vol1/run/ERR321/ERR321264/MetaHIT-MH0092_20091124L4.rmHuman.rmHost.1.fq.gz;ftp.sra.ebi.ac.uk/vol1/run/ERR321/ERR321264/MetaHIT-MH0092_20091124L4.rmHuman.rmHost.2.fq.gz	
ERR321266	PRJEB4336	SAMEA2159429	ERX294399	408170	human gut metagenome	ftp.sra.ebi.ac.uk/vol1/fastq/ERR321/ERR321266/ERR321266_1.fastq.gz;ftp.sra.ebi.ac.uk/vol1/fastq/ERR321/ERR321266/ERR321266_2.fastq.gz	ftp.sra.ebi.ac.uk/vol1/run/ERR321/ERR321266/MetaHIT-MH0092_20091126L5.rmHuman.rmHost.1.fq.gz;ftp.sra.ebi.ac.uk/vol1/run/ERR321/ERR321266/MetaHIT-MH0092_20091126L5.rmHuman.rmHost.2.fq.gz	
ERR321269	PRJEB4336	SAMEA2163504	ERX294402	408170	human gut metagenome	ftp.sra.ebi.ac.uk/vol1/fastq/ERR321/ERR321269/ERR321269_1.fastq.gz;ftp.sra.ebi.ac.uk/vol1/fastq/ERR321/ERR321269/ERR321269_2.fastq.gz	ftp.sra.ebi.ac.uk/vol1/run/ERR321/ERR321269/MetaHIT-MH0093_20091014.rmHuman.rmHost.1.fq.gz;ftp.sra.ebi.ac.uk/vol1/run/ERR321/ERR321269/MetaHIT-MH0093_20091014.rmHuman.rmHost.2.fq.gz	
ERR321275	PRJEB4336	SAMEA2155310	ERX294408	408170	human gut metagenome	ftp.sra.ebi.ac.uk/vol1/fastq/ERR321/ERR321275/ERR321275_1.fastq.gz;ftp.sra.ebi.ac.uk/vol1/fastq/ERR321/ERR321275/ERR321275_2.fastq.gz	ftp.sra.ebi.ac.uk/vol1/run/ERR321/ERR321275/MetaHIT-MH0094_20091014.rmHuman.rmHost.1.fq.gz;ftp.sra.ebi.ac.uk/vol1/run/ERR321/ERR321275/MetaHIT-MH0094_20091014.rmHuman.rmHost.2.fq.gz	
ERR321281	PRJEB4336	SAMEA2157192	ERX294414	408170	human gut metagenome	ftp.sra.ebi.ac.uk/vol1/fastq/ERR321/ERR321281/ERR321281_1.fastq.gz;ftp.sra.ebi.ac.uk/vol1/fastq/ERR321/ERR321281/ERR321281_2.fastq.gz	ftp.sra.ebi.ac.uk/vol1/run/ERR321/ERR321281/MetaHIT-MH0095_20091014.rmHuman.rmHost.1.fq.gz;ftp.sra.ebi.ac.uk/vol1/run/ERR321/ERR321281/MetaHIT-MH0095_20091014.rmHuman.rmHost.2.fq.gz	
ERR321282	PRJEB4336	SAMEA2157192	ERX294415	408170	human gut metagenome	ftp.sra.ebi.ac.uk/vol1/fastq/ERR321/ERR321282/ERR321282_1.fastq.gz;ftp.sra.ebi.ac.uk/vol1/fastq/ERR321/ERR321282/ERR321282_2.fastq.gz	ftp.sra.ebi.ac.uk/vol1/run/ERR321/ERR321282/MetaHIT-MH0095_20091124L3.rmHuman.rmHost.1.fq.gz;ftp.sra.ebi.ac.uk/vol1/run/ERR321/ERR321282/MetaHIT-MH0095_20091124L3.rmHuman.rmHost.2.fq.gz	
ERR321290	PRJEB4336	SAMEA2146731	ERX294423	408170	human gut metagenome	ftp.sra.ebi.ac.uk/vol1/fastq/ERR321/ERR321290/ERR321290_1.fastq.gz;ftp.sra.ebi.ac.uk/vol1/fastq/ERR321/ERR321290/ERR321290_2.fastq.gz	ftp.sra.ebi.ac.uk/vol1/run/ERR321/ERR321290/MetaHIT-MH0096_20091126L5.rmHuman.rmHost.1.fq.gz;ftp.sra.ebi.ac.uk/vol1/run/ERR321/ERR321290/MetaHIT-MH0096_20091126L5.rmHuman.rmHost.2.fq.gz	
ERR321291	PRJEB4336	SAMEA2146731	ERX294424	408170	human gut metagenome	ftp.sra.ebi.ac.uk/vol1/fastq/ERR321/ERR321291/ERR321291_1.fastq.gz;ftp.sra.ebi.ac.uk/vol1/fastq/ERR321/ERR321291/ERR321291_2.fastq.gz	ftp.sra.ebi.ac.uk/vol1/run/ERR321/ERR321291/MetaHIT-MH0096_20091128L4.rmHuman.rmHost.1.fq.gz;ftp.sra.ebi.ac.uk/vol1/run/ERR321/ERR321291/MetaHIT-MH0096_20091128L4.rmHuman.rmHost.2.fq.gz	
ERR321299	PRJEB4336	SAMEA2151391	ERX294432	408170	human gut metagenome	ftp.sra.ebi.ac.uk/vol1/fastq/ERR321/ERR321299/ERR321299_1.fastq.gz;ftp.sra.ebi.ac.uk/vol1/fastq/ERR321/ERR321299/ERR321299_2.fastq.gz	ftp.sra.ebi.ac.uk/vol1/run/ERR321/ERR321299/MetaHIT-MH0098_20091014.rmHuman.rmHost.1.fq.gz;ftp.sra.ebi.ac.uk/vol1/run/ERR321/ERR321299/MetaHIT-MH0098_20091014.rmHuman.rmHost.2.fq.gz	
ERR321302	PRJEB4336	SAMEA2151391	ERX294435	408170	human gut metagenome	ftp.sra.ebi.ac.uk/vol1/fastq/ERR321/ERR321302/ERR321302_1.fastq.gz;ftp.sra.ebi.ac.uk/vol1/fastq/ERR321/ERR321302/ERR321302_2.fastq.gz	ftp.sra.ebi.ac.uk/vol1/run/ERR321/ERR321302/MetaHIT-MH0098_20091126L3.rmHuman.rmHost.1.fq.gz;ftp.sra.ebi.ac.uk/vol1/run/ERR321/ERR321302/MetaHIT-MH0098_20091126L3.rmHuman.rmHost.2.fq.gz	
ERR321304	PRJEB4336	SAMEA1966821	ERX294437	408170	human gut metagenome	ftp.sra.ebi.ac.uk/vol1/fastq/ERR321/ERR321304/ERR321304_1.fastq.gz;ftp.sra.ebi.ac.uk/vol1/fastq/ERR321/ERR321304/ERR321304_2.fastq.gz	ftp.sra.ebi.ac.uk/vol1/run/ERR321/ERR321304/MetaHIT-MH0099_20091124L2.rmHuman.rmHost.1.fq.gz;ftp.sra.ebi.ac.uk/vol1/run/ERR321/ERR321304/MetaHIT-MH0099_20091124L2.rmHuman.rmHost.2.fq.gz	
ERR321305	PRJEB4336	SAMEA1966821	ERX294438	408170	human gut metagenome	ftp.sra.ebi.ac.uk/vol1/fastq/ERR321/ERR321305/ERR321305_1.fastq.gz;ftp.sra.ebi.ac.uk/vol1/fastq/ERR321/ERR321305/ERR321305_2.fastq.gz	ftp.sra.ebi.ac.uk/vol1/run/ERR321/ERR321305/MetaHIT-MH0099_20091124L3.rmHuman.rmHost.1.fq.gz;ftp.sra.ebi.ac.uk/vol1/run/ERR321/ERR321305/MetaHIT-MH0099_20091124L3.rmHuman.rmHost.2.fq.gz	
ERR321309	PRJEB4336	SAMEA2146682	ERX294442	408170	human gut metagenome	ftp.sra.ebi.ac.uk/vol1/fastq/ERR321/ERR321309/ERR321309_1.fastq.gz;ftp.sra.ebi.ac.uk/vol1/fastq/ERR321/ERR321309/ERR321309_2.fastq.gz	ftp.sra.ebi.ac.uk/vol1/run/ERR321/ERR321309/MetaHIT-MH0100_20091107L7.rmHuman.rmHost.1.fq.gz;ftp.sra.ebi.ac.uk/vol1/run/ERR321/ERR321309/MetaHIT-MH0100_20091107L7.rmHuman.rmHost.2.fq.gz	
ERR321310	PRJEB4336	SAMEA2146682	ERX294443	408170	human gut metagenome	ftp.sra.ebi.ac.uk/vol1/fastq/ERR321/ERR321310/ERR321310_1.fastq.gz;ftp.sra.ebi.ac.uk/vol1/fastq/ERR321/ERR321310/ERR321310_2.fastq.gz	ftp.sra.ebi.ac.uk/vol1/run/ERR321/ERR321310/MetaHIT-MH0100_20091124L8.rmHuman.rmHost.1.fq.gz;ftp.sra.ebi.ac.uk/vol1/run/ERR321/ERR321310/MetaHIT-MH0100_20091124L8.rmHuman.rmHost.2.fq.gz	
ERR321320	PRJEB4336	SAMEA2145068	ERX294453	408170	human gut metagenome	ftp.sra.ebi.ac.uk/vol1/fastq/ERR321/ERR321320/ERR321320_1.fastq.gz;ftp.sra.ebi.ac.uk/vol1/fastq/ERR321/ERR321320/ERR321320_2.fastq.gz	ftp.sra.ebi.ac.uk/vol1/run/ERR321/ERR321320/MetaHIT-MH0102_20091124L7.rmHuman.rmHost.1.fq.gz;ftp.sra.ebi.ac.uk/vol1/run/ERR321/ERR321320/MetaHIT-MH0102_20091124L7.rmHuman.rmHost.2.fq.gz	
ERR321321	PRJEB4336	SAMEA2145068	ERX294454	408170	human gut metagenome	ftp.sra.ebi.ac.uk/vol1/fastq/ERR321/ERR321321/ERR321321_1.fastq.gz;ftp.sra.ebi.ac.uk/vol1/fastq/ERR321/ERR321321/ERR321321_2.fastq.gz	ftp.sra.ebi.ac.uk/vol1/run/ERR321/ERR321321/MetaHIT-MH0102_20091212L3.rmHuman.rmHost.1.fq.gz;ftp.sra.ebi.ac.uk/vol1/run/ERR321/ERR321321/MetaHIT-MH0102_20091212L3.rmHuman.rmHost.2.fq.gz	
ERR321322	PRJEB4336	SAMEA2147216	ERX294455	408170	human gut metagenome	ftp.sra.ebi.ac.uk/vol1/fastq/ERR321/ERR321322/ERR321322_1.fastq.gz;ftp.sra.ebi.ac.uk/vol1/fastq/ERR321/ERR321322/ERR321322_2.fastq.gz	ftp.sra.ebi.ac.uk/vol1/run/ERR321/ERR321322/MetaHIT-MH0103_20091014.rmHuman.rmHost.1.fq.gz;ftp.sra.ebi.ac.uk/vol1/run/ERR321/ERR321322/MetaHIT-MH0103_20091014.rmHuman.rmHost.2.fq.gz	
ERR321324	PRJEB4336	SAMEA2147216	ERX294457	408170	human gut metagenome	ftp.sra.ebi.ac.uk/vol1/fastq/ERR321/ERR321324/ERR321324_1.fastq.gz;ftp.sra.ebi.ac.uk/vol1/fastq/ERR321/ERR321324/ERR321324_2.fastq.gz	ftp.sra.ebi.ac.uk/vol1/run/ERR321/ERR321324/MetaHIT-MH0103_20091124L6.rmHuman.rmHost.1.fq.gz;ftp.sra.ebi.ac.uk/vol1/run/ERR321/ERR321324/MetaHIT-MH0103_20091124L6.rmHuman.rmHost.2.fq.gz	
ERR321325	PRJEB4336	SAMEA2147216	ERX294458	408170	human gut metagenome	ftp.sra.ebi.ac.uk/vol1/fastq/ERR321/ERR321325/ERR321325_1.fastq.gz;ftp.sra.ebi.ac.uk/vol1/fastq/ERR321/ERR321325/ERR321325_2.fastq.gz	ftp.sra.ebi.ac.uk/vol1/run/ERR321/ERR321325/MetaHIT-MH0103_20091124L7.rmHuman.rmHost.1.fq.gz;ftp.sra.ebi.ac.uk/vol1/run/ERR321/ERR321325/MetaHIT-MH0103_20091124L7.rmHuman.rmHost.2.fq.gz	
ERR321326	PRJEB4336	SAMEA2147216	ERX294459	408170	human gut metagenome	ftp.sra.ebi.ac.uk/vol1/fastq/ERR321/ERR321326/ERR321326_1.fastq.gz;ftp.sra.ebi.ac.uk/vol1/fastq/ERR321/ERR321326/ERR321326_2.fastq.gz	ftp.sra.ebi.ac.uk/vol1/run/ERR321/ERR321326/MetaHIT-MH0103_20091212L3.rmHuman.rmHost.1.fq.gz;ftp.sra.ebi.ac.uk/vol1/run/ERR321/ERR321326/MetaHIT-MH0103_20091212L3.rmHuman.rmHost.2.fq.gz	
ERR321328	PRJEB4336	SAMEA2144588	ERX294461	408170	human gut metagenome	ftp.sra.ebi.ac.uk/vol1/fastq/ERR321/ERR321328/ERR321328_1.fastq.gz;ftp.sra.ebi.ac.uk/vol1/fastq/ERR321/ERR321328/ERR321328_2.fastq.gz	ftp.sra.ebi.ac.uk/vol1/run/ERR321/ERR321328/MetaHIT-MH0104_20091107L8.rmHuman.rmHost.1.fq.gz;ftp.sra.ebi.ac.uk/vol1/run/ERR321/ERR321328/MetaHIT-MH0104_20091107L8.rmHuman.rmHost.2.fq.gz	
ERR321336	PRJEB4336	SAMEA2162880	ERX294469	408170	human gut metagenome	ftp.sra.ebi.ac.uk/vol1/fastq/ERR321/ERR321336/ERR321336_1.fastq.gz;ftp.sra.ebi.ac.uk/vol1/fastq/ERR321/ERR321336/ERR321336_2.fastq.gz	ftp.sra.ebi.ac.uk/vol1/run/ERR321/ERR321336/MetaHIT-MH0105_20091124L3.rmHuman.rmHost.1.fq.gz;ftp.sra.ebi.ac.uk/vol1/run/ERR321/ERR321336/MetaHIT-MH0105_20091124L3.rmHuman.rmHost.2.fq.gz	
ERR321339	PRJEB4336	SAMEA2153557	ERX294472	408170	human gut metagenome	ftp.sra.ebi.ac.uk/vol1/fastq/ERR321/ERR321339/ERR321339_1.fastq.gz;ftp.sra.ebi.ac.uk/vol1/fastq/ERR321/ERR321339/ERR321339_2.fastq.gz	ftp.sra.ebi.ac.uk/vol1/run/ERR321/ERR321339/MetaHIT-MH0106_20091015.rmHuman.rmHost.1.fq.gz;ftp.sra.ebi.ac.uk/vol1/run/ERR321/ERR321339/MetaHIT-MH0106_20091015.rmHuman.rmHost.2.fq.gz	
ERR321343	PRJEB4336	SAMEA2153557	ERX294476	408170	human gut metagenome	ftp.sra.ebi.ac.uk/vol1/fastq/ERR321/ERR321343/ERR321343_1.fastq.gz;ftp.sra.ebi.ac.uk/vol1/fastq/ERR321/ERR321343/ERR321343_2.fastq.gz	ftp.sra.ebi.ac.uk/vol1/run/ERR321/ERR321343/MetaHIT-MH0106_20091126L7.rmHuman.rmHost.1.fq.gz;ftp.sra.ebi.ac.uk/vol1/run/ERR321/ERR321343/MetaHIT-MH0106_20091126L7.rmHuman.rmHost.2.fq.gz	
ERR321345	PRJEB4336	SAMEA2153557	ERX294478	408170	human gut metagenome	ftp.sra.ebi.ac.uk/vol1/fastq/ERR321/ERR321345/ERR321345_1.fastq.gz;ftp.sra.ebi.ac.uk/vol1/fastq/ERR321/ERR321345/ERR321345_2.fastq.gz	ftp.sra.ebi.ac.uk/vol1/run/ERR321/ERR321345/MetaHIT-MH0106_20091212L5.rmHuman.rmHost.1.fq.gz;ftp.sra.ebi.ac.uk/vol1/run/ERR321/ERR321345/MetaHIT-MH0106_20091212L5.rmHuman.rmHost.2.fq.gz	
ERR321346	PRJEB4336	SAMEA2149539	ERX294479	408170	human gut metagenome	ftp.sra.ebi.ac.uk/vol1/fastq/ERR321/ERR321346/ERR321346_1.fastq.gz;ftp.sra.ebi.ac.uk/vol1/fastq/ERR321/ERR321346/ERR321346_2.fastq.gz	ftp.sra.ebi.ac.uk/vol1/run/ERR321/ERR321346/MetaHIT-MH0107_20091015.rmHuman.rmHost.1.fq.gz;ftp.sra.ebi.ac.uk/vol1/run/ERR321/ERR321346/MetaHIT-MH0107_20091015.rmHuman.rmHost.2.fq.gz	
ERR321348	PRJEB4336	SAMEA2149539	ERX294481	408170	human gut metagenome	ftp.sra.ebi.ac.uk/vol1/fastq/ERR321/ERR321348/ERR321348_1.fastq.gz;ftp.sra.ebi.ac.uk/vol1/fastq/ERR321/ERR321348/ERR321348_2.fastq.gz	ftp.sra.ebi.ac.uk/vol1/run/ERR321/ERR321348/MetaHIT-MH0107_20091124L5.rmHuman.rmHost.1.fq.gz;ftp.sra.ebi.ac.uk/vol1/run/ERR321/ERR321348/MetaHIT-MH0107_20091124L5.rmHuman.rmHost.2.fq.gz	
ERR321354	PRJEB4336	SAMEA2158408	ERX294487	408170	human gut metagenome	ftp.sra.ebi.ac.uk/vol1/fastq/ERR321/ERR321354/ERR321354_1.fastq.gz;ftp.sra.ebi.ac.uk/vol1/fastq/ERR321/ERR321354/ERR321354_2.fastq.gz	ftp.sra.ebi.ac.uk/vol1/run/ERR321/ERR321354/MetaHIT-MH0109_20091015.rmHuman.rmHost.1.fq.gz;ftp.sra.ebi.ac.uk/vol1/run/ERR321/ERR321354/MetaHIT-MH0109_20091015.rmHuman.rmHost.2.fq.gz	
ERR321357	PRJEB4336	SAMEA2158408	ERX294490	408170	human gut metagenome	ftp.sra.ebi.ac.uk/vol1/fastq/ERR321/ERR321357/ERR321357_1.fastq.gz;ftp.sra.ebi.ac.uk/vol1/fastq/ERR321/ERR321357/ERR321357_2.fastq.gz	ftp.sra.ebi.ac.uk/vol1/run/ERR321/ERR321357/MetaHIT-MH0109_20091124L4.rmHuman.rmHost.1.fq.gz;ftp.sra.ebi.ac.uk/vol1/run/ERR321/ERR321357/MetaHIT-MH0109_20091124L4.rmHuman.rmHost.2.fq.gz	
ERR321358	PRJEB4336	SAMEA2158408	ERX294491	408170	human gut metagenome	ftp.sra.ebi.ac.uk/vol1/fastq/ERR321/ERR321358/ERR321358_1.fastq.gz;ftp.sra.ebi.ac.uk/vol1/fastq/ERR321/ERR321358/ERR321358_2.fastq.gz	ftp.sra.ebi.ac.uk/vol1/run/ERR321/ERR321358/MetaHIT-MH0109_20091212L2.rmHuman.rmHost.1.fq.gz;ftp.sra.ebi.ac.uk/vol1/run/ERR321/ERR321358/MetaHIT-MH0109_20091212L2.rmHuman.rmHost.2.fq.gz	
ERR321359	PRJEB4336	SAMEA2147022	ERX294492	408170	human gut metagenome	ftp.sra.ebi.ac.uk/vol1/fastq/ERR321/ERR321359/ERR321359_1.fastq.gz;ftp.sra.ebi.ac.uk/vol1/fastq/ERR321/ERR321359/ERR321359_2.fastq.gz	ftp.sra.ebi.ac.uk/vol1/run/ERR321/ERR321359/MetaHIT-MH0110_20091014.rmHuman.rmHost.1.fq.gz;ftp.sra.ebi.ac.uk/vol1/run/ERR321/ERR321359/MetaHIT-MH0110_20091014.rmHuman.rmHost.2.fq.gz	
ERR321363	PRJEB4336	SAMEA2147022	ERX294496	408170	human gut metagenome	ftp.sra.ebi.ac.uk/vol1/fastq/ERR321/ERR321363/ERR321363_1.fastq.gz;ftp.sra.ebi.ac.uk/vol1/fastq/ERR321/ERR321363/ERR321363_2.fastq.gz	ftp.sra.ebi.ac.uk/vol1/run/ERR321/ERR321363/MetaHIT-MH0110_20091128L4.rmHuman.rmHost.1.fq.gz;ftp.sra.ebi.ac.uk/vol1/run/ERR321/ERR321363/MetaHIT-MH0110_20091128L4.rmHuman.rmHost.2.fq.gz	
ERR321365	PRJEB4336	SAMEA2146320	ERX294498	408170	human gut metagenome	ftp.sra.ebi.ac.uk/vol1/fastq/ERR321/ERR321365/ERR321365_1.fastq.gz;ftp.sra.ebi.ac.uk/vol1/fastq/ERR321/ERR321365/ERR321365_2.fastq.gz	ftp.sra.ebi.ac.uk/vol1/run/ERR321/ERR321365/MetaHIT-MH0111_20091031.rmHuman.rmHost.1.fq.gz;ftp.sra.ebi.ac.uk/vol1/run/ERR321/ERR321365/MetaHIT-MH0111_20091031.rmHuman.rmHost.2.fq.gz	
ERR321366	PRJEB4336	SAMEA2146320	ERX294499	408170	human gut metagenome	ftp.sra.ebi.ac.uk/vol1/fastq/ERR321/ERR321366/ERR321366_1.fastq.gz;ftp.sra.ebi.ac.uk/vol1/fastq/ERR321/ERR321366/ERR321366_2.fastq.gz	ftp.sra.ebi.ac.uk/vol1/run/ERR321/ERR321366/MetaHIT-MH0111_20100124L5.rmHuman.rmHost.1.fq.gz;ftp.sra.ebi.ac.uk/vol1/run/ERR321/ERR321366/MetaHIT-MH0111_20100124L5.rmHuman.rmHost.2.fq.gz	
ERR321368	PRJEB4336	SAMEA2146908	ERX294501	408170	human gut metagenome	ftp.sra.ebi.ac.uk/vol1/fastq/ERR321/ERR321368/ERR321368_1.fastq.gz;ftp.sra.ebi.ac.uk/vol1/fastq/ERR321/ERR321368/ERR321368_2.fastq.gz	ftp.sra.ebi.ac.uk/vol1/run/ERR321/ERR321368/MetaHIT-MH0113_20091031.rmHuman.rmHost.1.fq.gz;ftp.sra.ebi.ac.uk/vol1/run/ERR321/ERR321368/MetaHIT-MH0113_20091031.rmHuman.rmHost.2.fq.gz	
ERR321374	PRJEB4336	SAMEA2147384	ERX294507	408170	human gut metagenome	ftp.sra.ebi.ac.uk/vol1/fastq/ERR321/ERR321374/ERR321374_1.fastq.gz;ftp.sra.ebi.ac.uk/vol1/fastq/ERR321/ERR321374/ERR321374_2.fastq.gz	ftp.sra.ebi.ac.uk/vol1/run/ERR321/ERR321374/MetaHIT-MH0114_20091124L3.rmHuman.rmHost.1.fq.gz;ftp.sra.ebi.ac.uk/vol1/run/ERR321/ERR321374/MetaHIT-MH0114_20091124L3.rmHuman.rmHost.2.fq.gz	
ERR321376	PRJEB4336	SAMEA2147384	ERX294509	408170	human gut metagenome	ftp.sra.ebi.ac.uk/vol1/fastq/ERR321/ERR321376/ERR321376_1.fastq.gz;ftp.sra.ebi.ac.uk/vol1/fastq/ERR321/ERR321376/ERR321376_2.fastq.gz	ftp.sra.ebi.ac.uk/vol1/run/ERR321/ERR321376/MetaHIT-MH0114_20091212L2.rmHuman.rmHost.1.fq.gz;ftp.sra.ebi.ac.uk/vol1/run/ERR321/ERR321376/MetaHIT-MH0114_20091212L2.rmHuman.rmHost.2.fq.gz	
ERR321380	PRJEB4336	SAMEA2154992	ERX294513	408170	human gut metagenome	ftp.sra.ebi.ac.uk/vol1/fastq/ERR321/ERR321380/ERR321380_1.fastq.gz;ftp.sra.ebi.ac.uk/vol1/fastq/ERR321/ERR321380/ERR321380_2.fastq.gz	ftp.sra.ebi.ac.uk/vol1/run/ERR321/ERR321380/MetaHIT-MH0116_20091023.rmHuman.rmHost.1.fq.gz;ftp.sra.ebi.ac.uk/vol1/run/ERR321/ERR321380/MetaHIT-MH0116_20091023.rmHuman.rmHost.2.fq.gz	
ERR321381	PRJEB4336	SAMEA2154992	ERX294514	408170	human gut metagenome	ftp.sra.ebi.ac.uk/vol1/fastq/ERR321/ERR321381/ERR321381_1.fastq.gz;ftp.sra.ebi.ac.uk/vol1/fastq/ERR321/ERR321381/ERR321381_2.fastq.gz	ftp.sra.ebi.ac.uk/vol1/run/ERR321/ERR321381/MetaHIT-MH0116_20091124L4.rmHuman.rmHost.1.fq.gz;ftp.sra.ebi.ac.uk/vol1/run/ERR321/ERR321381/MetaHIT-MH0116_20091124L4.rmHuman.rmHost.2.fq.gz	
ERR321386	PRJEB4336	SAMEA2160045	ERX294519	408170	human gut metagenome	ftp.sra.ebi.ac.uk/vol1/fastq/ERR321/ERR321386/ERR321386_1.fastq.gz;ftp.sra.ebi.ac.uk/vol1/fastq/ERR321/ERR321386/ERR321386_2.fastq.gz	ftp.sra.ebi.ac.uk/vol1/run/ERR321/ERR321386/MetaHIT-MH0117_20091025.rmHuman.rmHost.1.fq.gz;ftp.sra.ebi.ac.uk/vol1/run/ERR321/ERR321386/MetaHIT-MH0117_20091025.rmHuman.rmHost.2.fq.gz	
ERR321387	PRJEB4336	SAMEA2160045	ERX294520	408170	human gut metagenome	ftp.sra.ebi.ac.uk/vol1/fastq/ERR321/ERR321387/ERR321387_1.fastq.gz;ftp.sra.ebi.ac.uk/vol1/fastq/ERR321/ERR321387/ERR321387_2.fastq.gz	ftp.sra.ebi.ac.uk/vol1/run/ERR321/ERR321387/MetaHIT-MH0117_20100124L7.rmHuman.rmHost.1.fq.gz;ftp.sra.ebi.ac.uk/vol1/run/ERR321/ERR321387/MetaHIT-MH0117_20100124L7.rmHuman.rmHost.2.fq.gz	
ERR321388	PRJEB4336	SAMEA2160045	ERX294521	408170	human gut metagenome	ftp.sra.ebi.ac.uk/vol1/fastq/ERR321/ERR321388/ERR321388_1.fastq.gz;ftp.sra.ebi.ac.uk/vol1/fastq/ERR321/ERR321388/ERR321388_2.fastq.gz	ftp.sra.ebi.ac.uk/vol1/run/ERR321/ERR321388/MetaHIT-MH0117_20100125L4.rmHuman.rmHost.1.fq.gz;ftp.sra.ebi.ac.uk/vol1/run/ERR321/ERR321388/MetaHIT-MH0117_20100125L4.rmHuman.rmHost.2.fq.gz	
ERR321389	PRJEB4336	SAMEA2160045	ERX294522	408170	human gut metagenome	ftp.sra.ebi.ac.uk/vol1/fastq/ERR321/ERR321389/ERR321389_1.fastq.gz;ftp.sra.ebi.ac.uk/vol1/fastq/ERR321/ERR321389/ERR321389_2.fastq.gz	ftp.sra.ebi.ac.uk/vol1/run/ERR321/ERR321389/MetaHIT-MH0117_20100125L5.rmHuman.rmHost.1.fq.gz;ftp.sra.ebi.ac.uk/vol1/run/ERR321/ERR321389/MetaHIT-MH0117_20100125L5.rmHuman.rmHost.2.fq.gz	
ERR321394	PRJEB4336	SAMEA2156362	ERX294527	408170	human gut metagenome	ftp.sra.ebi.ac.uk/vol1/fastq/ERR321/ERR321394/ERR321394_1.fastq.gz;ftp.sra.ebi.ac.uk/vol1/fastq/ERR321/ERR321394/ERR321394_2.fastq.gz	ftp.sra.ebi.ac.uk/vol1/run/ERR321/ERR321394/MetaHIT-MH0120_20091025.rmHuman.rmHost.1.fq.gz;ftp.sra.ebi.ac.uk/vol1/run/ERR321/ERR321394/MetaHIT-MH0120_20091025.rmHuman.rmHost.2.fq.gz	
ERR321397	PRJEB4336	SAMEA2156362	ERX294530	408170	human gut metagenome	ftp.sra.ebi.ac.uk/vol1/fastq/ERR321/ERR321397/ERR321397_1.fastq.gz;ftp.sra.ebi.ac.uk/vol1/fastq/ERR321/ERR321397/ERR321397_2.fastq.gz	ftp.sra.ebi.ac.uk/vol1/run/ERR321/ERR321397/MetaHIT-MH0120_20100125L3.rmHuman.rmHost.1.fq.gz;ftp.sra.ebi.ac.uk/vol1/run/ERR321/ERR321397/MetaHIT-MH0120_20100125L3.rmHuman.rmHost.2.fq.gz	
ERR321400	PRJEB4336	SAMEA2153010	ERX294533	408170	human gut metagenome	ftp.sra.ebi.ac.uk/vol1/fastq/ERR321/ERR321400/ERR321400_1.fastq.gz;ftp.sra.ebi.ac.uk/vol1/fastq/ERR321/ERR321400/ERR321400_2.fastq.gz	ftp.sra.ebi.ac.uk/vol1/run/ERR321/ERR321400/MetaHIT-MH0122_20100124L8.rmHuman.rmHost.1.fq.gz;ftp.sra.ebi.ac.uk/vol1/run/ERR321/ERR321400/MetaHIT-MH0122_20100124L8.rmHuman.rmHost.2.fq.gz	
ERR321402	PRJEB4336	SAMEA2153010	ERX294535	408170	human gut metagenome	ftp.sra.ebi.ac.uk/vol1/fastq/ERR321/ERR321402/ERR321402_1.fastq.gz;ftp.sra.ebi.ac.uk/vol1/fastq/ERR321/ERR321402/ERR321402_2.fastq.gz	ftp.sra.ebi.ac.uk/vol1/run/ERR321/ERR321402/MetaHIT-MH0122_20100128L8.rmHuman.rmHost.1.fq.gz;ftp.sra.ebi.ac.uk/vol1/run/ERR321/ERR321402/MetaHIT-MH0122_20100128L8.rmHuman.rmHost.2.fq.gz	
ERR321403	PRJEB4336	SAMEA2153010	ERX294536	408170	human gut metagenome	ftp.sra.ebi.ac.uk/vol1/fastq/ERR321/ERR321403/ERR321403_1.fastq.gz;ftp.sra.ebi.ac.uk/vol1/fastq/ERR321/ERR321403/ERR321403_2.fastq.gz	ftp.sra.ebi.ac.uk/vol1/run/ERR321/ERR321403/MetaHIT-MH0122_20100305L3.rmHuman.rmHost.1.fq.gz;ftp.sra.ebi.ac.uk/vol1/run/ERR321/ERR321403/MetaHIT-MH0122_20100305L3.rmHuman.rmHost.2.fq.gz	
ERR321406	PRJEB4336	SAMEA2158454	ERX294539	408170	human gut metagenome	ftp.sra.ebi.ac.uk/vol1/fastq/ERR321/ERR321406/ERR321406_1.fastq.gz;ftp.sra.ebi.ac.uk/vol1/fastq/ERR321/ERR321406/ERR321406_2.fastq.gz	ftp.sra.ebi.ac.uk/vol1/run/ERR321/ERR321406/MetaHIT-MH0123_20100128L7.rmHuman.rmHost.1.fq.gz;ftp.sra.ebi.ac.uk/vol1/run/ERR321/ERR321406/MetaHIT-MH0123_20100128L7.rmHuman.rmHost.2.fq.gz	
ERR321408	PRJEB4336	SAMEA2158100	ERX294541	408170	human gut metagenome	ftp.sra.ebi.ac.uk/vol1/fastq/ERR321/ERR321408/ERR321408_1.fastq.gz;ftp.sra.ebi.ac.uk/vol1/fastq/ERR321/ERR321408/ERR321408_2.fastq.gz	ftp.sra.ebi.ac.uk/vol1/run/ERR321/ERR321408/MetaHIT-MH0124_20091023.rmHuman.rmHost.1.fq.gz;ftp.sra.ebi.ac.uk/vol1/run/ERR321/ERR321408/MetaHIT-MH0124_20091023.rmHuman.rmHost.2.fq.gz	
ERR321410	PRJEB4336	SAMEA2158100	ERX294543	408170	human gut metagenome	ftp.sra.ebi.ac.uk/vol1/fastq/ERR321/ERR321410/ERR321410_1.fastq.gz;ftp.sra.ebi.ac.uk/vol1/fastq/ERR321/ERR321410/ERR321410_2.fastq.gz	ftp.sra.ebi.ac.uk/vol1/run/ERR321/ERR321410/MetaHIT-MH0124_20100129L2.rmHuman.rmHost.1.fq.gz;ftp.sra.ebi.ac.uk/vol1/run/ERR321/ERR321410/MetaHIT-MH0124_20100129L2.rmHuman.rmHost.2.fq.gz	
ERR321412	PRJEB4336	SAMEA2158100	ERX294545	408170	human gut metagenome	ftp.sra.ebi.ac.uk/vol1/fastq/ERR321/ERR321412/ERR321412_1.fastq.gz;ftp.sra.ebi.ac.uk/vol1/fastq/ERR321/ERR321412/ERR321412_2.fastq.gz	ftp.sra.ebi.ac.uk/vol1/run/ERR321/ERR321412/MetaHIT-MH0124_20100305L3.rmHuman.rmHost.1.fq.gz;ftp.sra.ebi.ac.uk/vol1/run/ERR321/ERR321412/MetaHIT-MH0124_20100305L3.rmHuman.rmHost.2.fq.gz	
ERR321415	PRJEB4336	SAMEA2147070	ERX294548	408170	human gut metagenome	ftp.sra.ebi.ac.uk/vol1/fastq/ERR321/ERR321415/ERR321415_1.fastq.gz;ftp.sra.ebi.ac.uk/vol1/fastq/ERR321/ERR321415/ERR321415_2.fastq.gz	ftp.sra.ebi.ac.uk/vol1/run/ERR321/ERR321415/MetaHIT-MH0125_20100128L7.rmHuman.rmHost.1.fq.gz;ftp.sra.ebi.ac.uk/vol1/run/ERR321/ERR321415/MetaHIT-MH0125_20100128L7.rmHuman.rmHost.2.fq.gz	
ERR321417	PRJEB4336	SAMEA2152065	ERX294550	408170	human gut metagenome	ftp.sra.ebi.ac.uk/vol1/fastq/ERR321/ERR321417/ERR321417_1.fastq.gz;ftp.sra.ebi.ac.uk/vol1/fastq/ERR321/ERR321417/ERR321417_2.fastq.gz	ftp.sra.ebi.ac.uk/vol1/run/ERR321/ERR321417/MetaHIT-MH0126_20091023.rmHuman.rmHost.1.fq.gz;ftp.sra.ebi.ac.uk/vol1/run/ERR321/ERR321417/MetaHIT-MH0126_20091023.rmHuman.rmHost.2.fq.gz	
ERR321419	PRJEB4336	SAMEA2152065	ERX294552	408170	human gut metagenome	ftp.sra.ebi.ac.uk/vol1/fastq/ERR321/ERR321419/ERR321419_1.fastq.gz;ftp.sra.ebi.ac.uk/vol1/fastq/ERR321/ERR321419/ERR321419_2.fastq.gz	ftp.sra.ebi.ac.uk/vol1/run/ERR321/ERR321419/MetaHIT-MH0126_20100129L2.rmHuman.rmHost.1.fq.gz;ftp.sra.ebi.ac.uk/vol1/run/ERR321/ERR321419/MetaHIT-MH0126_20100129L2.rmHuman.rmHost.2.fq.gz	
ERR321427	PRJEB4336	SAMEA2163351	ERX294560	408170	human gut metagenome	ftp.sra.ebi.ac.uk/vol1/fastq/ERR321/ERR321427/ERR321427_1.fastq.gz;ftp.sra.ebi.ac.uk/vol1/fastq/ERR321/ERR321427/ERR321427_2.fastq.gz	ftp.sra.ebi.ac.uk/vol1/run/ERR321/ERR321427/MetaHIT-MH0128_20100128L7.rmHuman.rmHost.1.fq.gz;ftp.sra.ebi.ac.uk/vol1/run/ERR321/ERR321427/MetaHIT-MH0128_20100128L7.rmHuman.rmHost.2.fq.gz	
ERR321433	PRJEB4336	SAMEA2144578	ERX294566	408170	human gut metagenome	ftp.sra.ebi.ac.uk/vol1/fastq/ERR321/ERR321433/ERR321433_1.fastq.gz;ftp.sra.ebi.ac.uk/vol1/fastq/ERR321/ERR321433/ERR321433_2.fastq.gz	ftp.sra.ebi.ac.uk/vol1/run/ERR321/ERR321433/MetaHIT-MH0130_20091028.rmHuman.rmHost.1.fq.gz;ftp.sra.ebi.ac.uk/vol1/run/ERR321/ERR321433/MetaHIT-MH0130_20091028.rmHuman.rmHost.2.fq.gz	
ERR321434	PRJEB4336	SAMEA2144578	ERX294567	408170	human gut metagenome	ftp.sra.ebi.ac.uk/vol1/fastq/ERR321/ERR321434/ERR321434_1.fastq.gz;ftp.sra.ebi.ac.uk/vol1/fastq/ERR321/ERR321434/ERR321434_2.fastq.gz	ftp.sra.ebi.ac.uk/vol1/run/ERR321/ERR321434/MetaHIT-MH0130_20100128L6.rmHuman.rmHost.1.fq.gz;ftp.sra.ebi.ac.uk/vol1/run/ERR321/ERR321434/MetaHIT-MH0130_20100128L6.rmHuman.rmHost.2.fq.gz	
ERR321435	PRJEB4336	SAMEA2144578	ERX294568	408170	human gut metagenome	ftp.sra.ebi.ac.uk/vol1/fastq/ERR321/ERR321435/ERR321435_1.fastq.gz;ftp.sra.ebi.ac.uk/vol1/fastq/ERR321/ERR321435/ERR321435_2.fastq.gz	ftp.sra.ebi.ac.uk/vol1/run/ERR321/ERR321435/MetaHIT-MH0130_20100129L2.rmHuman.rmHost.1.fq.gz;ftp.sra.ebi.ac.uk/vol1/run/ERR321/ERR321435/MetaHIT-MH0130_20100129L2.rmHuman.rmHost.2.fq.gz	
ERR321437	PRJEB4336	SAMEA2159102	ERX294570	408170	human gut metagenome	ftp.sra.ebi.ac.uk/vol1/fastq/ERR321/ERR321437/ERR321437_1.fastq.gz;ftp.sra.ebi.ac.uk/vol1/fastq/ERR321/ERR321437/ERR321437_2.fastq.gz	ftp.sra.ebi.ac.uk/vol1/run/ERR321/ERR321437/MetaHIT-MH0131_101101.clean.rmhost.1.fq.gz;ftp.sra.ebi.ac.uk/vol1/run/ERR321/ERR321437/MetaHIT-MH0131_101101.clean.rmhost.2.fq.gz	
ERR321440	PRJEB4336	SAMEA2154452	ERX294573	408170	human gut metagenome	ftp.sra.ebi.ac.uk/vol1/fastq/ERR321/ERR321440/ERR321440_1.fastq.gz;ftp.sra.ebi.ac.uk/vol1/fastq/ERR321/ERR321440/ERR321440_2.fastq.gz	ftp.sra.ebi.ac.uk/vol1/run/ERR321/ERR321440/MetaHIT-MH0132_20100125L4.rmHuman.rmHost.1.fq.gz;ftp.sra.ebi.ac.uk/vol1/run/ERR321/ERR321440/MetaHIT-MH0132_20100125L4.rmHuman.rmHost.2.fq.gz	
ERR321441	PRJEB4336	SAMEA2154452	ERX294574	408170	human gut metagenome	ftp.sra.ebi.ac.uk/vol1/fastq/ERR321/ERR321441/ERR321441_1.fastq.gz;ftp.sra.ebi.ac.uk/vol1/fastq/ERR321/ERR321441/ERR321441_2.fastq.gz	ftp.sra.ebi.ac.uk/vol1/run/ERR321/ERR321441/MetaHIT-MH0132_20100125L5.rmHuman.rmHost.1.fq.gz;ftp.sra.ebi.ac.uk/vol1/run/ERR321/ERR321441/MetaHIT-MH0132_20100125L5.rmHuman.rmHost.2.fq.gz	
ERR321445	PRJEB4336	SAMEA2142848	ERX294578	408170	human gut metagenome	ftp.sra.ebi.ac.uk/vol1/fastq/ERR321/ERR321445/ERR321445_1.fastq.gz;ftp.sra.ebi.ac.uk/vol1/fastq/ERR321/ERR321445/ERR321445_2.fastq.gz	ftp.sra.ebi.ac.uk/vol1/run/ERR321/ERR321445/MetaHIT-MH0133_20100125L5.rmHuman.rmHost.1.fq.gz;ftp.sra.ebi.ac.uk/vol1/run/ERR321/ERR321445/MetaHIT-MH0133_20100125L5.rmHuman.rmHost.2.fq.gz	
ERR321454	PRJEB4336	SAMEA2155636	ERX294587	408170	human gut metagenome	ftp.sra.ebi.ac.uk/vol1/fastq/ERR321/ERR321454/ERR321454_1.fastq.gz;ftp.sra.ebi.ac.uk/vol1/fastq/ERR321/ERR321454/ERR321454_2.fastq.gz	ftp.sra.ebi.ac.uk/vol1/run/ERR321/ERR321454/MetaHIT-MH0136_20091028.rmHuman.rmHost.1.fq.gz;ftp.sra.ebi.ac.uk/vol1/run/ERR321/ERR321454/MetaHIT-MH0136_20091028.rmHuman.rmHost.2.fq.gz	
ERR321455	PRJEB4336	SAMEA2155636	ERX294588	408170	human gut metagenome	ftp.sra.ebi.ac.uk/vol1/fastq/ERR321/ERR321455/ERR321455_1.fastq.gz;ftp.sra.ebi.ac.uk/vol1/fastq/ERR321/ERR321455/ERR321455_2.fastq.gz	ftp.sra.ebi.ac.uk/vol1/run/ERR321/ERR321455/MetaHIT-MH0136_20100128L6.rmHuman.rmHost.1.fq.gz;ftp.sra.ebi.ac.uk/vol1/run/ERR321/ERR321455/MetaHIT-MH0136_20100128L6.rmHuman.rmHost.2.fq.gz	
ERR321457	PRJEB4336	SAMEA2155636	ERX294590	408170	human gut metagenome	ftp.sra.ebi.ac.uk/vol1/fastq/ERR321/ERR321457/ERR321457_1.fastq.gz;ftp.sra.ebi.ac.uk/vol1/fastq/ERR321/ERR321457/ERR321457_2.fastq.gz	ftp.sra.ebi.ac.uk/vol1/run/ERR321/ERR321457/MetaHIT-MH0136_20100129L3.rmHuman.rmHost.1.fq.gz;ftp.sra.ebi.ac.uk/vol1/run/ERR321/ERR321457/MetaHIT-MH0136_20100129L3.rmHuman.rmHost.2.fq.gz	
ERR321458	PRJEB4336	SAMEA2162200	ERX294591	408170	human gut metagenome	ftp.sra.ebi.ac.uk/vol1/fastq/ERR321/ERR321458/ERR321458_1.fastq.gz;ftp.sra.ebi.ac.uk/vol1/fastq/ERR321/ERR321458/ERR321458_2.fastq.gz	ftp.sra.ebi.ac.uk/vol1/run/ERR321/ERR321458/MetaHIT-MH0137_20091011.rmHuman.rmHost.1.fq.gz;ftp.sra.ebi.ac.uk/vol1/run/ERR321/ERR321458/MetaHIT-MH0137_20091011.rmHuman.rmHost.2.fq.gz	
ERR321462	PRJEB4336	SAMEA2157909	ERX294595	408170	human gut metagenome	ftp.sra.ebi.ac.uk/vol1/fastq/ERR321/ERR321462/ERR321462_1.fastq.gz;ftp.sra.ebi.ac.uk/vol1/fastq/ERR321/ERR321462/ERR321462_2.fastq.gz	ftp.sra.ebi.ac.uk/vol1/run/ERR321/ERR321462/MetaHIT-MH0138_20091103.rmHuman.rmHost.1.fq.gz;ftp.sra.ebi.ac.uk/vol1/run/ERR321/ERR321462/MetaHIT-MH0138_20091103.rmHuman.rmHost.2.fq.gz	
ERR321465	PRJEB4336	SAMEA2147114	ERX294598	408170	human gut metagenome	ftp.sra.ebi.ac.uk/vol1/fastq/ERR321/ERR321465/ERR321465_1.fastq.gz;ftp.sra.ebi.ac.uk/vol1/fastq/ERR321/ERR321465/ERR321465_2.fastq.gz	ftp.sra.ebi.ac.uk/vol1/run/ERR321/ERR321465/MetaHIT-MH0141_20091115.rmHuman.rmHost.1.fq.gz;ftp.sra.ebi.ac.uk/vol1/run/ERR321/ERR321465/MetaHIT-MH0141_20091115.rmHuman.rmHost.2.fq.gz	
ERR321467	PRJEB4336	SAMEA2163575	ERX294600	408170	human gut metagenome	ftp.sra.ebi.ac.uk/vol1/fastq/ERR321/ERR321467/ERR321467_1.fastq.gz;ftp.sra.ebi.ac.uk/vol1/fastq/ERR321/ERR321467/ERR321467_2.fastq.gz	ftp.sra.ebi.ac.uk/vol1/run/ERR321/ERR321467/MetaHIT-MH0143_20091115.rmHuman.rmHost.1.fq.gz;ftp.sra.ebi.ac.uk/vol1/run/ERR321/ERR321467/MetaHIT-MH0143_20091115.rmHuman.rmHost.2.fq.gz	
ERR321471	PRJEB4336	SAMEA2152204	ERX294604	408170	human gut metagenome	ftp.sra.ebi.ac.uk/vol1/fastq/ERR321/ERR321471/ERR321471_1.fastq.gz;ftp.sra.ebi.ac.uk/vol1/fastq/ERR321/ERR321471/ERR321471_2.fastq.gz	ftp.sra.ebi.ac.uk/vol1/run/ERR321/ERR321471/MetaHIT-MH0146_20091116.rmHuman.rmHost.1.fq.gz;ftp.sra.ebi.ac.uk/vol1/run/ERR321/ERR321471/MetaHIT-MH0146_20091116.rmHuman.rmHost.2.fq.gz	
ERR321473	PRJEB4336	SAMEA2151838	ERX294606	408170	human gut metagenome	ftp.sra.ebi.ac.uk/vol1/fastq/ERR321/ERR321473/ERR321473_1.fastq.gz;ftp.sra.ebi.ac.uk/vol1/fastq/ERR321/ERR321473/ERR321473_2.fastq.gz	ftp.sra.ebi.ac.uk/vol1/run/ERR321/ERR321473/MetaHIT-MH0147_20100128L6.rmHuman.rmHost.1.fq.gz;ftp.sra.ebi.ac.uk/vol1/run/ERR321/ERR321473/MetaHIT-MH0147_20100128L6.rmHuman.rmHost.2.fq.gz	
ERR321474	PRJEB4336	SAMEA2151838	ERX294607	408170	human gut metagenome	ftp.sra.ebi.ac.uk/vol1/fastq/ERR321/ERR321474/ERR321474_1.fastq.gz;ftp.sra.ebi.ac.uk/vol1/fastq/ERR321/ERR321474/ERR321474_2.fastq.gz	ftp.sra.ebi.ac.uk/vol1/run/ERR321/ERR321474/MetaHIT-MH0147_20100129L2.rmHuman.rmHost.1.fq.gz;ftp.sra.ebi.ac.uk/vol1/run/ERR321/ERR321474/MetaHIT-MH0147_20100129L2.rmHuman.rmHost.2.fq.gz	
ERR321475	PRJEB4336	SAMEA2151838	ERX294608	408170	human gut metagenome	ftp.sra.ebi.ac.uk/vol1/fastq/ERR321/ERR321475/ERR321475_1.fastq.gz;ftp.sra.ebi.ac.uk/vol1/fastq/ERR321/ERR321475/ERR321475_2.fastq.gz	ftp.sra.ebi.ac.uk/vol1/run/ERR321/ERR321475/MetaHIT-MH0147_20100129L3.rmHuman.rmHost.1.fq.gz;ftp.sra.ebi.ac.uk/vol1/run/ERR321/ERR321475/MetaHIT-MH0147_20100129L3.rmHuman.rmHost.2.fq.gz	
ERR321479	PRJEB4336	SAMEA2161222	ERX294612	408170	human gut metagenome	ftp.sra.ebi.ac.uk/vol1/fastq/ERR321/ERR321479/ERR321479_1.fastq.gz;ftp.sra.ebi.ac.uk/vol1/fastq/ERR321/ERR321479/ERR321479_2.fastq.gz	ftp.sra.ebi.ac.uk/vol1/run/ERR321/ERR321479/MetaHIT-MH0148_20100125L5.rmHuman.rmHost.1.fq.gz;ftp.sra.ebi.ac.uk/vol1/run/ERR321/ERR321479/MetaHIT-MH0148_20100125L5.rmHuman.rmHost.2.fq.gz	
ERR321481	PRJEB4336	SAMEA1964687	ERX294614	408170	human gut metagenome	ftp.sra.ebi.ac.uk/vol1/fastq/ERR321/ERR321481/ERR321481_1.fastq.gz;ftp.sra.ebi.ac.uk/vol1/fastq/ERR321/ERR321481/ERR321481_2.fastq.gz	ftp.sra.ebi.ac.uk/vol1/run/ERR321/ERR321481/MetaHIT-MH0150_101101.clean.rmhost.1.fq.gz;ftp.sra.ebi.ac.uk/vol1/run/ERR321/ERR321481/MetaHIT-MH0150_101101.clean.rmhost.2.fq.gz	
ERR321483	PRJEB4336	SAMEA2161021	ERX294616	408170	human gut metagenome	ftp.sra.ebi.ac.uk/vol1/fastq/ERR321/ERR321483/ERR321483_1.fastq.gz;ftp.sra.ebi.ac.uk/vol1/fastq/ERR321/ERR321483/ERR321483_2.fastq.gz	ftp.sra.ebi.ac.uk/vol1/run/ERR321/ERR321483/MetaHIT-MH0151_20091105.rmHuman.rmHost.1.fq.gz;ftp.sra.ebi.ac.uk/vol1/run/ERR321/ERR321483/MetaHIT-MH0151_20091105.rmHuman.rmHost.2.fq.gz	
ERR321485	PRJEB4336	SAMEA2162862	ERX294618	408170	human gut metagenome	ftp.sra.ebi.ac.uk/vol1/fastq/ERR321/ERR321485/ERR321485_1.fastq.gz;ftp.sra.ebi.ac.uk/vol1/fastq/ERR321/ERR321485/ERR321485_2.fastq.gz	ftp.sra.ebi.ac.uk/vol1/run/ERR321/ERR321485/MetaHIT-MH0153_20091105.rmHuman.rmHost.1.fq.gz;ftp.sra.ebi.ac.uk/vol1/run/ERR321/ERR321485/MetaHIT-MH0153_20091105.rmHuman.rmHost.2.fq.gz	
ERR321487	PRJEB4336	SAMEA2147092	ERX294620	408170	human gut metagenome	ftp.sra.ebi.ac.uk/vol1/fastq/ERR321/ERR321487/ERR321487_1.fastq.gz;ftp.sra.ebi.ac.uk/vol1/fastq/ERR321/ERR321487/ERR321487_2.fastq.gz	ftp.sra.ebi.ac.uk/vol1/run/ERR321/ERR321487/MetaHIT-MH0155_20091111.rmHuman.rmHost.1.fq.gz;ftp.sra.ebi.ac.uk/vol1/run/ERR321/ERR321487/MetaHIT-MH0155_20091111.rmHuman.rmHost.2.fq.gz	
ERR321488	PRJEB4336	SAMEA2145648	ERX294621	408170	human gut metagenome	ftp.sra.ebi.ac.uk/vol1/fastq/ERR321/ERR321488/ERR321488_1.fastq.gz;ftp.sra.ebi.ac.uk/vol1/fastq/ERR321/ERR321488/ERR321488_2.fastq.gz	ftp.sra.ebi.ac.uk/vol1/run/ERR321/ERR321488/MetaHIT-MH0156_20091111.rmHuman.rmHost.1.fq.gz;ftp.sra.ebi.ac.uk/vol1/run/ERR321/ERR321488/MetaHIT-MH0156_20091111.rmHuman.rmHost.2.fq.gz	
ERR321495	PRJEB4336	SAMEA2156906	ERX294628	408170	human gut metagenome	ftp.sra.ebi.ac.uk/vol1/fastq/ERR321/ERR321495/ERR321495_1.fastq.gz;ftp.sra.ebi.ac.uk/vol1/fastq/ERR321/ERR321495/ERR321495_2.fastq.gz	ftp.sra.ebi.ac.uk/vol1/run/ERR321/ERR321495/MetaHIT-MH0163_20091103.rmHuman.rmHost.1.fq.gz;ftp.sra.ebi.ac.uk/vol1/run/ERR321/ERR321495/MetaHIT-MH0163_20091103.rmHuman.rmHost.2.fq.gz	
ERR321498	PRJEB4336	SAMEA2155373	ERX294631	408170	human gut metagenome	ftp.sra.ebi.ac.uk/vol1/fastq/ERR321/ERR321498/ERR321498_1.fastq.gz;ftp.sra.ebi.ac.uk/vol1/fastq/ERR321/ERR321498/ERR321498_2.fastq.gz	ftp.sra.ebi.ac.uk/vol1/run/ERR321/ERR321498/MetaHIT-MH0165_20091031.rmHuman.rmHost.1.fq.gz;ftp.sra.ebi.ac.uk/vol1/run/ERR321/ERR321498/MetaHIT-MH0165_20091031.rmHuman.rmHost.2.fq.gz	
ERR321499	PRJEB4336	SAMEA2155373	ERX294632	408170	human gut metagenome	ftp.sra.ebi.ac.uk/vol1/fastq/ERR321/ERR321499/ERR321499_1.fastq.gz;ftp.sra.ebi.ac.uk/vol1/fastq/ERR321/ERR321499/ERR321499_2.fastq.gz	ftp.sra.ebi.ac.uk/vol1/run/ERR321/ERR321499/MetaHIT-MH0165_20100124L6.rmHuman.rmHost.1.fq.gz;ftp.sra.ebi.ac.uk/vol1/run/ERR321/ERR321499/MetaHIT-MH0165_20100124L6.rmHuman.rmHost.2.fq.gz	
ERR321502	PRJEB4336	SAMEA2155373	ERX294635	408170	human gut metagenome	ftp.sra.ebi.ac.uk/vol1/fastq/ERR321/ERR321502/ERR321502_1.fastq.gz;ftp.sra.ebi.ac.uk/vol1/fastq/ERR321/ERR321502/ERR321502_2.fastq.gz	ftp.sra.ebi.ac.uk/vol1/run/ERR321/ERR321502/MetaHIT-MH0165_20100305L3.rmHuman.rmHost.1.fq.gz;ftp.sra.ebi.ac.uk/vol1/run/ERR321/ERR321502/MetaHIT-MH0165_20100305L3.rmHuman.rmHost.2.fq.gz	
ERR321505	PRJEB4336	SAMEA2154893	ERX294638	408170	human gut metagenome	ftp.sra.ebi.ac.uk/vol1/fastq/ERR321/ERR321505/ERR321505_1.fastq.gz;ftp.sra.ebi.ac.uk/vol1/fastq/ERR321/ERR321505/ERR321505_2.fastq.gz	ftp.sra.ebi.ac.uk/vol1/run/ERR321/ERR321505/MetaHIT-MH0166_20100305L3.rmHuman.rmHost.1.fq.gz;ftp.sra.ebi.ac.uk/vol1/run/ERR321/ERR321505/MetaHIT-MH0166_20100305L3.rmHuman.rmHost.2.fq.gz	
ERR321509	PRJEB4336	SAMEA2154920	ERX294642	408170	human gut metagenome	ftp.sra.ebi.ac.uk/vol1/fastq/ERR321/ERR321509/ERR321509_1.fastq.gz;ftp.sra.ebi.ac.uk/vol1/fastq/ERR321/ERR321509/ERR321509_2.fastq.gz	ftp.sra.ebi.ac.uk/vol1/run/ERR321/ERR321509/MetaHIT-MH0167_20100125L3.rmHuman.rmHost.1.fq.gz;ftp.sra.ebi.ac.uk/vol1/run/ERR321/ERR321509/MetaHIT-MH0167_20100125L3.rmHuman.rmHost.2.fq.gz	
ERR321510	PRJEB4336	SAMEA2145758	ERX294643	408170	human gut metagenome	ftp.sra.ebi.ac.uk/vol1/fastq/ERR321/ERR321510/ERR321510_1.fastq.gz;ftp.sra.ebi.ac.uk/vol1/fastq/ERR321/ERR321510/ERR321510_2.fastq.gz	ftp.sra.ebi.ac.uk/vol1/run/ERR321/ERR321510/MetaHIT-MH0168_20091031.rmHuman.rmHost.1.fq.gz;ftp.sra.ebi.ac.uk/vol1/run/ERR321/ERR321510/MetaHIT-MH0168_20091031.rmHuman.rmHost.2.fq.gz	
ERR321514	PRJEB4336	SAMEA2162231	ERX294647	408170	human gut metagenome	ftp.sra.ebi.ac.uk/vol1/fastq/ERR321/ERR321514/ERR321514_1.fastq.gz;ftp.sra.ebi.ac.uk/vol1/fastq/ERR321/ERR321514/ERR321514_2.fastq.gz	ftp.sra.ebi.ac.uk/vol1/run/ERR321/ERR321514/MetaHIT-MH0169_20091116.rmHuman.rmHost.1.fq.gz;ftp.sra.ebi.ac.uk/vol1/run/ERR321/ERR321514/MetaHIT-MH0169_20091116.rmHuman.rmHost.2.fq.gz	
ERR321515	PRJEB4336	SAMEA2162231	ERX294648	408170	human gut metagenome	ftp.sra.ebi.ac.uk/vol1/fastq/ERR321/ERR321515/ERR321515_1.fastq.gz;ftp.sra.ebi.ac.uk/vol1/fastq/ERR321/ERR321515/ERR321515_2.fastq.gz	ftp.sra.ebi.ac.uk/vol1/run/ERR321/ERR321515/MetaHIT-MH0169_20100124L5.rmHuman.rmHost.1.fq.gz;ftp.sra.ebi.ac.uk/vol1/run/ERR321/ERR321515/MetaHIT-MH0169_20100124L5.rmHuman.rmHost.2.fq.gz	
ERR321522	PRJEB4336	SAMEA2142594	ERX294655	408170	human gut metagenome	ftp.sra.ebi.ac.uk/vol1/fastq/ERR321/ERR321522/ERR321522_1.fastq.gz;ftp.sra.ebi.ac.uk/vol1/fastq/ERR321/ERR321522/ERR321522_2.fastq.gz	ftp.sra.ebi.ac.uk/vol1/run/ERR321/ERR321522/MetaHIT-MH0174_20091110.rmHuman.rmHost.1.fq.gz;ftp.sra.ebi.ac.uk/vol1/run/ERR321/ERR321522/MetaHIT-MH0174_20091110.rmHuman.rmHost.2.fq.gz	
ERR321523	PRJEB4336	SAMEA2154047	ERX294656	408170	human gut metagenome	ftp.sra.ebi.ac.uk/vol1/fastq/ERR321/ERR321523/ERR321523_1.fastq.gz;ftp.sra.ebi.ac.uk/vol1/fastq/ERR321/ERR321523/ERR321523_2.fastq.gz	ftp.sra.ebi.ac.uk/vol1/run/ERR321/ERR321523/MetaHIT-MH0175_20091110.rmHuman.rmHost.1.fq.gz;ftp.sra.ebi.ac.uk/vol1/run/ERR321/ERR321523/MetaHIT-MH0175_20091110.rmHuman.rmHost.2.fq.gz	
ERR321529	PRJEB4336	SAMEA2155689	ERX294662	408170	human gut metagenome	ftp.sra.ebi.ac.uk/vol1/fastq/ERR321/ERR321529/ERR321529_1.fastq.gz;ftp.sra.ebi.ac.uk/vol1/fastq/ERR321/ERR321529/ERR321529_2.fastq.gz	ftp.sra.ebi.ac.uk/vol1/run/ERR321/ERR321529/MetaHIT-MH0178_20091110.rmHuman.rmHost.1.fq.gz;ftp.sra.ebi.ac.uk/vol1/run/ERR321/ERR321529/MetaHIT-MH0178_20091110.rmHuman.rmHost.2.fq.gz	
ERR321530	PRJEB4336	SAMEA2159561	ERX294663	408170	human gut metagenome	ftp.sra.ebi.ac.uk/vol1/fastq/ERR321/ERR321530/ERR321530_1.fastq.gz;ftp.sra.ebi.ac.uk/vol1/fastq/ERR321/ERR321530/ERR321530_2.fastq.gz	ftp.sra.ebi.ac.uk/vol1/run/ERR321/ERR321530/MetaHIT-MH0179_20091110.rmHuman.rmHost.1.fq.gz;ftp.sra.ebi.ac.uk/vol1/run/ERR321/ERR321530/MetaHIT-MH0179_20091110.rmHuman.rmHost.2.fq.gz	
ERR321531	PRJEB4336	SAMEA2159891	ERX294664	408170	human gut metagenome	ftp.sra.ebi.ac.uk/vol1/fastq/ERR321/ERR321531/ERR321531_1.fastq.gz;ftp.sra.ebi.ac.uk/vol1/fastq/ERR321/ERR321531/ERR321531_2.fastq.gz	ftp.sra.ebi.ac.uk/vol1/run/ERR321/ERR321531/MetaHIT-MH0180_20091110.rmHuman.rmHost.1.fq.gz;ftp.sra.ebi.ac.uk/vol1/run/ERR321/ERR321531/MetaHIT-MH0180_20091110.rmHuman.rmHost.2.fq.gz	
ERR321535	PRJEB4336	SAMEA2157028	ERX294668	408170	human gut metagenome	ftp.sra.ebi.ac.uk/vol1/fastq/ERR321/ERR321535/ERR321535_1.fastq.gz;ftp.sra.ebi.ac.uk/vol1/fastq/ERR321/ERR321535/ERR321535_2.fastq.gz	ftp.sra.ebi.ac.uk/vol1/run/ERR321/ERR321535/MetaHIT-MH0183_20100124L6.rmHuman.rmHost.1.fq.gz;ftp.sra.ebi.ac.uk/vol1/run/ERR321/ERR321535/MetaHIT-MH0183_20100124L6.rmHuman.rmHost.2.fq.gz	
ERR321536	PRJEB4336	SAMEA2157028	ERX294669	408170	human gut metagenome	ftp.sra.ebi.ac.uk/vol1/fastq/ERR321/ERR321536/ERR321536_1.fastq.gz;ftp.sra.ebi.ac.uk/vol1/fastq/ERR321/ERR321536/ERR321536_2.fastq.gz	ftp.sra.ebi.ac.uk/vol1/run/ERR321/ERR321536/MetaHIT-MH0183_20100125L2.rmHuman.rmHost.1.fq.gz;ftp.sra.ebi.ac.uk/vol1/run/ERR321/ERR321536/MetaHIT-MH0183_20100125L2.rmHuman.rmHost.2.fq.gz	
ERR321537	PRJEB4336	SAMEA2157028	ERX294670	408170	human gut metagenome	ftp.sra.ebi.ac.uk/vol1/fastq/ERR321/ERR321537/ERR321537_1.fastq.gz;ftp.sra.ebi.ac.uk/vol1/fastq/ERR321/ERR321537/ERR321537_2.fastq.gz	ftp.sra.ebi.ac.uk/vol1/run/ERR321/ERR321537/MetaHIT-MH0183_20100125L3.rmHuman.rmHost.1.fq.gz;ftp.sra.ebi.ac.uk/vol1/run/ERR321/ERR321537/MetaHIT-MH0183_20100125L3.rmHuman.rmHost.2.fq.gz	
ERR321539	PRJEB4336	SAMEA2151034	ERX294672	408170	human gut metagenome	ftp.sra.ebi.ac.uk/vol1/fastq/ERR321/ERR321539/ERR321539_1.fastq.gz;ftp.sra.ebi.ac.uk/vol1/fastq/ERR321/ERR321539/ERR321539_2.fastq.gz	ftp.sra.ebi.ac.uk/vol1/run/ERR321/ERR321539/MetaHIT-MH0184_20100128L6.rmHuman.rmHost.1.fq.gz;ftp.sra.ebi.ac.uk/vol1/run/ERR321/ERR321539/MetaHIT-MH0184_20100128L6.rmHuman.rmHost.2.fq.gz	
ERR321540	PRJEB4336	SAMEA2151034	ERX294673	408170	human gut metagenome	ftp.sra.ebi.ac.uk/vol1/fastq/ERR321/ERR321540/ERR321540_1.fastq.gz;ftp.sra.ebi.ac.uk/vol1/fastq/ERR321/ERR321540/ERR321540_2.fastq.gz	ftp.sra.ebi.ac.uk/vol1/run/ERR321/ERR321540/MetaHIT-MH0184_20100129L2.rmHuman.rmHost.1.fq.gz;ftp.sra.ebi.ac.uk/vol1/run/ERR321/ERR321540/MetaHIT-MH0184_20100129L2.rmHuman.rmHost.2.fq.gz	
ERR321542	PRJEB4336	SAMEA2144623	ERX294675	408170	human gut metagenome	ftp.sra.ebi.ac.uk/vol1/fastq/ERR321/ERR321542/ERR321542_1.fastq.gz;ftp.sra.ebi.ac.uk/vol1/fastq/ERR321/ERR321542/ERR321542_2.fastq.gz	ftp.sra.ebi.ac.uk/vol1/run/ERR321/ERR321542/MetaHIT-MH0185_20091117.rmHuman.rmHost.1.fq.gz;ftp.sra.ebi.ac.uk/vol1/run/ERR321/ERR321542/MetaHIT-MH0185_20091117.rmHuman.rmHost.2.fq.gz	
ERR321547	PRJEB4336	SAMEA2152938	ERX294680	408170	human gut metagenome	ftp.sra.ebi.ac.uk/vol1/fastq/ERR321/ERR321547/ERR321547_1.fastq.gz;ftp.sra.ebi.ac.uk/vol1/fastq/ERR321/ERR321547/ERR321547_2.fastq.gz	ftp.sra.ebi.ac.uk/vol1/run/ERR321/ERR321547/MetaHIT-MH0189_110425.clean.rmhost.1.fq.gz;ftp.sra.ebi.ac.uk/vol1/run/ERR321/ERR321547/MetaHIT-MH0189_110425.clean.rmhost.2.fq.gz	
ERR321552	PRJEB4336	SAMEA2146477	ERX294685	408170	human gut metagenome	ftp.sra.ebi.ac.uk/vol1/fastq/ERR321/ERR321552/ERR321552_1.fastq.gz;ftp.sra.ebi.ac.uk/vol1/fastq/ERR321/ERR321552/ERR321552_2.fastq.gz	ftp.sra.ebi.ac.uk/vol1/run/ERR321/ERR321552/MetaHIT-MH0196_110425.clean.rmhost.1.fq.gz;ftp.sra.ebi.ac.uk/vol1/run/ERR321/ERR321552/MetaHIT-MH0196_110425.clean.rmhost.2.fq.gz	
ERR321553	PRJEB4336	SAMEA2152373	ERX294686	408170	human gut metagenome	ftp.sra.ebi.ac.uk/vol1/fastq/ERR321/ERR321553/ERR321553_1.fastq.gz;ftp.sra.ebi.ac.uk/vol1/fastq/ERR321/ERR321553/ERR321553_2.fastq.gz	ftp.sra.ebi.ac.uk/vol1/run/ERR321/ERR321553/MetaHIT-MH0197_110418.clean.rmhost.1.fq.gz;ftp.sra.ebi.ac.uk/vol1/run/ERR321/ERR321553/MetaHIT-MH0197_110418.clean.rmhost.2.fq.gz	
ERR321555	PRJEB4336	SAMEA2149636	ERX294688	408170	human gut metagenome	ftp.sra.ebi.ac.uk/vol1/fastq/ERR321/ERR321555/ERR321555_1.fastq.gz;ftp.sra.ebi.ac.uk/vol1/fastq/ERR321/ERR321555/ERR321555_2.fastq.gz	ftp.sra.ebi.ac.uk/vol1/run/ERR321/ERR321555/MetaHIT-MH0199_110418.clean.rmhost.1.fq.gz;ftp.sra.ebi.ac.uk/vol1/run/ERR321/ERR321555/MetaHIT-MH0199_110418.clean.rmhost.2.fq.gz	
ERR321560	PRJEB4336	SAMEA1965149	ERX294693	408170	human gut metagenome	ftp.sra.ebi.ac.uk/vol1/fastq/ERR321/ERR321560/ERR321560_1.fastq.gz;ftp.sra.ebi.ac.uk/vol1/fastq/ERR321/ERR321560/ERR321560_2.fastq.gz	ftp.sra.ebi.ac.uk/vol1/run/ERR321/ERR321560/MetaHIT-MH0206_110425.clean.rmhost.1.fq.gz;ftp.sra.ebi.ac.uk/vol1/run/ERR321/ERR321560/MetaHIT-MH0206_110425.clean.rmhost.2.fq.gz	
ERR321561	PRJEB4336	SAMEA2161372	ERX294694	408170	human gut metagenome	ftp.sra.ebi.ac.uk/vol1/fastq/ERR321/ERR321561/ERR321561_1.fastq.gz;ftp.sra.ebi.ac.uk/vol1/fastq/ERR321/ERR321561/ERR321561_2.fastq.gz	ftp.sra.ebi.ac.uk/vol1/run/ERR321/ERR321561/MetaHIT-MH0211_110425.clean.rmhost.1.fq.gz;ftp.sra.ebi.ac.uk/vol1/run/ERR321/ERR321561/MetaHIT-MH0211_110425.clean.rmhost.2.fq.gz	
ERR321562	PRJEB4336	SAMEA2154150	ERX294695	408170	human gut metagenome	ftp.sra.ebi.ac.uk/vol1/fastq/ERR321/ERR321562/ERR321562_1.fastq.gz;ftp.sra.ebi.ac.uk/vol1/fastq/ERR321/ERR321562/ERR321562_2.fastq.gz	ftp.sra.ebi.ac.uk/vol1/run/ERR321/ERR321562/MetaHIT-MH0212_110425.clean.rmhost.1.fq.gz;ftp.sra.ebi.ac.uk/vol1/run/ERR321/ERR321562/MetaHIT-MH0212_110425.clean.rmhost.2.fq.gz	
ERR321563	PRJEB4336	SAMEA2159974	ERX294696	408170	human gut metagenome	ftp.sra.ebi.ac.uk/vol1/fastq/ERR321/ERR321563/ERR321563_1.fastq.gz;ftp.sra.ebi.ac.uk/vol1/fastq/ERR321/ERR321563/ERR321563_2.fastq.gz	ftp.sra.ebi.ac.uk/vol1/run/ERR321/ERR321563/MetaHIT-MH0217_110425.clean.rmhost.1.fq.gz;ftp.sra.ebi.ac.uk/vol1/run/ERR321/ERR321563/MetaHIT-MH0217_110425.clean.rmhost.2.fq.gz	
ERR321564	PRJEB4336	SAMEA2159881	ERX294697	408170	human gut metagenome	ftp.sra.ebi.ac.uk/vol1/fastq/ERR321/ERR321564/ERR321564_1.fastq.gz;ftp.sra.ebi.ac.uk/vol1/fastq/ERR321/ERR321564/ERR321564_2.fastq.gz	ftp.sra.ebi.ac.uk/vol1/run/ERR321/ERR321564/MetaHIT-MH0220_110425.clean.rmhost.1.fq.gz;ftp.sra.ebi.ac.uk/vol1/run/ERR321/ERR321564/MetaHIT-MH0220_110425.clean.rmhost.2.fq.gz	
ERR321565	PRJEB4336	SAMEA2155902	ERX294698	408170	human gut metagenome	ftp.sra.ebi.ac.uk/vol1/fastq/ERR321/ERR321565/ERR321565_1.fastq.gz;ftp.sra.ebi.ac.uk/vol1/fastq/ERR321/ERR321565/ERR321565_2.fastq.gz	ftp.sra.ebi.ac.uk/vol1/run/ERR321/ERR321565/MetaHIT-MH0224_110425.clean.rmhost.1.fq.gz;ftp.sra.ebi.ac.uk/vol1/run/ERR321/ERR321565/MetaHIT-MH0224_110425.clean.rmhost.2.fq.gz	
ERR321568	PRJEB4336	SAMEA2157850	ERX294701	408170	human gut metagenome	ftp.sra.ebi.ac.uk/vol1/fastq/ERR321/ERR321568/ERR321568_1.fastq.gz;ftp.sra.ebi.ac.uk/vol1/fastq/ERR321/ERR321568/ERR321568_2.fastq.gz	ftp.sra.ebi.ac.uk/vol1/run/ERR321/ERR321568/MetaHIT-MH0229_110425.clean.rmhost.1.fq.gz;ftp.sra.ebi.ac.uk/vol1/run/ERR321/ERR321568/MetaHIT-MH0229_110425.clean.rmhost.2.fq.gz	
ERR321570	PRJEB4336	SAMEA2151633	ERX294703	408170	human gut metagenome	ftp.sra.ebi.ac.uk/vol1/fastq/ERR321/ERR321570/ERR321570_1.fastq.gz;ftp.sra.ebi.ac.uk/vol1/fastq/ERR321/ERR321570/ERR321570_2.fastq.gz	ftp.sra.ebi.ac.uk/vol1/run/ERR321/ERR321570/MetaHIT-MH0233_110425.clean.rmhost.1.fq.gz;ftp.sra.ebi.ac.uk/vol1/run/ERR321/ERR321570/MetaHIT-MH0233_110425.clean.rmhost.2.fq.gz	
ERR321571	PRJEB4336	SAMEA2147326	ERX294704	408170	human gut metagenome	ftp.sra.ebi.ac.uk/vol1/fastq/ERR321/ERR321571/ERR321571_1.fastq.gz;ftp.sra.ebi.ac.uk/vol1/fastq/ERR321/ERR321571/ERR321571_2.fastq.gz	ftp.sra.ebi.ac.uk/vol1/run/ERR321/ERR321571/MetaHIT-MH0236_110425.clean.rmhost.1.fq.gz;ftp.sra.ebi.ac.uk/vol1/run/ERR321/ERR321571/MetaHIT-MH0236_110425.clean.rmhost.2.fq.gz	
ERR321572	PRJEB4336	SAMEA2143074	ERX294705	408170	human gut metagenome	ftp.sra.ebi.ac.uk/vol1/fastq/ERR321/ERR321572/ERR321572_1.fastq.gz;ftp.sra.ebi.ac.uk/vol1/fastq/ERR321/ERR321572/ERR321572_2.fastq.gz	ftp.sra.ebi.ac.uk/vol1/run/ERR321/ERR321572/MetaHIT-MH0239_110425.clean.rmhost.1.fq.gz;ftp.sra.ebi.ac.uk/vol1/run/ERR321/ERR321572/MetaHIT-MH0239_110425.clean.rmhost.2.fq.gz	
ERR321573	PRJEB4336	SAMEA2153005	ERX294706	408170	human gut metagenome	ftp.sra.ebi.ac.uk/vol1/fastq/ERR321/ERR321573/ERR321573_1.fastq.gz;ftp.sra.ebi.ac.uk/vol1/fastq/ERR321/ERR321573/ERR321573_2.fastq.gz	ftp.sra.ebi.ac.uk/vol1/run/ERR321/ERR321573/MetaHIT-MH0243_110425.clean.rmhost.1.fq.gz;ftp.sra.ebi.ac.uk/vol1/run/ERR321/ERR321573/MetaHIT-MH0243_110425.clean.rmhost.2.fq.gz	
ERR321575	PRJEB4336	SAMEA2146552	ERX294708	408170	human gut metagenome	ftp.sra.ebi.ac.uk/vol1/fastq/ERR321/ERR321575/ERR321575_1.fastq.gz;ftp.sra.ebi.ac.uk/vol1/fastq/ERR321/ERR321575/ERR321575_2.fastq.gz	ftp.sra.ebi.ac.uk/vol1/run/ERR321/ERR321575/MetaHIT-MH0247_110517.clean.rmhost.1.fq.gz;ftp.sra.ebi.ac.uk/vol1/run/ERR321/ERR321575/MetaHIT-MH0247_110517.clean.rmhost.2.fq.gz	
ERR321579	PRJEB4336	SAMEA2151383	ERX294712	408170	human gut metagenome	ftp.sra.ebi.ac.uk/vol1/fastq/ERR321/ERR321579/ERR321579_1.fastq.gz;ftp.sra.ebi.ac.uk/vol1/fastq/ERR321/ERR321579/ERR321579_2.fastq.gz	ftp.sra.ebi.ac.uk/vol1/run/ERR321/ERR321579/MetaHIT-MH0257_110425.clean.rmhost.1.fq.gz;ftp.sra.ebi.ac.uk/vol1/run/ERR321/ERR321579/MetaHIT-MH0257_110425.clean.rmhost.2.fq.gz	
ERR321580	PRJEB4336	SAMEA2158769	ERX294713	408170	human gut metagenome	ftp.sra.ebi.ac.uk/vol1/fastq/ERR321/ERR321580/ERR321580_1.fastq.gz;ftp.sra.ebi.ac.uk/vol1/fastq/ERR321/ERR321580/ERR321580_2.fastq.gz	ftp.sra.ebi.ac.uk/vol1/run/ERR321/ERR321580/MetaHIT-MH0267_110425.clean.rmhost.1.fq.gz;ftp.sra.ebi.ac.uk/vol1/run/ERR321/ERR321580/MetaHIT-MH0267_110425.clean.rmhost.2.fq.gz	
ERR321581	PRJEB4336	SAMEA2156714	ERX294714	408170	human gut metagenome	ftp.sra.ebi.ac.uk/vol1/fastq/ERR321/ERR321581/ERR321581_1.fastq.gz;ftp.sra.ebi.ac.uk/vol1/fastq/ERR321/ERR321581/ERR321581_2.fastq.gz	ftp.sra.ebi.ac.uk/vol1/run/ERR321/ERR321581/MetaHIT-MH0272_110425.clean.rmhost.1.fq.gz;ftp.sra.ebi.ac.uk/vol1/run/ERR321/ERR321581/MetaHIT-MH0272_110425.clean.rmhost.2.fq.gz	
ERR321589	PRJEB4336	SAMEA2158039	ERX294722	408170	human gut metagenome	ftp.sra.ebi.ac.uk/vol1/fastq/ERR321/ERR321589/ERR321589_1.fastq.gz;ftp.sra.ebi.ac.uk/vol1/fastq/ERR321/ERR321589/ERR321589_2.fastq.gz	ftp.sra.ebi.ac.uk/vol1/run/ERR321/ERR321589/MetaHIT-MH0288_110425.clean.rmhost.1.fq.gz;ftp.sra.ebi.ac.uk/vol1/run/ERR321/ERR321589/MetaHIT-MH0288_110425.clean.rmhost.2.fq.gz	
ERR321590	PRJEB4336	SAMEA1972188	ERX294723	408170	human gut metagenome	ftp.sra.ebi.ac.uk/vol1/fastq/ERR321/ERR321590/ERR321590_1.fastq.gz;ftp.sra.ebi.ac.uk/vol1/fastq/ERR321/ERR321590/ERR321590_2.fastq.gz	ftp.sra.ebi.ac.uk/vol1/run/ERR321/ERR321590/MetaHIT-MH0289_110425.clean.rmhost.1.fq.gz;ftp.sra.ebi.ac.uk/vol1/run/ERR321/ERR321590/MetaHIT-MH0289_110425.clean.rmhost.2.fq.gz	
ERR321599	PRJEB4336	SAMEA2162573	ERX294732	408170	human gut metagenome	ftp.sra.ebi.ac.uk/vol1/fastq/ERR321/ERR321599/ERR321599_1.fastq.gz;ftp.sra.ebi.ac.uk/vol1/fastq/ERR321/ERR321599/ERR321599_2.fastq.gz	ftp.sra.ebi.ac.uk/vol1/run/ERR321/ERR321599/MetaHIT-MH0322_110425.clean.rmhost.1.fq.gz;ftp.sra.ebi.ac.uk/vol1/run/ERR321/ERR321599/MetaHIT-MH0322_110425.clean.rmhost.2.fq.gz	
ERR321604	PRJEB4336	SAMEA2160490	ERX294737	408170	human gut metagenome	ftp.sra.ebi.ac.uk/vol1/fastq/ERR321/ERR321604/ERR321604_1.fastq.gz;ftp.sra.ebi.ac.uk/vol1/fastq/ERR321/ERR321604/ERR321604_2.fastq.gz	ftp.sra.ebi.ac.uk/vol1/run/ERR321/ERR321604/MetaHIT-MH0406_110425.clean.rmhost.1.fq.gz;ftp.sra.ebi.ac.uk/vol1/run/ERR321/ERR321604/MetaHIT-MH0406_110425.clean.rmhost.2.fq.gz	
ERR321606	PRJEB4336	SAMEA2145365	ERX294739	408170	human gut metagenome	ftp.sra.ebi.ac.uk/vol1/fastq/ERR321/ERR321606/ERR321606_1.fastq.gz;ftp.sra.ebi.ac.uk/vol1/fastq/ERR321/ERR321606/ERR321606_2.fastq.gz	ftp.sra.ebi.ac.uk/vol1/run/ERR321/ERR321606/MetaHIT-MH0408_110425.clean.rmhost.1.fq.gz;ftp.sra.ebi.ac.uk/vol1/run/ERR321/ERR321606/MetaHIT-MH0408_110425.clean.rmhost.2.fq.gz	
ERR321621	PRJEB4336	SAMEA2155093	ERX294754	408170	human gut metagenome	ftp.sra.ebi.ac.uk/vol1/fastq/ERR321/ERR321621/ERR321621_1.fastq.gz;ftp.sra.ebi.ac.uk/vol1/fastq/ERR321/ERR321621/ERR321621_2.fastq.gz	ftp.sra.ebi.ac.uk/vol1/run/ERR321/ERR321621/MetaHIT-MH0423_110425.clean.rmhost.1.fq.gz;ftp.sra.ebi.ac.uk/vol1/run/ERR321/ERR321621/MetaHIT-MH0423_110425.clean.rmhost.2.fq.gz	
ERR321623	PRJEB4336	SAMEA2162844	ERX294756	408170	human gut metagenome	ftp.sra.ebi.ac.uk/vol1/fastq/ERR321/ERR321623/ERR321623_1.fastq.gz;ftp.sra.ebi.ac.uk/vol1/fastq/ERR321/ERR321623/ERR321623_2.fastq.gz	ftp.sra.ebi.ac.uk/vol1/run/ERR321/ERR321623/MetaHIT-MH0425_110425.clean.rmhost.1.fq.gz;ftp.sra.ebi.ac.uk/vol1/run/ERR321/ERR321623/MetaHIT-MH0425_110425.clean.rmhost.2.fq.gz	
ERR321630	PRJEB4336	SAMEA2146009	ERX294763	408170	human gut metagenome	ftp.sra.ebi.ac.uk/vol1/fastq/ERR321/ERR321630/ERR321630_1.fastq.gz;ftp.sra.ebi.ac.uk/vol1/fastq/ERR321/ERR321630/ERR321630_2.fastq.gz	ftp.sra.ebi.ac.uk/vol1/run/ERR321/ERR321630/MetaHIT-MH0432_110425.clean.rmhost.1.fq.gz;ftp.sra.ebi.ac.uk/vol1/run/ERR321/ERR321630/MetaHIT-MH0432_110425.clean.rmhost.2.fq.gz	
ERR321640	PRJEB4336	SAMEA2152064	ERX294773	408170	human gut metagenome	ftp.sra.ebi.ac.uk/vol1/fastq/ERR321/ERR321640/ERR321640_1.fastq.gz;ftp.sra.ebi.ac.uk/vol1/fastq/ERR321/ERR321640/ERR321640_2.fastq.gz	ftp.sra.ebi.ac.uk/vol1/run/ERR321/ERR321640/MetaHIT-MH0442_110425.clean.rmhost.1.fq.gz;ftp.sra.ebi.ac.uk/vol1/run/ERR321/ERR321640/MetaHIT-MH0442_110425.clean.rmhost.2.fq.gz	
ERR321642	PRJEB4336	SAMEA2149068	ERX294775	408170	human gut metagenome	ftp.sra.ebi.ac.uk/vol1/fastq/ERR321/ERR321642/ERR321642_1.fastq.gz;ftp.sra.ebi.ac.uk/vol1/fastq/ERR321/ERR321642/ERR321642_2.fastq.gz	ftp.sra.ebi.ac.uk/vol1/run/ERR321/ERR321642/MetaHIT-MH0444_110425.clean.rmhost.1.fq.gz;ftp.sra.ebi.ac.uk/vol1/run/ERR321/ERR321642/MetaHIT-MH0444_110425.clean.rmhost.2.fq.gz	
ERR321643	PRJEB4336	SAMEA2148412	ERX294776	408170	human gut metagenome	ftp.sra.ebi.ac.uk/vol1/fastq/ERR321/ERR321643/ERR321643_1.fastq.gz;ftp.sra.ebi.ac.uk/vol1/fastq/ERR321/ERR321643/ERR321643_2.fastq.gz	ftp.sra.ebi.ac.uk/vol1/run/ERR321/ERR321643/MetaHIT-MH0445_110425.clean.rmhost.1.fq.gz;ftp.sra.ebi.ac.uk/vol1/run/ERR321/ERR321643/MetaHIT-MH0445_110425.clean.rmhost.2.fq.gz	
ERR321644	PRJEB4336	SAMEA2163432	ERX294777	408170	human gut metagenome	ftp.sra.ebi.ac.uk/vol1/fastq/ERR321/ERR321644/ERR321644_1.fastq.gz;ftp.sra.ebi.ac.uk/vol1/fastq/ERR321/ERR321644/ERR321644_2.fastq.gz	ftp.sra.ebi.ac.uk/vol1/run/ERR321/ERR321644/MetaHIT-MH0446_110425.clean.rmhost.1.fq.gz;ftp.sra.ebi.ac.uk/vol1/run/ERR321/ERR321644/MetaHIT-MH0446_110425.clean.rmhost.2.fq.gz	
ERR321646	PRJEB4336	SAMEA2155255	ERX294779	408170	human gut metagenome	ftp.sra.ebi.ac.uk/vol1/fastq/ERR321/ERR321646/ERR321646_1.fastq.gz;ftp.sra.ebi.ac.uk/vol1/fastq/ERR321/ERR321646/ERR321646_2.fastq.gz	ftp.sra.ebi.ac.uk/vol1/run/ERR321/ERR321646/MetaHIT-MH0448_110425.clean.rmhost.1.fq.gz;ftp.sra.ebi.ac.uk/vol1/run/ERR321/ERR321646/MetaHIT-MH0448_110425.clean.rmhost.2.fq.gz	
ERR321647	PRJEB4336	SAMEA2163583	ERX294780	408170	human gut metagenome	ftp.sra.ebi.ac.uk/vol1/fastq/ERR321/ERR321647/ERR321647_1.fastq.gz;ftp.sra.ebi.ac.uk/vol1/fastq/ERR321/ERR321647/ERR321647_2.fastq.gz	ftp.sra.ebi.ac.uk/vol1/run/ERR321/ERR321647/MetaHIT-MH0450_110425.clean.rmhost.1.fq.gz;ftp.sra.ebi.ac.uk/vol1/run/ERR321/ERR321647/MetaHIT-MH0450_110425.clean.rmhost.2.fq.gz	
ERR321648	PRJEB4336	SAMEA2162036	ERX294781	408170	human gut metagenome	ftp.sra.ebi.ac.uk/vol1/fastq/ERR321/ERR321648/ERR321648_1.fastq.gz;ftp.sra.ebi.ac.uk/vol1/fastq/ERR321/ERR321648/ERR321648_2.fastq.gz	ftp.sra.ebi.ac.uk/vol1/run/ERR321/ERR321648/MetaHIT-MH0451_110425.clean.rmhost.1.fq.gz;ftp.sra.ebi.ac.uk/vol1/run/ERR321/ERR321648/MetaHIT-MH0451_110425.clean.rmhost.2.fq.gz	
ERR321649	PRJEB4336	SAMEA2158062	ERX294782	408170	human gut metagenome	ftp.sra.ebi.ac.uk/vol1/fastq/ERR321/ERR321649/ERR321649_1.fastq.gz;ftp.sra.ebi.ac.uk/vol1/fastq/ERR321/ERR321649/ERR321649_2.fastq.gz	ftp.sra.ebi.ac.uk/vol1/run/ERR321/ERR321649/MetaHIT-MH0452_110425.clean.rmhost.1.fq.gz;ftp.sra.ebi.ac.uk/vol1/run/ERR321/ERR321649/MetaHIT-MH0452_110425.clean.rmhost.2.fq.gz	
ERR321651	PRJEB4336	SAMEA2154620	ERX294784	408170	human gut metagenome	ftp.sra.ebi.ac.uk/vol1/fastq/ERR321/ERR321651/ERR321651_1.fastq.gz;ftp.sra.ebi.ac.uk/vol1/fastq/ERR321/ERR321651/ERR321651_2.fastq.gz	ftp.sra.ebi.ac.uk/vol1/run/ERR321/ERR321651/MetaHIT-MH0454_110425.clean.rmhost.1.fq.gz;ftp.sra.ebi.ac.uk/vol1/run/ERR321/ERR321651/MetaHIT-MH0454_110425.clean.rmhost.2.fq.gz	
ERR321654	PRJEB4336	SAMEA2156486	ERX294787	408170	human gut metagenome	ftp.sra.ebi.ac.uk/vol1/fastq/ERR321/ERR321654/ERR321654_1.fastq.gz;ftp.sra.ebi.ac.uk/vol1/fastq/ERR321/ERR321654/ERR321654_2.fastq.gz	ftp.sra.ebi.ac.uk/vol1/run/ERR321/ERR321654/MetaHIT-MH0457_110425.clean.rmhost.1.fq.gz;ftp.sra.ebi.ac.uk/vol1/run/ERR321/ERR321654/MetaHIT-MH0457_110425.clean.rmhost.2.fq.gz	
ERR321655	PRJEB4336	SAMEA2148755	ERX294788	408170	human gut metagenome	ftp.sra.ebi.ac.uk/vol1/fastq/ERR321/ERR321655/ERR321655_1.fastq.gz;ftp.sra.ebi.ac.uk/vol1/fastq/ERR321/ERR321655/ERR321655_2.fastq.gz	ftp.sra.ebi.ac.uk/vol1/run/ERR321/ERR321655/MetaHIT-MH0458_110425.clean.rmhost.1.fq.gz;ftp.sra.ebi.ac.uk/vol1/run/ERR321/ERR321655/MetaHIT-MH0458_110425.clean.rmhost.2.fq.gz	
