run_accession	study_accession	sample_accession	experiment_accession	tax_id	scientific_name	fastq_ftp	submitted_ftp	bam_ftp
ERR504974	PRJEB5224	SAMEA2531403	ERX470331	408170	human gut metagenome	ftp.sra.ebi.ac.uk/vol1/fastq/ERR504/ERR504974/ERR504974_1.fastq.gz;ftp.sra.ebi.ac.uk/vol1/fastq/ERR504/ERR504974/ERR504974_2.fastq.gz	ftp.sra.ebi.ac.uk/vol1/run/ERR504/ERR504974/DLM006-IE_100924L2.rmhost.pair.1.fq.gz;ftp.sra.ebi.ac.uk/vol1/run/ERR504/ERR504974/DLM006-IE_100924L2.rmhost.pair.2.fq.gz	
ERR504978	PRJEB5224	SAMEA2531407	ERX470335	408170	human gut metagenome	ftp.sra.ebi.ac.uk/vol1/fastq/ERR504/ERR504978/ERR504978_1.fastq.gz;ftp.sra.ebi.ac.uk/vol1/fastq/ERR504/ERR504978/ERR504978_2.fastq.gz	ftp.sra.ebi.ac.uk/vol1/run/ERR504/ERR504978/NOF007-IE_101006L4.rmhost.pair.1.fq.gz;ftp.sra.ebi.ac.uk/vol1/run/ERR504/ERR504978/NOF007-IE_101006L4.rmhost.pair.2.fq.gz	
ERR504980	PRJEB5224	SAMEA2531403	ERX470337	408170	human gut metagenome	ftp.sra.ebi.ac.uk/vol1/fastq/ERR504/ERR504980/ERR504980.fastq.gz	ftp.sra.ebi.ac.uk/vol1/run/ERR504/ERR504980/DLM006-IE_100924L2.rmhost.single.fq.gz	
ERR414232	PRJEB5224	SAMEA2338624	ERX380535	408170	human gut metagenome	ftp.sra.ebi.ac.uk/vol1/fastq/ERR414/ERR414232/ERR414232_1.fastq.gz;ftp.sra.ebi.ac.uk/vol1/fastq/ERR414/ERR414232/ERR414232_2.fastq.gz	ftp.sra.ebi.ac.uk/vol1/run/ERR414/ERR414232/MH0221_101031.rmhost.pair.1.fq.gz;ftp.sra.ebi.ac.uk/vol1/run/ERR414/ERR414232/MH0221_101031.rmhost.pair.2.fq.gz	
ERR414234	PRJEB5224	SAMEA2338626	ERX380537	408170	human gut metagenome	ftp.sra.ebi.ac.uk/vol1/fastq/ERR414/ERR414234/ERR414234_1.fastq.gz;ftp.sra.ebi.ac.uk/vol1/fastq/ERR414/ERR414234/ERR414234_2.fastq.gz	ftp.sra.ebi.ac.uk/vol1/run/ERR414/ERR414234/MH0234_101031.rmhost.pair.1.fq.gz;ftp.sra.ebi.ac.uk/vol1/run/ERR414/ERR414234/MH0234_101031.rmhost.pair.2.fq.gz	
ERR414236	PRJEB5224	SAMEA2338628	ERX380539	408170	human gut metagenome	ftp.sra.ebi.ac.uk/vol1/fastq/ERR414/ERR414236/ERR414236_1.fastq.gz;ftp.sra.ebi.ac.uk/vol1/fastq/ERR414/ERR414236/ERR414236_2.fastq.gz	ftp.sra.ebi.ac.uk/vol1/run/ERR414/ERR414236/MH0245_101031.rmhost.pair.1.fq.gz;ftp.sra.ebi.ac.uk/vol1/run/ERR414/ERR414236/MH0245_101031.rmhost.pair.2.fq.gz	
ERR414242	PRJEB5224	SAMEA2338633	ERX380545	408170	human gut metagenome	ftp.sra.ebi.ac.uk/vol1/fastq/ERR414/ERR414242/ERR414242_1.fastq.gz;ftp.sra.ebi.ac.uk/vol1/fastq/ERR414/ERR414242/ERR414242_2.fastq.gz	ftp.sra.ebi.ac.uk/vol1/run/ERR414/ERR414242/MH0261_101007.rmhost.pair.1.fq.gz;ftp.sra.ebi.ac.uk/vol1/run/ERR414/ERR414242/MH0261_101007.rmhost.pair.2.fq.gz	
ERR414246	PRJEB5224	SAMEA2338637	ERX380549	408170	human gut metagenome	ftp.sra.ebi.ac.uk/vol1/fastq/ERR414/ERR414246/ERR414246_1.fastq.gz;ftp.sra.ebi.ac.uk/vol1/fastq/ERR414/ERR414246/ERR414246_2.fastq.gz	ftp.sra.ebi.ac.uk/vol1/run/ERR414/ERR414246/MH0266_101031.rmhost.pair.1.fq.gz;ftp.sra.ebi.ac.uk/vol1/run/ERR414/ERR414246/MH0266_101031.rmhost.pair.2.fq.gz	
ERR414248	PRJEB5224	SAMEA2338639	ERX380551	408170	human gut metagenome	ftp.sra.ebi.ac.uk/vol1/fastq/ERR414/ERR414248/ERR414248_1.fastq.gz;ftp.sra.ebi.ac.uk/vol1/fastq/ERR414/ERR414248/ERR414248_2.fastq.gz	ftp.sra.ebi.ac.uk/vol1/run/ERR414/ERR414248/MH0270_101031.rmhost.pair.1.fq.gz;ftp.sra.ebi.ac.uk/vol1/run/ERR414/ERR414248/MH0270_101031.rmhost.pair.2.fq.gz	
ERR414252	PRJEB5224	SAMEA2338642	ERX380555	408170	human gut metagenome	ftp.sra.ebi.ac.uk/vol1/fastq/ERR414/ERR414252/ERR414252_1.fastq.gz;ftp.sra.ebi.ac.uk/vol1/fastq/ERR414/ERR414252/ERR414252_2.fastq.gz	ftp.sra.ebi.ac.uk/vol1/run/ERR414/ERR414252/MH0281_101031.rmhost.pair.1.fq.gz;ftp.sra.ebi.ac.uk/vol1/run/ERR414/ERR414252/MH0281_101031.rmhost.pair.2.fq.gz	
ERR414253	PRJEB5224	SAMEA2338643	ERX380556	408170	human gut metagenome	ftp.sra.ebi.ac.uk/vol1/fastq/ERR414/ERR414253/ERR414253_1.fastq.gz;ftp.sra.ebi.ac.uk/vol1/fastq/ERR414/ERR414253/ERR414253_2.fastq.gz	ftp.sra.ebi.ac.uk/vol1/run/ERR414/ERR414253/MH0283_101007.rmhost.pair.1.fq.gz;ftp.sra.ebi.ac.uk/vol1/run/ERR414/ERR414253/MH0283_101007.rmhost.pair.2.fq.gz	
ERR414263	PRJEB5224	SAMEA2338650	ERX380566	408170	human gut metagenome	ftp.sra.ebi.ac.uk/vol1/fastq/ERR414/ERR414263/ERR414263_1.fastq.gz;ftp.sra.ebi.ac.uk/vol1/fastq/ERR414/ERR414263/ERR414263_2.fastq.gz	ftp.sra.ebi.ac.uk/vol1/run/ERR414/ERR414263/MH0301_101102.rmhost.pair.1.fq.gz;ftp.sra.ebi.ac.uk/vol1/run/ERR414/ERR414263/MH0301_101102.rmhost.pair.2.fq.gz	
ERR414267	PRJEB5224	SAMEA2338654	ERX380570	408170	human gut metagenome	ftp.sra.ebi.ac.uk/vol1/fastq/ERR414/ERR414267/ERR414267_1.fastq.gz;ftp.sra.ebi.ac.uk/vol1/fastq/ERR414/ERR414267/ERR414267_2.fastq.gz	ftp.sra.ebi.ac.uk/vol1/run/ERR414/ERR414267/MH0310_101031.rmhost.pair.1.fq.gz;ftp.sra.ebi.ac.uk/vol1/run/ERR414/ERR414267/MH0310_101031.rmhost.pair.2.fq.gz	
ERR414269	PRJEB5224	SAMEA2338656	ERX380572	408170	human gut metagenome	ftp.sra.ebi.ac.uk/vol1/fastq/ERR414/ERR414269/ERR414269_1.fastq.gz;ftp.sra.ebi.ac.uk/vol1/fastq/ERR414/ERR414269/ERR414269_2.fastq.gz	ftp.sra.ebi.ac.uk/vol1/run/ERR414/ERR414269/MH0314_101102.rmhost.pair.1.fq.gz;ftp.sra.ebi.ac.uk/vol1/run/ERR414/ERR414269/MH0314_101102.rmhost.pair.2.fq.gz	
ERR414270	PRJEB5224	SAMEA2338656	ERX380573	408170	human gut metagenome	ftp.sra.ebi.ac.uk/vol1/fastq/ERR414/ERR414270/ERR414270_1.fastq.gz;ftp.sra.ebi.ac.uk/vol1/fastq/ERR414/ERR414270/ERR414270_2.fastq.gz	ftp.sra.ebi.ac.uk/vol1/run/ERR414/ERR414270/MH0314_101205.rmhost.pair.1.fq.gz;ftp.sra.ebi.ac.uk/vol1/run/ERR414/ERR414270/MH0314_101205.rmhost.pair.2.fq.gz	
ERR414271	PRJEB5224	SAMEA2338657	ERX380574	408170	human gut metagenome	ftp.sra.ebi.ac.uk/vol1/fastq/ERR414/ERR414271/ERR414271_1.fastq.gz;ftp.sra.ebi.ac.uk/vol1/fastq/ERR414/ERR414271/ERR414271_2.fastq.gz	ftp.sra.ebi.ac.uk/vol1/run/ERR414/ERR414271/MH0315_101102.rmhost.pair.1.fq.gz;ftp.sra.ebi.ac.uk/vol1/run/ERR414/ERR414271/MH0315_101102.rmhost.pair.2.fq.gz	
ERR414272	PRJEB5224	SAMEA2338657	ERX380575	408170	human gut metagenome	ftp.sra.ebi.ac.uk/vol1/fastq/ERR414/ERR414272/ERR414272_1.fastq.gz;ftp.sra.ebi.ac.uk/vol1/fastq/ERR414/ERR414272/ERR414272_2.fastq.gz	ftp.sra.ebi.ac.uk/vol1/run/ERR414/ERR414272/MH0315_101205.rmhost.pair.1.fq.gz;ftp.sra.ebi.ac.uk/vol1/run/ERR414/ERR414272/MH0315_101205.rmhost.pair.2.fq.gz	
ERR414277	PRJEB5224	SAMEA2338662	ERX380580	408170	human gut metagenome	ftp.sra.ebi.ac.uk/vol1/fastq/ERR414/ERR414277/ERR414277_1.fastq.gz;ftp.sra.ebi.ac.uk/vol1/fastq/ERR414/ERR414277/ERR414277_2.fastq.gz	ftp.sra.ebi.ac.uk/vol1/run/ERR414/ERR414277/MH0327_101007.rmhost.pair.1.fq.gz;ftp.sra.ebi.ac.uk/vol1/run/ERR414/ERR414277/MH0327_101007.rmhost.pair.2.fq.gz	
ERR414278	PRJEB5224	SAMEA2338663	ERX380581	408170	human gut metagenome	ftp.sra.ebi.ac.uk/vol1/fastq/ERR414/ERR414278/ERR414278_1.fastq.gz;ftp.sra.ebi.ac.uk/vol1/fastq/ERR414/ERR414278/ERR414278_2.fastq.gz	ftp.sra.ebi.ac.uk/vol1/run/ERR414/ERR414278/MH0328_101007.rmhost.pair.1.fq.gz;ftp.sra.ebi.ac.uk/vol1/run/ERR414/ERR414278/MH0328_101007.rmhost.pair.2.fq.gz	
ERR414282	PRJEB5224	SAMEA2338667	ERX380585	408170	human gut metagenome	ftp.sra.ebi.ac.uk/vol1/fastq/ERR414/ERR414282/ERR414282_1.fastq.gz;ftp.sra.ebi.ac.uk/vol1/fastq/ERR414/ERR414282/ERR414282_2.fastq.gz	ftp.sra.ebi.ac.uk/vol1/run/ERR414/ERR414282/MH0334_101101.rmhost.pair.1.fq.gz;ftp.sra.ebi.ac.uk/vol1/run/ERR414/ERR414282/MH0334_101101.rmhost.pair.2.fq.gz	
ERR414285	PRJEB5224	SAMEA2338670	ERX380588	408170	human gut metagenome	ftp.sra.ebi.ac.uk/vol1/fastq/ERR414/ERR414285/ERR414285_1.fastq.gz;ftp.sra.ebi.ac.uk/vol1/fastq/ERR414/ERR414285/ERR414285_2.fastq.gz	ftp.sra.ebi.ac.uk/vol1/run/ERR414/ERR414285/MH0337_101008.rmhost.pair.1.fq.gz;ftp.sra.ebi.ac.uk/vol1/run/ERR414/ERR414285/MH0337_101008.rmhost.pair.2.fq.gz	
ERR414288	PRJEB5224	SAMEA2338672	ERX380591	408170	human gut metagenome	ftp.sra.ebi.ac.uk/vol1/fastq/ERR414/ERR414288/ERR414288_1.fastq.gz;ftp.sra.ebi.ac.uk/vol1/fastq/ERR414/ERR414288/ERR414288_2.fastq.gz	ftp.sra.ebi.ac.uk/vol1/run/ERR414/ERR414288/MH0339_101009.rmhost.pair.1.fq.gz;ftp.sra.ebi.ac.uk/vol1/run/ERR414/ERR414288/MH0339_101009.rmhost.pair.2.fq.gz	
ERR414290	PRJEB5224	SAMEA2338674	ERX380593	408170	human gut metagenome	ftp.sra.ebi.ac.uk/vol1/fastq/ERR414/ERR414290/ERR414290_1.fastq.gz;ftp.sra.ebi.ac.uk/vol1/fastq/ERR414/ERR414290/ERR414290_2.fastq.gz	ftp.sra.ebi.ac.uk/vol1/run/ERR414/ERR414290/MH0341_101009.rmhost.pair.1.fq.gz;ftp.sra.ebi.ac.uk/vol1/run/ERR414/ERR414290/MH0341_101009.rmhost.pair.2.fq.gz	
ERR414291	PRJEB5224	SAMEA2338675	ERX380594	408170	human gut metagenome	ftp.sra.ebi.ac.uk/vol1/fastq/ERR414/ERR414291/ERR414291_1.fastq.gz;ftp.sra.ebi.ac.uk/vol1/fastq/ERR414/ERR414291/ERR414291_2.fastq.gz	ftp.sra.ebi.ac.uk/vol1/run/ERR414/ERR414291/MH0342_101009.rmhost.pair.1.fq.gz;ftp.sra.ebi.ac.uk/vol1/run/ERR414/ERR414291/MH0342_101009.rmhost.pair.2.fq.gz	
ERR414296	PRJEB5224	SAMEA2338680	ERX380599	408170	human gut metagenome	ftp.sra.ebi.ac.uk/vol1/fastq/ERR414/ERR414296/ERR414296_1.fastq.gz;ftp.sra.ebi.ac.uk/vol1/fastq/ERR414/ERR414296/ERR414296_2.fastq.gz	ftp.sra.ebi.ac.uk/vol1/run/ERR414/ERR414296/MH0348_101101.rmhost.pair.1.fq.gz;ftp.sra.ebi.ac.uk/vol1/run/ERR414/ERR414296/MH0348_101101.rmhost.pair.2.fq.gz	
ERR414298	PRJEB5224	SAMEA2338682	ERX380601	408170	human gut metagenome	ftp.sra.ebi.ac.uk/vol1/fastq/ERR414/ERR414298/ERR414298_1.fastq.gz;ftp.sra.ebi.ac.uk/vol1/fastq/ERR414/ERR414298/ERR414298_2.fastq.gz	ftp.sra.ebi.ac.uk/vol1/run/ERR414/ERR414298/MH0350_101009.rmhost.pair.1.fq.gz;ftp.sra.ebi.ac.uk/vol1/run/ERR414/ERR414298/MH0350_101009.rmhost.pair.2.fq.gz	
ERR414301	PRJEB5224	SAMEA2338684	ERX380604	408170	human gut metagenome	ftp.sra.ebi.ac.uk/vol1/fastq/ERR414/ERR414301/ERR414301_1.fastq.gz;ftp.sra.ebi.ac.uk/vol1/fastq/ERR414/ERR414301/ERR414301_2.fastq.gz	ftp.sra.ebi.ac.uk/vol1/run/ERR414/ERR414301/MH0354_101101.rmhost.pair.1.fq.gz;ftp.sra.ebi.ac.uk/vol1/run/ERR414/ERR414301/MH0354_101101.rmhost.pair.2.fq.gz	
ERR414302	PRJEB5224	SAMEA2338685	ERX380605	408170	human gut metagenome	ftp.sra.ebi.ac.uk/vol1/fastq/ERR414/ERR414302/ERR414302_1.fastq.gz;ftp.sra.ebi.ac.uk/vol1/fastq/ERR414/ERR414302/ERR414302_2.fastq.gz	ftp.sra.ebi.ac.uk/vol1/run/ERR414/ERR414302/MH0355_101009.rmhost.pair.1.fq.gz;ftp.sra.ebi.ac.uk/vol1/run/ERR414/ERR414302/MH0355_101009.rmhost.pair.2.fq.gz	
ERR414303	PRJEB5224	SAMEA2338686	ERX380606	408170	human gut metagenome	ftp.sra.ebi.ac.uk/vol1/fastq/ERR414/ERR414303/ERR414303_1.fastq.gz;ftp.sra.ebi.ac.uk/vol1/fastq/ERR414/ERR414303/ERR414303_2.fastq.gz	ftp.sra.ebi.ac.uk/vol1/run/ERR414/ERR414303/MH0356_101101.rmhost.pair.1.fq.gz;ftp.sra.ebi.ac.uk/vol1/run/ERR414/ERR414303/MH0356_101101.rmhost.pair.2.fq.gz	
ERR414307	PRJEB5224	SAMEA2338690	ERX380610	408170	human gut metagenome	ftp.sra.ebi.ac.uk/vol1/fastq/ERR414/ERR414307/ERR414307_1.fastq.gz;ftp.sra.ebi.ac.uk/vol1/fastq/ERR414/ERR414307/ERR414307_2.fastq.gz	ftp.sra.ebi.ac.uk/vol1/run/ERR414/ERR414307/MH0360_101009.rmhost.pair.1.fq.gz;ftp.sra.ebi.ac.uk/vol1/run/ERR414/ERR414307/MH0360_101009.rmhost.pair.2.fq.gz	
ERR414308	PRJEB5224	SAMEA2338691	ERX380611	408170	human gut metagenome	ftp.sra.ebi.ac.uk/vol1/fastq/ERR414/ERR414308/ERR414308_1.fastq.gz;ftp.sra.ebi.ac.uk/vol1/fastq/ERR414/ERR414308/ERR414308_2.fastq.gz	ftp.sra.ebi.ac.uk/vol1/run/ERR414/ERR414308/MH0361_101009.rmhost.pair.1.fq.gz;ftp.sra.ebi.ac.uk/vol1/run/ERR414/ERR414308/MH0361_101009.rmhost.pair.2.fq.gz	
ERR414314	PRJEB5224	SAMEA2338697	ERX380617	408170	human gut metagenome	ftp.sra.ebi.ac.uk/vol1/fastq/ERR414/ERR414314/ERR414314_1.fastq.gz;ftp.sra.ebi.ac.uk/vol1/fastq/ERR414/ERR414314/ERR414314_2.fastq.gz	ftp.sra.ebi.ac.uk/vol1/run/ERR414/ERR414314/MH0367_101009.rmhost.pair.1.fq.gz;ftp.sra.ebi.ac.uk/vol1/run/ERR414/ERR414314/MH0367_101009.rmhost.pair.2.fq.gz	
ERR414320	PRJEB5224	SAMEA2338703	ERX380623	408170	human gut metagenome	ftp.sra.ebi.ac.uk/vol1/fastq/ERR414/ERR414320/ERR414320_1.fastq.gz;ftp.sra.ebi.ac.uk/vol1/fastq/ERR414/ERR414320/ERR414320_2.fastq.gz	ftp.sra.ebi.ac.uk/vol1/run/ERR414/ERR414320/MH0373_101009.rmhost.pair.1.fq.gz;ftp.sra.ebi.ac.uk/vol1/run/ERR414/ERR414320/MH0373_101009.rmhost.pair.2.fq.gz	
ERR414325	PRJEB5224	SAMEA2338707	ERX380628	408170	human gut metagenome	ftp.sra.ebi.ac.uk/vol1/fastq/ERR414/ERR414325/ERR414325_1.fastq.gz;ftp.sra.ebi.ac.uk/vol1/fastq/ERR414/ERR414325/ERR414325_2.fastq.gz	ftp.sra.ebi.ac.uk/vol1/run/ERR414/ERR414325/MH0377_101009.rmhost.pair.1.fq.gz;ftp.sra.ebi.ac.uk/vol1/run/ERR414/ERR414325/MH0377_101009.rmhost.pair.2.fq.gz	
ERR414330	PRJEB5224	SAMEA2338711	ERX380633	408170	human gut metagenome	ftp.sra.ebi.ac.uk/vol1/fastq/ERR414/ERR414330/ERR414330_1.fastq.gz;ftp.sra.ebi.ac.uk/vol1/fastq/ERR414/ERR414330/ERR414330_2.fastq.gz	ftp.sra.ebi.ac.uk/vol1/run/ERR414/ERR414330/MH0382_101111.rmhost.pair.1.fq.gz;ftp.sra.ebi.ac.uk/vol1/run/ERR414/ERR414330/MH0382_101111.rmhost.pair.2.fq.gz	
ERR414334	PRJEB5224	SAMEA2338715	ERX380637	408170	human gut metagenome	ftp.sra.ebi.ac.uk/vol1/fastq/ERR414/ERR414334/ERR414334_1.fastq.gz;ftp.sra.ebi.ac.uk/vol1/fastq/ERR414/ERR414334/ERR414334_2.fastq.gz	ftp.sra.ebi.ac.uk/vol1/run/ERR414/ERR414334/MH0386_101009.rmhost.pair.1.fq.gz;ftp.sra.ebi.ac.uk/vol1/run/ERR414/ERR414334/MH0386_101009.rmhost.pair.2.fq.gz	
ERR414341	PRJEB5224	SAMEA2338722	ERX380644	408170	human gut metagenome	ftp.sra.ebi.ac.uk/vol1/fastq/ERR414/ERR414341/ERR414341_1.fastq.gz;ftp.sra.ebi.ac.uk/vol1/fastq/ERR414/ERR414341/ERR414341_2.fastq.gz	ftp.sra.ebi.ac.uk/vol1/run/ERR414/ERR414341/MH0393_101101.rmhost.pair.1.fq.gz;ftp.sra.ebi.ac.uk/vol1/run/ERR414/ERR414341/MH0393_101101.rmhost.pair.2.fq.gz	
ERR414346	PRJEB5224	SAMEA2338727	ERX380649	408170	human gut metagenome	ftp.sra.ebi.ac.uk/vol1/fastq/ERR414/ERR414346/ERR414346_1.fastq.gz;ftp.sra.ebi.ac.uk/vol1/fastq/ERR414/ERR414346/ERR414346_2.fastq.gz	ftp.sra.ebi.ac.uk/vol1/run/ERR414/ERR414346/MH0398_101101.rmhost.pair.1.fq.gz;ftp.sra.ebi.ac.uk/vol1/run/ERR414/ERR414346/MH0398_101101.rmhost.pair.2.fq.gz	
ERR414353	PRJEB5224	SAMEA2338733	ERX380656	408170	human gut metagenome	ftp.sra.ebi.ac.uk/vol1/fastq/ERR414/ERR414353/ERR414353_1.fastq.gz;ftp.sra.ebi.ac.uk/vol1/fastq/ERR414/ERR414353/ERR414353_2.fastq.gz	ftp.sra.ebi.ac.uk/vol1/run/ERR414/ERR414353/O2.CD1-0-PT_110821.rmhost.pair.1.fq.gz;ftp.sra.ebi.ac.uk/vol1/run/ERR414/ERR414353/O2.CD1-0-PT_110821.rmhost.pair.2.fq.gz	
ERR414355	PRJEB5224	SAMEA2338735	ERX380658	408170	human gut metagenome	ftp.sra.ebi.ac.uk/vol1/fastq/ERR414/ERR414355/ERR414355_1.fastq.gz;ftp.sra.ebi.ac.uk/vol1/fastq/ERR414/ERR414355/ERR414355_2.fastq.gz	ftp.sra.ebi.ac.uk/vol1/run/ERR414/ERR414355/O2.CD2-0-PT_110821.rmhost.pair.1.fq.gz;ftp.sra.ebi.ac.uk/vol1/run/ERR414/ERR414355/O2.CD2-0-PT_110821.rmhost.pair.2.fq.gz	
ERR414360	PRJEB5224	SAMEA2338740	ERX380663	408170	human gut metagenome	ftp.sra.ebi.ac.uk/vol1/fastq/ERR414/ERR414360/ERR414360_1.fastq.gz;ftp.sra.ebi.ac.uk/vol1/fastq/ERR414/ERR414360/ERR414360_2.fastq.gz	ftp.sra.ebi.ac.uk/vol1/run/ERR414/ERR414360/O2.UC13-1_111207.rmhost.pair.1.fq.gz;ftp.sra.ebi.ac.uk/vol1/run/ERR414/ERR414360/O2.UC13-1_111207.rmhost.pair.2.fq.gz	
ERR414361	PRJEB5224	SAMEA2338741	ERX380664	408170	human gut metagenome	ftp.sra.ebi.ac.uk/vol1/fastq/ERR414/ERR414361/ERR414361_1.fastq.gz;ftp.sra.ebi.ac.uk/vol1/fastq/ERR414/ERR414361/ERR414361_2.fastq.gz	ftp.sra.ebi.ac.uk/vol1/run/ERR414/ERR414361/O2.UC14-1_111207.rmhost.pair.1.fq.gz;ftp.sra.ebi.ac.uk/vol1/run/ERR414/ERR414361/O2.UC14-1_111207.rmhost.pair.2.fq.gz	
ERR414362	PRJEB5224	SAMEA2338742	ERX380665	408170	human gut metagenome	ftp.sra.ebi.ac.uk/vol1/fastq/ERR414/ERR414362/ERR414362_1.fastq.gz;ftp.sra.ebi.ac.uk/vol1/fastq/ERR414/ERR414362/ERR414362_2.fastq.gz	ftp.sra.ebi.ac.uk/vol1/run/ERR414/ERR414362/O2.UC15-0_100908.rmhost.pair.1.fq.gz;ftp.sra.ebi.ac.uk/vol1/run/ERR414/ERR414362/O2.UC15-0_100908.rmhost.pair.2.fq.gz	
ERR414364	PRJEB5224	SAMEA2338744	ERX380667	408170	human gut metagenome	ftp.sra.ebi.ac.uk/vol1/fastq/ERR414/ERR414364/ERR414364_1.fastq.gz;ftp.sra.ebi.ac.uk/vol1/fastq/ERR414/ERR414364/ERR414364_2.fastq.gz	ftp.sra.ebi.ac.uk/vol1/run/ERR414/ERR414364/O2.UC15-2_100908.rmhost.pair.1.fq.gz;ftp.sra.ebi.ac.uk/vol1/run/ERR414/ERR414364/O2.UC15-2_100908.rmhost.pair.2.fq.gz	
ERR414370	PRJEB5224	SAMEA2338751	ERX380673	408170	human gut metagenome	ftp.sra.ebi.ac.uk/vol1/fastq/ERR414/ERR414370/ERR414370_1.fastq.gz;ftp.sra.ebi.ac.uk/vol1/fastq/ERR414/ERR414370/ERR414370_2.fastq.gz	ftp.sra.ebi.ac.uk/vol1/run/ERR414/ERR414370/O2.UC21-1_111207.rmhost.pair.1.fq.gz;ftp.sra.ebi.ac.uk/vol1/run/ERR414/ERR414370/O2.UC21-1_111207.rmhost.pair.2.fq.gz	
ERR414371	PRJEB5224	SAMEA2338750	ERX380674	408170	human gut metagenome	ftp.sra.ebi.ac.uk/vol1/fastq/ERR414/ERR414371/ERR414371_1.fastq.gz;ftp.sra.ebi.ac.uk/vol1/fastq/ERR414/ERR414371/ERR414371_2.fastq.gz	ftp.sra.ebi.ac.uk/vol1/run/ERR414/ERR414371/O2.UC2-1_111207.rmhost.pair.1.fq.gz;ftp.sra.ebi.ac.uk/vol1/run/ERR414/ERR414371/O2.UC2-1_111207.rmhost.pair.2.fq.gz	
ERR414376	PRJEB5224	SAMEA2338756	ERX380679	408170	human gut metagenome	ftp.sra.ebi.ac.uk/vol1/fastq/ERR414/ERR414376/ERR414376_1.fastq.gz;ftp.sra.ebi.ac.uk/vol1/fastq/ERR414/ERR414376/ERR414376_2.fastq.gz	ftp.sra.ebi.ac.uk/vol1/run/ERR414/ERR414376/O2.UC27-1_111207.rmhost.pair.1.fq.gz;ftp.sra.ebi.ac.uk/vol1/run/ERR414/ERR414376/O2.UC27-1_111207.rmhost.pair.2.fq.gz	
ERR414379	PRJEB5224	SAMEA2338759	ERX380682	408170	human gut metagenome	ftp.sra.ebi.ac.uk/vol1/fastq/ERR414/ERR414379/ERR414379_1.fastq.gz;ftp.sra.ebi.ac.uk/vol1/fastq/ERR414/ERR414379/ERR414379_2.fastq.gz	ftp.sra.ebi.ac.uk/vol1/run/ERR414/ERR414379/O2.UC28-2_100908.rmhost.pair.1.fq.gz;ftp.sra.ebi.ac.uk/vol1/run/ERR414/ERR414379/O2.UC28-2_100908.rmhost.pair.2.fq.gz	
ERR414380	PRJEB5224	SAMEA2338760	ERX380683	408170	human gut metagenome	ftp.sra.ebi.ac.uk/vol1/fastq/ERR414/ERR414380/ERR414380_1.fastq.gz;ftp.sra.ebi.ac.uk/vol1/fastq/ERR414/ERR414380/ERR414380_2.fastq.gz	ftp.sra.ebi.ac.uk/vol1/run/ERR414/ERR414380/O2.UC29-1_111207.rmhost.pair.1.fq.gz;ftp.sra.ebi.ac.uk/vol1/run/ERR414/ERR414380/O2.UC29-1_111207.rmhost.pair.2.fq.gz	
ERR414381	PRJEB5224	SAMEA2338761	ERX380684	408170	human gut metagenome	ftp.sra.ebi.ac.uk/vol1/fastq/ERR414/ERR414381/ERR414381_1.fastq.gz;ftp.sra.ebi.ac.uk/vol1/fastq/ERR414/ERR414381/ERR414381_2.fastq.gz	ftp.sra.ebi.ac.uk/vol1/run/ERR414/ERR414381/O2.UC30-1_111207.rmhost.pair.1.fq.gz;ftp.sra.ebi.ac.uk/vol1/run/ERR414/ERR414381/O2.UC30-1_111207.rmhost.pair.2.fq.gz	
ERR414382	PRJEB5224	SAMEA2338763	ERX380685	408170	human gut metagenome	ftp.sra.ebi.ac.uk/vol1/fastq/ERR414/ERR414382/ERR414382_1.fastq.gz;ftp.sra.ebi.ac.uk/vol1/fastq/ERR414/ERR414382/ERR414382_2.fastq.gz	ftp.sra.ebi.ac.uk/vol1/run/ERR414/ERR414382/O2.UC31-1_111207.rmhost.pair.1.fq.gz;ftp.sra.ebi.ac.uk/vol1/run/ERR414/ERR414382/O2.UC31-1_111207.rmhost.pair.2.fq.gz	
ERR414384	PRJEB5224	SAMEA2338764	ERX380687	408170	human gut metagenome	ftp.sra.ebi.ac.uk/vol1/fastq/ERR414/ERR414384/ERR414384_1.fastq.gz;ftp.sra.ebi.ac.uk/vol1/fastq/ERR414/ERR414384/ERR414384_2.fastq.gz	ftp.sra.ebi.ac.uk/vol1/run/ERR414/ERR414384/O2.UC32-1_111207.rmhost.pair.1.fq.gz;ftp.sra.ebi.ac.uk/vol1/run/ERR414/ERR414384/O2.UC32-1_111207.rmhost.pair.2.fq.gz	
ERR414389	PRJEB5224	SAMEA2338768	ERX380692	408170	human gut metagenome	ftp.sra.ebi.ac.uk/vol1/fastq/ERR414/ERR414389/ERR414389_1.fastq.gz;ftp.sra.ebi.ac.uk/vol1/fastq/ERR414/ERR414389/ERR414389_2.fastq.gz	ftp.sra.ebi.ac.uk/vol1/run/ERR414/ERR414389/O2.UC37-1_111207.rmhost.pair.1.fq.gz;ftp.sra.ebi.ac.uk/vol1/run/ERR414/ERR414389/O2.UC37-1_111207.rmhost.pair.2.fq.gz	
ERR414391	PRJEB5224	SAMEA2338770	ERX380694	408170	human gut metagenome	ftp.sra.ebi.ac.uk/vol1/fastq/ERR414/ERR414391/ERR414391_1.fastq.gz;ftp.sra.ebi.ac.uk/vol1/fastq/ERR414/ERR414391/ERR414391_2.fastq.gz	ftp.sra.ebi.ac.uk/vol1/run/ERR414/ERR414391/O2.UC40-1_111207.rmhost.pair.1.fq.gz;ftp.sra.ebi.ac.uk/vol1/run/ERR414/ERR414391/O2.UC40-1_111207.rmhost.pair.2.fq.gz	
ERR414393	PRJEB5224	SAMEA2338771	ERX380696	408170	human gut metagenome	ftp.sra.ebi.ac.uk/vol1/fastq/ERR414/ERR414393/ERR414393_1.fastq.gz;ftp.sra.ebi.ac.uk/vol1/fastq/ERR414/ERR414393/ERR414393_2.fastq.gz	ftp.sra.ebi.ac.uk/vol1/run/ERR414/ERR414393/O2.UC4-1_111207.rmhost.pair.1.fq.gz;ftp.sra.ebi.ac.uk/vol1/run/ERR414/ERR414393/O2.UC4-1_111207.rmhost.pair.2.fq.gz	
ERR414394	PRJEB5224	SAMEA2338773	ERX380697	408170	human gut metagenome	ftp.sra.ebi.ac.uk/vol1/fastq/ERR414/ERR414394/ERR414394_1.fastq.gz;ftp.sra.ebi.ac.uk/vol1/fastq/ERR414/ERR414394/ERR414394_2.fastq.gz	ftp.sra.ebi.ac.uk/vol1/run/ERR414/ERR414394/O2.UC43-1_111206.rmhost.pair.1.fq.gz;ftp.sra.ebi.ac.uk/vol1/run/ERR414/ERR414394/O2.UC43-1_111206.rmhost.pair.2.fq.gz	
ERR414400	PRJEB5224	SAMEA2338779	ERX380703	408170	human gut metagenome	ftp.sra.ebi.ac.uk/vol1/fastq/ERR414/ERR414400/ERR414400_1.fastq.gz;ftp.sra.ebi.ac.uk/vol1/fastq/ERR414/ERR414400/ERR414400_2.fastq.gz	ftp.sra.ebi.ac.uk/vol1/run/ERR414/ERR414400/O2.UC6-0_100908.rmhost.pair.1.fq.gz;ftp.sra.ebi.ac.uk/vol1/run/ERR414/ERR414400/O2.UC6-0_100908.rmhost.pair.2.fq.gz	
ERR414404	PRJEB5224	SAMEA2338783	ERX380707	408170	human gut metagenome	ftp.sra.ebi.ac.uk/vol1/fastq/ERR414/ERR414404/ERR414404_1.fastq.gz;ftp.sra.ebi.ac.uk/vol1/fastq/ERR414/ERR414404/ERR414404_2.fastq.gz	ftp.sra.ebi.ac.uk/vol1/run/ERR414/ERR414404/O2.UC7-1_111207.rmhost.pair.1.fq.gz;ftp.sra.ebi.ac.uk/vol1/run/ERR414/ERR414404/O2.UC7-1_111207.rmhost.pair.2.fq.gz	
ERR414406	PRJEB5224	SAMEA2338785	ERX380709	408170	human gut metagenome	ftp.sra.ebi.ac.uk/vol1/fastq/ERR414/ERR414406/ERR414406_1.fastq.gz;ftp.sra.ebi.ac.uk/vol1/fastq/ERR414/ERR414406/ERR414406_2.fastq.gz	ftp.sra.ebi.ac.uk/vol1/run/ERR414/ERR414406/O2.UC8-1_111207.rmhost.pair.1.fq.gz;ftp.sra.ebi.ac.uk/vol1/run/ERR414/ERR414406/O2.UC8-1_111207.rmhost.pair.2.fq.gz	
ERR414408	PRJEB5224	SAMEA2338787	ERX380711	408170	human gut metagenome	ftp.sra.ebi.ac.uk/vol1/fastq/ERR414/ERR414408/ERR414408_1.fastq.gz;ftp.sra.ebi.ac.uk/vol1/fastq/ERR414/ERR414408/ERR414408_2.fastq.gz	ftp.sra.ebi.ac.uk/vol1/run/ERR414/ERR414408/O2.UC9-1_111207.rmhost.pair.1.fq.gz;ftp.sra.ebi.ac.uk/vol1/run/ERR414/ERR414408/O2.UC9-1_111207.rmhost.pair.2.fq.gz	
ERR414409	PRJEB5224	SAMEA2338788	ERX380712	408170	human gut metagenome	ftp.sra.ebi.ac.uk/vol1/fastq/ERR414/ERR414409/ERR414409_1.fastq.gz;ftp.sra.ebi.ac.uk/vol1/fastq/ERR414/ERR414409/ERR414409_2.fastq.gz	ftp.sra.ebi.ac.uk/vol1/run/ERR414/ERR414409/V1.CD1-0-PN_101220.rmhost.pair.1.fq.gz;ftp.sra.ebi.ac.uk/vol1/run/ERR414/ERR414409/V1.CD1-0-PN_101220.rmhost.pair.2.fq.gz	
ERR414411	PRJEB5224	SAMEA2338790	ERX380714	408170	human gut metagenome	ftp.sra.ebi.ac.uk/vol1/fastq/ERR414/ERR414411/ERR414411_1.fastq.gz;ftp.sra.ebi.ac.uk/vol1/fastq/ERR414/ERR414411/ERR414411_2.fastq.gz	ftp.sra.ebi.ac.uk/vol1/run/ERR414/ERR414411/V1.CD12-3_100821.rmhost.pair.1.fq.gz;ftp.sra.ebi.ac.uk/vol1/run/ERR414/ERR414411/V1.CD12-3_100821.rmhost.pair.2.fq.gz	
ERR414415	PRJEB5224	SAMEA2338792	ERX380718	408170	human gut metagenome	ftp.sra.ebi.ac.uk/vol1/fastq/ERR414/ERR414415/ERR414415_1.fastq.gz;ftp.sra.ebi.ac.uk/vol1/fastq/ERR414/ERR414415/ERR414415_2.fastq.gz	ftp.sra.ebi.ac.uk/vol1/run/ERR414/ERR414415/V1.CD20-0_100902.rmhost.pair.1.fq.gz;ftp.sra.ebi.ac.uk/vol1/run/ERR414/ERR414415/V1.CD20-0_100902.rmhost.pair.2.fq.gz	
ERR414417	PRJEB5224	SAMEA2338794	ERX380720	408170	human gut metagenome	ftp.sra.ebi.ac.uk/vol1/fastq/ERR414/ERR414417/ERR414417_1.fastq.gz;ftp.sra.ebi.ac.uk/vol1/fastq/ERR414/ERR414417/ERR414417_2.fastq.gz	ftp.sra.ebi.ac.uk/vol1/run/ERR414/ERR414417/V1.CD2-0-PT_110820.rmhost.pair.1.fq.gz;ftp.sra.ebi.ac.uk/vol1/run/ERR414/ERR414417/V1.CD2-0-PT_110820.rmhost.pair.2.fq.gz	
ERR414418	PRJEB5224	SAMEA2338795	ERX380721	408170	human gut metagenome	ftp.sra.ebi.ac.uk/vol1/fastq/ERR414/ERR414418/ERR414418_1.fastq.gz;ftp.sra.ebi.ac.uk/vol1/fastq/ERR414/ERR414418/ERR414418_2.fastq.gz	ftp.sra.ebi.ac.uk/vol1/run/ERR414/ERR414418/V1.CD3-0-PN_101220.rmhost.pair.1.fq.gz;ftp.sra.ebi.ac.uk/vol1/run/ERR414/ERR414418/V1.CD3-0-PN_101220.rmhost.pair.2.fq.gz	
ERR414420	PRJEB5224	SAMEA2338797	ERX380723	408170	human gut metagenome	ftp.sra.ebi.ac.uk/vol1/fastq/ERR414/ERR414420/ERR414420_1.fastq.gz;ftp.sra.ebi.ac.uk/vol1/fastq/ERR414/ERR414420/ERR414420_2.fastq.gz	ftp.sra.ebi.ac.uk/vol1/run/ERR414/ERR414420/V1.CD32-0_100902.rmhost.pair.1.fq.gz;ftp.sra.ebi.ac.uk/vol1/run/ERR414/ERR414420/V1.CD32-0_100902.rmhost.pair.2.fq.gz	
ERR414421	PRJEB5224	SAMEA2338797	ERX380724	408170	human gut metagenome	ftp.sra.ebi.ac.uk/vol1/fastq/ERR414/ERR414421/ERR414421_1.fastq.gz;ftp.sra.ebi.ac.uk/vol1/fastq/ERR414/ERR414421/ERR414421_2.fastq.gz	ftp.sra.ebi.ac.uk/vol1/run/ERR414/ERR414421/V1.CD32-0_100907.rmhost.pair.1.fq.gz;ftp.sra.ebi.ac.uk/vol1/run/ERR414/ERR414421/V1.CD32-0_100907.rmhost.pair.2.fq.gz	
ERR414422	PRJEB5224	SAMEA2338798	ERX380725	408170	human gut metagenome	ftp.sra.ebi.ac.uk/vol1/fastq/ERR414/ERR414422/ERR414422_1.fastq.gz;ftp.sra.ebi.ac.uk/vol1/fastq/ERR414/ERR414422/ERR414422_2.fastq.gz	ftp.sra.ebi.ac.uk/vol1/run/ERR414/ERR414422/V1.CD32-4_100902.rmhost.pair.1.fq.gz;ftp.sra.ebi.ac.uk/vol1/run/ERR414/ERR414422/V1.CD32-4_100902.rmhost.pair.2.fq.gz	
ERR414423	PRJEB5224	SAMEA2338798	ERX380726	408170	human gut metagenome	ftp.sra.ebi.ac.uk/vol1/fastq/ERR414/ERR414423/ERR414423_1.fastq.gz;ftp.sra.ebi.ac.uk/vol1/fastq/ERR414/ERR414423/ERR414423_2.fastq.gz	ftp.sra.ebi.ac.uk/vol1/run/ERR414/ERR414423/V1.CD32-4_100907.rmhost.pair.1.fq.gz;ftp.sra.ebi.ac.uk/vol1/run/ERR414/ERR414423/V1.CD32-4_100907.rmhost.pair.2.fq.gz	
ERR414428	PRJEB5224	SAMEA2338802	ERX380731	408170	human gut metagenome	ftp.sra.ebi.ac.uk/vol1/fastq/ERR414/ERR414428/ERR414428_1.fastq.gz;ftp.sra.ebi.ac.uk/vol1/fastq/ERR414/ERR414428/ERR414428_2.fastq.gz	ftp.sra.ebi.ac.uk/vol1/run/ERR414/ERR414428/V1.CD4-0-PN_101220.rmhost.pair.1.fq.gz;ftp.sra.ebi.ac.uk/vol1/run/ERR414/ERR414428/V1.CD4-0-PN_101220.rmhost.pair.2.fq.gz	
ERR414432	PRJEB5224	SAMEA2338805	ERX380735	408170	human gut metagenome	ftp.sra.ebi.ac.uk/vol1/fastq/ERR414/ERR414432/ERR414432_1.fastq.gz;ftp.sra.ebi.ac.uk/vol1/fastq/ERR414/ERR414432/ERR414432_2.fastq.gz	ftp.sra.ebi.ac.uk/vol1/run/ERR414/ERR414432/V1.CD44-0_100902.rmhost.pair.1.fq.gz;ftp.sra.ebi.ac.uk/vol1/run/ERR414/ERR414432/V1.CD44-0_100902.rmhost.pair.2.fq.gz	
ERR414436	PRJEB5224	SAMEA2338808	ERX380739	408170	human gut metagenome	ftp.sra.ebi.ac.uk/vol1/fastq/ERR414/ERR414436/ERR414436_1.fastq.gz;ftp.sra.ebi.ac.uk/vol1/fastq/ERR414/ERR414436/ERR414436_2.fastq.gz	ftp.sra.ebi.ac.uk/vol1/run/ERR414/ERR414436/V1.CD46-0_100816.rmhost.pair.1.fq.gz;ftp.sra.ebi.ac.uk/vol1/run/ERR414/ERR414436/V1.CD46-0_100816.rmhost.pair.2.fq.gz	
ERR414437	PRJEB5224	SAMEA2338808	ERX380740	408170	human gut metagenome	ftp.sra.ebi.ac.uk/vol1/fastq/ERR414/ERR414437/ERR414437_1.fastq.gz;ftp.sra.ebi.ac.uk/vol1/fastq/ERR414/ERR414437/ERR414437_2.fastq.gz	ftp.sra.ebi.ac.uk/vol1/run/ERR414/ERR414437/V1.CD46-0_100902.rmhost.pair.1.fq.gz;ftp.sra.ebi.ac.uk/vol1/run/ERR414/ERR414437/V1.CD46-0_100902.rmhost.pair.2.fq.gz	
ERR414439	PRJEB5224	SAMEA2338809	ERX380742	408170	human gut metagenome	ftp.sra.ebi.ac.uk/vol1/fastq/ERR414/ERR414439/ERR414439_1.fastq.gz;ftp.sra.ebi.ac.uk/vol1/fastq/ERR414/ERR414439/ERR414439_2.fastq.gz	ftp.sra.ebi.ac.uk/vol1/run/ERR414/ERR414439/V1.CD48-0_100902.rmhost.pair.1.fq.gz;ftp.sra.ebi.ac.uk/vol1/run/ERR414/ERR414439/V1.CD48-0_100902.rmhost.pair.2.fq.gz	
ERR414440	PRJEB5224	SAMEA2338810	ERX380743	408170	human gut metagenome	ftp.sra.ebi.ac.uk/vol1/fastq/ERR414/ERR414440/ERR414440_1.fastq.gz;ftp.sra.ebi.ac.uk/vol1/fastq/ERR414/ERR414440/ERR414440_2.fastq.gz	ftp.sra.ebi.ac.uk/vol1/run/ERR414/ERR414440/V1.CD49-0_101218.rmhost.pair.1.fq.gz;ftp.sra.ebi.ac.uk/vol1/run/ERR414/ERR414440/V1.CD49-0_101218.rmhost.pair.2.fq.gz	
ERR414441	PRJEB5224	SAMEA2338811	ERX380744	408170	human gut metagenome	ftp.sra.ebi.ac.uk/vol1/fastq/ERR414/ERR414441/ERR414441_1.fastq.gz;ftp.sra.ebi.ac.uk/vol1/fastq/ERR414/ERR414441/ERR414441_2.fastq.gz	ftp.sra.ebi.ac.uk/vol1/run/ERR414/ERR414441/V1.CD50-0_101218.rmhost.pair.1.fq.gz;ftp.sra.ebi.ac.uk/vol1/run/ERR414/ERR414441/V1.CD50-0_101218.rmhost.pair.2.fq.gz	
ERR414442	PRJEB5224	SAMEA2338812	ERX380745	408170	human gut metagenome	ftp.sra.ebi.ac.uk/vol1/fastq/ERR414/ERR414442/ERR414442_1.fastq.gz;ftp.sra.ebi.ac.uk/vol1/fastq/ERR414/ERR414442/ERR414442_2.fastq.gz	ftp.sra.ebi.ac.uk/vol1/run/ERR414/ERR414442/V1.CD5-0-PN_101220.rmhost.pair.1.fq.gz;ftp.sra.ebi.ac.uk/vol1/run/ERR414/ERR414442/V1.CD5-0-PN_101220.rmhost.pair.2.fq.gz	
ERR414443	PRJEB5224	SAMEA2338813	ERX380746	408170	human gut metagenome	ftp.sra.ebi.ac.uk/vol1/fastq/ERR414/ERR414443/ERR414443_1.fastq.gz;ftp.sra.ebi.ac.uk/vol1/fastq/ERR414/ERR414443/ERR414443_2.fastq.gz	ftp.sra.ebi.ac.uk/vol1/run/ERR414/ERR414443/V1.CD51-0_110821.rmhost.pair.1.fq.gz;ftp.sra.ebi.ac.uk/vol1/run/ERR414/ERR414443/V1.CD51-0_110821.rmhost.pair.2.fq.gz	
ERR414445	PRJEB5224	SAMEA2338815	ERX380748	408170	human gut metagenome	ftp.sra.ebi.ac.uk/vol1/fastq/ERR414/ERR414445/ERR414445_1.fastq.gz;ftp.sra.ebi.ac.uk/vol1/fastq/ERR414/ERR414445/ERR414445_2.fastq.gz	ftp.sra.ebi.ac.uk/vol1/run/ERR414/ERR414445/V1.CD53-0_110821.rmhost.pair.1.fq.gz;ftp.sra.ebi.ac.uk/vol1/run/ERR414/ERR414445/V1.CD53-0_110821.rmhost.pair.2.fq.gz	
ERR414447	PRJEB5224	SAMEA2338817	ERX380750	408170	human gut metagenome	ftp.sra.ebi.ac.uk/vol1/fastq/ERR414/ERR414447/ERR414447_1.fastq.gz;ftp.sra.ebi.ac.uk/vol1/fastq/ERR414/ERR414447/ERR414447_2.fastq.gz	ftp.sra.ebi.ac.uk/vol1/run/ERR414/ERR414447/V1.CD55-0_110820.rmhost.pair.1.fq.gz;ftp.sra.ebi.ac.uk/vol1/run/ERR414/ERR414447/V1.CD55-0_110820.rmhost.pair.2.fq.gz	
ERR414449	PRJEB5224	SAMEA2338819	ERX380752	408170	human gut metagenome	ftp.sra.ebi.ac.uk/vol1/fastq/ERR414/ERR414449/ERR414449_1.fastq.gz;ftp.sra.ebi.ac.uk/vol1/fastq/ERR414/ERR414449/ERR414449_2.fastq.gz	ftp.sra.ebi.ac.uk/vol1/run/ERR414/ERR414449/V1.CD6-0-PT_110820.rmhost.pair.1.fq.gz;ftp.sra.ebi.ac.uk/vol1/run/ERR414/ERR414449/V1.CD6-0-PT_110820.rmhost.pair.2.fq.gz	
ERR414458	PRJEB5224	SAMEA2338828	ERX380761	408170	human gut metagenome	ftp.sra.ebi.ac.uk/vol1/fastq/ERR414/ERR414458/ERR414458_1.fastq.gz;ftp.sra.ebi.ac.uk/vol1/fastq/ERR414/ERR414458/ERR414458_2.fastq.gz	ftp.sra.ebi.ac.uk/vol1/run/ERR414/ERR414458/V1.FI07_110821.rmhost.pair.1.fq.gz;ftp.sra.ebi.ac.uk/vol1/run/ERR414/ERR414458/V1.FI07_110821.rmhost.pair.2.fq.gz	
ERR414460	PRJEB5224	SAMEA2338830	ERX380763	408170	human gut metagenome	ftp.sra.ebi.ac.uk/vol1/fastq/ERR414/ERR414460/ERR414460_1.fastq.gz;ftp.sra.ebi.ac.uk/vol1/fastq/ERR414/ERR414460/ERR414460_2.fastq.gz	ftp.sra.ebi.ac.uk/vol1/run/ERR414/ERR414460/V1.FI09_110821.rmhost.pair.1.fq.gz;ftp.sra.ebi.ac.uk/vol1/run/ERR414/ERR414460/V1.FI09_110821.rmhost.pair.2.fq.gz	
ERR414464	PRJEB5224	SAMEA2338834	ERX380767	408170	human gut metagenome	ftp.sra.ebi.ac.uk/vol1/fastq/ERR414/ERR414464/ERR414464_1.fastq.gz;ftp.sra.ebi.ac.uk/vol1/fastq/ERR414/ERR414464/ERR414464_2.fastq.gz	ftp.sra.ebi.ac.uk/vol1/run/ERR414/ERR414464/V1.FI13_110821.rmhost.pair.1.fq.gz;ftp.sra.ebi.ac.uk/vol1/run/ERR414/ERR414464/V1.FI13_110821.rmhost.pair.2.fq.gz	
ERR414468	PRJEB5224	SAMEA2338838	ERX380771	408170	human gut metagenome	ftp.sra.ebi.ac.uk/vol1/fastq/ERR414/ERR414468/ERR414468_1.fastq.gz;ftp.sra.ebi.ac.uk/vol1/fastq/ERR414/ERR414468/ERR414468_2.fastq.gz	ftp.sra.ebi.ac.uk/vol1/run/ERR414/ERR414468/V1.FI17_110822.rmhost.pair.1.fq.gz;ftp.sra.ebi.ac.uk/vol1/run/ERR414/ERR414468/V1.FI17_110822.rmhost.pair.2.fq.gz	
ERR414470	PRJEB5224	SAMEA2338840	ERX380773	408170	human gut metagenome	ftp.sra.ebi.ac.uk/vol1/fastq/ERR414/ERR414470/ERR414470_1.fastq.gz;ftp.sra.ebi.ac.uk/vol1/fastq/ERR414/ERR414470/ERR414470_2.fastq.gz	ftp.sra.ebi.ac.uk/vol1/run/ERR414/ERR414470/V1.FI19_110822.rmhost.pair.1.fq.gz;ftp.sra.ebi.ac.uk/vol1/run/ERR414/ERR414470/V1.FI19_110822.rmhost.pair.2.fq.gz	
ERR414471	PRJEB5224	SAMEA2338841	ERX380774	408170	human gut metagenome	ftp.sra.ebi.ac.uk/vol1/fastq/ERR414/ERR414471/ERR414471_1.fastq.gz;ftp.sra.ebi.ac.uk/vol1/fastq/ERR414/ERR414471/ERR414471_2.fastq.gz	ftp.sra.ebi.ac.uk/vol1/run/ERR414/ERR414471/V1.FI20_110822.rmhost.pair.1.fq.gz;ftp.sra.ebi.ac.uk/vol1/run/ERR414/ERR414471/V1.FI20_110822.rmhost.pair.2.fq.gz	
ERR414473	PRJEB5224	SAMEA2338843	ERX380776	408170	human gut metagenome	ftp.sra.ebi.ac.uk/vol1/fastq/ERR414/ERR414473/ERR414473_1.fastq.gz;ftp.sra.ebi.ac.uk/vol1/fastq/ERR414/ERR414473/ERR414473_2.fastq.gz	ftp.sra.ebi.ac.uk/vol1/run/ERR414/ERR414473/V1.FI22_110822.rmhost.pair.1.fq.gz;ftp.sra.ebi.ac.uk/vol1/run/ERR414/ERR414473/V1.FI22_110822.rmhost.pair.2.fq.gz	
ERR414476	PRJEB5224	SAMEA2338846	ERX380779	408170	human gut metagenome	ftp.sra.ebi.ac.uk/vol1/fastq/ERR414/ERR414476/ERR414476_1.fastq.gz;ftp.sra.ebi.ac.uk/vol1/fastq/ERR414/ERR414476/ERR414476_2.fastq.gz	ftp.sra.ebi.ac.uk/vol1/run/ERR414/ERR414476/V1.FI25_110822.rmhost.pair.1.fq.gz;ftp.sra.ebi.ac.uk/vol1/run/ERR414/ERR414476/V1.FI25_110822.rmhost.pair.2.fq.gz	
ERR414480	PRJEB5224	SAMEA2338850	ERX380783	408170	human gut metagenome	ftp.sra.ebi.ac.uk/vol1/fastq/ERR414/ERR414480/ERR414480_1.fastq.gz;ftp.sra.ebi.ac.uk/vol1/fastq/ERR414/ERR414480/ERR414480_2.fastq.gz	ftp.sra.ebi.ac.uk/vol1/run/ERR414/ERR414480/V1.FI29_110822.rmhost.pair.1.fq.gz;ftp.sra.ebi.ac.uk/vol1/run/ERR414/ERR414480/V1.FI29_110822.rmhost.pair.2.fq.gz	
ERR414481	PRJEB5224	SAMEA2338851	ERX380784	408170	human gut metagenome	ftp.sra.ebi.ac.uk/vol1/fastq/ERR414/ERR414481/ERR414481_1.fastq.gz;ftp.sra.ebi.ac.uk/vol1/fastq/ERR414/ERR414481/ERR414481_2.fastq.gz	ftp.sra.ebi.ac.uk/vol1/run/ERR414/ERR414481/V1.FI30_110822.rmhost.pair.1.fq.gz;ftp.sra.ebi.ac.uk/vol1/run/ERR414/ERR414481/V1.FI30_110822.rmhost.pair.2.fq.gz	
ERR414482	PRJEB5224	SAMEA2338852	ERX380785	408170	human gut metagenome	ftp.sra.ebi.ac.uk/vol1/fastq/ERR414/ERR414482/ERR414482_1.fastq.gz;ftp.sra.ebi.ac.uk/vol1/fastq/ERR414/ERR414482/ERR414482_2.fastq.gz	ftp.sra.ebi.ac.uk/vol1/run/ERR414/ERR414482/V1.FI31_110822.rmhost.pair.1.fq.gz;ftp.sra.ebi.ac.uk/vol1/run/ERR414/ERR414482/V1.FI31_110822.rmhost.pair.2.fq.gz	
ERR414488	PRJEB5224	SAMEA2338858	ERX380791	408170	human gut metagenome	ftp.sra.ebi.ac.uk/vol1/fastq/ERR414/ERR414488/ERR414488_1.fastq.gz;ftp.sra.ebi.ac.uk/vol1/fastq/ERR414/ERR414488/ERR414488_2.fastq.gz	ftp.sra.ebi.ac.uk/vol1/run/ERR414/ERR414488/V1.FI37_110822.rmhost.pair.1.fq.gz;ftp.sra.ebi.ac.uk/vol1/run/ERR414/ERR414488/V1.FI37_110822.rmhost.pair.2.fq.gz	
ERR414489	PRJEB5224	SAMEA2338859	ERX380792	408170	human gut metagenome	ftp.sra.ebi.ac.uk/vol1/fastq/ERR414/ERR414489/ERR414489_1.fastq.gz;ftp.sra.ebi.ac.uk/vol1/fastq/ERR414/ERR414489/ERR414489_2.fastq.gz	ftp.sra.ebi.ac.uk/vol1/run/ERR414/ERR414489/V1.UC22-1_100816.rmhost.pair.1.fq.gz;ftp.sra.ebi.ac.uk/vol1/run/ERR414/ERR414489/V1.UC22-1_100816.rmhost.pair.2.fq.gz	
ERR414490	PRJEB5224	SAMEA2338859	ERX380793	408170	human gut metagenome	ftp.sra.ebi.ac.uk/vol1/fastq/ERR414/ERR414490/ERR414490_1.fastq.gz;ftp.sra.ebi.ac.uk/vol1/fastq/ERR414/ERR414490/ERR414490_2.fastq.gz	ftp.sra.ebi.ac.uk/vol1/run/ERR414/ERR414490/V1.UC22-1_100902.rmhost.pair.1.fq.gz;ftp.sra.ebi.ac.uk/vol1/run/ERR414/ERR414490/V1.UC22-1_100902.rmhost.pair.2.fq.gz	
ERR414501	PRJEB5224	SAMEA2338867	ERX380804	408170	human gut metagenome	ftp.sra.ebi.ac.uk/vol1/fastq/ERR414/ERR414501/ERR414501_1.fastq.gz;ftp.sra.ebi.ac.uk/vol1/fastq/ERR414/ERR414501/ERR414501_2.fastq.gz	ftp.sra.ebi.ac.uk/vol1/run/ERR414/ERR414501/V1.UC59-0_100816.rmhost.pair.1.fq.gz;ftp.sra.ebi.ac.uk/vol1/run/ERR414/ERR414501/V1.UC59-0_100816.rmhost.pair.2.fq.gz	
ERR414504	PRJEB5224	SAMEA2338869	ERX380807	408170	human gut metagenome	ftp.sra.ebi.ac.uk/vol1/fastq/ERR414/ERR414504/ERR414504_1.fastq.gz;ftp.sra.ebi.ac.uk/vol1/fastq/ERR414/ERR414504/ERR414504_2.fastq.gz	ftp.sra.ebi.ac.uk/vol1/run/ERR414/ERR414504/V1.UC60-0_100811.rmhost.pair.1.fq.gz;ftp.sra.ebi.ac.uk/vol1/run/ERR414/ERR414504/V1.UC60-0_100811.rmhost.pair.2.fq.gz	
ERR414509	PRJEB5224	SAMEA2338870	ERX380812	408170	human gut metagenome	ftp.sra.ebi.ac.uk/vol1/fastq/ERR414/ERR414509/ERR414509_1.fastq.gz;ftp.sra.ebi.ac.uk/vol1/fastq/ERR414/ERR414509/ERR414509_2.fastq.gz	ftp.sra.ebi.ac.uk/vol1/run/ERR414/ERR414509/V1.UC63-0_101005.rmhost.pair.1.fq.gz;ftp.sra.ebi.ac.uk/vol1/run/ERR414/ERR414509/V1.UC63-0_101005.rmhost.pair.2.fq.gz	
ERR414511	PRJEB5224	SAMEA2338623	ERX380814	408170	human gut metagenome	ftp.sra.ebi.ac.uk/vol1/fastq/ERR414/ERR414511/ERR414511.fastq.gz	ftp.sra.ebi.ac.uk/vol1/run/ERR414/ERR414511/MH0192_101007.rmhost.single.fq.gz	
ERR414513	PRJEB5224	SAMEA2338624	ERX380816	408170	human gut metagenome	ftp.sra.ebi.ac.uk/vol1/fastq/ERR414/ERR414513/ERR414513.fastq.gz	ftp.sra.ebi.ac.uk/vol1/run/ERR414/ERR414513/MH0221_101031.rmhost.single.fq.gz	
ERR414514	PRJEB5224	SAMEA2338625	ERX380817	408170	human gut metagenome	ftp.sra.ebi.ac.uk/vol1/fastq/ERR414/ERR414514/ERR414514.fastq.gz	ftp.sra.ebi.ac.uk/vol1/run/ERR414/ERR414514/MH0222_101031.rmhost.single.fq.gz	
ERR414522	PRJEB5224	SAMEA2338632	ERX380825	408170	human gut metagenome	ftp.sra.ebi.ac.uk/vol1/fastq/ERR414/ERR414522/ERR414522.fastq.gz	ftp.sra.ebi.ac.uk/vol1/run/ERR414/ERR414522/MH0260_101031.rmhost.single.fq.gz	
ERR414523	PRJEB5224	SAMEA2338633	ERX380826	408170	human gut metagenome	ftp.sra.ebi.ac.uk/vol1/fastq/ERR414/ERR414523/ERR414523.fastq.gz	ftp.sra.ebi.ac.uk/vol1/run/ERR414/ERR414523/MH0261_101007.rmhost.single.fq.gz	
ERR414530	PRJEB5224	SAMEA2338640	ERX380833	408170	human gut metagenome	ftp.sra.ebi.ac.uk/vol1/fastq/ERR414/ERR414530/ERR414530.fastq.gz	ftp.sra.ebi.ac.uk/vol1/run/ERR414/ERR414530/MH0271_101007.rmhost.single.fq.gz	
ERR414535	PRJEB5224	SAMEA2338643	ERX380838	408170	human gut metagenome	ftp.sra.ebi.ac.uk/vol1/fastq/ERR414/ERR414535/ERR414535.fastq.gz	ftp.sra.ebi.ac.uk/vol1/run/ERR414/ERR414535/MH0283_101207.rmhost.single.fq.gz	
ERR414536	PRJEB5224	SAMEA2338644	ERX380839	408170	human gut metagenome	ftp.sra.ebi.ac.uk/vol1/fastq/ERR414/ERR414536/ERR414536.fastq.gz	ftp.sra.ebi.ac.uk/vol1/run/ERR414/ERR414536/MH0284_101031.rmhost.single.fq.gz	
ERR414537	PRJEB5224	SAMEA2338645	ERX380840	408170	human gut metagenome	ftp.sra.ebi.ac.uk/vol1/fastq/ERR414/ERR414537/ERR414537.fastq.gz	ftp.sra.ebi.ac.uk/vol1/run/ERR414/ERR414537/MH0290_101102.rmhost.single.fq.gz	
ERR414538	PRJEB5224	SAMEA2338646	ERX380841	408170	human gut metagenome	ftp.sra.ebi.ac.uk/vol1/fastq/ERR414/ERR414538/ERR414538.fastq.gz	ftp.sra.ebi.ac.uk/vol1/run/ERR414/ERR414538/MH0293_101007.rmhost.single.fq.gz	
ERR414544	PRJEB5224	SAMEA2338650	ERX380847	408170	human gut metagenome	ftp.sra.ebi.ac.uk/vol1/fastq/ERR414/ERR414544/ERR414544.fastq.gz	ftp.sra.ebi.ac.uk/vol1/run/ERR414/ERR414544/MH0301_101102.rmhost.single.fq.gz	
ERR414550	PRJEB5224	SAMEA2338656	ERX380853	408170	human gut metagenome	ftp.sra.ebi.ac.uk/vol1/fastq/ERR414/ERR414550/ERR414550.fastq.gz	ftp.sra.ebi.ac.uk/vol1/run/ERR414/ERR414550/MH0314_101102.rmhost.single.fq.gz	
ERR414551	PRJEB5224	SAMEA2338656	ERX380854	408170	human gut metagenome	ftp.sra.ebi.ac.uk/vol1/fastq/ERR414/ERR414551/ERR414551.fastq.gz	ftp.sra.ebi.ac.uk/vol1/run/ERR414/ERR414551/MH0314_101205.rmhost.single.fq.gz	
ERR414552	PRJEB5224	SAMEA2338657	ERX380855	408170	human gut metagenome	ftp.sra.ebi.ac.uk/vol1/fastq/ERR414/ERR414552/ERR414552.fastq.gz	ftp.sra.ebi.ac.uk/vol1/run/ERR414/ERR414552/MH0315_101102.rmhost.single.fq.gz	
ERR414554	PRJEB5224	SAMEA2338658	ERX380857	408170	human gut metagenome	ftp.sra.ebi.ac.uk/vol1/fastq/ERR414/ERR414554/ERR414554.fastq.gz	ftp.sra.ebi.ac.uk/vol1/run/ERR414/ERR414554/MH0319_101031.rmhost.single.fq.gz	
ERR414555	PRJEB5224	SAMEA2338659	ERX380858	408170	human gut metagenome	ftp.sra.ebi.ac.uk/vol1/fastq/ERR414/ERR414555/ERR414555.fastq.gz	ftp.sra.ebi.ac.uk/vol1/run/ERR414/ERR414555/MH0323_101031.rmhost.single.fq.gz	
ERR414557	PRJEB5224	SAMEA2338661	ERX380860	408170	human gut metagenome	ftp.sra.ebi.ac.uk/vol1/fastq/ERR414/ERR414557/ERR414557.fastq.gz	ftp.sra.ebi.ac.uk/vol1/run/ERR414/ERR414557/MH0326_101031.rmhost.single.fq.gz	
ERR414558	PRJEB5224	SAMEA2338662	ERX380861	408170	human gut metagenome	ftp.sra.ebi.ac.uk/vol1/fastq/ERR414/ERR414558/ERR414558.fastq.gz	ftp.sra.ebi.ac.uk/vol1/run/ERR414/ERR414558/MH0327_101007.rmhost.single.fq.gz	
ERR414561	PRJEB5224	SAMEA2338665	ERX380864	408170	human gut metagenome	ftp.sra.ebi.ac.uk/vol1/fastq/ERR414/ERR414561/ERR414561.fastq.gz	ftp.sra.ebi.ac.uk/vol1/run/ERR414/ERR414561/MH0330_101031.rmhost.single.fq.gz	
ERR414563	PRJEB5224	SAMEA2338667	ERX380866	408170	human gut metagenome	ftp.sra.ebi.ac.uk/vol1/fastq/ERR414/ERR414563/ERR414563.fastq.gz	ftp.sra.ebi.ac.uk/vol1/run/ERR414/ERR414563/MH0334_101101.rmhost.single.fq.gz	
ERR414565	PRJEB5224	SAMEA2338669	ERX380868	408170	human gut metagenome	ftp.sra.ebi.ac.uk/vol1/fastq/ERR414/ERR414565/ERR414565.fastq.gz	ftp.sra.ebi.ac.uk/vol1/run/ERR414/ERR414565/MH0336_101008.rmhost.single.fq.gz	
ERR414567	PRJEB5224	SAMEA2338670	ERX380870	408170	human gut metagenome	ftp.sra.ebi.ac.uk/vol1/fastq/ERR414/ERR414567/ERR414567.fastq.gz	ftp.sra.ebi.ac.uk/vol1/run/ERR414/ERR414567/MH0337_101207.rmhost.single.fq.gz	
ERR414568	PRJEB5224	SAMEA2338671	ERX380871	408170	human gut metagenome	ftp.sra.ebi.ac.uk/vol1/fastq/ERR414/ERR414568/ERR414568.fastq.gz	ftp.sra.ebi.ac.uk/vol1/run/ERR414/ERR414568/MH0338_101009.rmhost.single.fq.gz	
ERR414573	PRJEB5224	SAMEA2338676	ERX380876	408170	human gut metagenome	ftp.sra.ebi.ac.uk/vol1/fastq/ERR414/ERR414573/ERR414573.fastq.gz	ftp.sra.ebi.ac.uk/vol1/run/ERR414/ERR414573/MH0343_101009.rmhost.single.fq.gz	
ERR414582	PRJEB5224	SAMEA2338684	ERX380885	408170	human gut metagenome	ftp.sra.ebi.ac.uk/vol1/fastq/ERR414/ERR414582/ERR414582.fastq.gz	ftp.sra.ebi.ac.uk/vol1/run/ERR414/ERR414582/MH0354_101101.rmhost.single.fq.gz	
ERR414587	PRJEB5224	SAMEA2338689	ERX380890	408170	human gut metagenome	ftp.sra.ebi.ac.uk/vol1/fastq/ERR414/ERR414587/ERR414587.fastq.gz	ftp.sra.ebi.ac.uk/vol1/run/ERR414/ERR414587/MH0359_101009.rmhost.single.fq.gz	
ERR414593	PRJEB5224	SAMEA2338695	ERX380896	408170	human gut metagenome	ftp.sra.ebi.ac.uk/vol1/fastq/ERR414/ERR414593/ERR414593.fastq.gz	ftp.sra.ebi.ac.uk/vol1/run/ERR414/ERR414593/MH0365_101102.rmhost.single.fq.gz	
ERR414598	PRJEB5224	SAMEA2338700	ERX380901	408170	human gut metagenome	ftp.sra.ebi.ac.uk/vol1/fastq/ERR414/ERR414598/ERR414598.fastq.gz	ftp.sra.ebi.ac.uk/vol1/run/ERR414/ERR414598/MH0370_101009.rmhost.single.fq.gz	
ERR414600	PRJEB5224	SAMEA2338702	ERX380903	408170	human gut metagenome	ftp.sra.ebi.ac.uk/vol1/fastq/ERR414/ERR414600/ERR414600.fastq.gz	ftp.sra.ebi.ac.uk/vol1/run/ERR414/ERR414600/MH0372_101009.rmhost.single.fq.gz	
ERR414601	PRJEB5224	SAMEA2338703	ERX380904	408170	human gut metagenome	ftp.sra.ebi.ac.uk/vol1/fastq/ERR414/ERR414601/ERR414601.fastq.gz	ftp.sra.ebi.ac.uk/vol1/run/ERR414/ERR414601/MH0373_101009.rmhost.single.fq.gz	
ERR414602	PRJEB5224	SAMEA2338704	ERX380905	408170	human gut metagenome	ftp.sra.ebi.ac.uk/vol1/fastq/ERR414/ERR414602/ERR414602.fastq.gz	ftp.sra.ebi.ac.uk/vol1/run/ERR414/ERR414602/MH0374_101009.rmhost.single.fq.gz	
ERR414604	PRJEB5224	SAMEA2338706	ERX380907	408170	human gut metagenome	ftp.sra.ebi.ac.uk/vol1/fastq/ERR414/ERR414604/ERR414604.fastq.gz	ftp.sra.ebi.ac.uk/vol1/run/ERR414/ERR414604/MH0376_101009.rmhost.single.fq.gz	
ERR414606	PRJEB5224	SAMEA2338707	ERX380909	408170	human gut metagenome	ftp.sra.ebi.ac.uk/vol1/fastq/ERR414/ERR414606/ERR414606.fastq.gz	ftp.sra.ebi.ac.uk/vol1/run/ERR414/ERR414606/MH0377_101009.rmhost.single.fq.gz	
ERR414608	PRJEB5224	SAMEA2338709	ERX380911	408170	human gut metagenome	ftp.sra.ebi.ac.uk/vol1/fastq/ERR414/ERR414608/ERR414608.fastq.gz	ftp.sra.ebi.ac.uk/vol1/run/ERR414/ERR414608/MH0379_101009.rmhost.single.fq.gz	
ERR414609	PRJEB5224	SAMEA2338710	ERX380912	408170	human gut metagenome	ftp.sra.ebi.ac.uk/vol1/fastq/ERR414/ERR414609/ERR414609.fastq.gz	ftp.sra.ebi.ac.uk/vol1/run/ERR414/ERR414609/MH0381_101102.rmhost.single.fq.gz	
ERR414617	PRJEB5224	SAMEA2338717	ERX380920	408170	human gut metagenome	ftp.sra.ebi.ac.uk/vol1/fastq/ERR414/ERR414617/ERR414617.fastq.gz	ftp.sra.ebi.ac.uk/vol1/run/ERR414/ERR414617/MH0388_101111.rmhost.single.fq.gz	
ERR414618	PRJEB5224	SAMEA2338718	ERX380921	408170	human gut metagenome	ftp.sra.ebi.ac.uk/vol1/fastq/ERR414/ERR414618/ERR414618.fastq.gz	ftp.sra.ebi.ac.uk/vol1/run/ERR414/ERR414618/MH0389_101101.rmhost.single.fq.gz	
ERR414622	PRJEB5224	SAMEA2338722	ERX380925	408170	human gut metagenome	ftp.sra.ebi.ac.uk/vol1/fastq/ERR414/ERR414622/ERR414622.fastq.gz	ftp.sra.ebi.ac.uk/vol1/run/ERR414/ERR414622/MH0393_101101.rmhost.single.fq.gz	
ERR414624	PRJEB5224	SAMEA2338724	ERX380927	408170	human gut metagenome	ftp.sra.ebi.ac.uk/vol1/fastq/ERR414/ERR414624/ERR414624.fastq.gz	ftp.sra.ebi.ac.uk/vol1/run/ERR414/ERR414624/MH0395_101009.rmhost.single.fq.gz	
ERR414625	PRJEB5224	SAMEA2338725	ERX380928	408170	human gut metagenome	ftp.sra.ebi.ac.uk/vol1/fastq/ERR414/ERR414625/ERR414625.fastq.gz	ftp.sra.ebi.ac.uk/vol1/run/ERR414/ERR414625/MH0396_101031.rmhost.single.fq.gz	
ERR414631	PRJEB5224	SAMEA2338730	ERX380934	408170	human gut metagenome	ftp.sra.ebi.ac.uk/vol1/fastq/ERR414/ERR414631/ERR414631.fastq.gz	ftp.sra.ebi.ac.uk/vol1/run/ERR414/ERR414631/MH0401_101205.rmhost.single.fq.gz	
ERR414632	PRJEB5224	SAMEA2338731	ERX380935	408170	human gut metagenome	ftp.sra.ebi.ac.uk/vol1/fastq/ERR414/ERR414632/ERR414632.fastq.gz	ftp.sra.ebi.ac.uk/vol1/run/ERR414/ERR414632/MH0402_101111.rmhost.single.fq.gz	
ERR414635	PRJEB5224	SAMEA2338734	ERX380938	408170	human gut metagenome	ftp.sra.ebi.ac.uk/vol1/fastq/ERR414/ERR414635/ERR414635.fastq.gz	ftp.sra.ebi.ac.uk/vol1/run/ERR414/ERR414635/O2.CD2-0_110820.rmhost.single.fq.gz	
ERR414636	PRJEB5224	SAMEA2338735	ERX380939	408170	human gut metagenome	ftp.sra.ebi.ac.uk/vol1/fastq/ERR414/ERR414636/ERR414636.fastq.gz	ftp.sra.ebi.ac.uk/vol1/run/ERR414/ERR414636/O2.CD2-0-PT_110821.rmhost.single.fq.gz	
ERR414645	PRJEB5224	SAMEA2338744	ERX380948	408170	human gut metagenome	ftp.sra.ebi.ac.uk/vol1/fastq/ERR414/ERR414645/ERR414645.fastq.gz	ftp.sra.ebi.ac.uk/vol1/run/ERR414/ERR414645/O2.UC15-2_100908.rmhost.single.fq.gz	
ERR414652	PRJEB5224	SAMEA2338750	ERX380955	408170	human gut metagenome	ftp.sra.ebi.ac.uk/vol1/fastq/ERR414/ERR414652/ERR414652.fastq.gz	ftp.sra.ebi.ac.uk/vol1/run/ERR414/ERR414652/O2.UC2-1_111207.rmhost.single.fq.gz	
ERR414654	PRJEB5224	SAMEA2338753	ERX380957	408170	human gut metagenome	ftp.sra.ebi.ac.uk/vol1/fastq/ERR414/ERR414654/ERR414654.fastq.gz	ftp.sra.ebi.ac.uk/vol1/run/ERR414/ERR414654/O2.UC23-1_111206.rmhost.single.fq.gz	
ERR414655	PRJEB5224	SAMEA2338754	ERX380958	408170	human gut metagenome	ftp.sra.ebi.ac.uk/vol1/fastq/ERR414/ERR414655/ERR414655.fastq.gz	ftp.sra.ebi.ac.uk/vol1/run/ERR414/ERR414655/O2.UC24-1_111206.rmhost.single.fq.gz	
ERR414657	PRJEB5224	SAMEA2338756	ERX380960	408170	human gut metagenome	ftp.sra.ebi.ac.uk/vol1/fastq/ERR414/ERR414657/ERR414657.fastq.gz	ftp.sra.ebi.ac.uk/vol1/run/ERR414/ERR414657/O2.UC27-1_111207.rmhost.single.fq.gz	
ERR414661	PRJEB5224	SAMEA2338760	ERX380964	408170	human gut metagenome	ftp.sra.ebi.ac.uk/vol1/fastq/ERR414/ERR414661/ERR414661.fastq.gz	ftp.sra.ebi.ac.uk/vol1/run/ERR414/ERR414661/O2.UC29-1_111207.rmhost.single.fq.gz	
ERR414662	PRJEB5224	SAMEA2338761	ERX380965	408170	human gut metagenome	ftp.sra.ebi.ac.uk/vol1/fastq/ERR414/ERR414662/ERR414662.fastq.gz	ftp.sra.ebi.ac.uk/vol1/run/ERR414/ERR414662/O2.UC30-1_111207.rmhost.single.fq.gz	
ERR414663	PRJEB5224	SAMEA2338763	ERX380966	408170	human gut metagenome	ftp.sra.ebi.ac.uk/vol1/fastq/ERR414/ERR414663/ERR414663.fastq.gz	ftp.sra.ebi.ac.uk/vol1/run/ERR414/ERR414663/O2.UC31-1_111207.rmhost.single.fq.gz	
ERR414665	PRJEB5224	SAMEA2338764	ERX380968	408170	human gut metagenome	ftp.sra.ebi.ac.uk/vol1/fastq/ERR414/ERR414665/ERR414665.fastq.gz	ftp.sra.ebi.ac.uk/vol1/run/ERR414/ERR414665/O2.UC32-1_111207.rmhost.single.fq.gz	
ERR414667	PRJEB5224	SAMEA2338766	ERX380970	408170	human gut metagenome	ftp.sra.ebi.ac.uk/vol1/fastq/ERR414/ERR414667/ERR414667.fastq.gz	ftp.sra.ebi.ac.uk/vol1/run/ERR414/ERR414667/O2.UC36-0_100821.rmhost.single.fq.gz	
ERR414669	PRJEB5224	SAMEA2338767	ERX380972	408170	human gut metagenome	ftp.sra.ebi.ac.uk/vol1/fastq/ERR414/ERR414669/ERR414669.fastq.gz	ftp.sra.ebi.ac.uk/vol1/run/ERR414/ERR414669/O2.UC36-1_111207.rmhost.single.fq.gz	
ERR414671	PRJEB5224	SAMEA2338769	ERX380974	408170	human gut metagenome	ftp.sra.ebi.ac.uk/vol1/fastq/ERR414/ERR414671/ERR414671.fastq.gz	ftp.sra.ebi.ac.uk/vol1/run/ERR414/ERR414671/O2.UC38-1_111207.rmhost.single.fq.gz	
ERR414673	PRJEB5224	SAMEA2338772	ERX380976	408170	human gut metagenome	ftp.sra.ebi.ac.uk/vol1/fastq/ERR414/ERR414673/ERR414673.fastq.gz	ftp.sra.ebi.ac.uk/vol1/run/ERR414/ERR414673/O2.UC41-1_111207.rmhost.single.fq.gz	
ERR414675	PRJEB5224	SAMEA2338773	ERX380978	408170	human gut metagenome	ftp.sra.ebi.ac.uk/vol1/fastq/ERR414/ERR414675/ERR414675.fastq.gz	ftp.sra.ebi.ac.uk/vol1/run/ERR414/ERR414675/O2.UC43-1_111206.rmhost.single.fq.gz	
ERR414677	PRJEB5224	SAMEA2338775	ERX380980	408170	human gut metagenome	ftp.sra.ebi.ac.uk/vol1/fastq/ERR414/ERR414677/ERR414677.fastq.gz	ftp.sra.ebi.ac.uk/vol1/run/ERR414/ERR414677/O2.UC46-1_111206.rmhost.single.fq.gz	
ERR414678	PRJEB5224	SAMEA2338776	ERX380981	408170	human gut metagenome	ftp.sra.ebi.ac.uk/vol1/fastq/ERR414/ERR414678/ERR414678.fastq.gz	ftp.sra.ebi.ac.uk/vol1/run/ERR414/ERR414678/O2.UC47-1_111206.rmhost.single.fq.gz	
ERR414680	PRJEB5224	SAMEA2338778	ERX380983	408170	human gut metagenome	ftp.sra.ebi.ac.uk/vol1/fastq/ERR414/ERR414680/ERR414680.fastq.gz	ftp.sra.ebi.ac.uk/vol1/run/ERR414/ERR414680/O2.UC5-1_111207.rmhost.single.fq.gz	
ERR414693	PRJEB5224	SAMEA2338790	ERX380996	408170	human gut metagenome	ftp.sra.ebi.ac.uk/vol1/fastq/ERR414/ERR414693/ERR414693.fastq.gz	ftp.sra.ebi.ac.uk/vol1/run/ERR414/ERR414693/V1.CD12-3_100902.rmhost.single.fq.gz	
ERR414699	PRJEB5224	SAMEA2338795	ERX381002	408170	human gut metagenome	ftp.sra.ebi.ac.uk/vol1/fastq/ERR414/ERR414699/ERR414699.fastq.gz	ftp.sra.ebi.ac.uk/vol1/run/ERR414/ERR414699/V1.CD3-0-PN_101220.rmhost.single.fq.gz	
ERR414704	PRJEB5224	SAMEA2338798	ERX381007	408170	human gut metagenome	ftp.sra.ebi.ac.uk/vol1/fastq/ERR414/ERR414704/ERR414704.fastq.gz	ftp.sra.ebi.ac.uk/vol1/run/ERR414/ERR414704/V1.CD32-4_100907.rmhost.single.fq.gz	
ERR414706	PRJEB5224	SAMEA2338800	ERX381009	408170	human gut metagenome	ftp.sra.ebi.ac.uk/vol1/fastq/ERR414/ERR414706/ERR414706.fastq.gz	ftp.sra.ebi.ac.uk/vol1/run/ERR414/ERR414706/V1.CD37-4_101218.rmhost.single.fq.gz	
ERR414707	PRJEB5224	SAMEA2338801	ERX381010	408170	human gut metagenome	ftp.sra.ebi.ac.uk/vol1/fastq/ERR414/ERR414707/ERR414707.fastq.gz	ftp.sra.ebi.ac.uk/vol1/run/ERR414/ERR414707/V1.CD40-0_100902.rmhost.single.fq.gz	
ERR414709	PRJEB5224	SAMEA2338802	ERX381012	408170	human gut metagenome	ftp.sra.ebi.ac.uk/vol1/fastq/ERR414/ERR414709/ERR414709.fastq.gz	ftp.sra.ebi.ac.uk/vol1/run/ERR414/ERR414709/V1.CD4-0-PN_101220.rmhost.single.fq.gz	
ERR414713	PRJEB5224	SAMEA2338805	ERX381016	408170	human gut metagenome	ftp.sra.ebi.ac.uk/vol1/fastq/ERR414/ERR414713/ERR414713.fastq.gz	ftp.sra.ebi.ac.uk/vol1/run/ERR414/ERR414713/V1.CD44-0_100902.rmhost.single.fq.gz	
ERR414720	PRJEB5224	SAMEA2338809	ERX381023	408170	human gut metagenome	ftp.sra.ebi.ac.uk/vol1/fastq/ERR414/ERR414720/ERR414720.fastq.gz	ftp.sra.ebi.ac.uk/vol1/run/ERR414/ERR414720/V1.CD48-0_100902.rmhost.single.fq.gz	
ERR414724	PRJEB5224	SAMEA2338813	ERX381027	408170	human gut metagenome	ftp.sra.ebi.ac.uk/vol1/fastq/ERR414/ERR414724/ERR414724.fastq.gz	ftp.sra.ebi.ac.uk/vol1/run/ERR414/ERR414724/V1.CD51-0_110821.rmhost.single.fq.gz	
ERR414727	PRJEB5224	SAMEA2338816	ERX381030	408170	human gut metagenome	ftp.sra.ebi.ac.uk/vol1/fastq/ERR414/ERR414727/ERR414727.fastq.gz	ftp.sra.ebi.ac.uk/vol1/run/ERR414/ERR414727/V1.CD54-0_110820.rmhost.single.fq.gz	
ERR414728	PRJEB5224	SAMEA2338817	ERX381031	408170	human gut metagenome	ftp.sra.ebi.ac.uk/vol1/fastq/ERR414/ERR414728/ERR414728.fastq.gz	ftp.sra.ebi.ac.uk/vol1/run/ERR414/ERR414728/V1.CD55-0_110820.rmhost.single.fq.gz	
ERR414731	PRJEB5224	SAMEA2338820	ERX381034	408170	human gut metagenome	ftp.sra.ebi.ac.uk/vol1/fastq/ERR414/ERR414731/ERR414731.fastq.gz	ftp.sra.ebi.ac.uk/vol1/run/ERR414/ERR414731/V1.CD7-0-PN_101220.rmhost.single.fq.gz	
ERR414732	PRJEB5224	SAMEA2338821	ERX381035	408170	human gut metagenome	ftp.sra.ebi.ac.uk/vol1/fastq/ERR414/ERR414732/ERR414732.fastq.gz	ftp.sra.ebi.ac.uk/vol1/run/ERR414/ERR414732/V1.CD8-0-PN_101220.rmhost.single.fq.gz	
ERR414733	PRJEB5224	SAMEA2338822	ERX381036	408170	human gut metagenome	ftp.sra.ebi.ac.uk/vol1/fastq/ERR414/ERR414733/ERR414733.fastq.gz	ftp.sra.ebi.ac.uk/vol1/run/ERR414/ERR414733/V1.FI01_110821.rmhost.single.fq.gz	
ERR414735	PRJEB5224	SAMEA2338824	ERX381038	408170	human gut metagenome	ftp.sra.ebi.ac.uk/vol1/fastq/ERR414/ERR414735/ERR414735.fastq.gz	ftp.sra.ebi.ac.uk/vol1/run/ERR414/ERR414735/V1.FI03_110820.rmhost.single.fq.gz	
ERR414744	PRJEB5224	SAMEA2338833	ERX381047	408170	human gut metagenome	ftp.sra.ebi.ac.uk/vol1/fastq/ERR414/ERR414744/ERR414744.fastq.gz	ftp.sra.ebi.ac.uk/vol1/run/ERR414/ERR414744/V1.FI12_110821.rmhost.single.fq.gz	
ERR414749	PRJEB5224	SAMEA2338838	ERX381052	408170	human gut metagenome	ftp.sra.ebi.ac.uk/vol1/fastq/ERR414/ERR414749/ERR414749.fastq.gz	ftp.sra.ebi.ac.uk/vol1/run/ERR414/ERR414749/V1.FI17_110822.rmhost.single.fq.gz	
ERR414762	PRJEB5224	SAMEA2338851	ERX381065	408170	human gut metagenome	ftp.sra.ebi.ac.uk/vol1/fastq/ERR414/ERR414762/ERR414762.fastq.gz	ftp.sra.ebi.ac.uk/vol1/run/ERR414/ERR414762/V1.FI30_110822.rmhost.single.fq.gz	
ERR414767	PRJEB5224	SAMEA2338856	ERX381070	408170	human gut metagenome	ftp.sra.ebi.ac.uk/vol1/fastq/ERR414/ERR414767/ERR414767.fastq.gz	ftp.sra.ebi.ac.uk/vol1/run/ERR414/ERR414767/V1.FI35_110822.rmhost.single.fq.gz	
ERR414769	PRJEB5224	SAMEA2338858	ERX381072	408170	human gut metagenome	ftp.sra.ebi.ac.uk/vol1/fastq/ERR414/ERR414769/ERR414769.fastq.gz	ftp.sra.ebi.ac.uk/vol1/run/ERR414/ERR414769/V1.FI37_110822.rmhost.single.fq.gz	
ERR414774	PRJEB5224	SAMEA2338861	ERX381077	408170	human gut metagenome	ftp.sra.ebi.ac.uk/vol1/fastq/ERR414/ERR414774/ERR414774.fastq.gz	ftp.sra.ebi.ac.uk/vol1/run/ERR414/ERR414774/V1.UC39-4_101220.rmhost.single.fq.gz	
ERR414776	PRJEB5224	SAMEA2338862	ERX381079	408170	human gut metagenome	ftp.sra.ebi.ac.uk/vol1/fastq/ERR414/ERR414776/ERR414776.fastq.gz	ftp.sra.ebi.ac.uk/vol1/run/ERR414/ERR414776/V1.UC40-1_100902.rmhost.single.fq.gz	
ERR414777	PRJEB5224	SAMEA2338863	ERX381080	408170	human gut metagenome	ftp.sra.ebi.ac.uk/vol1/fastq/ERR414/ERR414777/ERR414777.fastq.gz	ftp.sra.ebi.ac.uk/vol1/run/ERR414/ERR414777/V1.UC47-4_101220.rmhost.single.fq.gz	
ERR414782	PRJEB5224	SAMEA2338867	ERX381085	408170	human gut metagenome	ftp.sra.ebi.ac.uk/vol1/fastq/ERR414/ERR414782/ERR414782.fastq.gz	ftp.sra.ebi.ac.uk/vol1/run/ERR414/ERR414782/V1.UC59-0_100816.rmhost.single.fq.gz	
ERR414783	PRJEB5224	SAMEA2338867	ERX381086	408170	human gut metagenome	ftp.sra.ebi.ac.uk/vol1/fastq/ERR414/ERR414783/ERR414783.fastq.gz	ftp.sra.ebi.ac.uk/vol1/run/ERR414/ERR414783/V1.UC59-0_100902.rmhost.single.fq.gz	
ERR414785	PRJEB5224	SAMEA2338869	ERX381088	408170	human gut metagenome	ftp.sra.ebi.ac.uk/vol1/fastq/ERR414/ERR414785/ERR414785.fastq.gz	ftp.sra.ebi.ac.uk/vol1/run/ERR414/ERR414785/V1.UC60-0_100811.rmhost.single.fq.gz	
ERR504973	PRJEB5224	SAMEA2531402	ERX470330	408170	human gut metagenome	ftp.sra.ebi.ac.uk/vol1/fastq/ERR504/ERR504973/ERR504973_1.fastq.gz;ftp.sra.ebi.ac.uk/vol1/fastq/ERR504/ERR504973/ERR504973_2.fastq.gz	ftp.sra.ebi.ac.uk/vol1/run/ERR504/ERR504973/DLF005-IE_101006L4.rmhost.pair.1.fq.gz;ftp.sra.ebi.ac.uk/vol1/run/ERR504/ERR504973/DLF005-IE_101006L4.rmhost.pair.2.fq.gz	
ERR504979	PRJEB5224	SAMEA2531402	ERX470336	408170	human gut metagenome	ftp.sra.ebi.ac.uk/vol1/fastq/ERR504/ERR504979/ERR504979.fastq.gz	ftp.sra.ebi.ac.uk/vol1/run/ERR504/ERR504979/DLF005-IE_101006L4.rmhost.single.fq.gz	
ERR504981	PRJEB5224	SAMEA2531404	ERX470338	408170	human gut metagenome	ftp.sra.ebi.ac.uk/vol1/fastq/ERR504/ERR504981/ERR504981.fastq.gz	ftp.sra.ebi.ac.uk/vol1/run/ERR504/ERR504981/DOM017-IE_101006L4.rmhost.single.fq.gz	
ERR504982	PRJEB5224	SAMEA2531405	ERX470339	408170	human gut metagenome	ftp.sra.ebi.ac.uk/vol1/fastq/ERR504/ERR504982/ERR504982.fastq.gz	ftp.sra.ebi.ac.uk/vol1/run/ERR504/ERR504982/NLM009-IE_101006L4.rmhost.single.fq.gz	
ERR504983	PRJEB5224	SAMEA2531406	ERX470340	408170	human gut metagenome	ftp.sra.ebi.ac.uk/vol1/fastq/ERR504/ERR504983/ERR504983.fastq.gz	ftp.sra.ebi.ac.uk/vol1/run/ERR504/ERR504983/NOF002-IE_100924L2.rmhost.single.fq.gz	
ERR504985	PRJEB5224	SAMEA2531408	ERX470342	408170	human gut metagenome	ftp.sra.ebi.ac.uk/vol1/fastq/ERR504/ERR504985/ERR504985.fastq.gz	ftp.sra.ebi.ac.uk/vol1/run/ERR504/ERR504985/DOM005-IE_101006L2.rmhost.single.fq.gz	
ERR414235	PRJEB5224	SAMEA2338627	ERX380538	408170	human gut metagenome	ftp.sra.ebi.ac.uk/vol1/fastq/ERR414/ERR414235/ERR414235_1.fastq.gz;ftp.sra.ebi.ac.uk/vol1/fastq/ERR414/ERR414235/ERR414235_2.fastq.gz	ftp.sra.ebi.ac.uk/vol1/run/ERR414/ERR414235/MH0238_101031.rmhost.pair.1.fq.gz;ftp.sra.ebi.ac.uk/vol1/run/ERR414/ERR414235/MH0238_101031.rmhost.pair.2.fq.gz	
ERR414239	PRJEB5224	SAMEA2338630	ERX380542	408170	human gut metagenome	ftp.sra.ebi.ac.uk/vol1/fastq/ERR414/ERR414239/ERR414239_1.fastq.gz;ftp.sra.ebi.ac.uk/vol1/fastq/ERR414/ERR414239/ERR414239_2.fastq.gz	ftp.sra.ebi.ac.uk/vol1/run/ERR414/ERR414239/MH0252_101031.rmhost.pair.1.fq.gz;ftp.sra.ebi.ac.uk/vol1/run/ERR414/ERR414239/MH0252_101031.rmhost.pair.2.fq.gz	
ERR414241	PRJEB5224	SAMEA2338632	ERX380544	408170	human gut metagenome	ftp.sra.ebi.ac.uk/vol1/fastq/ERR414/ERR414241/ERR414241_1.fastq.gz;ftp.sra.ebi.ac.uk/vol1/fastq/ERR414/ERR414241/ERR414241_2.fastq.gz	ftp.sra.ebi.ac.uk/vol1/run/ERR414/ERR414241/MH0260_101031.rmhost.pair.1.fq.gz;ftp.sra.ebi.ac.uk/vol1/run/ERR414/ERR414241/MH0260_101031.rmhost.pair.2.fq.gz	
ERR414245	PRJEB5224	SAMEA2338636	ERX380548	408170	human gut metagenome	ftp.sra.ebi.ac.uk/vol1/fastq/ERR414/ERR414245/ERR414245_1.fastq.gz;ftp.sra.ebi.ac.uk/vol1/fastq/ERR414/ERR414245/ERR414245_2.fastq.gz	ftp.sra.ebi.ac.uk/vol1/run/ERR414/ERR414245/MH0265_101031.rmhost.pair.1.fq.gz;ftp.sra.ebi.ac.uk/vol1/run/ERR414/ERR414245/MH0265_101031.rmhost.pair.2.fq.gz	
ERR414249	PRJEB5224	SAMEA2338640	ERX380552	408170	human gut metagenome	ftp.sra.ebi.ac.uk/vol1/fastq/ERR414/ERR414249/ERR414249_1.fastq.gz;ftp.sra.ebi.ac.uk/vol1/fastq/ERR414/ERR414249/ERR414249_2.fastq.gz	ftp.sra.ebi.ac.uk/vol1/run/ERR414/ERR414249/MH0271_101007.rmhost.pair.1.fq.gz;ftp.sra.ebi.ac.uk/vol1/run/ERR414/ERR414249/MH0271_101007.rmhost.pair.2.fq.gz	
ERR414251	PRJEB5224	SAMEA2338641	ERX380554	408170	human gut metagenome	ftp.sra.ebi.ac.uk/vol1/fastq/ERR414/ERR414251/ERR414251_1.fastq.gz;ftp.sra.ebi.ac.uk/vol1/fastq/ERR414/ERR414251/ERR414251_2.fastq.gz	ftp.sra.ebi.ac.uk/vol1/run/ERR414/ERR414251/MH0280_101031.rmhost.pair.1.fq.gz;ftp.sra.ebi.ac.uk/vol1/run/ERR414/ERR414251/MH0280_101031.rmhost.pair.2.fq.gz	
ERR414254	PRJEB5224	SAMEA2338643	ERX380557	408170	human gut metagenome	ftp.sra.ebi.ac.uk/vol1/fastq/ERR414/ERR414254/ERR414254_1.fastq.gz;ftp.sra.ebi.ac.uk/vol1/fastq/ERR414/ERR414254/ERR414254_2.fastq.gz	ftp.sra.ebi.ac.uk/vol1/run/ERR414/ERR414254/MH0283_101207.rmhost.pair.1.fq.gz;ftp.sra.ebi.ac.uk/vol1/run/ERR414/ERR414254/MH0283_101207.rmhost.pair.2.fq.gz	
ERR414255	PRJEB5224	SAMEA2338644	ERX380558	408170	human gut metagenome	ftp.sra.ebi.ac.uk/vol1/fastq/ERR414/ERR414255/ERR414255_1.fastq.gz;ftp.sra.ebi.ac.uk/vol1/fastq/ERR414/ERR414255/ERR414255_2.fastq.gz	ftp.sra.ebi.ac.uk/vol1/run/ERR414/ERR414255/MH0284_101031.rmhost.pair.1.fq.gz;ftp.sra.ebi.ac.uk/vol1/run/ERR414/ERR414255/MH0284_101031.rmhost.pair.2.fq.gz	
ERR414257	PRJEB5224	SAMEA2338646	ERX380560	408170	human gut metagenome	ftp.sra.ebi.ac.uk/vol1/fastq/ERR414/ERR414257/ERR414257_1.fastq.gz;ftp.sra.ebi.ac.uk/vol1/fastq/ERR414/ERR414257/ERR414257_2.fastq.gz	ftp.sra.ebi.ac.uk/vol1/run/ERR414/ERR414257/MH0293_101007.rmhost.pair.1.fq.gz;ftp.sra.ebi.ac.uk/vol1/run/ERR414/ERR414257/MH0293_101007.rmhost.pair.2.fq.gz	
ERR414259	PRJEB5224	SAMEA2338647	ERX380562	408170	human gut metagenome	ftp.sra.ebi.ac.uk/vol1/fastq/ERR414/ERR414259/ERR414259_1.fastq.gz;ftp.sra.ebi.ac.uk/vol1/fastq/ERR414/ERR414259/ERR414259_2.fastq.gz	ftp.sra.ebi.ac.uk/vol1/run/ERR414/ERR414259/MH0297_101102.rmhost.pair.1.fq.gz;ftp.sra.ebi.ac.uk/vol1/run/ERR414/ERR414259/MH0297_101102.rmhost.pair.2.fq.gz	
ERR414260	PRJEB5224	SAMEA2338647	ERX380563	408170	human gut metagenome	ftp.sra.ebi.ac.uk/vol1/fastq/ERR414/ERR414260/ERR414260_1.fastq.gz;ftp.sra.ebi.ac.uk/vol1/fastq/ERR414/ERR414260/ERR414260_2.fastq.gz	ftp.sra.ebi.ac.uk/vol1/run/ERR414/ERR414260/MH0297_101207.rmhost.pair.1.fq.gz;ftp.sra.ebi.ac.uk/vol1/run/ERR414/ERR414260/MH0297_101207.rmhost.pair.2.fq.gz	
ERR414266	PRJEB5224	SAMEA2338653	ERX380569	408170	human gut metagenome	ftp.sra.ebi.ac.uk/vol1/fastq/ERR414/ERR414266/ERR414266_1.fastq.gz;ftp.sra.ebi.ac.uk/vol1/fastq/ERR414/ERR414266/ERR414266_2.fastq.gz	ftp.sra.ebi.ac.uk/vol1/run/ERR414/ERR414266/MH0309_101007.rmhost.pair.1.fq.gz;ftp.sra.ebi.ac.uk/vol1/run/ERR414/ERR414266/MH0309_101007.rmhost.pair.2.fq.gz	
ERR414273	PRJEB5224	SAMEA2338658	ERX380576	408170	human gut metagenome	ftp.sra.ebi.ac.uk/vol1/fastq/ERR414/ERR414273/ERR414273_1.fastq.gz;ftp.sra.ebi.ac.uk/vol1/fastq/ERR414/ERR414273/ERR414273_2.fastq.gz	ftp.sra.ebi.ac.uk/vol1/run/ERR414/ERR414273/MH0319_101031.rmhost.pair.1.fq.gz;ftp.sra.ebi.ac.uk/vol1/run/ERR414/ERR414273/MH0319_101031.rmhost.pair.2.fq.gz	
ERR414274	PRJEB5224	SAMEA2338659	ERX380577	408170	human gut metagenome	ftp.sra.ebi.ac.uk/vol1/fastq/ERR414/ERR414274/ERR414274_1.fastq.gz;ftp.sra.ebi.ac.uk/vol1/fastq/ERR414/ERR414274/ERR414274_2.fastq.gz	ftp.sra.ebi.ac.uk/vol1/run/ERR414/ERR414274/MH0323_101031.rmhost.pair.1.fq.gz;ftp.sra.ebi.ac.uk/vol1/run/ERR414/ERR414274/MH0323_101031.rmhost.pair.2.fq.gz	
ERR414275	PRJEB5224	SAMEA2338660	ERX380578	408170	human gut metagenome	ftp.sra.ebi.ac.uk/vol1/fastq/ERR414/ERR414275/ERR414275_1.fastq.gz;ftp.sra.ebi.ac.uk/vol1/fastq/ERR414/ERR414275/ERR414275_2.fastq.gz	ftp.sra.ebi.ac.uk/vol1/run/ERR414/ERR414275/MH0325_101007.rmhost.pair.1.fq.gz;ftp.sra.ebi.ac.uk/vol1/run/ERR414/ERR414275/MH0325_101007.rmhost.pair.2.fq.gz	
ERR414276	PRJEB5224	SAMEA2338661	ERX380579	408170	human gut metagenome	ftp.sra.ebi.ac.uk/vol1/fastq/ERR414/ERR414276/ERR414276_1.fastq.gz;ftp.sra.ebi.ac.uk/vol1/fastq/ERR414/ERR414276/ERR414276_2.fastq.gz	ftp.sra.ebi.ac.uk/vol1/run/ERR414/ERR414276/MH0326_101031.rmhost.pair.1.fq.gz;ftp.sra.ebi.ac.uk/vol1/run/ERR414/ERR414276/MH0326_101031.rmhost.pair.2.fq.gz	
ERR414280	PRJEB5224	SAMEA2338665	ERX380583	408170	human gut metagenome	ftp.sra.ebi.ac.uk/vol1/fastq/ERR414/ERR414280/ERR414280_1.fastq.gz;ftp.sra.ebi.ac.uk/vol1/fastq/ERR414/ERR414280/ERR414280_2.fastq.gz	ftp.sra.ebi.ac.uk/vol1/run/ERR414/ERR414280/MH0330_101031.rmhost.pair.1.fq.gz;ftp.sra.ebi.ac.uk/vol1/run/ERR414/ERR414280/MH0330_101031.rmhost.pair.2.fq.gz	
ERR414281	PRJEB5224	SAMEA2338666	ERX380584	408170	human gut metagenome	ftp.sra.ebi.ac.uk/vol1/fastq/ERR414/ERR414281/ERR414281_1.fastq.gz;ftp.sra.ebi.ac.uk/vol1/fastq/ERR414/ERR414281/ERR414281_2.fastq.gz	ftp.sra.ebi.ac.uk/vol1/run/ERR414/ERR414281/MH0332_101031.rmhost.pair.1.fq.gz;ftp.sra.ebi.ac.uk/vol1/run/ERR414/ERR414281/MH0332_101031.rmhost.pair.2.fq.gz	
ERR414284	PRJEB5224	SAMEA2338669	ERX380587	408170	human gut metagenome	ftp.sra.ebi.ac.uk/vol1/fastq/ERR414/ERR414284/ERR414284_1.fastq.gz;ftp.sra.ebi.ac.uk/vol1/fastq/ERR414/ERR414284/ERR414284_2.fastq.gz	ftp.sra.ebi.ac.uk/vol1/run/ERR414/ERR414284/MH0336_101008.rmhost.pair.1.fq.gz;ftp.sra.ebi.ac.uk/vol1/run/ERR414/ERR414284/MH0336_101008.rmhost.pair.2.fq.gz	
ERR414293	PRJEB5224	SAMEA2338677	ERX380596	408170	human gut metagenome	ftp.sra.ebi.ac.uk/vol1/fastq/ERR414/ERR414293/ERR414293_1.fastq.gz;ftp.sra.ebi.ac.uk/vol1/fastq/ERR414/ERR414293/ERR414293_2.fastq.gz	ftp.sra.ebi.ac.uk/vol1/run/ERR414/ERR414293/MH0345_101009.rmhost.pair.1.fq.gz;ftp.sra.ebi.ac.uk/vol1/run/ERR414/ERR414293/MH0345_101009.rmhost.pair.2.fq.gz	
ERR414295	PRJEB5224	SAMEA2338679	ERX380598	408170	human gut metagenome	ftp.sra.ebi.ac.uk/vol1/fastq/ERR414/ERR414295/ERR414295_1.fastq.gz;ftp.sra.ebi.ac.uk/vol1/fastq/ERR414/ERR414295/ERR414295_2.fastq.gz	ftp.sra.ebi.ac.uk/vol1/run/ERR414/ERR414295/MH0347_101101.rmhost.pair.1.fq.gz;ftp.sra.ebi.ac.uk/vol1/run/ERR414/ERR414295/MH0347_101101.rmhost.pair.2.fq.gz	
ERR414297	PRJEB5224	SAMEA2338681	ERX380600	408170	human gut metagenome	ftp.sra.ebi.ac.uk/vol1/fastq/ERR414/ERR414297/ERR414297_1.fastq.gz;ftp.sra.ebi.ac.uk/vol1/fastq/ERR414/ERR414297/ERR414297_2.fastq.gz	ftp.sra.ebi.ac.uk/vol1/run/ERR414/ERR414297/MH0349_101009.rmhost.pair.1.fq.gz;ftp.sra.ebi.ac.uk/vol1/run/ERR414/ERR414297/MH0349_101009.rmhost.pair.2.fq.gz	
ERR414304	PRJEB5224	SAMEA2338687	ERX380607	408170	human gut metagenome	ftp.sra.ebi.ac.uk/vol1/fastq/ERR414/ERR414304/ERR414304_1.fastq.gz;ftp.sra.ebi.ac.uk/vol1/fastq/ERR414/ERR414304/ERR414304_2.fastq.gz	ftp.sra.ebi.ac.uk/vol1/run/ERR414/ERR414304/MH0357_101009.rmhost.pair.1.fq.gz;ftp.sra.ebi.ac.uk/vol1/run/ERR414/ERR414304/MH0357_101009.rmhost.pair.2.fq.gz	
ERR414309	PRJEB5224	SAMEA2338692	ERX380612	408170	human gut metagenome	ftp.sra.ebi.ac.uk/vol1/fastq/ERR414/ERR414309/ERR414309_1.fastq.gz;ftp.sra.ebi.ac.uk/vol1/fastq/ERR414/ERR414309/ERR414309_2.fastq.gz	ftp.sra.ebi.ac.uk/vol1/run/ERR414/ERR414309/MH0362_101009.rmhost.pair.1.fq.gz;ftp.sra.ebi.ac.uk/vol1/run/ERR414/ERR414309/MH0362_101009.rmhost.pair.2.fq.gz	
ERR414310	PRJEB5224	SAMEA2338693	ERX380613	408170	human gut metagenome	ftp.sra.ebi.ac.uk/vol1/fastq/ERR414/ERR414310/ERR414310_1.fastq.gz;ftp.sra.ebi.ac.uk/vol1/fastq/ERR414/ERR414310/ERR414310_2.fastq.gz	ftp.sra.ebi.ac.uk/vol1/run/ERR414/ERR414310/MH0363_101009.rmhost.pair.1.fq.gz;ftp.sra.ebi.ac.uk/vol1/run/ERR414/ERR414310/MH0363_101009.rmhost.pair.2.fq.gz	
ERR414311	PRJEB5224	SAMEA2338694	ERX380614	408170	human gut metagenome	ftp.sra.ebi.ac.uk/vol1/fastq/ERR414/ERR414311/ERR414311_1.fastq.gz;ftp.sra.ebi.ac.uk/vol1/fastq/ERR414/ERR414311/ERR414311_2.fastq.gz	ftp.sra.ebi.ac.uk/vol1/run/ERR414/ERR414311/MH0364_101111.rmhost.pair.1.fq.gz;ftp.sra.ebi.ac.uk/vol1/run/ERR414/ERR414311/MH0364_101111.rmhost.pair.2.fq.gz	
ERR414313	PRJEB5224	SAMEA2338696	ERX380616	408170	human gut metagenome	ftp.sra.ebi.ac.uk/vol1/fastq/ERR414/ERR414313/ERR414313_1.fastq.gz;ftp.sra.ebi.ac.uk/vol1/fastq/ERR414/ERR414313/ERR414313_2.fastq.gz	ftp.sra.ebi.ac.uk/vol1/run/ERR414/ERR414313/MH0366_101111.rmhost.pair.1.fq.gz;ftp.sra.ebi.ac.uk/vol1/run/ERR414/ERR414313/MH0366_101111.rmhost.pair.2.fq.gz	
ERR414315	PRJEB5224	SAMEA2338698	ERX380618	408170	human gut metagenome	ftp.sra.ebi.ac.uk/vol1/fastq/ERR414/ERR414315/ERR414315_1.fastq.gz;ftp.sra.ebi.ac.uk/vol1/fastq/ERR414/ERR414315/ERR414315_2.fastq.gz	ftp.sra.ebi.ac.uk/vol1/run/ERR414/ERR414315/MH0368_101009.rmhost.pair.1.fq.gz;ftp.sra.ebi.ac.uk/vol1/run/ERR414/ERR414315/MH0368_101009.rmhost.pair.2.fq.gz	
ERR414317	PRJEB5224	SAMEA2338700	ERX380620	408170	human gut metagenome	ftp.sra.ebi.ac.uk/vol1/fastq/ERR414/ERR414317/ERR414317_1.fastq.gz;ftp.sra.ebi.ac.uk/vol1/fastq/ERR414/ERR414317/ERR414317_2.fastq.gz	ftp.sra.ebi.ac.uk/vol1/run/ERR414/ERR414317/MH0370_101009.rmhost.pair.1.fq.gz;ftp.sra.ebi.ac.uk/vol1/run/ERR414/ERR414317/MH0370_101009.rmhost.pair.2.fq.gz	
ERR414319	PRJEB5224	SAMEA2338702	ERX380622	408170	human gut metagenome	ftp.sra.ebi.ac.uk/vol1/fastq/ERR414/ERR414319/ERR414319_1.fastq.gz;ftp.sra.ebi.ac.uk/vol1/fastq/ERR414/ERR414319/ERR414319_2.fastq.gz	ftp.sra.ebi.ac.uk/vol1/run/ERR414/ERR414319/MH0372_101009.rmhost.pair.1.fq.gz;ftp.sra.ebi.ac.uk/vol1/run/ERR414/ERR414319/MH0372_101009.rmhost.pair.2.fq.gz	
ERR414322	PRJEB5224	SAMEA2338705	ERX380625	408170	human gut metagenome	ftp.sra.ebi.ac.uk/vol1/fastq/ERR414/ERR414322/ERR414322_1.fastq.gz;ftp.sra.ebi.ac.uk/vol1/fastq/ERR414/ERR414322/ERR414322_2.fastq.gz	ftp.sra.ebi.ac.uk/vol1/run/ERR414/ERR414322/MH0375_101102.rmhost.pair.1.fq.gz;ftp.sra.ebi.ac.uk/vol1/run/ERR414/ERR414322/MH0375_101102.rmhost.pair.2.fq.gz	
ERR414323	PRJEB5224	SAMEA2338706	ERX380626	408170	human gut metagenome	ftp.sra.ebi.ac.uk/vol1/fastq/ERR414/ERR414323/ERR414323_1.fastq.gz;ftp.sra.ebi.ac.uk/vol1/fastq/ERR414/ERR414323/ERR414323_2.fastq.gz	ftp.sra.ebi.ac.uk/vol1/run/ERR414/ERR414323/MH0376_101009.rmhost.pair.1.fq.gz;ftp.sra.ebi.ac.uk/vol1/run/ERR414/ERR414323/MH0376_101009.rmhost.pair.2.fq.gz	
ERR414327	PRJEB5224	SAMEA2338709	ERX380630	408170	human gut metagenome	ftp.sra.ebi.ac.uk/vol1/fastq/ERR414/ERR414327/ERR414327_1.fastq.gz;ftp.sra.ebi.ac.uk/vol1/fastq/ERR414/ERR414327/ERR414327_2.fastq.gz	ftp.sra.ebi.ac.uk/vol1/run/ERR414/ERR414327/MH0379_101009.rmhost.pair.1.fq.gz;ftp.sra.ebi.ac.uk/vol1/run/ERR414/ERR414327/MH0379_101009.rmhost.pair.2.fq.gz	
ERR414329	PRJEB5224	SAMEA2338710	ERX380632	408170	human gut metagenome	ftp.sra.ebi.ac.uk/vol1/fastq/ERR414/ERR414329/ERR414329_1.fastq.gz;ftp.sra.ebi.ac.uk/vol1/fastq/ERR414/ERR414329/ERR414329_2.fastq.gz	ftp.sra.ebi.ac.uk/vol1/run/ERR414/ERR414329/MH0381_101207.rmhost.pair.1.fq.gz;ftp.sra.ebi.ac.uk/vol1/run/ERR414/ERR414329/MH0381_101207.rmhost.pair.2.fq.gz	
ERR414332	PRJEB5224	SAMEA2338713	ERX380635	408170	human gut metagenome	ftp.sra.ebi.ac.uk/vol1/fastq/ERR414/ERR414332/ERR414332_1.fastq.gz;ftp.sra.ebi.ac.uk/vol1/fastq/ERR414/ERR414332/ERR414332_2.fastq.gz	ftp.sra.ebi.ac.uk/vol1/run/ERR414/ERR414332/MH0384_101009.rmhost.pair.1.fq.gz;ftp.sra.ebi.ac.uk/vol1/run/ERR414/ERR414332/MH0384_101009.rmhost.pair.2.fq.gz	
ERR414333	PRJEB5224	SAMEA2338714	ERX380636	408170	human gut metagenome	ftp.sra.ebi.ac.uk/vol1/fastq/ERR414/ERR414333/ERR414333_1.fastq.gz;ftp.sra.ebi.ac.uk/vol1/fastq/ERR414/ERR414333/ERR414333_2.fastq.gz	ftp.sra.ebi.ac.uk/vol1/run/ERR414/ERR414333/MH0385_101009.rmhost.pair.1.fq.gz;ftp.sra.ebi.ac.uk/vol1/run/ERR414/ERR414333/MH0385_101009.rmhost.pair.2.fq.gz	
ERR414338	PRJEB5224	SAMEA2338719	ERX380641	408170	human gut metagenome	ftp.sra.ebi.ac.uk/vol1/fastq/ERR414/ERR414338/ERR414338_1.fastq.gz;ftp.sra.ebi.ac.uk/vol1/fastq/ERR414/ERR414338/ERR414338_2.fastq.gz	ftp.sra.ebi.ac.uk/vol1/run/ERR414/ERR414338/MH0390_101009.rmhost.pair.1.fq.gz;ftp.sra.ebi.ac.uk/vol1/run/ERR414/ERR414338/MH0390_101009.rmhost.pair.2.fq.gz	
ERR414339	PRJEB5224	SAMEA2338720	ERX380642	408170	human gut metagenome	ftp.sra.ebi.ac.uk/vol1/fastq/ERR414/ERR414339/ERR414339_1.fastq.gz;ftp.sra.ebi.ac.uk/vol1/fastq/ERR414/ERR414339/ERR414339_2.fastq.gz	ftp.sra.ebi.ac.uk/vol1/run/ERR414/ERR414339/MH0391_101009.rmhost.pair.1.fq.gz;ftp.sra.ebi.ac.uk/vol1/run/ERR414/ERR414339/MH0391_101009.rmhost.pair.2.fq.gz	
ERR414342	PRJEB5224	SAMEA2338723	ERX380645	408170	human gut metagenome	ftp.sra.ebi.ac.uk/vol1/fastq/ERR414/ERR414342/ERR414342_1.fastq.gz;ftp.sra.ebi.ac.uk/vol1/fastq/ERR414/ERR414342/ERR414342_2.fastq.gz	ftp.sra.ebi.ac.uk/vol1/run/ERR414/ERR414342/MH0394_101009.rmhost.pair.1.fq.gz;ftp.sra.ebi.ac.uk/vol1/run/ERR414/ERR414342/MH0394_101009.rmhost.pair.2.fq.gz	
ERR414343	PRJEB5224	SAMEA2338724	ERX380646	408170	human gut metagenome	ftp.sra.ebi.ac.uk/vol1/fastq/ERR414/ERR414343/ERR414343_1.fastq.gz;ftp.sra.ebi.ac.uk/vol1/fastq/ERR414/ERR414343/ERR414343_2.fastq.gz	ftp.sra.ebi.ac.uk/vol1/run/ERR414/ERR414343/MH0395_101009.rmhost.pair.1.fq.gz;ftp.sra.ebi.ac.uk/vol1/run/ERR414/ERR414343/MH0395_101009.rmhost.pair.2.fq.gz	
ERR414349	PRJEB5224	SAMEA2338730	ERX380652	408170	human gut metagenome	ftp.sra.ebi.ac.uk/vol1/fastq/ERR414/ERR414349/ERR414349_1.fastq.gz;ftp.sra.ebi.ac.uk/vol1/fastq/ERR414/ERR414349/ERR414349_2.fastq.gz	ftp.sra.ebi.ac.uk/vol1/run/ERR414/ERR414349/MH0401_101102.rmhost.pair.1.fq.gz;ftp.sra.ebi.ac.uk/vol1/run/ERR414/ERR414349/MH0401_101102.rmhost.pair.2.fq.gz	
ERR414351	PRJEB5224	SAMEA2338731	ERX380654	408170	human gut metagenome	ftp.sra.ebi.ac.uk/vol1/fastq/ERR414/ERR414351/ERR414351_1.fastq.gz;ftp.sra.ebi.ac.uk/vol1/fastq/ERR414/ERR414351/ERR414351_2.fastq.gz	ftp.sra.ebi.ac.uk/vol1/run/ERR414/ERR414351/MH0402_101111.rmhost.pair.1.fq.gz;ftp.sra.ebi.ac.uk/vol1/run/ERR414/ERR414351/MH0402_101111.rmhost.pair.2.fq.gz	
ERR414352	PRJEB5224	SAMEA2338732	ERX380655	408170	human gut metagenome	ftp.sra.ebi.ac.uk/vol1/fastq/ERR414/ERR414352/ERR414352_1.fastq.gz;ftp.sra.ebi.ac.uk/vol1/fastq/ERR414/ERR414352/ERR414352_2.fastq.gz	ftp.sra.ebi.ac.uk/vol1/run/ERR414/ERR414352/O2.CD1-0_110821.rmhost.pair.1.fq.gz;ftp.sra.ebi.ac.uk/vol1/run/ERR414/ERR414352/O2.CD1-0_110821.rmhost.pair.2.fq.gz	
ERR414357	PRJEB5224	SAMEA2338738	ERX380660	408170	human gut metagenome	ftp.sra.ebi.ac.uk/vol1/fastq/ERR414/ERR414357/ERR414357_1.fastq.gz;ftp.sra.ebi.ac.uk/vol1/fastq/ERR414/ERR414357/ERR414357_2.fastq.gz	ftp.sra.ebi.ac.uk/vol1/run/ERR414/ERR414357/O2.UC11-1_111207.rmhost.pair.1.fq.gz;ftp.sra.ebi.ac.uk/vol1/run/ERR414/ERR414357/O2.UC11-1_111207.rmhost.pair.2.fq.gz	
ERR414358	PRJEB5224	SAMEA2338737	ERX380661	408170	human gut metagenome	ftp.sra.ebi.ac.uk/vol1/fastq/ERR414/ERR414358/ERR414358_1.fastq.gz;ftp.sra.ebi.ac.uk/vol1/fastq/ERR414/ERR414358/ERR414358_2.fastq.gz	ftp.sra.ebi.ac.uk/vol1/run/ERR414/ERR414358/O2.UC1-1_111207.rmhost.pair.1.fq.gz;ftp.sra.ebi.ac.uk/vol1/run/ERR414/ERR414358/O2.UC1-1_111207.rmhost.pair.2.fq.gz	
ERR414363	PRJEB5224	SAMEA2338743	ERX380666	408170	human gut metagenome	ftp.sra.ebi.ac.uk/vol1/fastq/ERR414/ERR414363/ERR414363_1.fastq.gz;ftp.sra.ebi.ac.uk/vol1/fastq/ERR414/ERR414363/ERR414363_2.fastq.gz	ftp.sra.ebi.ac.uk/vol1/run/ERR414/ERR414363/O2.UC15-1_111207.rmhost.pair.1.fq.gz;ftp.sra.ebi.ac.uk/vol1/run/ERR414/ERR414363/O2.UC15-1_111207.rmhost.pair.2.fq.gz	
ERR414365	PRJEB5224	SAMEA2338745	ERX380668	408170	human gut metagenome	ftp.sra.ebi.ac.uk/vol1/fastq/ERR414/ERR414365/ERR414365_1.fastq.gz;ftp.sra.ebi.ac.uk/vol1/fastq/ERR414/ERR414365/ERR414365_2.fastq.gz	ftp.sra.ebi.ac.uk/vol1/run/ERR414/ERR414365/O2.UC16-1_111213.rmhost.pair.1.fq.gz;ftp.sra.ebi.ac.uk/vol1/run/ERR414/ERR414365/O2.UC16-1_111213.rmhost.pair.2.fq.gz	
ERR414366	PRJEB5224	SAMEA2338746	ERX380669	408170	human gut metagenome	ftp.sra.ebi.ac.uk/vol1/fastq/ERR414/ERR414366/ERR414366_1.fastq.gz;ftp.sra.ebi.ac.uk/vol1/fastq/ERR414/ERR414366/ERR414366_2.fastq.gz	ftp.sra.ebi.ac.uk/vol1/run/ERR414/ERR414366/O2.UC17-1_111207.rmhost.pair.1.fq.gz;ftp.sra.ebi.ac.uk/vol1/run/ERR414/ERR414366/O2.UC17-1_111207.rmhost.pair.2.fq.gz	
ERR414368	PRJEB5224	SAMEA2338748	ERX380671	408170	human gut metagenome	ftp.sra.ebi.ac.uk/vol1/fastq/ERR414/ERR414368/ERR414368_1.fastq.gz;ftp.sra.ebi.ac.uk/vol1/fastq/ERR414/ERR414368/ERR414368_2.fastq.gz	ftp.sra.ebi.ac.uk/vol1/run/ERR414/ERR414368/O2.UC19-1_111207.rmhost.pair.1.fq.gz;ftp.sra.ebi.ac.uk/vol1/run/ERR414/ERR414368/O2.UC19-1_111207.rmhost.pair.2.fq.gz	
ERR414372	PRJEB5224	SAMEA2338752	ERX380675	408170	human gut metagenome	ftp.sra.ebi.ac.uk/vol1/fastq/ERR414/ERR414372/ERR414372_1.fastq.gz;ftp.sra.ebi.ac.uk/vol1/fastq/ERR414/ERR414372/ERR414372_2.fastq.gz	ftp.sra.ebi.ac.uk/vol1/run/ERR414/ERR414372/O2.UC22-1_111206.rmhost.pair.1.fq.gz;ftp.sra.ebi.ac.uk/vol1/run/ERR414/ERR414372/O2.UC22-1_111206.rmhost.pair.2.fq.gz	
ERR414374	PRJEB5224	SAMEA2338754	ERX380677	408170	human gut metagenome	ftp.sra.ebi.ac.uk/vol1/fastq/ERR414/ERR414374/ERR414374_1.fastq.gz;ftp.sra.ebi.ac.uk/vol1/fastq/ERR414/ERR414374/ERR414374_2.fastq.gz	ftp.sra.ebi.ac.uk/vol1/run/ERR414/ERR414374/O2.UC24-1_111206.rmhost.pair.1.fq.gz;ftp.sra.ebi.ac.uk/vol1/run/ERR414/ERR414374/O2.UC24-1_111206.rmhost.pair.2.fq.gz	
ERR414387	PRJEB5224	SAMEA2338766	ERX380690	408170	human gut metagenome	ftp.sra.ebi.ac.uk/vol1/fastq/ERR414/ERR414387/ERR414387_1.fastq.gz;ftp.sra.ebi.ac.uk/vol1/fastq/ERR414/ERR414387/ERR414387_2.fastq.gz	ftp.sra.ebi.ac.uk/vol1/run/ERR414/ERR414387/O2.UC36-0_100902.rmhost.pair.1.fq.gz;ftp.sra.ebi.ac.uk/vol1/run/ERR414/ERR414387/O2.UC36-0_100902.rmhost.pair.2.fq.gz	
ERR414396	PRJEB5224	SAMEA2338775	ERX380699	408170	human gut metagenome	ftp.sra.ebi.ac.uk/vol1/fastq/ERR414/ERR414396/ERR414396_1.fastq.gz;ftp.sra.ebi.ac.uk/vol1/fastq/ERR414/ERR414396/ERR414396_2.fastq.gz	ftp.sra.ebi.ac.uk/vol1/run/ERR414/ERR414396/O2.UC46-1_111206.rmhost.pair.1.fq.gz;ftp.sra.ebi.ac.uk/vol1/run/ERR414/ERR414396/O2.UC46-1_111206.rmhost.pair.2.fq.gz	
ERR414397	PRJEB5224	SAMEA2338776	ERX380700	408170	human gut metagenome	ftp.sra.ebi.ac.uk/vol1/fastq/ERR414/ERR414397/ERR414397_1.fastq.gz;ftp.sra.ebi.ac.uk/vol1/fastq/ERR414/ERR414397/ERR414397_2.fastq.gz	ftp.sra.ebi.ac.uk/vol1/run/ERR414/ERR414397/O2.UC47-1_111206.rmhost.pair.1.fq.gz;ftp.sra.ebi.ac.uk/vol1/run/ERR414/ERR414397/O2.UC47-1_111206.rmhost.pair.2.fq.gz	
ERR414398	PRJEB5224	SAMEA2338777	ERX380701	408170	human gut metagenome	ftp.sra.ebi.ac.uk/vol1/fastq/ERR414/ERR414398/ERR414398_1.fastq.gz;ftp.sra.ebi.ac.uk/vol1/fastq/ERR414/ERR414398/ERR414398_2.fastq.gz	ftp.sra.ebi.ac.uk/vol1/run/ERR414/ERR414398/O2.UC48-1_111213.rmhost.pair.1.fq.gz;ftp.sra.ebi.ac.uk/vol1/run/ERR414/ERR414398/O2.UC48-1_111213.rmhost.pair.2.fq.gz	
ERR414399	PRJEB5224	SAMEA2338778	ERX380702	408170	human gut metagenome	ftp.sra.ebi.ac.uk/vol1/fastq/ERR414/ERR414399/ERR414399_1.fastq.gz;ftp.sra.ebi.ac.uk/vol1/fastq/ERR414/ERR414399/ERR414399_2.fastq.gz	ftp.sra.ebi.ac.uk/vol1/run/ERR414/ERR414399/O2.UC5-1_111207.rmhost.pair.1.fq.gz;ftp.sra.ebi.ac.uk/vol1/run/ERR414/ERR414399/O2.UC5-1_111207.rmhost.pair.2.fq.gz	
ERR414401	PRJEB5224	SAMEA2338780	ERX380704	408170	human gut metagenome	ftp.sra.ebi.ac.uk/vol1/fastq/ERR414/ERR414401/ERR414401_1.fastq.gz;ftp.sra.ebi.ac.uk/vol1/fastq/ERR414/ERR414401/ERR414401_2.fastq.gz	ftp.sra.ebi.ac.uk/vol1/run/ERR414/ERR414401/O2.UC6-1_111207.rmhost.pair.1.fq.gz;ftp.sra.ebi.ac.uk/vol1/run/ERR414/ERR414401/O2.UC6-1_111207.rmhost.pair.2.fq.gz	
ERR414407	PRJEB5224	SAMEA2338786	ERX380710	408170	human gut metagenome	ftp.sra.ebi.ac.uk/vol1/fastq/ERR414/ERR414407/ERR414407_1.fastq.gz;ftp.sra.ebi.ac.uk/vol1/fastq/ERR414/ERR414407/ERR414407_2.fastq.gz	ftp.sra.ebi.ac.uk/vol1/run/ERR414/ERR414407/O2.UC8-2_100908.rmhost.pair.1.fq.gz;ftp.sra.ebi.ac.uk/vol1/run/ERR414/ERR414407/O2.UC8-2_100908.rmhost.pair.2.fq.gz	
ERR414410	PRJEB5224	SAMEA2338789	ERX380713	408170	human gut metagenome	ftp.sra.ebi.ac.uk/vol1/fastq/ERR414/ERR414410/ERR414410_1.fastq.gz;ftp.sra.ebi.ac.uk/vol1/fastq/ERR414/ERR414410/ERR414410_2.fastq.gz	ftp.sra.ebi.ac.uk/vol1/run/ERR414/ERR414410/V1.CD1-0-PT_110820.rmhost.pair.1.fq.gz;ftp.sra.ebi.ac.uk/vol1/run/ERR414/ERR414410/V1.CD1-0-PT_110820.rmhost.pair.2.fq.gz	
ERR414412	PRJEB5224	SAMEA2338790	ERX380715	408170	human gut metagenome	ftp.sra.ebi.ac.uk/vol1/fastq/ERR414/ERR414412/ERR414412_1.fastq.gz;ftp.sra.ebi.ac.uk/vol1/fastq/ERR414/ERR414412/ERR414412_2.fastq.gz	ftp.sra.ebi.ac.uk/vol1/run/ERR414/ERR414412/V1.CD12-3_100902.rmhost.pair.1.fq.gz;ftp.sra.ebi.ac.uk/vol1/run/ERR414/ERR414412/V1.CD12-3_100902.rmhost.pair.2.fq.gz	
ERR414414	PRJEB5224	SAMEA2338792	ERX380717	408170	human gut metagenome	ftp.sra.ebi.ac.uk/vol1/fastq/ERR414/ERR414414/ERR414414_1.fastq.gz;ftp.sra.ebi.ac.uk/vol1/fastq/ERR414/ERR414414/ERR414414_2.fastq.gz	ftp.sra.ebi.ac.uk/vol1/run/ERR414/ERR414414/V1.CD20-0_100821.rmhost.pair.1.fq.gz;ftp.sra.ebi.ac.uk/vol1/run/ERR414/ERR414414/V1.CD20-0_100821.rmhost.pair.2.fq.gz	
ERR414416	PRJEB5224	SAMEA2338793	ERX380719	408170	human gut metagenome	ftp.sra.ebi.ac.uk/vol1/fastq/ERR414/ERR414416/ERR414416_1.fastq.gz;ftp.sra.ebi.ac.uk/vol1/fastq/ERR414/ERR414416/ERR414416_2.fastq.gz	ftp.sra.ebi.ac.uk/vol1/run/ERR414/ERR414416/V1.CD2-0-PN_101220.rmhost.pair.1.fq.gz;ftp.sra.ebi.ac.uk/vol1/run/ERR414/ERR414416/V1.CD2-0-PN_101220.rmhost.pair.2.fq.gz	
ERR414419	PRJEB5224	SAMEA2338796	ERX380722	408170	human gut metagenome	ftp.sra.ebi.ac.uk/vol1/fastq/ERR414/ERR414419/ERR414419_1.fastq.gz;ftp.sra.ebi.ac.uk/vol1/fastq/ERR414/ERR414419/ERR414419_2.fastq.gz	ftp.sra.ebi.ac.uk/vol1/run/ERR414/ERR414419/V1.CD3-0-PT_110820.rmhost.pair.1.fq.gz;ftp.sra.ebi.ac.uk/vol1/run/ERR414/ERR414419/V1.CD3-0-PT_110820.rmhost.pair.2.fq.gz	
ERR414425	PRJEB5224	SAMEA2338800	ERX380728	408170	human gut metagenome	ftp.sra.ebi.ac.uk/vol1/fastq/ERR414/ERR414425/ERR414425_1.fastq.gz;ftp.sra.ebi.ac.uk/vol1/fastq/ERR414/ERR414425/ERR414425_2.fastq.gz	ftp.sra.ebi.ac.uk/vol1/run/ERR414/ERR414425/V1.CD37-4_101218.rmhost.pair.1.fq.gz;ftp.sra.ebi.ac.uk/vol1/run/ERR414/ERR414425/V1.CD37-4_101218.rmhost.pair.2.fq.gz	
ERR414429	PRJEB5224	SAMEA2338803	ERX380732	408170	human gut metagenome	ftp.sra.ebi.ac.uk/vol1/fastq/ERR414/ERR414429/ERR414429_1.fastq.gz;ftp.sra.ebi.ac.uk/vol1/fastq/ERR414/ERR414429/ERR414429_2.fastq.gz	ftp.sra.ebi.ac.uk/vol1/run/ERR414/ERR414429/V1.CD4-0-PT_110820.rmhost.pair.1.fq.gz;ftp.sra.ebi.ac.uk/vol1/run/ERR414/ERR414429/V1.CD4-0-PT_110820.rmhost.pair.2.fq.gz	
ERR414431	PRJEB5224	SAMEA2338805	ERX380734	408170	human gut metagenome	ftp.sra.ebi.ac.uk/vol1/fastq/ERR414/ERR414431/ERR414431_1.fastq.gz;ftp.sra.ebi.ac.uk/vol1/fastq/ERR414/ERR414431/ERR414431_2.fastq.gz	ftp.sra.ebi.ac.uk/vol1/run/ERR414/ERR414431/V1.CD44-0_100816.rmhost.pair.1.fq.gz;ftp.sra.ebi.ac.uk/vol1/run/ERR414/ERR414431/V1.CD44-0_100816.rmhost.pair.2.fq.gz	
ERR414433	PRJEB5224	SAMEA2338806	ERX380736	408170	human gut metagenome	ftp.sra.ebi.ac.uk/vol1/fastq/ERR414/ERR414433/ERR414433_1.fastq.gz;ftp.sra.ebi.ac.uk/vol1/fastq/ERR414/ERR414433/ERR414433_2.fastq.gz	ftp.sra.ebi.ac.uk/vol1/run/ERR414/ERR414433/V1.CD44-4_110821.rmhost.pair.1.fq.gz;ftp.sra.ebi.ac.uk/vol1/run/ERR414/ERR414433/V1.CD44-4_110821.rmhost.pair.2.fq.gz	
ERR414435	PRJEB5224	SAMEA2338807	ERX380738	408170	human gut metagenome	ftp.sra.ebi.ac.uk/vol1/fastq/ERR414/ERR414435/ERR414435_1.fastq.gz;ftp.sra.ebi.ac.uk/vol1/fastq/ERR414/ERR414435/ERR414435_2.fastq.gz	ftp.sra.ebi.ac.uk/vol1/run/ERR414/ERR414435/V1.CD45-0_100902.rmhost.pair.1.fq.gz;ftp.sra.ebi.ac.uk/vol1/run/ERR414/ERR414435/V1.CD45-0_100902.rmhost.pair.2.fq.gz	
ERR414438	PRJEB5224	SAMEA2338809	ERX380741	408170	human gut metagenome	ftp.sra.ebi.ac.uk/vol1/fastq/ERR414/ERR414438/ERR414438_1.fastq.gz;ftp.sra.ebi.ac.uk/vol1/fastq/ERR414/ERR414438/ERR414438_2.fastq.gz	ftp.sra.ebi.ac.uk/vol1/run/ERR414/ERR414438/V1.CD48-0_100816.rmhost.pair.1.fq.gz;ftp.sra.ebi.ac.uk/vol1/run/ERR414/ERR414438/V1.CD48-0_100816.rmhost.pair.2.fq.gz	
ERR414446	PRJEB5224	SAMEA2338816	ERX380749	408170	human gut metagenome	ftp.sra.ebi.ac.uk/vol1/fastq/ERR414/ERR414446/ERR414446_1.fastq.gz;ftp.sra.ebi.ac.uk/vol1/fastq/ERR414/ERR414446/ERR414446_2.fastq.gz	ftp.sra.ebi.ac.uk/vol1/run/ERR414/ERR414446/V1.CD54-0_110820.rmhost.pair.1.fq.gz;ftp.sra.ebi.ac.uk/vol1/run/ERR414/ERR414446/V1.CD54-0_110820.rmhost.pair.2.fq.gz	
ERR414452	PRJEB5224	SAMEA2338822	ERX380755	408170	human gut metagenome	ftp.sra.ebi.ac.uk/vol1/fastq/ERR414/ERR414452/ERR414452_1.fastq.gz;ftp.sra.ebi.ac.uk/vol1/fastq/ERR414/ERR414452/ERR414452_2.fastq.gz	ftp.sra.ebi.ac.uk/vol1/run/ERR414/ERR414452/V1.FI01_110821.rmhost.pair.1.fq.gz;ftp.sra.ebi.ac.uk/vol1/run/ERR414/ERR414452/V1.FI01_110821.rmhost.pair.2.fq.gz	
ERR414461	PRJEB5224	SAMEA2338831	ERX380764	408170	human gut metagenome	ftp.sra.ebi.ac.uk/vol1/fastq/ERR414/ERR414461/ERR414461_1.fastq.gz;ftp.sra.ebi.ac.uk/vol1/fastq/ERR414/ERR414461/ERR414461_2.fastq.gz	ftp.sra.ebi.ac.uk/vol1/run/ERR414/ERR414461/V1.FI10_110821.rmhost.pair.1.fq.gz;ftp.sra.ebi.ac.uk/vol1/run/ERR414/ERR414461/V1.FI10_110821.rmhost.pair.2.fq.gz	
ERR414465	PRJEB5224	SAMEA2338835	ERX380768	408170	human gut metagenome	ftp.sra.ebi.ac.uk/vol1/fastq/ERR414/ERR414465/ERR414465_1.fastq.gz;ftp.sra.ebi.ac.uk/vol1/fastq/ERR414/ERR414465/ERR414465_2.fastq.gz	ftp.sra.ebi.ac.uk/vol1/run/ERR414/ERR414465/V1.FI14_110821.rmhost.pair.1.fq.gz;ftp.sra.ebi.ac.uk/vol1/run/ERR414/ERR414465/V1.FI14_110821.rmhost.pair.2.fq.gz	
ERR414469	PRJEB5224	SAMEA2338839	ERX380772	408170	human gut metagenome	ftp.sra.ebi.ac.uk/vol1/fastq/ERR414/ERR414469/ERR414469_1.fastq.gz;ftp.sra.ebi.ac.uk/vol1/fastq/ERR414/ERR414469/ERR414469_2.fastq.gz	ftp.sra.ebi.ac.uk/vol1/run/ERR414/ERR414469/V1.FI18_110822.rmhost.pair.1.fq.gz;ftp.sra.ebi.ac.uk/vol1/run/ERR414/ERR414469/V1.FI18_110822.rmhost.pair.2.fq.gz	
ERR414472	PRJEB5224	SAMEA2338842	ERX380775	408170	human gut metagenome	ftp.sra.ebi.ac.uk/vol1/fastq/ERR414/ERR414472/ERR414472_1.fastq.gz;ftp.sra.ebi.ac.uk/vol1/fastq/ERR414/ERR414472/ERR414472_2.fastq.gz	ftp.sra.ebi.ac.uk/vol1/run/ERR414/ERR414472/V1.FI21_110822.rmhost.pair.1.fq.gz;ftp.sra.ebi.ac.uk/vol1/run/ERR414/ERR414472/V1.FI21_110822.rmhost.pair.2.fq.gz	
ERR414474	PRJEB5224	SAMEA2338844	ERX380777	408170	human gut metagenome	ftp.sra.ebi.ac.uk/vol1/fastq/ERR414/ERR414474/ERR414474_1.fastq.gz;ftp.sra.ebi.ac.uk/vol1/fastq/ERR414/ERR414474/ERR414474_2.fastq.gz	ftp.sra.ebi.ac.uk/vol1/run/ERR414/ERR414474/V1.FI23_110822.rmhost.pair.1.fq.gz;ftp.sra.ebi.ac.uk/vol1/run/ERR414/ERR414474/V1.FI23_110822.rmhost.pair.2.fq.gz	
ERR414475	PRJEB5224	SAMEA2338845	ERX380778	408170	human gut metagenome	ftp.sra.ebi.ac.uk/vol1/fastq/ERR414/ERR414475/ERR414475_1.fastq.gz;ftp.sra.ebi.ac.uk/vol1/fastq/ERR414/ERR414475/ERR414475_2.fastq.gz	ftp.sra.ebi.ac.uk/vol1/run/ERR414/ERR414475/V1.FI24_110822.rmhost.pair.1.fq.gz;ftp.sra.ebi.ac.uk/vol1/run/ERR414/ERR414475/V1.FI24_110822.rmhost.pair.2.fq.gz	
ERR414477	PRJEB5224	SAMEA2338847	ERX380780	408170	human gut metagenome	ftp.sra.ebi.ac.uk/vol1/fastq/ERR414/ERR414477/ERR414477_1.fastq.gz;ftp.sra.ebi.ac.uk/vol1/fastq/ERR414/ERR414477/ERR414477_2.fastq.gz	ftp.sra.ebi.ac.uk/vol1/run/ERR414/ERR414477/V1.FI26_110822.rmhost.pair.1.fq.gz;ftp.sra.ebi.ac.uk/vol1/run/ERR414/ERR414477/V1.FI26_110822.rmhost.pair.2.fq.gz	
ERR414478	PRJEB5224	SAMEA2338848	ERX380781	408170	human gut metagenome	ftp.sra.ebi.ac.uk/vol1/fastq/ERR414/ERR414478/ERR414478_1.fastq.gz;ftp.sra.ebi.ac.uk/vol1/fastq/ERR414/ERR414478/ERR414478_2.fastq.gz	ftp.sra.ebi.ac.uk/vol1/run/ERR414/ERR414478/V1.FI27_110822.rmhost.pair.1.fq.gz;ftp.sra.ebi.ac.uk/vol1/run/ERR414/ERR414478/V1.FI27_110822.rmhost.pair.2.fq.gz	
ERR414483	PRJEB5224	SAMEA2338853	ERX380786	408170	human gut metagenome	ftp.sra.ebi.ac.uk/vol1/fastq/ERR414/ERR414483/ERR414483_1.fastq.gz;ftp.sra.ebi.ac.uk/vol1/fastq/ERR414/ERR414483/ERR414483_2.fastq.gz	ftp.sra.ebi.ac.uk/vol1/run/ERR414/ERR414483/V1.FI32_110822.rmhost.pair.1.fq.gz;ftp.sra.ebi.ac.uk/vol1/run/ERR414/ERR414483/V1.FI32_110822.rmhost.pair.2.fq.gz	
ERR414485	PRJEB5224	SAMEA2338855	ERX380788	408170	human gut metagenome	ftp.sra.ebi.ac.uk/vol1/fastq/ERR414/ERR414485/ERR414485_1.fastq.gz;ftp.sra.ebi.ac.uk/vol1/fastq/ERR414/ERR414485/ERR414485_2.fastq.gz	ftp.sra.ebi.ac.uk/vol1/run/ERR414/ERR414485/V1.FI34_110822.rmhost.pair.1.fq.gz;ftp.sra.ebi.ac.uk/vol1/run/ERR414/ERR414485/V1.FI34_110822.rmhost.pair.2.fq.gz	
ERR414494	PRJEB5224	SAMEA2338862	ERX380797	408170	human gut metagenome	ftp.sra.ebi.ac.uk/vol1/fastq/ERR414/ERR414494/ERR414494_1.fastq.gz;ftp.sra.ebi.ac.uk/vol1/fastq/ERR414/ERR414494/ERR414494_2.fastq.gz	ftp.sra.ebi.ac.uk/vol1/run/ERR414/ERR414494/V1.UC40-1_100816.rmhost.pair.1.fq.gz;ftp.sra.ebi.ac.uk/vol1/run/ERR414/ERR414494/V1.UC40-1_100816.rmhost.pair.2.fq.gz	
ERR414495	PRJEB5224	SAMEA2338862	ERX380798	408170	human gut metagenome	ftp.sra.ebi.ac.uk/vol1/fastq/ERR414/ERR414495/ERR414495_1.fastq.gz;ftp.sra.ebi.ac.uk/vol1/fastq/ERR414/ERR414495/ERR414495_2.fastq.gz	ftp.sra.ebi.ac.uk/vol1/run/ERR414/ERR414495/V1.UC40-1_100902.rmhost.pair.1.fq.gz;ftp.sra.ebi.ac.uk/vol1/run/ERR414/ERR414495/V1.UC40-1_100902.rmhost.pair.2.fq.gz	
ERR414498	PRJEB5224	SAMEA2338865	ERX380801	408170	human gut metagenome	ftp.sra.ebi.ac.uk/vol1/fastq/ERR414/ERR414498/ERR414498_1.fastq.gz;ftp.sra.ebi.ac.uk/vol1/fastq/ERR414/ERR414498/ERR414498_2.fastq.gz	ftp.sra.ebi.ac.uk/vol1/run/ERR414/ERR414498/V1.UC56-1_100816.rmhost.pair.1.fq.gz;ftp.sra.ebi.ac.uk/vol1/run/ERR414/ERR414498/V1.UC56-1_100816.rmhost.pair.2.fq.gz	
ERR414499	PRJEB5224	SAMEA2338865	ERX380802	408170	human gut metagenome	ftp.sra.ebi.ac.uk/vol1/fastq/ERR414/ERR414499/ERR414499_1.fastq.gz;ftp.sra.ebi.ac.uk/vol1/fastq/ERR414/ERR414499/ERR414499_2.fastq.gz	ftp.sra.ebi.ac.uk/vol1/run/ERR414/ERR414499/V1.UC56-1_100902.rmhost.pair.1.fq.gz;ftp.sra.ebi.ac.uk/vol1/run/ERR414/ERR414499/V1.UC56-1_100902.rmhost.pair.2.fq.gz	
ERR414503	PRJEB5224	SAMEA2338868	ERX380806	408170	human gut metagenome	ftp.sra.ebi.ac.uk/vol1/fastq/ERR414/ERR414503/ERR414503_1.fastq.gz;ftp.sra.ebi.ac.uk/vol1/fastq/ERR414/ERR414503/ERR414503_2.fastq.gz	ftp.sra.ebi.ac.uk/vol1/run/ERR414/ERR414503/V1.UC59-4_110821.rmhost.pair.1.fq.gz;ftp.sra.ebi.ac.uk/vol1/run/ERR414/ERR414503/V1.UC59-4_110821.rmhost.pair.2.fq.gz	
ERR414510	PRJEB5224	SAMEA2338871	ERX380813	408170	human gut metagenome	ftp.sra.ebi.ac.uk/vol1/fastq/ERR414/ERR414510/ERR414510_1.fastq.gz;ftp.sra.ebi.ac.uk/vol1/fastq/ERR414/ERR414510/ERR414510_2.fastq.gz	ftp.sra.ebi.ac.uk/vol1/run/ERR414/ERR414510/V1.UC64-0_101220.rmhost.pair.1.fq.gz;ftp.sra.ebi.ac.uk/vol1/run/ERR414/ERR414510/V1.UC64-0_101220.rmhost.pair.2.fq.gz	
ERR414516	PRJEB5224	SAMEA2338627	ERX380819	408170	human gut metagenome	ftp.sra.ebi.ac.uk/vol1/fastq/ERR414/ERR414516/ERR414516.fastq.gz	ftp.sra.ebi.ac.uk/vol1/run/ERR414/ERR414516/MH0238_101031.rmhost.single.fq.gz	
ERR414519	PRJEB5224	SAMEA2338629	ERX380822	408170	human gut metagenome	ftp.sra.ebi.ac.uk/vol1/fastq/ERR414/ERR414519/ERR414519.fastq.gz	ftp.sra.ebi.ac.uk/vol1/run/ERR414/ERR414519/MH0246_101205.rmhost.single.fq.gz	
ERR414521	PRJEB5224	SAMEA2338631	ERX380824	408170	human gut metagenome	ftp.sra.ebi.ac.uk/vol1/fastq/ERR414/ERR414521/ERR414521.fastq.gz	ftp.sra.ebi.ac.uk/vol1/run/ERR414/ERR414521/MH0259_101007.rmhost.single.fq.gz	
ERR414524	PRJEB5224	SAMEA2338634	ERX380827	408170	human gut metagenome	ftp.sra.ebi.ac.uk/vol1/fastq/ERR414/ERR414524/ERR414524.fastq.gz	ftp.sra.ebi.ac.uk/vol1/run/ERR414/ERR414524/MH0262_101031.rmhost.single.fq.gz	
ERR414525	PRJEB5224	SAMEA2338635	ERX380828	408170	human gut metagenome	ftp.sra.ebi.ac.uk/vol1/fastq/ERR414/ERR414525/ERR414525.fastq.gz	ftp.sra.ebi.ac.uk/vol1/run/ERR414/ERR414525/MH0264_101031.rmhost.single.fq.gz	
ERR414526	PRJEB5224	SAMEA2338636	ERX380829	408170	human gut metagenome	ftp.sra.ebi.ac.uk/vol1/fastq/ERR414/ERR414526/ERR414526.fastq.gz	ftp.sra.ebi.ac.uk/vol1/run/ERR414/ERR414526/MH0265_101031.rmhost.single.fq.gz	
ERR414527	PRJEB5224	SAMEA2338637	ERX380830	408170	human gut metagenome	ftp.sra.ebi.ac.uk/vol1/fastq/ERR414/ERR414527/ERR414527.fastq.gz	ftp.sra.ebi.ac.uk/vol1/run/ERR414/ERR414527/MH0266_101031.rmhost.single.fq.gz	
ERR414528	PRJEB5224	SAMEA2338638	ERX380831	408170	human gut metagenome	ftp.sra.ebi.ac.uk/vol1/fastq/ERR414/ERR414528/ERR414528.fastq.gz	ftp.sra.ebi.ac.uk/vol1/run/ERR414/ERR414528/MH0268_101031.rmhost.single.fq.gz	
ERR414534	PRJEB5224	SAMEA2338643	ERX380837	408170	human gut metagenome	ftp.sra.ebi.ac.uk/vol1/fastq/ERR414/ERR414534/ERR414534.fastq.gz	ftp.sra.ebi.ac.uk/vol1/run/ERR414/ERR414534/MH0283_101007.rmhost.single.fq.gz	
ERR414540	PRJEB5224	SAMEA2338647	ERX380843	408170	human gut metagenome	ftp.sra.ebi.ac.uk/vol1/fastq/ERR414/ERR414540/ERR414540.fastq.gz	ftp.sra.ebi.ac.uk/vol1/run/ERR414/ERR414540/MH0297_101102.rmhost.single.fq.gz	
ERR414541	PRJEB5224	SAMEA2338647	ERX380844	408170	human gut metagenome	ftp.sra.ebi.ac.uk/vol1/fastq/ERR414/ERR414541/ERR414541.fastq.gz	ftp.sra.ebi.ac.uk/vol1/run/ERR414/ERR414541/MH0297_101207.rmhost.single.fq.gz	
ERR414543	PRJEB5224	SAMEA2338649	ERX380846	408170	human gut metagenome	ftp.sra.ebi.ac.uk/vol1/fastq/ERR414/ERR414543/ERR414543.fastq.gz	ftp.sra.ebi.ac.uk/vol1/run/ERR414/ERR414543/MH0299_101007.rmhost.single.fq.gz	
ERR414546	PRJEB5224	SAMEA2338652	ERX380849	408170	human gut metagenome	ftp.sra.ebi.ac.uk/vol1/fastq/ERR414/ERR414546/ERR414546.fastq.gz	ftp.sra.ebi.ac.uk/vol1/run/ERR414/ERR414546/MH0308_101031.rmhost.single.fq.gz	
ERR414547	PRJEB5224	SAMEA2338653	ERX380850	408170	human gut metagenome	ftp.sra.ebi.ac.uk/vol1/fastq/ERR414/ERR414547/ERR414547.fastq.gz	ftp.sra.ebi.ac.uk/vol1/run/ERR414/ERR414547/MH0309_101007.rmhost.single.fq.gz	
ERR414553	PRJEB5224	SAMEA2338657	ERX380856	408170	human gut metagenome	ftp.sra.ebi.ac.uk/vol1/fastq/ERR414/ERR414553/ERR414553.fastq.gz	ftp.sra.ebi.ac.uk/vol1/run/ERR414/ERR414553/MH0315_101205.rmhost.single.fq.gz	
ERR414556	PRJEB5224	SAMEA2338660	ERX380859	408170	human gut metagenome	ftp.sra.ebi.ac.uk/vol1/fastq/ERR414/ERR414556/ERR414556.fastq.gz	ftp.sra.ebi.ac.uk/vol1/run/ERR414/ERR414556/MH0325_101007.rmhost.single.fq.gz	
ERR414562	PRJEB5224	SAMEA2338666	ERX380865	408170	human gut metagenome	ftp.sra.ebi.ac.uk/vol1/fastq/ERR414/ERR414562/ERR414562.fastq.gz	ftp.sra.ebi.ac.uk/vol1/run/ERR414/ERR414562/MH0332_101031.rmhost.single.fq.gz	
ERR414564	PRJEB5224	SAMEA2338668	ERX380867	408170	human gut metagenome	ftp.sra.ebi.ac.uk/vol1/fastq/ERR414/ERR414564/ERR414564.fastq.gz	ftp.sra.ebi.ac.uk/vol1/run/ERR414/ERR414564/MH0335_101101.rmhost.single.fq.gz	
ERR414569	PRJEB5224	SAMEA2338672	ERX380872	408170	human gut metagenome	ftp.sra.ebi.ac.uk/vol1/fastq/ERR414/ERR414569/ERR414569.fastq.gz	ftp.sra.ebi.ac.uk/vol1/run/ERR414/ERR414569/MH0339_101009.rmhost.single.fq.gz	
ERR414570	PRJEB5224	SAMEA2338673	ERX380873	408170	human gut metagenome	ftp.sra.ebi.ac.uk/vol1/fastq/ERR414/ERR414570/ERR414570.fastq.gz	ftp.sra.ebi.ac.uk/vol1/run/ERR414/ERR414570/MH0340_101102.rmhost.single.fq.gz	
ERR414575	PRJEB5224	SAMEA2338678	ERX380878	408170	human gut metagenome	ftp.sra.ebi.ac.uk/vol1/fastq/ERR414/ERR414575/ERR414575.fastq.gz	ftp.sra.ebi.ac.uk/vol1/run/ERR414/ERR414575/MH0346_101009.rmhost.single.fq.gz	
ERR414577	PRJEB5224	SAMEA2338680	ERX380880	408170	human gut metagenome	ftp.sra.ebi.ac.uk/vol1/fastq/ERR414/ERR414577/ERR414577.fastq.gz	ftp.sra.ebi.ac.uk/vol1/run/ERR414/ERR414577/MH0348_101101.rmhost.single.fq.gz	
ERR414578	PRJEB5224	SAMEA2338681	ERX380881	408170	human gut metagenome	ftp.sra.ebi.ac.uk/vol1/fastq/ERR414/ERR414578/ERR414578.fastq.gz	ftp.sra.ebi.ac.uk/vol1/run/ERR414/ERR414578/MH0349_101009.rmhost.single.fq.gz	
ERR414584	PRJEB5224	SAMEA2338686	ERX380887	408170	human gut metagenome	ftp.sra.ebi.ac.uk/vol1/fastq/ERR414/ERR414584/ERR414584.fastq.gz	ftp.sra.ebi.ac.uk/vol1/run/ERR414/ERR414584/MH0356_101101.rmhost.single.fq.gz	
ERR414585	PRJEB5224	SAMEA2338687	ERX380888	408170	human gut metagenome	ftp.sra.ebi.ac.uk/vol1/fastq/ERR414/ERR414585/ERR414585.fastq.gz	ftp.sra.ebi.ac.uk/vol1/run/ERR414/ERR414585/MH0357_101009.rmhost.single.fq.gz	
ERR414588	PRJEB5224	SAMEA2338690	ERX380891	408170	human gut metagenome	ftp.sra.ebi.ac.uk/vol1/fastq/ERR414/ERR414588/ERR414588.fastq.gz	ftp.sra.ebi.ac.uk/vol1/run/ERR414/ERR414588/MH0360_101009.rmhost.single.fq.gz	
ERR414589	PRJEB5224	SAMEA2338691	ERX380892	408170	human gut metagenome	ftp.sra.ebi.ac.uk/vol1/fastq/ERR414/ERR414589/ERR414589.fastq.gz	ftp.sra.ebi.ac.uk/vol1/run/ERR414/ERR414589/MH0361_101009.rmhost.single.fq.gz	
ERR414594	PRJEB5224	SAMEA2338696	ERX380897	408170	human gut metagenome	ftp.sra.ebi.ac.uk/vol1/fastq/ERR414/ERR414594/ERR414594.fastq.gz	ftp.sra.ebi.ac.uk/vol1/run/ERR414/ERR414594/MH0366_101111.rmhost.single.fq.gz	
ERR414595	PRJEB5224	SAMEA2338697	ERX380898	408170	human gut metagenome	ftp.sra.ebi.ac.uk/vol1/fastq/ERR414/ERR414595/ERR414595.fastq.gz	ftp.sra.ebi.ac.uk/vol1/run/ERR414/ERR414595/MH0367_101009.rmhost.single.fq.gz	
ERR414599	PRJEB5224	SAMEA2338701	ERX380902	408170	human gut metagenome	ftp.sra.ebi.ac.uk/vol1/fastq/ERR414/ERR414599/ERR414599.fastq.gz	ftp.sra.ebi.ac.uk/vol1/run/ERR414/ERR414599/MH0371_101009.rmhost.single.fq.gz	
ERR414603	PRJEB5224	SAMEA2338705	ERX380906	408170	human gut metagenome	ftp.sra.ebi.ac.uk/vol1/fastq/ERR414/ERR414603/ERR414603.fastq.gz	ftp.sra.ebi.ac.uk/vol1/run/ERR414/ERR414603/MH0375_101102.rmhost.single.fq.gz	
ERR414605	PRJEB5224	SAMEA2338706	ERX380908	408170	human gut metagenome	ftp.sra.ebi.ac.uk/vol1/fastq/ERR414/ERR414605/ERR414605.fastq.gz	ftp.sra.ebi.ac.uk/vol1/run/ERR414/ERR414605/MH0376_101205.rmhost.single.fq.gz	
ERR414607	PRJEB5224	SAMEA2338708	ERX380910	408170	human gut metagenome	ftp.sra.ebi.ac.uk/vol1/fastq/ERR414/ERR414607/ERR414607.fastq.gz	ftp.sra.ebi.ac.uk/vol1/run/ERR414/ERR414607/MH0378_101009.rmhost.single.fq.gz	
ERR414612	PRJEB5224	SAMEA2338712	ERX380915	408170	human gut metagenome	ftp.sra.ebi.ac.uk/vol1/fastq/ERR414/ERR414612/ERR414612.fastq.gz	ftp.sra.ebi.ac.uk/vol1/run/ERR414/ERR414612/MH0383_101009.rmhost.single.fq.gz	
ERR414615	PRJEB5224	SAMEA2338715	ERX380918	408170	human gut metagenome	ftp.sra.ebi.ac.uk/vol1/fastq/ERR414/ERR414615/ERR414615.fastq.gz	ftp.sra.ebi.ac.uk/vol1/run/ERR414/ERR414615/MH0386_101009.rmhost.single.fq.gz	
ERR414620	PRJEB5224	SAMEA2338720	ERX380923	408170	human gut metagenome	ftp.sra.ebi.ac.uk/vol1/fastq/ERR414/ERR414620/ERR414620.fastq.gz	ftp.sra.ebi.ac.uk/vol1/run/ERR414/ERR414620/MH0391_101009.rmhost.single.fq.gz	
ERR414629	PRJEB5224	SAMEA2338729	ERX380932	408170	human gut metagenome	ftp.sra.ebi.ac.uk/vol1/fastq/ERR414/ERR414629/ERR414629.fastq.gz	ftp.sra.ebi.ac.uk/vol1/run/ERR414/ERR414629/MH0400_101101.rmhost.single.fq.gz	
ERR414630	PRJEB5224	SAMEA2338730	ERX380933	408170	human gut metagenome	ftp.sra.ebi.ac.uk/vol1/fastq/ERR414/ERR414630/ERR414630.fastq.gz	ftp.sra.ebi.ac.uk/vol1/run/ERR414/ERR414630/MH0401_101102.rmhost.single.fq.gz	
ERR414634	PRJEB5224	SAMEA2338733	ERX380937	408170	human gut metagenome	ftp.sra.ebi.ac.uk/vol1/fastq/ERR414/ERR414634/ERR414634.fastq.gz	ftp.sra.ebi.ac.uk/vol1/run/ERR414/ERR414634/O2.CD1-0-PT_110821.rmhost.single.fq.gz	
ERR414638	PRJEB5224	SAMEA2338738	ERX380941	408170	human gut metagenome	ftp.sra.ebi.ac.uk/vol1/fastq/ERR414/ERR414638/ERR414638.fastq.gz	ftp.sra.ebi.ac.uk/vol1/run/ERR414/ERR414638/O2.UC11-1_111207.rmhost.single.fq.gz	
ERR414639	PRJEB5224	SAMEA2338737	ERX380942	408170	human gut metagenome	ftp.sra.ebi.ac.uk/vol1/fastq/ERR414/ERR414639/ERR414639.fastq.gz	ftp.sra.ebi.ac.uk/vol1/run/ERR414/ERR414639/O2.UC1-1_111207.rmhost.single.fq.gz	
ERR414642	PRJEB5224	SAMEA2338741	ERX380945	408170	human gut metagenome	ftp.sra.ebi.ac.uk/vol1/fastq/ERR414/ERR414642/ERR414642.fastq.gz	ftp.sra.ebi.ac.uk/vol1/run/ERR414/ERR414642/O2.UC14-1_111207.rmhost.single.fq.gz	
ERR414643	PRJEB5224	SAMEA2338742	ERX380946	408170	human gut metagenome	ftp.sra.ebi.ac.uk/vol1/fastq/ERR414/ERR414643/ERR414643.fastq.gz	ftp.sra.ebi.ac.uk/vol1/run/ERR414/ERR414643/O2.UC15-0_100908.rmhost.single.fq.gz	
ERR414647	PRJEB5224	SAMEA2338746	ERX380950	408170	human gut metagenome	ftp.sra.ebi.ac.uk/vol1/fastq/ERR414/ERR414647/ERR414647.fastq.gz	ftp.sra.ebi.ac.uk/vol1/run/ERR414/ERR414647/O2.UC17-1_111207.rmhost.single.fq.gz	
ERR414649	PRJEB5224	SAMEA2338748	ERX380952	408170	human gut metagenome	ftp.sra.ebi.ac.uk/vol1/fastq/ERR414/ERR414649/ERR414649.fastq.gz	ftp.sra.ebi.ac.uk/vol1/run/ERR414/ERR414649/O2.UC19-1_111207.rmhost.single.fq.gz	
ERR414656	PRJEB5224	SAMEA2338755	ERX380959	408170	human gut metagenome	ftp.sra.ebi.ac.uk/vol1/fastq/ERR414/ERR414656/ERR414656.fastq.gz	ftp.sra.ebi.ac.uk/vol1/run/ERR414/ERR414656/O2.UC26-1_111206.rmhost.single.fq.gz	
ERR414660	PRJEB5224	SAMEA2338759	ERX380963	408170	human gut metagenome	ftp.sra.ebi.ac.uk/vol1/fastq/ERR414/ERR414660/ERR414660.fastq.gz	ftp.sra.ebi.ac.uk/vol1/run/ERR414/ERR414660/O2.UC28-2_100908.rmhost.single.fq.gz	
ERR414668	PRJEB5224	SAMEA2338766	ERX380971	408170	human gut metagenome	ftp.sra.ebi.ac.uk/vol1/fastq/ERR414/ERR414668/ERR414668.fastq.gz	ftp.sra.ebi.ac.uk/vol1/run/ERR414/ERR414668/O2.UC36-0_100902.rmhost.single.fq.gz	
ERR414672	PRJEB5224	SAMEA2338770	ERX380975	408170	human gut metagenome	ftp.sra.ebi.ac.uk/vol1/fastq/ERR414/ERR414672/ERR414672.fastq.gz	ftp.sra.ebi.ac.uk/vol1/run/ERR414/ERR414672/O2.UC40-1_111207.rmhost.single.fq.gz	
ERR414674	PRJEB5224	SAMEA2338771	ERX380977	408170	human gut metagenome	ftp.sra.ebi.ac.uk/vol1/fastq/ERR414/ERR414674/ERR414674.fastq.gz	ftp.sra.ebi.ac.uk/vol1/run/ERR414/ERR414674/O2.UC4-1_111207.rmhost.single.fq.gz	
ERR414682	PRJEB5224	SAMEA2338780	ERX380985	408170	human gut metagenome	ftp.sra.ebi.ac.uk/vol1/fastq/ERR414/ERR414682/ERR414682.fastq.gz	ftp.sra.ebi.ac.uk/vol1/run/ERR414/ERR414682/O2.UC6-1_111207.rmhost.single.fq.gz	
ERR414683	PRJEB5224	SAMEA2338781	ERX380986	408170	human gut metagenome	ftp.sra.ebi.ac.uk/vol1/fastq/ERR414/ERR414683/ERR414683.fastq.gz	ftp.sra.ebi.ac.uk/vol1/run/ERR414/ERR414683/O2.UC6-2_100908.rmhost.single.fq.gz	
ERR414686	PRJEB5224	SAMEA2338784	ERX380989	408170	human gut metagenome	ftp.sra.ebi.ac.uk/vol1/fastq/ERR414/ERR414686/ERR414686.fastq.gz	ftp.sra.ebi.ac.uk/vol1/run/ERR414/ERR414686/O2.UC8-0_100908.rmhost.single.fq.gz	
ERR414687	PRJEB5224	SAMEA2338785	ERX380990	408170	human gut metagenome	ftp.sra.ebi.ac.uk/vol1/fastq/ERR414/ERR414687/ERR414687.fastq.gz	ftp.sra.ebi.ac.uk/vol1/run/ERR414/ERR414687/O2.UC8-1_111207.rmhost.single.fq.gz	
ERR414689	PRJEB5224	SAMEA2338787	ERX380992	408170	human gut metagenome	ftp.sra.ebi.ac.uk/vol1/fastq/ERR414/ERR414689/ERR414689.fastq.gz	ftp.sra.ebi.ac.uk/vol1/run/ERR414/ERR414689/O2.UC9-1_111207.rmhost.single.fq.gz	
ERR414690	PRJEB5224	SAMEA2338788	ERX380993	408170	human gut metagenome	ftp.sra.ebi.ac.uk/vol1/fastq/ERR414/ERR414690/ERR414690.fastq.gz	ftp.sra.ebi.ac.uk/vol1/run/ERR414/ERR414690/V1.CD1-0-PN_101220.rmhost.single.fq.gz	
ERR414691	PRJEB5224	SAMEA2338789	ERX380994	408170	human gut metagenome	ftp.sra.ebi.ac.uk/vol1/fastq/ERR414/ERR414691/ERR414691.fastq.gz	ftp.sra.ebi.ac.uk/vol1/run/ERR414/ERR414691/V1.CD1-0-PT_110820.rmhost.single.fq.gz	
ERR414692	PRJEB5224	SAMEA2338790	ERX380995	408170	human gut metagenome	ftp.sra.ebi.ac.uk/vol1/fastq/ERR414/ERR414692/ERR414692.fastq.gz	ftp.sra.ebi.ac.uk/vol1/run/ERR414/ERR414692/V1.CD12-3_100821.rmhost.single.fq.gz	
ERR414697	PRJEB5224	SAMEA2338793	ERX381000	408170	human gut metagenome	ftp.sra.ebi.ac.uk/vol1/fastq/ERR414/ERR414697/ERR414697.fastq.gz	ftp.sra.ebi.ac.uk/vol1/run/ERR414/ERR414697/V1.CD2-0-PN_101220.rmhost.single.fq.gz	
ERR414698	PRJEB5224	SAMEA2338794	ERX381001	408170	human gut metagenome	ftp.sra.ebi.ac.uk/vol1/fastq/ERR414/ERR414698/ERR414698.fastq.gz	ftp.sra.ebi.ac.uk/vol1/run/ERR414/ERR414698/V1.CD2-0-PT_110820.rmhost.single.fq.gz	
ERR414702	PRJEB5224	SAMEA2338797	ERX381005	408170	human gut metagenome	ftp.sra.ebi.ac.uk/vol1/fastq/ERR414/ERR414702/ERR414702.fastq.gz	ftp.sra.ebi.ac.uk/vol1/run/ERR414/ERR414702/V1.CD32-0_100907.rmhost.single.fq.gz	
ERR414705	PRJEB5224	SAMEA2338799	ERX381008	408170	human gut metagenome	ftp.sra.ebi.ac.uk/vol1/fastq/ERR414/ERR414705/ERR414705.fastq.gz	ftp.sra.ebi.ac.uk/vol1/run/ERR414/ERR414705/V1.CD3-3-PN_101220.rmhost.single.fq.gz	
ERR414708	PRJEB5224	SAMEA2338801	ERX381011	408170	human gut metagenome	ftp.sra.ebi.ac.uk/vol1/fastq/ERR414/ERR414708/ERR414708.fastq.gz	ftp.sra.ebi.ac.uk/vol1/run/ERR414/ERR414708/V1.CD40-0_100907.rmhost.single.fq.gz	
ERR414710	PRJEB5224	SAMEA2338803	ERX381013	408170	human gut metagenome	ftp.sra.ebi.ac.uk/vol1/fastq/ERR414/ERR414710/ERR414710.fastq.gz	ftp.sra.ebi.ac.uk/vol1/run/ERR414/ERR414710/V1.CD4-0-PT_110820.rmhost.single.fq.gz	
ERR414714	PRJEB5224	SAMEA2338806	ERX381017	408170	human gut metagenome	ftp.sra.ebi.ac.uk/vol1/fastq/ERR414/ERR414714/ERR414714.fastq.gz	ftp.sra.ebi.ac.uk/vol1/run/ERR414/ERR414714/V1.CD44-4_110821.rmhost.single.fq.gz	
ERR414717	PRJEB5224	SAMEA2338808	ERX381020	408170	human gut metagenome	ftp.sra.ebi.ac.uk/vol1/fastq/ERR414/ERR414717/ERR414717.fastq.gz	ftp.sra.ebi.ac.uk/vol1/run/ERR414/ERR414717/V1.CD46-0_100816.rmhost.single.fq.gz	
ERR414721	PRJEB5224	SAMEA2338810	ERX381024	408170	human gut metagenome	ftp.sra.ebi.ac.uk/vol1/fastq/ERR414/ERR414721/ERR414721.fastq.gz	ftp.sra.ebi.ac.uk/vol1/run/ERR414/ERR414721/V1.CD49-0_101218.rmhost.single.fq.gz	
ERR414729	PRJEB5224	SAMEA2338818	ERX381032	408170	human gut metagenome	ftp.sra.ebi.ac.uk/vol1/fastq/ERR414/ERR414729/ERR414729.fastq.gz	ftp.sra.ebi.ac.uk/vol1/run/ERR414/ERR414729/V1.CD6-0-PN_101220.rmhost.single.fq.gz	
ERR414734	PRJEB5224	SAMEA2338823	ERX381037	408170	human gut metagenome	ftp.sra.ebi.ac.uk/vol1/fastq/ERR414/ERR414734/ERR414734.fastq.gz	ftp.sra.ebi.ac.uk/vol1/run/ERR414/ERR414734/V1.FI02_110820.rmhost.single.fq.gz	
ERR414737	PRJEB5224	SAMEA2338826	ERX381040	408170	human gut metagenome	ftp.sra.ebi.ac.uk/vol1/fastq/ERR414/ERR414737/ERR414737.fastq.gz	ftp.sra.ebi.ac.uk/vol1/run/ERR414/ERR414737/V1.FI05_110822.rmhost.single.fq.gz	
ERR414739	PRJEB5224	SAMEA2338828	ERX381042	408170	human gut metagenome	ftp.sra.ebi.ac.uk/vol1/fastq/ERR414/ERR414739/ERR414739.fastq.gz	ftp.sra.ebi.ac.uk/vol1/run/ERR414/ERR414739/V1.FI07_110821.rmhost.single.fq.gz	
ERR414740	PRJEB5224	SAMEA2338829	ERX381043	408170	human gut metagenome	ftp.sra.ebi.ac.uk/vol1/fastq/ERR414/ERR414740/ERR414740.fastq.gz	ftp.sra.ebi.ac.uk/vol1/run/ERR414/ERR414740/V1.FI08_110821.rmhost.single.fq.gz	
ERR414741	PRJEB5224	SAMEA2338830	ERX381044	408170	human gut metagenome	ftp.sra.ebi.ac.uk/vol1/fastq/ERR414/ERR414741/ERR414741.fastq.gz	ftp.sra.ebi.ac.uk/vol1/run/ERR414/ERR414741/V1.FI09_110821.rmhost.single.fq.gz	
ERR414745	PRJEB5224	SAMEA2338834	ERX381048	408170	human gut metagenome	ftp.sra.ebi.ac.uk/vol1/fastq/ERR414/ERR414745/ERR414745.fastq.gz	ftp.sra.ebi.ac.uk/vol1/run/ERR414/ERR414745/V1.FI13_110821.rmhost.single.fq.gz	
ERR414746	PRJEB5224	SAMEA2338835	ERX381049	408170	human gut metagenome	ftp.sra.ebi.ac.uk/vol1/fastq/ERR414/ERR414746/ERR414746.fastq.gz	ftp.sra.ebi.ac.uk/vol1/run/ERR414/ERR414746/V1.FI14_110821.rmhost.single.fq.gz	
ERR414748	PRJEB5224	SAMEA2338837	ERX381051	408170	human gut metagenome	ftp.sra.ebi.ac.uk/vol1/fastq/ERR414/ERR414748/ERR414748.fastq.gz	ftp.sra.ebi.ac.uk/vol1/run/ERR414/ERR414748/V1.FI16_110821.rmhost.single.fq.gz	
ERR414750	PRJEB5224	SAMEA2338839	ERX381053	408170	human gut metagenome	ftp.sra.ebi.ac.uk/vol1/fastq/ERR414/ERR414750/ERR414750.fastq.gz	ftp.sra.ebi.ac.uk/vol1/run/ERR414/ERR414750/V1.FI18_110822.rmhost.single.fq.gz	
ERR414751	PRJEB5224	SAMEA2338840	ERX381054	408170	human gut metagenome	ftp.sra.ebi.ac.uk/vol1/fastq/ERR414/ERR414751/ERR414751.fastq.gz	ftp.sra.ebi.ac.uk/vol1/run/ERR414/ERR414751/V1.FI19_110822.rmhost.single.fq.gz	
ERR414754	PRJEB5224	SAMEA2338843	ERX381057	408170	human gut metagenome	ftp.sra.ebi.ac.uk/vol1/fastq/ERR414/ERR414754/ERR414754.fastq.gz	ftp.sra.ebi.ac.uk/vol1/run/ERR414/ERR414754/V1.FI22_110822.rmhost.single.fq.gz	
ERR414755	PRJEB5224	SAMEA2338844	ERX381058	408170	human gut metagenome	ftp.sra.ebi.ac.uk/vol1/fastq/ERR414/ERR414755/ERR414755.fastq.gz	ftp.sra.ebi.ac.uk/vol1/run/ERR414/ERR414755/V1.FI23_110822.rmhost.single.fq.gz	
ERR414758	PRJEB5224	SAMEA2338847	ERX381061	408170	human gut metagenome	ftp.sra.ebi.ac.uk/vol1/fastq/ERR414/ERR414758/ERR414758.fastq.gz	ftp.sra.ebi.ac.uk/vol1/run/ERR414/ERR414758/V1.FI26_110822.rmhost.single.fq.gz	
ERR414760	PRJEB5224	SAMEA2338849	ERX381063	408170	human gut metagenome	ftp.sra.ebi.ac.uk/vol1/fastq/ERR414/ERR414760/ERR414760.fastq.gz	ftp.sra.ebi.ac.uk/vol1/run/ERR414/ERR414760/V1.FI28_110822.rmhost.single.fq.gz	
ERR414764	PRJEB5224	SAMEA2338853	ERX381067	408170	human gut metagenome	ftp.sra.ebi.ac.uk/vol1/fastq/ERR414/ERR414764/ERR414764.fastq.gz	ftp.sra.ebi.ac.uk/vol1/run/ERR414/ERR414764/V1.FI32_110822.rmhost.single.fq.gz	
ERR414768	PRJEB5224	SAMEA2338857	ERX381071	408170	human gut metagenome	ftp.sra.ebi.ac.uk/vol1/fastq/ERR414/ERR414768/ERR414768.fastq.gz	ftp.sra.ebi.ac.uk/vol1/run/ERR414/ERR414768/V1.FI36_110822.rmhost.single.fq.gz	
ERR414775	PRJEB5224	SAMEA2338862	ERX381078	408170	human gut metagenome	ftp.sra.ebi.ac.uk/vol1/fastq/ERR414/ERR414775/ERR414775.fastq.gz	ftp.sra.ebi.ac.uk/vol1/run/ERR414/ERR414775/V1.UC40-1_100816.rmhost.single.fq.gz	
ERR414778	PRJEB5224	SAMEA2338864	ERX381081	408170	human gut metagenome	ftp.sra.ebi.ac.uk/vol1/fastq/ERR414/ERR414778/ERR414778.fastq.gz	ftp.sra.ebi.ac.uk/vol1/run/ERR414/ERR414778/V1.UC54-4_101220.rmhost.single.fq.gz	
ERR414779	PRJEB5224	SAMEA2338865	ERX381082	408170	human gut metagenome	ftp.sra.ebi.ac.uk/vol1/fastq/ERR414/ERR414779/ERR414779.fastq.gz	ftp.sra.ebi.ac.uk/vol1/run/ERR414/ERR414779/V1.UC56-1_100816.rmhost.single.fq.gz	
ERR414786	PRJEB5224	SAMEA2338869	ERX381089	408170	human gut metagenome	ftp.sra.ebi.ac.uk/vol1/fastq/ERR414/ERR414786/ERR414786.fastq.gz	ftp.sra.ebi.ac.uk/vol1/run/ERR414/ERR414786/V1.UC60-0_100906.rmhost.single.fq.gz	
ERR414789	PRJEB5224	SAMEA2338870	ERX381092	408170	human gut metagenome	ftp.sra.ebi.ac.uk/vol1/fastq/ERR414/ERR414789/ERR414789.fastq.gz	ftp.sra.ebi.ac.uk/vol1/run/ERR414/ERR414789/V1.UC63-0_100906.rmhost.single.fq.gz	
ERR414790	PRJEB5224	SAMEA2338870	ERX381093	408170	human gut metagenome	ftp.sra.ebi.ac.uk/vol1/fastq/ERR414/ERR414790/ERR414790.fastq.gz	ftp.sra.ebi.ac.uk/vol1/run/ERR414/ERR414790/V1.UC63-0_101005.rmhost.single.fq.gz	
ERR504975	PRJEB5224	SAMEA2531404	ERX470332	408170	human gut metagenome	ftp.sra.ebi.ac.uk/vol1/fastq/ERR504/ERR504975/ERR504975_1.fastq.gz;ftp.sra.ebi.ac.uk/vol1/fastq/ERR504/ERR504975/ERR504975_2.fastq.gz	ftp.sra.ebi.ac.uk/vol1/run/ERR504/ERR504975/DOM017-IE_101006L4.rmhost.pair.1.fq.gz;ftp.sra.ebi.ac.uk/vol1/run/ERR504/ERR504975/DOM017-IE_101006L4.rmhost.pair.2.fq.gz	
ERR504976	PRJEB5224	SAMEA2531405	ERX470333	408170	human gut metagenome	ftp.sra.ebi.ac.uk/vol1/fastq/ERR504/ERR504976/ERR504976_1.fastq.gz;ftp.sra.ebi.ac.uk/vol1/fastq/ERR504/ERR504976/ERR504976_2.fastq.gz	ftp.sra.ebi.ac.uk/vol1/run/ERR504/ERR504976/NLM009-IE_101006L4.rmhost.pair.1.fq.gz;ftp.sra.ebi.ac.uk/vol1/run/ERR504/ERR504976/NLM009-IE_101006L4.rmhost.pair.2.fq.gz	
ERR504977	PRJEB5224	SAMEA2531406	ERX470334	408170	human gut metagenome	ftp.sra.ebi.ac.uk/vol1/fastq/ERR504/ERR504977/ERR504977_1.fastq.gz;ftp.sra.ebi.ac.uk/vol1/fastq/ERR504/ERR504977/ERR504977_2.fastq.gz	ftp.sra.ebi.ac.uk/vol1/run/ERR504/ERR504977/NOF002-IE_100924L2.rmhost.pair.1.fq.gz;ftp.sra.ebi.ac.uk/vol1/run/ERR504/ERR504977/NOF002-IE_100924L2.rmhost.pair.2.fq.gz	
ERR504984	PRJEB5224	SAMEA2531407	ERX470341	408170	human gut metagenome	ftp.sra.ebi.ac.uk/vol1/fastq/ERR504/ERR504984/ERR504984.fastq.gz	ftp.sra.ebi.ac.uk/vol1/run/ERR504/ERR504984/NOF007-IE_101006L4.rmhost.single.fq.gz	
ERR504986	PRJEB5224	SAMEA2531409	ERX470343	408170	human gut metagenome	ftp.sra.ebi.ac.uk/vol1/fastq/ERR504/ERR504986/ERR504986.fastq.gz	ftp.sra.ebi.ac.uk/vol1/run/ERR504/ERR504986/NLF002-IE_101006L1.rmhost.single.fq.gz	
ERR504987	PRJEB5224	SAMEA2531410	ERX470344	408170	human gut metagenome	ftp.sra.ebi.ac.uk/vol1/fastq/ERR504/ERR504987/ERR504987.fastq.gz	ftp.sra.ebi.ac.uk/vol1/run/ERR504/ERR504987/NLF009-IE_101006L1.rmhost.single.fq.gz	
ERR504988	PRJEB5224	SAMEA2531411	ERX470345	408170	human gut metagenome	ftp.sra.ebi.ac.uk/vol1/fastq/ERR504/ERR504988/ERR504988.fastq.gz	ftp.sra.ebi.ac.uk/vol1/run/ERR504/ERR504988/NLM025-IE_101006L1.rmhost.single.fq.gz	
ERR504989	PRJEB5224	SAMEA2531412	ERX470346	408170	human gut metagenome	ftp.sra.ebi.ac.uk/vol1/fastq/ERR504/ERR504989/ERR504989.fastq.gz	ftp.sra.ebi.ac.uk/vol1/run/ERR504/ERR504989/NOF013-IE_101006L1.rmhost.single.fq.gz	
ERR414230	PRJEB5224	SAMEA2338623	ERX380533	408170	human gut metagenome	ftp.sra.ebi.ac.uk/vol1/fastq/ERR414/ERR414230/ERR414230_1.fastq.gz;ftp.sra.ebi.ac.uk/vol1/fastq/ERR414/ERR414230/ERR414230_2.fastq.gz	ftp.sra.ebi.ac.uk/vol1/run/ERR414/ERR414230/MH0192_101007.rmhost.pair.1.fq.gz;ftp.sra.ebi.ac.uk/vol1/run/ERR414/ERR414230/MH0192_101007.rmhost.pair.2.fq.gz	
ERR414231	PRJEB5224	SAMEA2338623	ERX380534	408170	human gut metagenome	ftp.sra.ebi.ac.uk/vol1/fastq/ERR414/ERR414231/ERR414231_1.fastq.gz;ftp.sra.ebi.ac.uk/vol1/fastq/ERR414/ERR414231/ERR414231_2.fastq.gz	ftp.sra.ebi.ac.uk/vol1/run/ERR414/ERR414231/MH0192_101205.rmhost.pair.1.fq.gz;ftp.sra.ebi.ac.uk/vol1/run/ERR414/ERR414231/MH0192_101205.rmhost.pair.2.fq.gz	
ERR414233	PRJEB5224	SAMEA2338625	ERX380536	408170	human gut metagenome	ftp.sra.ebi.ac.uk/vol1/fastq/ERR414/ERR414233/ERR414233_1.fastq.gz;ftp.sra.ebi.ac.uk/vol1/fastq/ERR414/ERR414233/ERR414233_2.fastq.gz	ftp.sra.ebi.ac.uk/vol1/run/ERR414/ERR414233/MH0222_101031.rmhost.pair.1.fq.gz;ftp.sra.ebi.ac.uk/vol1/run/ERR414/ERR414233/MH0222_101031.rmhost.pair.2.fq.gz	
ERR414237	PRJEB5224	SAMEA2338629	ERX380540	408170	human gut metagenome	ftp.sra.ebi.ac.uk/vol1/fastq/ERR414/ERR414237/ERR414237_1.fastq.gz;ftp.sra.ebi.ac.uk/vol1/fastq/ERR414/ERR414237/ERR414237_2.fastq.gz	ftp.sra.ebi.ac.uk/vol1/run/ERR414/ERR414237/MH0246_101007.rmhost.pair.1.fq.gz;ftp.sra.ebi.ac.uk/vol1/run/ERR414/ERR414237/MH0246_101007.rmhost.pair.2.fq.gz	
ERR414238	PRJEB5224	SAMEA2338629	ERX380541	408170	human gut metagenome	ftp.sra.ebi.ac.uk/vol1/fastq/ERR414/ERR414238/ERR414238_1.fastq.gz;ftp.sra.ebi.ac.uk/vol1/fastq/ERR414/ERR414238/ERR414238_2.fastq.gz	ftp.sra.ebi.ac.uk/vol1/run/ERR414/ERR414238/MH0246_101205.rmhost.pair.1.fq.gz;ftp.sra.ebi.ac.uk/vol1/run/ERR414/ERR414238/MH0246_101205.rmhost.pair.2.fq.gz	
ERR414240	PRJEB5224	SAMEA2338631	ERX380543	408170	human gut metagenome	ftp.sra.ebi.ac.uk/vol1/fastq/ERR414/ERR414240/ERR414240_1.fastq.gz;ftp.sra.ebi.ac.uk/vol1/fastq/ERR414/ERR414240/ERR414240_2.fastq.gz	ftp.sra.ebi.ac.uk/vol1/run/ERR414/ERR414240/MH0259_101007.rmhost.pair.1.fq.gz;ftp.sra.ebi.ac.uk/vol1/run/ERR414/ERR414240/MH0259_101007.rmhost.pair.2.fq.gz	
ERR414243	PRJEB5224	SAMEA2338634	ERX380546	408170	human gut metagenome	ftp.sra.ebi.ac.uk/vol1/fastq/ERR414/ERR414243/ERR414243_1.fastq.gz;ftp.sra.ebi.ac.uk/vol1/fastq/ERR414/ERR414243/ERR414243_2.fastq.gz	ftp.sra.ebi.ac.uk/vol1/run/ERR414/ERR414243/MH0262_101031.rmhost.pair.1.fq.gz;ftp.sra.ebi.ac.uk/vol1/run/ERR414/ERR414243/MH0262_101031.rmhost.pair.2.fq.gz	
ERR414244	PRJEB5224	SAMEA2338635	ERX380547	408170	human gut metagenome	ftp.sra.ebi.ac.uk/vol1/fastq/ERR414/ERR414244/ERR414244_1.fastq.gz;ftp.sra.ebi.ac.uk/vol1/fastq/ERR414/ERR414244/ERR414244_2.fastq.gz	ftp.sra.ebi.ac.uk/vol1/run/ERR414/ERR414244/MH0264_101031.rmhost.pair.1.fq.gz;ftp.sra.ebi.ac.uk/vol1/run/ERR414/ERR414244/MH0264_101031.rmhost.pair.2.fq.gz	
ERR414247	PRJEB5224	SAMEA2338638	ERX380550	408170	human gut metagenome	ftp.sra.ebi.ac.uk/vol1/fastq/ERR414/ERR414247/ERR414247_1.fastq.gz;ftp.sra.ebi.ac.uk/vol1/fastq/ERR414/ERR414247/ERR414247_2.fastq.gz	ftp.sra.ebi.ac.uk/vol1/run/ERR414/ERR414247/MH0268_101031.rmhost.pair.1.fq.gz;ftp.sra.ebi.ac.uk/vol1/run/ERR414/ERR414247/MH0268_101031.rmhost.pair.2.fq.gz	
ERR414250	PRJEB5224	SAMEA2338640	ERX380553	408170	human gut metagenome	ftp.sra.ebi.ac.uk/vol1/fastq/ERR414/ERR414250/ERR414250_1.fastq.gz;ftp.sra.ebi.ac.uk/vol1/fastq/ERR414/ERR414250/ERR414250_2.fastq.gz	ftp.sra.ebi.ac.uk/vol1/run/ERR414/ERR414250/MH0271_101205.rmhost.pair.1.fq.gz;ftp.sra.ebi.ac.uk/vol1/run/ERR414/ERR414250/MH0271_101205.rmhost.pair.2.fq.gz	
ERR414256	PRJEB5224	SAMEA2338645	ERX380559	408170	human gut metagenome	ftp.sra.ebi.ac.uk/vol1/fastq/ERR414/ERR414256/ERR414256_1.fastq.gz;ftp.sra.ebi.ac.uk/vol1/fastq/ERR414/ERR414256/ERR414256_2.fastq.gz	ftp.sra.ebi.ac.uk/vol1/run/ERR414/ERR414256/MH0290_101102.rmhost.pair.1.fq.gz;ftp.sra.ebi.ac.uk/vol1/run/ERR414/ERR414256/MH0290_101102.rmhost.pair.2.fq.gz	
ERR414258	PRJEB5224	SAMEA2338646	ERX380561	408170	human gut metagenome	ftp.sra.ebi.ac.uk/vol1/fastq/ERR414/ERR414258/ERR414258_1.fastq.gz;ftp.sra.ebi.ac.uk/vol1/fastq/ERR414/ERR414258/ERR414258_2.fastq.gz	ftp.sra.ebi.ac.uk/vol1/run/ERR414/ERR414258/MH0293_101207.rmhost.pair.1.fq.gz;ftp.sra.ebi.ac.uk/vol1/run/ERR414/ERR414258/MH0293_101207.rmhost.pair.2.fq.gz	
ERR414261	PRJEB5224	SAMEA2338648	ERX380564	408170	human gut metagenome	ftp.sra.ebi.ac.uk/vol1/fastq/ERR414/ERR414261/ERR414261_1.fastq.gz;ftp.sra.ebi.ac.uk/vol1/fastq/ERR414/ERR414261/ERR414261_2.fastq.gz	ftp.sra.ebi.ac.uk/vol1/run/ERR414/ERR414261/MH0298_101102.rmhost.pair.1.fq.gz;ftp.sra.ebi.ac.uk/vol1/run/ERR414/ERR414261/MH0298_101102.rmhost.pair.2.fq.gz	
ERR414262	PRJEB5224	SAMEA2338649	ERX380565	408170	human gut metagenome	ftp.sra.ebi.ac.uk/vol1/fastq/ERR414/ERR414262/ERR414262_1.fastq.gz;ftp.sra.ebi.ac.uk/vol1/fastq/ERR414/ERR414262/ERR414262_2.fastq.gz	ftp.sra.ebi.ac.uk/vol1/run/ERR414/ERR414262/MH0299_101007.rmhost.pair.1.fq.gz;ftp.sra.ebi.ac.uk/vol1/run/ERR414/ERR414262/MH0299_101007.rmhost.pair.2.fq.gz	
ERR414264	PRJEB5224	SAMEA2338651	ERX380567	408170	human gut metagenome	ftp.sra.ebi.ac.uk/vol1/fastq/ERR414/ERR414264/ERR414264_1.fastq.gz;ftp.sra.ebi.ac.uk/vol1/fastq/ERR414/ERR414264/ERR414264_2.fastq.gz	ftp.sra.ebi.ac.uk/vol1/run/ERR414/ERR414264/MH0303_101007.rmhost.pair.1.fq.gz;ftp.sra.ebi.ac.uk/vol1/run/ERR414/ERR414264/MH0303_101007.rmhost.pair.2.fq.gz	
ERR414265	PRJEB5224	SAMEA2338652	ERX380568	408170	human gut metagenome	ftp.sra.ebi.ac.uk/vol1/fastq/ERR414/ERR414265/ERR414265_1.fastq.gz;ftp.sra.ebi.ac.uk/vol1/fastq/ERR414/ERR414265/ERR414265_2.fastq.gz	ftp.sra.ebi.ac.uk/vol1/run/ERR414/ERR414265/MH0308_101031.rmhost.pair.1.fq.gz;ftp.sra.ebi.ac.uk/vol1/run/ERR414/ERR414265/MH0308_101031.rmhost.pair.2.fq.gz	
ERR414268	PRJEB5224	SAMEA2338655	ERX380571	408170	human gut metagenome	ftp.sra.ebi.ac.uk/vol1/fastq/ERR414/ERR414268/ERR414268_1.fastq.gz;ftp.sra.ebi.ac.uk/vol1/fastq/ERR414/ERR414268/ERR414268_2.fastq.gz	ftp.sra.ebi.ac.uk/vol1/run/ERR414/ERR414268/MH0311_101007.rmhost.pair.1.fq.gz;ftp.sra.ebi.ac.uk/vol1/run/ERR414/ERR414268/MH0311_101007.rmhost.pair.2.fq.gz	
ERR414279	PRJEB5224	SAMEA2338664	ERX380582	408170	human gut metagenome	ftp.sra.ebi.ac.uk/vol1/fastq/ERR414/ERR414279/ERR414279_1.fastq.gz;ftp.sra.ebi.ac.uk/vol1/fastq/ERR414/ERR414279/ERR414279_2.fastq.gz	ftp.sra.ebi.ac.uk/vol1/run/ERR414/ERR414279/MH0329_101031.rmhost.pair.1.fq.gz;ftp.sra.ebi.ac.uk/vol1/run/ERR414/ERR414279/MH0329_101031.rmhost.pair.2.fq.gz	
ERR414283	PRJEB5224	SAMEA2338668	ERX380586	408170	human gut metagenome	ftp.sra.ebi.ac.uk/vol1/fastq/ERR414/ERR414283/ERR414283_1.fastq.gz;ftp.sra.ebi.ac.uk/vol1/fastq/ERR414/ERR414283/ERR414283_2.fastq.gz	ftp.sra.ebi.ac.uk/vol1/run/ERR414/ERR414283/MH0335_101101.rmhost.pair.1.fq.gz;ftp.sra.ebi.ac.uk/vol1/run/ERR414/ERR414283/MH0335_101101.rmhost.pair.2.fq.gz	
ERR414286	PRJEB5224	SAMEA2338670	ERX380589	408170	human gut metagenome	ftp.sra.ebi.ac.uk/vol1/fastq/ERR414/ERR414286/ERR414286_1.fastq.gz;ftp.sra.ebi.ac.uk/vol1/fastq/ERR414/ERR414286/ERR414286_2.fastq.gz	ftp.sra.ebi.ac.uk/vol1/run/ERR414/ERR414286/MH0337_101207.rmhost.pair.1.fq.gz;ftp.sra.ebi.ac.uk/vol1/run/ERR414/ERR414286/MH0337_101207.rmhost.pair.2.fq.gz	
ERR414287	PRJEB5224	SAMEA2338671	ERX380590	408170	human gut metagenome	ftp.sra.ebi.ac.uk/vol1/fastq/ERR414/ERR414287/ERR414287_1.fastq.gz;ftp.sra.ebi.ac.uk/vol1/fastq/ERR414/ERR414287/ERR414287_2.fastq.gz	ftp.sra.ebi.ac.uk/vol1/run/ERR414/ERR414287/MH0338_101009.rmhost.pair.1.fq.gz;ftp.sra.ebi.ac.uk/vol1/run/ERR414/ERR414287/MH0338_101009.rmhost.pair.2.fq.gz	
ERR414289	PRJEB5224	SAMEA2338673	ERX380592	408170	human gut metagenome	ftp.sra.ebi.ac.uk/vol1/fastq/ERR414/ERR414289/ERR414289_1.fastq.gz;ftp.sra.ebi.ac.uk/vol1/fastq/ERR414/ERR414289/ERR414289_2.fastq.gz	ftp.sra.ebi.ac.uk/vol1/run/ERR414/ERR414289/MH0340_101102.rmhost.pair.1.fq.gz;ftp.sra.ebi.ac.uk/vol1/run/ERR414/ERR414289/MH0340_101102.rmhost.pair.2.fq.gz	
ERR414292	PRJEB5224	SAMEA2338676	ERX380595	408170	human gut metagenome	ftp.sra.ebi.ac.uk/vol1/fastq/ERR414/ERR414292/ERR414292_1.fastq.gz;ftp.sra.ebi.ac.uk/vol1/fastq/ERR414/ERR414292/ERR414292_2.fastq.gz	ftp.sra.ebi.ac.uk/vol1/run/ERR414/ERR414292/MH0343_101009.rmhost.pair.1.fq.gz;ftp.sra.ebi.ac.uk/vol1/run/ERR414/ERR414292/MH0343_101009.rmhost.pair.2.fq.gz	
ERR414294	PRJEB5224	SAMEA2338678	ERX380597	408170	human gut metagenome	ftp.sra.ebi.ac.uk/vol1/fastq/ERR414/ERR414294/ERR414294_1.fastq.gz;ftp.sra.ebi.ac.uk/vol1/fastq/ERR414/ERR414294/ERR414294_2.fastq.gz	ftp.sra.ebi.ac.uk/vol1/run/ERR414/ERR414294/MH0346_101009.rmhost.pair.1.fq.gz;ftp.sra.ebi.ac.uk/vol1/run/ERR414/ERR414294/MH0346_101009.rmhost.pair.2.fq.gz	
ERR414299	PRJEB5224	SAMEA2338683	ERX380602	408170	human gut metagenome	ftp.sra.ebi.ac.uk/vol1/fastq/ERR414/ERR414299/ERR414299_1.fastq.gz;ftp.sra.ebi.ac.uk/vol1/fastq/ERR414/ERR414299/ERR414299_2.fastq.gz	ftp.sra.ebi.ac.uk/vol1/run/ERR414/ERR414299/MH0351_101102.rmhost.pair.1.fq.gz;ftp.sra.ebi.ac.uk/vol1/run/ERR414/ERR414299/MH0351_101102.rmhost.pair.2.fq.gz	
ERR414300	PRJEB5224	SAMEA2338683	ERX380603	408170	human gut metagenome	ftp.sra.ebi.ac.uk/vol1/fastq/ERR414/ERR414300/ERR414300_1.fastq.gz;ftp.sra.ebi.ac.uk/vol1/fastq/ERR414/ERR414300/ERR414300_2.fastq.gz	ftp.sra.ebi.ac.uk/vol1/run/ERR414/ERR414300/MH0351_101205.rmhost.pair.1.fq.gz;ftp.sra.ebi.ac.uk/vol1/run/ERR414/ERR414300/MH0351_101205.rmhost.pair.2.fq.gz	
ERR414305	PRJEB5224	SAMEA2338688	ERX380608	408170	human gut metagenome	ftp.sra.ebi.ac.uk/vol1/fastq/ERR414/ERR414305/ERR414305_1.fastq.gz;ftp.sra.ebi.ac.uk/vol1/fastq/ERR414/ERR414305/ERR414305_2.fastq.gz	ftp.sra.ebi.ac.uk/vol1/run/ERR414/ERR414305/MH0358_101009.rmhost.pair.1.fq.gz;ftp.sra.ebi.ac.uk/vol1/run/ERR414/ERR414305/MH0358_101009.rmhost.pair.2.fq.gz	
ERR414306	PRJEB5224	SAMEA2338689	ERX380609	408170	human gut metagenome	ftp.sra.ebi.ac.uk/vol1/fastq/ERR414/ERR414306/ERR414306_1.fastq.gz;ftp.sra.ebi.ac.uk/vol1/fastq/ERR414/ERR414306/ERR414306_2.fastq.gz	ftp.sra.ebi.ac.uk/vol1/run/ERR414/ERR414306/MH0359_101009.rmhost.pair.1.fq.gz;ftp.sra.ebi.ac.uk/vol1/run/ERR414/ERR414306/MH0359_101009.rmhost.pair.2.fq.gz	
ERR414312	PRJEB5224	SAMEA2338695	ERX380615	408170	human gut metagenome	ftp.sra.ebi.ac.uk/vol1/fastq/ERR414/ERR414312/ERR414312_1.fastq.gz;ftp.sra.ebi.ac.uk/vol1/fastq/ERR414/ERR414312/ERR414312_2.fastq.gz	ftp.sra.ebi.ac.uk/vol1/run/ERR414/ERR414312/MH0365_101102.rmhost.pair.1.fq.gz;ftp.sra.ebi.ac.uk/vol1/run/ERR414/ERR414312/MH0365_101102.rmhost.pair.2.fq.gz	
ERR414316	PRJEB5224	SAMEA2338699	ERX380619	408170	human gut metagenome	ftp.sra.ebi.ac.uk/vol1/fastq/ERR414/ERR414316/ERR414316_1.fastq.gz;ftp.sra.ebi.ac.uk/vol1/fastq/ERR414/ERR414316/ERR414316_2.fastq.gz	ftp.sra.ebi.ac.uk/vol1/run/ERR414/ERR414316/MH0369_101111.rmhost.pair.1.fq.gz;ftp.sra.ebi.ac.uk/vol1/run/ERR414/ERR414316/MH0369_101111.rmhost.pair.2.fq.gz	
ERR414318	PRJEB5224	SAMEA2338701	ERX380621	408170	human gut metagenome	ftp.sra.ebi.ac.uk/vol1/fastq/ERR414/ERR414318/ERR414318_1.fastq.gz;ftp.sra.ebi.ac.uk/vol1/fastq/ERR414/ERR414318/ERR414318_2.fastq.gz	ftp.sra.ebi.ac.uk/vol1/run/ERR414/ERR414318/MH0371_101009.rmhost.pair.1.fq.gz;ftp.sra.ebi.ac.uk/vol1/run/ERR414/ERR414318/MH0371_101009.rmhost.pair.2.fq.gz	
ERR414321	PRJEB5224	SAMEA2338704	ERX380624	408170	human gut metagenome	ftp.sra.ebi.ac.uk/vol1/fastq/ERR414/ERR414321/ERR414321_1.fastq.gz;ftp.sra.ebi.ac.uk/vol1/fastq/ERR414/ERR414321/ERR414321_2.fastq.gz	ftp.sra.ebi.ac.uk/vol1/run/ERR414/ERR414321/MH0374_101009.rmhost.pair.1.fq.gz;ftp.sra.ebi.ac.uk/vol1/run/ERR414/ERR414321/MH0374_101009.rmhost.pair.2.fq.gz	
ERR414324	PRJEB5224	SAMEA2338706	ERX380627	408170	human gut metagenome	ftp.sra.ebi.ac.uk/vol1/fastq/ERR414/ERR414324/ERR414324_1.fastq.gz;ftp.sra.ebi.ac.uk/vol1/fastq/ERR414/ERR414324/ERR414324_2.fastq.gz	ftp.sra.ebi.ac.uk/vol1/run/ERR414/ERR414324/MH0376_101205.rmhost.pair.1.fq.gz;ftp.sra.ebi.ac.uk/vol1/run/ERR414/ERR414324/MH0376_101205.rmhost.pair.2.fq.gz	
ERR414326	PRJEB5224	SAMEA2338708	ERX380629	408170	human gut metagenome	ftp.sra.ebi.ac.uk/vol1/fastq/ERR414/ERR414326/ERR414326_1.fastq.gz;ftp.sra.ebi.ac.uk/vol1/fastq/ERR414/ERR414326/ERR414326_2.fastq.gz	ftp.sra.ebi.ac.uk/vol1/run/ERR414/ERR414326/MH0378_101009.rmhost.pair.1.fq.gz;ftp.sra.ebi.ac.uk/vol1/run/ERR414/ERR414326/MH0378_101009.rmhost.pair.2.fq.gz	
ERR414328	PRJEB5224	SAMEA2338710	ERX380631	408170	human gut metagenome	ftp.sra.ebi.ac.uk/vol1/fastq/ERR414/ERR414328/ERR414328_1.fastq.gz;ftp.sra.ebi.ac.uk/vol1/fastq/ERR414/ERR414328/ERR414328_2.fastq.gz	ftp.sra.ebi.ac.uk/vol1/run/ERR414/ERR414328/MH0381_101102.rmhost.pair.1.fq.gz;ftp.sra.ebi.ac.uk/vol1/run/ERR414/ERR414328/MH0381_101102.rmhost.pair.2.fq.gz	
ERR414331	PRJEB5224	SAMEA2338712	ERX380634	408170	human gut metagenome	ftp.sra.ebi.ac.uk/vol1/fastq/ERR414/ERR414331/ERR414331_1.fastq.gz;ftp.sra.ebi.ac.uk/vol1/fastq/ERR414/ERR414331/ERR414331_2.fastq.gz	ftp.sra.ebi.ac.uk/vol1/run/ERR414/ERR414331/MH0383_101009.rmhost.pair.1.fq.gz;ftp.sra.ebi.ac.uk/vol1/run/ERR414/ERR414331/MH0383_101009.rmhost.pair.2.fq.gz	
ERR414335	PRJEB5224	SAMEA2338716	ERX380638	408170	human gut metagenome	ftp.sra.ebi.ac.uk/vol1/fastq/ERR414/ERR414335/ERR414335_1.fastq.gz;ftp.sra.ebi.ac.uk/vol1/fastq/ERR414/ERR414335/ERR414335_2.fastq.gz	ftp.sra.ebi.ac.uk/vol1/run/ERR414/ERR414335/MH0387_101009.rmhost.pair.1.fq.gz;ftp.sra.ebi.ac.uk/vol1/run/ERR414/ERR414335/MH0387_101009.rmhost.pair.2.fq.gz	
ERR414336	PRJEB5224	SAMEA2338717	ERX380639	408170	human gut metagenome	ftp.sra.ebi.ac.uk/vol1/fastq/ERR414/ERR414336/ERR414336_1.fastq.gz;ftp.sra.ebi.ac.uk/vol1/fastq/ERR414/ERR414336/ERR414336_2.fastq.gz	ftp.sra.ebi.ac.uk/vol1/run/ERR414/ERR414336/MH0388_101111.rmhost.pair.1.fq.gz;ftp.sra.ebi.ac.uk/vol1/run/ERR414/ERR414336/MH0388_101111.rmhost.pair.2.fq.gz	
ERR414337	PRJEB5224	SAMEA2338718	ERX380640	408170	human gut metagenome	ftp.sra.ebi.ac.uk/vol1/fastq/ERR414/ERR414337/ERR414337_1.fastq.gz;ftp.sra.ebi.ac.uk/vol1/fastq/ERR414/ERR414337/ERR414337_2.fastq.gz	ftp.sra.ebi.ac.uk/vol1/run/ERR414/ERR414337/MH0389_101101.rmhost.pair.1.fq.gz;ftp.sra.ebi.ac.uk/vol1/run/ERR414/ERR414337/MH0389_101101.rmhost.pair.2.fq.gz	
ERR414340	PRJEB5224	SAMEA2338721	ERX380643	408170	human gut metagenome	ftp.sra.ebi.ac.uk/vol1/fastq/ERR414/ERR414340/ERR414340_1.fastq.gz;ftp.sra.ebi.ac.uk/vol1/fastq/ERR414/ERR414340/ERR414340_2.fastq.gz	ftp.sra.ebi.ac.uk/vol1/run/ERR414/ERR414340/MH0392_101009.rmhost.pair.1.fq.gz;ftp.sra.ebi.ac.uk/vol1/run/ERR414/ERR414340/MH0392_101009.rmhost.pair.2.fq.gz	
ERR414344	PRJEB5224	SAMEA2338725	ERX380647	408170	human gut metagenome	ftp.sra.ebi.ac.uk/vol1/fastq/ERR414/ERR414344/ERR414344_1.fastq.gz;ftp.sra.ebi.ac.uk/vol1/fastq/ERR414/ERR414344/ERR414344_2.fastq.gz	ftp.sra.ebi.ac.uk/vol1/run/ERR414/ERR414344/MH0396_101031.rmhost.pair.1.fq.gz;ftp.sra.ebi.ac.uk/vol1/run/ERR414/ERR414344/MH0396_101031.rmhost.pair.2.fq.gz	
ERR414345	PRJEB5224	SAMEA2338726	ERX380648	408170	human gut metagenome	ftp.sra.ebi.ac.uk/vol1/fastq/ERR414/ERR414345/ERR414345_1.fastq.gz;ftp.sra.ebi.ac.uk/vol1/fastq/ERR414/ERR414345/ERR414345_2.fastq.gz	ftp.sra.ebi.ac.uk/vol1/run/ERR414/ERR414345/MH0397_101101.rmhost.pair.1.fq.gz;ftp.sra.ebi.ac.uk/vol1/run/ERR414/ERR414345/MH0397_101101.rmhost.pair.2.fq.gz	
ERR414347	PRJEB5224	SAMEA2338728	ERX380650	408170	human gut metagenome	ftp.sra.ebi.ac.uk/vol1/fastq/ERR414/ERR414347/ERR414347_1.fastq.gz;ftp.sra.ebi.ac.uk/vol1/fastq/ERR414/ERR414347/ERR414347_2.fastq.gz	ftp.sra.ebi.ac.uk/vol1/run/ERR414/ERR414347/MH0399_101031.rmhost.pair.1.fq.gz;ftp.sra.ebi.ac.uk/vol1/run/ERR414/ERR414347/MH0399_101031.rmhost.pair.2.fq.gz	
ERR414348	PRJEB5224	SAMEA2338729	ERX380651	408170	human gut metagenome	ftp.sra.ebi.ac.uk/vol1/fastq/ERR414/ERR414348/ERR414348_1.fastq.gz;ftp.sra.ebi.ac.uk/vol1/fastq/ERR414/ERR414348/ERR414348_2.fastq.gz	ftp.sra.ebi.ac.uk/vol1/run/ERR414/ERR414348/MH0400_101101.rmhost.pair.1.fq.gz;ftp.sra.ebi.ac.uk/vol1/run/ERR414/ERR414348/MH0400_101101.rmhost.pair.2.fq.gz	
ERR414350	PRJEB5224	SAMEA2338730	ERX380653	408170	human gut metagenome	ftp.sra.ebi.ac.uk/vol1/fastq/ERR414/ERR414350/ERR414350_1.fastq.gz;ftp.sra.ebi.ac.uk/vol1/fastq/ERR414/ERR414350/ERR414350_2.fastq.gz	ftp.sra.ebi.ac.uk/vol1/run/ERR414/ERR414350/MH0401_101205.rmhost.pair.1.fq.gz;ftp.sra.ebi.ac.uk/vol1/run/ERR414/ERR414350/MH0401_101205.rmhost.pair.2.fq.gz	
ERR414354	PRJEB5224	SAMEA2338734	ERX380657	408170	human gut metagenome	ftp.sra.ebi.ac.uk/vol1/fastq/ERR414/ERR414354/ERR414354_1.fastq.gz;ftp.sra.ebi.ac.uk/vol1/fastq/ERR414/ERR414354/ERR414354_2.fastq.gz	ftp.sra.ebi.ac.uk/vol1/run/ERR414/ERR414354/O2.CD2-0_110820.rmhost.pair.1.fq.gz;ftp.sra.ebi.ac.uk/vol1/run/ERR414/ERR414354/O2.CD2-0_110820.rmhost.pair.2.fq.gz	
ERR414356	PRJEB5224	SAMEA2338736	ERX380659	408170	human gut metagenome	ftp.sra.ebi.ac.uk/vol1/fastq/ERR414/ERR414356/ERR414356_1.fastq.gz;ftp.sra.ebi.ac.uk/vol1/fastq/ERR414/ERR414356/ERR414356_2.fastq.gz	ftp.sra.ebi.ac.uk/vol1/run/ERR414/ERR414356/O2.CD3-0-PT_110820.rmhost.pair.1.fq.gz;ftp.sra.ebi.ac.uk/vol1/run/ERR414/ERR414356/O2.CD3-0-PT_110820.rmhost.pair.2.fq.gz	
ERR414359	PRJEB5224	SAMEA2338739	ERX380662	408170	human gut metagenome	ftp.sra.ebi.ac.uk/vol1/fastq/ERR414/ERR414359/ERR414359_1.fastq.gz;ftp.sra.ebi.ac.uk/vol1/fastq/ERR414/ERR414359/ERR414359_2.fastq.gz	ftp.sra.ebi.ac.uk/vol1/run/ERR414/ERR414359/O2.UC12-1_111207.rmhost.pair.1.fq.gz;ftp.sra.ebi.ac.uk/vol1/run/ERR414/ERR414359/O2.UC12-1_111207.rmhost.pair.2.fq.gz	
ERR414367	PRJEB5224	SAMEA2338747	ERX380670	408170	human gut metagenome	ftp.sra.ebi.ac.uk/vol1/fastq/ERR414/ERR414367/ERR414367_1.fastq.gz;ftp.sra.ebi.ac.uk/vol1/fastq/ERR414/ERR414367/ERR414367_2.fastq.gz	ftp.sra.ebi.ac.uk/vol1/run/ERR414/ERR414367/O2.UC18-1_111207.rmhost.pair.1.fq.gz;ftp.sra.ebi.ac.uk/vol1/run/ERR414/ERR414367/O2.UC18-1_111207.rmhost.pair.2.fq.gz	
ERR414369	PRJEB5224	SAMEA2338749	ERX380672	408170	human gut metagenome	ftp.sra.ebi.ac.uk/vol1/fastq/ERR414/ERR414369/ERR414369_1.fastq.gz;ftp.sra.ebi.ac.uk/vol1/fastq/ERR414/ERR414369/ERR414369_2.fastq.gz	ftp.sra.ebi.ac.uk/vol1/run/ERR414/ERR414369/O2.UC20-1_111207.rmhost.pair.1.fq.gz;ftp.sra.ebi.ac.uk/vol1/run/ERR414/ERR414369/O2.UC20-1_111207.rmhost.pair.2.fq.gz	
ERR414373	PRJEB5224	SAMEA2338753	ERX380676	408170	human gut metagenome	ftp.sra.ebi.ac.uk/vol1/fastq/ERR414/ERR414373/ERR414373_1.fastq.gz;ftp.sra.ebi.ac.uk/vol1/fastq/ERR414/ERR414373/ERR414373_2.fastq.gz	ftp.sra.ebi.ac.uk/vol1/run/ERR414/ERR414373/O2.UC23-1_111206.rmhost.pair.1.fq.gz;ftp.sra.ebi.ac.uk/vol1/run/ERR414/ERR414373/O2.UC23-1_111206.rmhost.pair.2.fq.gz	
ERR414375	PRJEB5224	SAMEA2338755	ERX380678	408170	human gut metagenome	ftp.sra.ebi.ac.uk/vol1/fastq/ERR414/ERR414375/ERR414375_1.fastq.gz;ftp.sra.ebi.ac.uk/vol1/fastq/ERR414/ERR414375/ERR414375_2.fastq.gz	ftp.sra.ebi.ac.uk/vol1/run/ERR414/ERR414375/O2.UC26-1_111206.rmhost.pair.1.fq.gz;ftp.sra.ebi.ac.uk/vol1/run/ERR414/ERR414375/O2.UC26-1_111206.rmhost.pair.2.fq.gz	
ERR414377	PRJEB5224	SAMEA2338757	ERX380680	408170	human gut metagenome	ftp.sra.ebi.ac.uk/vol1/fastq/ERR414/ERR414377/ERR414377_1.fastq.gz;ftp.sra.ebi.ac.uk/vol1/fastq/ERR414/ERR414377/ERR414377_2.fastq.gz	ftp.sra.ebi.ac.uk/vol1/run/ERR414/ERR414377/O2.UC28-0_100908.rmhost.pair.1.fq.gz;ftp.sra.ebi.ac.uk/vol1/run/ERR414/ERR414377/O2.UC28-0_100908.rmhost.pair.2.fq.gz	
ERR414378	PRJEB5224	SAMEA2338758	ERX380681	408170	human gut metagenome	ftp.sra.ebi.ac.uk/vol1/fastq/ERR414/ERR414378/ERR414378_1.fastq.gz;ftp.sra.ebi.ac.uk/vol1/fastq/ERR414/ERR414378/ERR414378_2.fastq.gz	ftp.sra.ebi.ac.uk/vol1/run/ERR414/ERR414378/O2.UC28-1_111207.rmhost.pair.1.fq.gz;ftp.sra.ebi.ac.uk/vol1/run/ERR414/ERR414378/O2.UC28-1_111207.rmhost.pair.2.fq.gz	
ERR414383	PRJEB5224	SAMEA2338762	ERX380686	408170	human gut metagenome	ftp.sra.ebi.ac.uk/vol1/fastq/ERR414/ERR414383/ERR414383_1.fastq.gz;ftp.sra.ebi.ac.uk/vol1/fastq/ERR414/ERR414383/ERR414383_2.fastq.gz	ftp.sra.ebi.ac.uk/vol1/run/ERR414/ERR414383/O2.UC3-1_111207.rmhost.pair.1.fq.gz;ftp.sra.ebi.ac.uk/vol1/run/ERR414/ERR414383/O2.UC3-1_111207.rmhost.pair.2.fq.gz	
ERR414385	PRJEB5224	SAMEA2338765	ERX380688	408170	human gut metagenome	ftp.sra.ebi.ac.uk/vol1/fastq/ERR414/ERR414385/ERR414385_1.fastq.gz;ftp.sra.ebi.ac.uk/vol1/fastq/ERR414/ERR414385/ERR414385_2.fastq.gz	ftp.sra.ebi.ac.uk/vol1/run/ERR414/ERR414385/O2.UC35-1_111207.rmhost.pair.1.fq.gz;ftp.sra.ebi.ac.uk/vol1/run/ERR414/ERR414385/O2.UC35-1_111207.rmhost.pair.2.fq.gz	
ERR414386	PRJEB5224	SAMEA2338766	ERX380689	408170	human gut metagenome	ftp.sra.ebi.ac.uk/vol1/fastq/ERR414/ERR414386/ERR414386_1.fastq.gz;ftp.sra.ebi.ac.uk/vol1/fastq/ERR414/ERR414386/ERR414386_2.fastq.gz	ftp.sra.ebi.ac.uk/vol1/run/ERR414/ERR414386/O2.UC36-0_100821.rmhost.pair.1.fq.gz;ftp.sra.ebi.ac.uk/vol1/run/ERR414/ERR414386/O2.UC36-0_100821.rmhost.pair.2.fq.gz	
ERR414388	PRJEB5224	SAMEA2338767	ERX380691	408170	human gut metagenome	ftp.sra.ebi.ac.uk/vol1/fastq/ERR414/ERR414388/ERR414388_1.fastq.gz;ftp.sra.ebi.ac.uk/vol1/fastq/ERR414/ERR414388/ERR414388_2.fastq.gz	ftp.sra.ebi.ac.uk/vol1/run/ERR414/ERR414388/O2.UC36-1_111207.rmhost.pair.1.fq.gz;ftp.sra.ebi.ac.uk/vol1/run/ERR414/ERR414388/O2.UC36-1_111207.rmhost.pair.2.fq.gz	
ERR414390	PRJEB5224	SAMEA2338769	ERX380693	408170	human gut metagenome	ftp.sra.ebi.ac.uk/vol1/fastq/ERR414/ERR414390/ERR414390_1.fastq.gz;ftp.sra.ebi.ac.uk/vol1/fastq/ERR414/ERR414390/ERR414390_2.fastq.gz	ftp.sra.ebi.ac.uk/vol1/run/ERR414/ERR414390/O2.UC38-1_111207.rmhost.pair.1.fq.gz;ftp.sra.ebi.ac.uk/vol1/run/ERR414/ERR414390/O2.UC38-1_111207.rmhost.pair.2.fq.gz	
ERR414392	PRJEB5224	SAMEA2338772	ERX380695	408170	human gut metagenome	ftp.sra.ebi.ac.uk/vol1/fastq/ERR414/ERR414392/ERR414392_1.fastq.gz;ftp.sra.ebi.ac.uk/vol1/fastq/ERR414/ERR414392/ERR414392_2.fastq.gz	ftp.sra.ebi.ac.uk/vol1/run/ERR414/ERR414392/O2.UC41-1_111207.rmhost.pair.1.fq.gz;ftp.sra.ebi.ac.uk/vol1/run/ERR414/ERR414392/O2.UC41-1_111207.rmhost.pair.2.fq.gz	
ERR414395	PRJEB5224	SAMEA2338774	ERX380698	408170	human gut metagenome	ftp.sra.ebi.ac.uk/vol1/fastq/ERR414/ERR414395/ERR414395_1.fastq.gz;ftp.sra.ebi.ac.uk/vol1/fastq/ERR414/ERR414395/ERR414395_2.fastq.gz	ftp.sra.ebi.ac.uk/vol1/run/ERR414/ERR414395/O2.UC44-1_111206.rmhost.pair.1.fq.gz;ftp.sra.ebi.ac.uk/vol1/run/ERR414/ERR414395/O2.UC44-1_111206.rmhost.pair.2.fq.gz	
ERR414402	PRJEB5224	SAMEA2338781	ERX380705	408170	human gut metagenome	ftp.sra.ebi.ac.uk/vol1/fastq/ERR414/ERR414402/ERR414402_1.fastq.gz;ftp.sra.ebi.ac.uk/vol1/fastq/ERR414/ERR414402/ERR414402_2.fastq.gz	ftp.sra.ebi.ac.uk/vol1/run/ERR414/ERR414402/O2.UC6-2_100908.rmhost.pair.1.fq.gz;ftp.sra.ebi.ac.uk/vol1/run/ERR414/ERR414402/O2.UC6-2_100908.rmhost.pair.2.fq.gz	
ERR414403	PRJEB5224	SAMEA2338782	ERX380706	408170	human gut metagenome	ftp.sra.ebi.ac.uk/vol1/fastq/ERR414/ERR414403/ERR414403_1.fastq.gz;ftp.sra.ebi.ac.uk/vol1/fastq/ERR414/ERR414403/ERR414403_2.fastq.gz	ftp.sra.ebi.ac.uk/vol1/run/ERR414/ERR414403/O2.UC7-0_111207.rmhost.pair.1.fq.gz;ftp.sra.ebi.ac.uk/vol1/run/ERR414/ERR414403/O2.UC7-0_111207.rmhost.pair.2.fq.gz	
ERR414405	PRJEB5224	SAMEA2338784	ERX380708	408170	human gut metagenome	ftp.sra.ebi.ac.uk/vol1/fastq/ERR414/ERR414405/ERR414405_1.fastq.gz;ftp.sra.ebi.ac.uk/vol1/fastq/ERR414/ERR414405/ERR414405_2.fastq.gz	ftp.sra.ebi.ac.uk/vol1/run/ERR414/ERR414405/O2.UC8-0_100908.rmhost.pair.1.fq.gz;ftp.sra.ebi.ac.uk/vol1/run/ERR414/ERR414405/O2.UC8-0_100908.rmhost.pair.2.fq.gz	
ERR414413	PRJEB5224	SAMEA2338791	ERX380716	408170	human gut metagenome	ftp.sra.ebi.ac.uk/vol1/fastq/ERR414/ERR414413/ERR414413_1.fastq.gz;ftp.sra.ebi.ac.uk/vol1/fastq/ERR414/ERR414413/ERR414413_2.fastq.gz	ftp.sra.ebi.ac.uk/vol1/run/ERR414/ERR414413/V1.CD1-3-PN_101220.rmhost.pair.1.fq.gz;ftp.sra.ebi.ac.uk/vol1/run/ERR414/ERR414413/V1.CD1-3-PN_101220.rmhost.pair.2.fq.gz	
ERR414424	PRJEB5224	SAMEA2338799	ERX380727	408170	human gut metagenome	ftp.sra.ebi.ac.uk/vol1/fastq/ERR414/ERR414424/ERR414424_1.fastq.gz;ftp.sra.ebi.ac.uk/vol1/fastq/ERR414/ERR414424/ERR414424_2.fastq.gz	ftp.sra.ebi.ac.uk/vol1/run/ERR414/ERR414424/V1.CD3-3-PN_101220.rmhost.pair.1.fq.gz;ftp.sra.ebi.ac.uk/vol1/run/ERR414/ERR414424/V1.CD3-3-PN_101220.rmhost.pair.2.fq.gz	
ERR414426	PRJEB5224	SAMEA2338801	ERX380729	408170	human gut metagenome	ftp.sra.ebi.ac.uk/vol1/fastq/ERR414/ERR414426/ERR414426_1.fastq.gz;ftp.sra.ebi.ac.uk/vol1/fastq/ERR414/ERR414426/ERR414426_2.fastq.gz	ftp.sra.ebi.ac.uk/vol1/run/ERR414/ERR414426/V1.CD40-0_100902.rmhost.pair.1.fq.gz;ftp.sra.ebi.ac.uk/vol1/run/ERR414/ERR414426/V1.CD40-0_100902.rmhost.pair.2.fq.gz	
ERR414427	PRJEB5224	SAMEA2338801	ERX380730	408170	human gut metagenome	ftp.sra.ebi.ac.uk/vol1/fastq/ERR414/ERR414427/ERR414427_1.fastq.gz;ftp.sra.ebi.ac.uk/vol1/fastq/ERR414/ERR414427/ERR414427_2.fastq.gz	ftp.sra.ebi.ac.uk/vol1/run/ERR414/ERR414427/V1.CD40-0_100907.rmhost.pair.1.fq.gz;ftp.sra.ebi.ac.uk/vol1/run/ERR414/ERR414427/V1.CD40-0_100907.rmhost.pair.2.fq.gz	
ERR414430	PRJEB5224	SAMEA2338804	ERX380733	408170	human gut metagenome	ftp.sra.ebi.ac.uk/vol1/fastq/ERR414/ERR414430/ERR414430_1.fastq.gz;ftp.sra.ebi.ac.uk/vol1/fastq/ERR414/ERR414430/ERR414430_2.fastq.gz	ftp.sra.ebi.ac.uk/vol1/run/ERR414/ERR414430/V1.CD43-0_101218.rmhost.pair.1.fq.gz;ftp.sra.ebi.ac.uk/vol1/run/ERR414/ERR414430/V1.CD43-0_101218.rmhost.pair.2.fq.gz	
ERR414434	PRJEB5224	SAMEA2338807	ERX380737	408170	human gut metagenome	ftp.sra.ebi.ac.uk/vol1/fastq/ERR414/ERR414434/ERR414434_1.fastq.gz;ftp.sra.ebi.ac.uk/vol1/fastq/ERR414/ERR414434/ERR414434_2.fastq.gz	ftp.sra.ebi.ac.uk/vol1/run/ERR414/ERR414434/V1.CD45-0_100816.rmhost.pair.1.fq.gz;ftp.sra.ebi.ac.uk/vol1/run/ERR414/ERR414434/V1.CD45-0_100816.rmhost.pair.2.fq.gz	
ERR414444	PRJEB5224	SAMEA2338814	ERX380747	408170	human gut metagenome	ftp.sra.ebi.ac.uk/vol1/fastq/ERR414/ERR414444/ERR414444_1.fastq.gz;ftp.sra.ebi.ac.uk/vol1/fastq/ERR414/ERR414444/ERR414444_2.fastq.gz	ftp.sra.ebi.ac.uk/vol1/run/ERR414/ERR414444/V1.CD52-0_110821.rmhost.pair.1.fq.gz;ftp.sra.ebi.ac.uk/vol1/run/ERR414/ERR414444/V1.CD52-0_110821.rmhost.pair.2.fq.gz	
ERR414448	PRJEB5224	SAMEA2338818	ERX380751	408170	human gut metagenome	ftp.sra.ebi.ac.uk/vol1/fastq/ERR414/ERR414448/ERR414448_1.fastq.gz;ftp.sra.ebi.ac.uk/vol1/fastq/ERR414/ERR414448/ERR414448_2.fastq.gz	ftp.sra.ebi.ac.uk/vol1/run/ERR414/ERR414448/V1.CD6-0-PN_101220.rmhost.pair.1.fq.gz;ftp.sra.ebi.ac.uk/vol1/run/ERR414/ERR414448/V1.CD6-0-PN_101220.rmhost.pair.2.fq.gz	
ERR414450	PRJEB5224	SAMEA2338820	ERX380753	408170	human gut metagenome	ftp.sra.ebi.ac.uk/vol1/fastq/ERR414/ERR414450/ERR414450_1.fastq.gz;ftp.sra.ebi.ac.uk/vol1/fastq/ERR414/ERR414450/ERR414450_2.fastq.gz	ftp.sra.ebi.ac.uk/vol1/run/ERR414/ERR414450/V1.CD7-0-PN_101220.rmhost.pair.1.fq.gz;ftp.sra.ebi.ac.uk/vol1/run/ERR414/ERR414450/V1.CD7-0-PN_101220.rmhost.pair.2.fq.gz	
ERR414451	PRJEB5224	SAMEA2338821	ERX380754	408170	human gut metagenome	ftp.sra.ebi.ac.uk/vol1/fastq/ERR414/ERR414451/ERR414451_1.fastq.gz;ftp.sra.ebi.ac.uk/vol1/fastq/ERR414/ERR414451/ERR414451_2.fastq.gz	ftp.sra.ebi.ac.uk/vol1/run/ERR414/ERR414451/V1.CD8-0-PN_101220.rmhost.pair.1.fq.gz;ftp.sra.ebi.ac.uk/vol1/run/ERR414/ERR414451/V1.CD8-0-PN_101220.rmhost.pair.2.fq.gz	
ERR414453	PRJEB5224	SAMEA2338823	ERX380756	408170	human gut metagenome	ftp.sra.ebi.ac.uk/vol1/fastq/ERR414/ERR414453/ERR414453_1.fastq.gz;ftp.sra.ebi.ac.uk/vol1/fastq/ERR414/ERR414453/ERR414453_2.fastq.gz	ftp.sra.ebi.ac.uk/vol1/run/ERR414/ERR414453/V1.FI02_110820.rmhost.pair.1.fq.gz;ftp.sra.ebi.ac.uk/vol1/run/ERR414/ERR414453/V1.FI02_110820.rmhost.pair.2.fq.gz	
ERR414454	PRJEB5224	SAMEA2338824	ERX380757	408170	human gut metagenome	ftp.sra.ebi.ac.uk/vol1/fastq/ERR414/ERR414454/ERR414454_1.fastq.gz;ftp.sra.ebi.ac.uk/vol1/fastq/ERR414/ERR414454/ERR414454_2.fastq.gz	ftp.sra.ebi.ac.uk/vol1/run/ERR414/ERR414454/V1.FI03_110820.rmhost.pair.1.fq.gz;ftp.sra.ebi.ac.uk/vol1/run/ERR414/ERR414454/V1.FI03_110820.rmhost.pair.2.fq.gz	
ERR414455	PRJEB5224	SAMEA2338825	ERX380758	408170	human gut metagenome	ftp.sra.ebi.ac.uk/vol1/fastq/ERR414/ERR414455/ERR414455_1.fastq.gz;ftp.sra.ebi.ac.uk/vol1/fastq/ERR414/ERR414455/ERR414455_2.fastq.gz	ftp.sra.ebi.ac.uk/vol1/run/ERR414/ERR414455/V1.FI04_110822.rmhost.pair.1.fq.gz;ftp.sra.ebi.ac.uk/vol1/run/ERR414/ERR414455/V1.FI04_110822.rmhost.pair.2.fq.gz	
ERR414456	PRJEB5224	SAMEA2338826	ERX380759	408170	human gut metagenome	ftp.sra.ebi.ac.uk/vol1/fastq/ERR414/ERR414456/ERR414456_1.fastq.gz;ftp.sra.ebi.ac.uk/vol1/fastq/ERR414/ERR414456/ERR414456_2.fastq.gz	ftp.sra.ebi.ac.uk/vol1/run/ERR414/ERR414456/V1.FI05_110822.rmhost.pair.1.fq.gz;ftp.sra.ebi.ac.uk/vol1/run/ERR414/ERR414456/V1.FI05_110822.rmhost.pair.2.fq.gz	
ERR414457	PRJEB5224	SAMEA2338827	ERX380760	408170	human gut metagenome	ftp.sra.ebi.ac.uk/vol1/fastq/ERR414/ERR414457/ERR414457_1.fastq.gz;ftp.sra.ebi.ac.uk/vol1/fastq/ERR414/ERR414457/ERR414457_2.fastq.gz	ftp.sra.ebi.ac.uk/vol1/run/ERR414/ERR414457/V1.FI06_110822.rmhost.pair.1.fq.gz;ftp.sra.ebi.ac.uk/vol1/run/ERR414/ERR414457/V1.FI06_110822.rmhost.pair.2.fq.gz	
ERR414459	PRJEB5224	SAMEA2338829	ERX380762	408170	human gut metagenome	ftp.sra.ebi.ac.uk/vol1/fastq/ERR414/ERR414459/ERR414459_1.fastq.gz;ftp.sra.ebi.ac.uk/vol1/fastq/ERR414/ERR414459/ERR414459_2.fastq.gz	ftp.sra.ebi.ac.uk/vol1/run/ERR414/ERR414459/V1.FI08_110821.rmhost.pair.1.fq.gz;ftp.sra.ebi.ac.uk/vol1/run/ERR414/ERR414459/V1.FI08_110821.rmhost.pair.2.fq.gz	
ERR414462	PRJEB5224	SAMEA2338832	ERX380765	408170	human gut metagenome	ftp.sra.ebi.ac.uk/vol1/fastq/ERR414/ERR414462/ERR414462_1.fastq.gz;ftp.sra.ebi.ac.uk/vol1/fastq/ERR414/ERR414462/ERR414462_2.fastq.gz	ftp.sra.ebi.ac.uk/vol1/run/ERR414/ERR414462/V1.FI11_110821.rmhost.pair.1.fq.gz;ftp.sra.ebi.ac.uk/vol1/run/ERR414/ERR414462/V1.FI11_110821.rmhost.pair.2.fq.gz	
ERR414463	PRJEB5224	SAMEA2338833	ERX380766	408170	human gut metagenome	ftp.sra.ebi.ac.uk/vol1/fastq/ERR414/ERR414463/ERR414463_1.fastq.gz;ftp.sra.ebi.ac.uk/vol1/fastq/ERR414/ERR414463/ERR414463_2.fastq.gz	ftp.sra.ebi.ac.uk/vol1/run/ERR414/ERR414463/V1.FI12_110821.rmhost.pair.1.fq.gz;ftp.sra.ebi.ac.uk/vol1/run/ERR414/ERR414463/V1.FI12_110821.rmhost.pair.2.fq.gz	
ERR414466	PRJEB5224	SAMEA2338836	ERX380769	408170	human gut metagenome	ftp.sra.ebi.ac.uk/vol1/fastq/ERR414/ERR414466/ERR414466_1.fastq.gz;ftp.sra.ebi.ac.uk/vol1/fastq/ERR414/ERR414466/ERR414466_2.fastq.gz	ftp.sra.ebi.ac.uk/vol1/run/ERR414/ERR414466/V1.FI15_110821.rmhost.pair.1.fq.gz;ftp.sra.ebi.ac.uk/vol1/run/ERR414/ERR414466/V1.FI15_110821.rmhost.pair.2.fq.gz	
ERR414467	PRJEB5224	SAMEA2338837	ERX380770	408170	human gut metagenome	ftp.sra.ebi.ac.uk/vol1/fastq/ERR414/ERR414467/ERR414467_1.fastq.gz;ftp.sra.ebi.ac.uk/vol1/fastq/ERR414/ERR414467/ERR414467_2.fastq.gz	ftp.sra.ebi.ac.uk/vol1/run/ERR414/ERR414467/V1.FI16_110821.rmhost.pair.1.fq.gz;ftp.sra.ebi.ac.uk/vol1/run/ERR414/ERR414467/V1.FI16_110821.rmhost.pair.2.fq.gz	
ERR414479	PRJEB5224	SAMEA2338849	ERX380782	408170	human gut metagenome	ftp.sra.ebi.ac.uk/vol1/fastq/ERR414/ERR414479/ERR414479_1.fastq.gz;ftp.sra.ebi.ac.uk/vol1/fastq/ERR414/ERR414479/ERR414479_2.fastq.gz	ftp.sra.ebi.ac.uk/vol1/run/ERR414/ERR414479/V1.FI28_110822.rmhost.pair.1.fq.gz;ftp.sra.ebi.ac.uk/vol1/run/ERR414/ERR414479/V1.FI28_110822.rmhost.pair.2.fq.gz	
ERR414484	PRJEB5224	SAMEA2338854	ERX380787	408170	human gut metagenome	ftp.sra.ebi.ac.uk/vol1/fastq/ERR414/ERR414484/ERR414484_1.fastq.gz;ftp.sra.ebi.ac.uk/vol1/fastq/ERR414/ERR414484/ERR414484_2.fastq.gz	ftp.sra.ebi.ac.uk/vol1/run/ERR414/ERR414484/V1.FI33_110822.rmhost.pair.1.fq.gz;ftp.sra.ebi.ac.uk/vol1/run/ERR414/ERR414484/V1.FI33_110822.rmhost.pair.2.fq.gz	
ERR414486	PRJEB5224	SAMEA2338856	ERX380789	408170	human gut metagenome	ftp.sra.ebi.ac.uk/vol1/fastq/ERR414/ERR414486/ERR414486_1.fastq.gz;ftp.sra.ebi.ac.uk/vol1/fastq/ERR414/ERR414486/ERR414486_2.fastq.gz	ftp.sra.ebi.ac.uk/vol1/run/ERR414/ERR414486/V1.FI35_110822.rmhost.pair.1.fq.gz;ftp.sra.ebi.ac.uk/vol1/run/ERR414/ERR414486/V1.FI35_110822.rmhost.pair.2.fq.gz	
ERR414487	PRJEB5224	SAMEA2338857	ERX380790	408170	human gut metagenome	ftp.sra.ebi.ac.uk/vol1/fastq/ERR414/ERR414487/ERR414487_1.fastq.gz;ftp.sra.ebi.ac.uk/vol1/fastq/ERR414/ERR414487/ERR414487_2.fastq.gz	ftp.sra.ebi.ac.uk/vol1/run/ERR414/ERR414487/V1.FI36_110822.rmhost.pair.1.fq.gz;ftp.sra.ebi.ac.uk/vol1/run/ERR414/ERR414487/V1.FI36_110822.rmhost.pair.2.fq.gz	
ERR414491	PRJEB5224	SAMEA2338860	ERX380794	408170	human gut metagenome	ftp.sra.ebi.ac.uk/vol1/fastq/ERR414/ERR414491/ERR414491_1.fastq.gz;ftp.sra.ebi.ac.uk/vol1/fastq/ERR414/ERR414491/ERR414491_2.fastq.gz	ftp.sra.ebi.ac.uk/vol1/run/ERR414/ERR414491/V1.UC38-4_100816.rmhost.pair.1.fq.gz;ftp.sra.ebi.ac.uk/vol1/run/ERR414/ERR414491/V1.UC38-4_100816.rmhost.pair.2.fq.gz	
ERR414492	PRJEB5224	SAMEA2338860	ERX380795	408170	human gut metagenome	ftp.sra.ebi.ac.uk/vol1/fastq/ERR414/ERR414492/ERR414492_1.fastq.gz;ftp.sra.ebi.ac.uk/vol1/fastq/ERR414/ERR414492/ERR414492_2.fastq.gz	ftp.sra.ebi.ac.uk/vol1/run/ERR414/ERR414492/V1.UC38-4_100902.rmhost.pair.1.fq.gz;ftp.sra.ebi.ac.uk/vol1/run/ERR414/ERR414492/V1.UC38-4_100902.rmhost.pair.2.fq.gz	
ERR414493	PRJEB5224	SAMEA2338861	ERX380796	408170	human gut metagenome	ftp.sra.ebi.ac.uk/vol1/fastq/ERR414/ERR414493/ERR414493_1.fastq.gz;ftp.sra.ebi.ac.uk/vol1/fastq/ERR414/ERR414493/ERR414493_2.fastq.gz	ftp.sra.ebi.ac.uk/vol1/run/ERR414/ERR414493/V1.UC39-4_101220.rmhost.pair.1.fq.gz;ftp.sra.ebi.ac.uk/vol1/run/ERR414/ERR414493/V1.UC39-4_101220.rmhost.pair.2.fq.gz	
ERR414496	PRJEB5224	SAMEA2338863	ERX380799	408170	human gut metagenome	ftp.sra.ebi.ac.uk/vol1/fastq/ERR414/ERR414496/ERR414496_1.fastq.gz;ftp.sra.ebi.ac.uk/vol1/fastq/ERR414/ERR414496/ERR414496_2.fastq.gz	ftp.sra.ebi.ac.uk/vol1/run/ERR414/ERR414496/V1.UC47-4_101220.rmhost.pair.1.fq.gz;ftp.sra.ebi.ac.uk/vol1/run/ERR414/ERR414496/V1.UC47-4_101220.rmhost.pair.2.fq.gz	
ERR414497	PRJEB5224	SAMEA2338864	ERX380800	408170	human gut metagenome	ftp.sra.ebi.ac.uk/vol1/fastq/ERR414/ERR414497/ERR414497_1.fastq.gz;ftp.sra.ebi.ac.uk/vol1/fastq/ERR414/ERR414497/ERR414497_2.fastq.gz	ftp.sra.ebi.ac.uk/vol1/run/ERR414/ERR414497/V1.UC54-4_101220.rmhost.pair.1.fq.gz;ftp.sra.ebi.ac.uk/vol1/run/ERR414/ERR414497/V1.UC54-4_101220.rmhost.pair.2.fq.gz	
ERR414500	PRJEB5224	SAMEA2338866	ERX380803	408170	human gut metagenome	ftp.sra.ebi.ac.uk/vol1/fastq/ERR414/ERR414500/ERR414500_1.fastq.gz;ftp.sra.ebi.ac.uk/vol1/fastq/ERR414/ERR414500/ERR414500_2.fastq.gz	ftp.sra.ebi.ac.uk/vol1/run/ERR414/ERR414500/V1.UC58-4_110821.rmhost.pair.1.fq.gz;ftp.sra.ebi.ac.uk/vol1/run/ERR414/ERR414500/V1.UC58-4_110821.rmhost.pair.2.fq.gz	
ERR414502	PRJEB5224	SAMEA2338867	ERX380805	408170	human gut metagenome	ftp.sra.ebi.ac.uk/vol1/fastq/ERR414/ERR414502/ERR414502_1.fastq.gz;ftp.sra.ebi.ac.uk/vol1/fastq/ERR414/ERR414502/ERR414502_2.fastq.gz	ftp.sra.ebi.ac.uk/vol1/run/ERR414/ERR414502/V1.UC59-0_100902.rmhost.pair.1.fq.gz;ftp.sra.ebi.ac.uk/vol1/run/ERR414/ERR414502/V1.UC59-0_100902.rmhost.pair.2.fq.gz	
ERR414505	PRJEB5224	SAMEA2338869	ERX380808	408170	human gut metagenome	ftp.sra.ebi.ac.uk/vol1/fastq/ERR414/ERR414505/ERR414505_1.fastq.gz;ftp.sra.ebi.ac.uk/vol1/fastq/ERR414/ERR414505/ERR414505_2.fastq.gz	ftp.sra.ebi.ac.uk/vol1/run/ERR414/ERR414505/V1.UC60-0_100906.rmhost.pair.1.fq.gz;ftp.sra.ebi.ac.uk/vol1/run/ERR414/ERR414505/V1.UC60-0_100906.rmhost.pair.2.fq.gz	
ERR414506	PRJEB5224	SAMEA2338869	ERX380809	408170	human gut metagenome	ftp.sra.ebi.ac.uk/vol1/fastq/ERR414/ERR414506/ERR414506_1.fastq.gz;ftp.sra.ebi.ac.uk/vol1/fastq/ERR414/ERR414506/ERR414506_2.fastq.gz	ftp.sra.ebi.ac.uk/vol1/run/ERR414/ERR414506/V1.UC60-0_101005.rmhost.pair.1.fq.gz;ftp.sra.ebi.ac.uk/vol1/run/ERR414/ERR414506/V1.UC60-0_101005.rmhost.pair.2.fq.gz	
ERR414507	PRJEB5224	SAMEA2338870	ERX380810	408170	human gut metagenome	ftp.sra.ebi.ac.uk/vol1/fastq/ERR414/ERR414507/ERR414507_1.fastq.gz;ftp.sra.ebi.ac.uk/vol1/fastq/ERR414/ERR414507/ERR414507_2.fastq.gz	ftp.sra.ebi.ac.uk/vol1/run/ERR414/ERR414507/V1.UC63-0_100811.rmhost.pair.1.fq.gz;ftp.sra.ebi.ac.uk/vol1/run/ERR414/ERR414507/V1.UC63-0_100811.rmhost.pair.2.fq.gz	
ERR414508	PRJEB5224	SAMEA2338870	ERX380811	408170	human gut metagenome	ftp.sra.ebi.ac.uk/vol1/fastq/ERR414/ERR414508/ERR414508_1.fastq.gz;ftp.sra.ebi.ac.uk/vol1/fastq/ERR414/ERR414508/ERR414508_2.fastq.gz	ftp.sra.ebi.ac.uk/vol1/run/ERR414/ERR414508/V1.UC63-0_100906.rmhost.pair.1.fq.gz;ftp.sra.ebi.ac.uk/vol1/run/ERR414/ERR414508/V1.UC63-0_100906.rmhost.pair.2.fq.gz	
ERR414512	PRJEB5224	SAMEA2338623	ERX380815	408170	human gut metagenome	ftp.sra.ebi.ac.uk/vol1/fastq/ERR414/ERR414512/ERR414512.fastq.gz	ftp.sra.ebi.ac.uk/vol1/run/ERR414/ERR414512/MH0192_101205.rmhost.single.fq.gz	
ERR414515	PRJEB5224	SAMEA2338626	ERX380818	408170	human gut metagenome	ftp.sra.ebi.ac.uk/vol1/fastq/ERR414/ERR414515/ERR414515.fastq.gz	ftp.sra.ebi.ac.uk/vol1/run/ERR414/ERR414515/MH0234_101031.rmhost.single.fq.gz	
ERR414517	PRJEB5224	SAMEA2338628	ERX380820	408170	human gut metagenome	ftp.sra.ebi.ac.uk/vol1/fastq/ERR414/ERR414517/ERR414517.fastq.gz	ftp.sra.ebi.ac.uk/vol1/run/ERR414/ERR414517/MH0245_101031.rmhost.single.fq.gz	
ERR414518	PRJEB5224	SAMEA2338629	ERX380821	408170	human gut metagenome	ftp.sra.ebi.ac.uk/vol1/fastq/ERR414/ERR414518/ERR414518.fastq.gz	ftp.sra.ebi.ac.uk/vol1/run/ERR414/ERR414518/MH0246_101007.rmhost.single.fq.gz	
ERR414520	PRJEB5224	SAMEA2338630	ERX380823	408170	human gut metagenome	ftp.sra.ebi.ac.uk/vol1/fastq/ERR414/ERR414520/ERR414520.fastq.gz	ftp.sra.ebi.ac.uk/vol1/run/ERR414/ERR414520/MH0252_101031.rmhost.single.fq.gz	
ERR414529	PRJEB5224	SAMEA2338639	ERX380832	408170	human gut metagenome	ftp.sra.ebi.ac.uk/vol1/fastq/ERR414/ERR414529/ERR414529.fastq.gz	ftp.sra.ebi.ac.uk/vol1/run/ERR414/ERR414529/MH0270_101031.rmhost.single.fq.gz	
ERR414531	PRJEB5224	SAMEA2338640	ERX380834	408170	human gut metagenome	ftp.sra.ebi.ac.uk/vol1/fastq/ERR414/ERR414531/ERR414531.fastq.gz	ftp.sra.ebi.ac.uk/vol1/run/ERR414/ERR414531/MH0271_101205.rmhost.single.fq.gz	
ERR414532	PRJEB5224	SAMEA2338641	ERX380835	408170	human gut metagenome	ftp.sra.ebi.ac.uk/vol1/fastq/ERR414/ERR414532/ERR414532.fastq.gz	ftp.sra.ebi.ac.uk/vol1/run/ERR414/ERR414532/MH0280_101031.rmhost.single.fq.gz	
ERR414533	PRJEB5224	SAMEA2338642	ERX380836	408170	human gut metagenome	ftp.sra.ebi.ac.uk/vol1/fastq/ERR414/ERR414533/ERR414533.fastq.gz	ftp.sra.ebi.ac.uk/vol1/run/ERR414/ERR414533/MH0281_101031.rmhost.single.fq.gz	
ERR414539	PRJEB5224	SAMEA2338646	ERX380842	408170	human gut metagenome	ftp.sra.ebi.ac.uk/vol1/fastq/ERR414/ERR414539/ERR414539.fastq.gz	ftp.sra.ebi.ac.uk/vol1/run/ERR414/ERR414539/MH0293_101207.rmhost.single.fq.gz	
ERR414542	PRJEB5224	SAMEA2338648	ERX380845	408170	human gut metagenome	ftp.sra.ebi.ac.uk/vol1/fastq/ERR414/ERR414542/ERR414542.fastq.gz	ftp.sra.ebi.ac.uk/vol1/run/ERR414/ERR414542/MH0298_101102.rmhost.single.fq.gz	
ERR414545	PRJEB5224	SAMEA2338651	ERX380848	408170	human gut metagenome	ftp.sra.ebi.ac.uk/vol1/fastq/ERR414/ERR414545/ERR414545.fastq.gz	ftp.sra.ebi.ac.uk/vol1/run/ERR414/ERR414545/MH0303_101007.rmhost.single.fq.gz	
ERR414548	PRJEB5224	SAMEA2338654	ERX380851	408170	human gut metagenome	ftp.sra.ebi.ac.uk/vol1/fastq/ERR414/ERR414548/ERR414548.fastq.gz	ftp.sra.ebi.ac.uk/vol1/run/ERR414/ERR414548/MH0310_101031.rmhost.single.fq.gz	
ERR414549	PRJEB5224	SAMEA2338655	ERX380852	408170	human gut metagenome	ftp.sra.ebi.ac.uk/vol1/fastq/ERR414/ERR414549/ERR414549.fastq.gz	ftp.sra.ebi.ac.uk/vol1/run/ERR414/ERR414549/MH0311_101007.rmhost.single.fq.gz	
ERR414559	PRJEB5224	SAMEA2338663	ERX380862	408170	human gut metagenome	ftp.sra.ebi.ac.uk/vol1/fastq/ERR414/ERR414559/ERR414559.fastq.gz	ftp.sra.ebi.ac.uk/vol1/run/ERR414/ERR414559/MH0328_101007.rmhost.single.fq.gz	
ERR414560	PRJEB5224	SAMEA2338664	ERX380863	408170	human gut metagenome	ftp.sra.ebi.ac.uk/vol1/fastq/ERR414/ERR414560/ERR414560.fastq.gz	ftp.sra.ebi.ac.uk/vol1/run/ERR414/ERR414560/MH0329_101031.rmhost.single.fq.gz	
ERR414566	PRJEB5224	SAMEA2338670	ERX380869	408170	human gut metagenome	ftp.sra.ebi.ac.uk/vol1/fastq/ERR414/ERR414566/ERR414566.fastq.gz	ftp.sra.ebi.ac.uk/vol1/run/ERR414/ERR414566/MH0337_101008.rmhost.single.fq.gz	
ERR414571	PRJEB5224	SAMEA2338674	ERX380874	408170	human gut metagenome	ftp.sra.ebi.ac.uk/vol1/fastq/ERR414/ERR414571/ERR414571.fastq.gz	ftp.sra.ebi.ac.uk/vol1/run/ERR414/ERR414571/MH0341_101009.rmhost.single.fq.gz	
ERR414572	PRJEB5224	SAMEA2338675	ERX380875	408170	human gut metagenome	ftp.sra.ebi.ac.uk/vol1/fastq/ERR414/ERR414572/ERR414572.fastq.gz	ftp.sra.ebi.ac.uk/vol1/run/ERR414/ERR414572/MH0342_101009.rmhost.single.fq.gz	
ERR414574	PRJEB5224	SAMEA2338677	ERX380877	408170	human gut metagenome	ftp.sra.ebi.ac.uk/vol1/fastq/ERR414/ERR414574/ERR414574.fastq.gz	ftp.sra.ebi.ac.uk/vol1/run/ERR414/ERR414574/MH0345_101009.rmhost.single.fq.gz	
ERR414576	PRJEB5224	SAMEA2338679	ERX380879	408170	human gut metagenome	ftp.sra.ebi.ac.uk/vol1/fastq/ERR414/ERR414576/ERR414576.fastq.gz	ftp.sra.ebi.ac.uk/vol1/run/ERR414/ERR414576/MH0347_101101.rmhost.single.fq.gz	
ERR414579	PRJEB5224	SAMEA2338682	ERX380882	408170	human gut metagenome	ftp.sra.ebi.ac.uk/vol1/fastq/ERR414/ERR414579/ERR414579.fastq.gz	ftp.sra.ebi.ac.uk/vol1/run/ERR414/ERR414579/MH0350_101009.rmhost.single.fq.gz	
ERR414580	PRJEB5224	SAMEA2338683	ERX380883	408170	human gut metagenome	ftp.sra.ebi.ac.uk/vol1/fastq/ERR414/ERR414580/ERR414580.fastq.gz	ftp.sra.ebi.ac.uk/vol1/run/ERR414/ERR414580/MH0351_101102.rmhost.single.fq.gz	
ERR414581	PRJEB5224	SAMEA2338683	ERX380884	408170	human gut metagenome	ftp.sra.ebi.ac.uk/vol1/fastq/ERR414/ERR414581/ERR414581.fastq.gz	ftp.sra.ebi.ac.uk/vol1/run/ERR414/ERR414581/MH0351_101205.rmhost.single.fq.gz	
ERR414583	PRJEB5224	SAMEA2338685	ERX380886	408170	human gut metagenome	ftp.sra.ebi.ac.uk/vol1/fastq/ERR414/ERR414583/ERR414583.fastq.gz	ftp.sra.ebi.ac.uk/vol1/run/ERR414/ERR414583/MH0355_101009.rmhost.single.fq.gz	
ERR414586	PRJEB5224	SAMEA2338688	ERX380889	408170	human gut metagenome	ftp.sra.ebi.ac.uk/vol1/fastq/ERR414/ERR414586/ERR414586.fastq.gz	ftp.sra.ebi.ac.uk/vol1/run/ERR414/ERR414586/MH0358_101009.rmhost.single.fq.gz	
ERR414590	PRJEB5224	SAMEA2338692	ERX380893	408170	human gut metagenome	ftp.sra.ebi.ac.uk/vol1/fastq/ERR414/ERR414590/ERR414590.fastq.gz	ftp.sra.ebi.ac.uk/vol1/run/ERR414/ERR414590/MH0362_101009.rmhost.single.fq.gz	
ERR414591	PRJEB5224	SAMEA2338693	ERX380894	408170	human gut metagenome	ftp.sra.ebi.ac.uk/vol1/fastq/ERR414/ERR414591/ERR414591.fastq.gz	ftp.sra.ebi.ac.uk/vol1/run/ERR414/ERR414591/MH0363_101009.rmhost.single.fq.gz	
ERR414592	PRJEB5224	SAMEA2338694	ERX380895	408170	human gut metagenome	ftp.sra.ebi.ac.uk/vol1/fastq/ERR414/ERR414592/ERR414592.fastq.gz	ftp.sra.ebi.ac.uk/vol1/run/ERR414/ERR414592/MH0364_101111.rmhost.single.fq.gz	
ERR414596	PRJEB5224	SAMEA2338698	ERX380899	408170	human gut metagenome	ftp.sra.ebi.ac.uk/vol1/fastq/ERR414/ERR414596/ERR414596.fastq.gz	ftp.sra.ebi.ac.uk/vol1/run/ERR414/ERR414596/MH0368_101009.rmhost.single.fq.gz	
ERR414597	PRJEB5224	SAMEA2338699	ERX380900	408170	human gut metagenome	ftp.sra.ebi.ac.uk/vol1/fastq/ERR414/ERR414597/ERR414597.fastq.gz	ftp.sra.ebi.ac.uk/vol1/run/ERR414/ERR414597/MH0369_101111.rmhost.single.fq.gz	
ERR414610	PRJEB5224	SAMEA2338710	ERX380913	408170	human gut metagenome	ftp.sra.ebi.ac.uk/vol1/fastq/ERR414/ERR414610/ERR414610.fastq.gz	ftp.sra.ebi.ac.uk/vol1/run/ERR414/ERR414610/MH0381_101207.rmhost.single.fq.gz	
ERR414611	PRJEB5224	SAMEA2338711	ERX380914	408170	human gut metagenome	ftp.sra.ebi.ac.uk/vol1/fastq/ERR414/ERR414611/ERR414611.fastq.gz	ftp.sra.ebi.ac.uk/vol1/run/ERR414/ERR414611/MH0382_101111.rmhost.single.fq.gz	
ERR414613	PRJEB5224	SAMEA2338713	ERX380916	408170	human gut metagenome	ftp.sra.ebi.ac.uk/vol1/fastq/ERR414/ERR414613/ERR414613.fastq.gz	ftp.sra.ebi.ac.uk/vol1/run/ERR414/ERR414613/MH0384_101009.rmhost.single.fq.gz	
ERR414614	PRJEB5224	SAMEA2338714	ERX380917	408170	human gut metagenome	ftp.sra.ebi.ac.uk/vol1/fastq/ERR414/ERR414614/ERR414614.fastq.gz	ftp.sra.ebi.ac.uk/vol1/run/ERR414/ERR414614/MH0385_101009.rmhost.single.fq.gz	
ERR414616	PRJEB5224	SAMEA2338716	ERX380919	408170	human gut metagenome	ftp.sra.ebi.ac.uk/vol1/fastq/ERR414/ERR414616/ERR414616.fastq.gz	ftp.sra.ebi.ac.uk/vol1/run/ERR414/ERR414616/MH0387_101009.rmhost.single.fq.gz	
ERR414619	PRJEB5224	SAMEA2338719	ERX380922	408170	human gut metagenome	ftp.sra.ebi.ac.uk/vol1/fastq/ERR414/ERR414619/ERR414619.fastq.gz	ftp.sra.ebi.ac.uk/vol1/run/ERR414/ERR414619/MH0390_101009.rmhost.single.fq.gz	
ERR414621	PRJEB5224	SAMEA2338721	ERX380924	408170	human gut metagenome	ftp.sra.ebi.ac.uk/vol1/fastq/ERR414/ERR414621/ERR414621.fastq.gz	ftp.sra.ebi.ac.uk/vol1/run/ERR414/ERR414621/MH0392_101009.rmhost.single.fq.gz	
ERR414623	PRJEB5224	SAMEA2338723	ERX380926	408170	human gut metagenome	ftp.sra.ebi.ac.uk/vol1/fastq/ERR414/ERR414623/ERR414623.fastq.gz	ftp.sra.ebi.ac.uk/vol1/run/ERR414/ERR414623/MH0394_101009.rmhost.single.fq.gz	
ERR414626	PRJEB5224	SAMEA2338726	ERX380929	408170	human gut metagenome	ftp.sra.ebi.ac.uk/vol1/fastq/ERR414/ERR414626/ERR414626.fastq.gz	ftp.sra.ebi.ac.uk/vol1/run/ERR414/ERR414626/MH0397_101101.rmhost.single.fq.gz	
ERR414627	PRJEB5224	SAMEA2338727	ERX380930	408170	human gut metagenome	ftp.sra.ebi.ac.uk/vol1/fastq/ERR414/ERR414627/ERR414627.fastq.gz	ftp.sra.ebi.ac.uk/vol1/run/ERR414/ERR414627/MH0398_101101.rmhost.single.fq.gz	
ERR414628	PRJEB5224	SAMEA2338728	ERX380931	408170	human gut metagenome	ftp.sra.ebi.ac.uk/vol1/fastq/ERR414/ERR414628/ERR414628.fastq.gz	ftp.sra.ebi.ac.uk/vol1/run/ERR414/ERR414628/MH0399_101031.rmhost.single.fq.gz	
ERR414633	PRJEB5224	SAMEA2338732	ERX380936	408170	human gut metagenome	ftp.sra.ebi.ac.uk/vol1/fastq/ERR414/ERR414633/ERR414633.fastq.gz	ftp.sra.ebi.ac.uk/vol1/run/ERR414/ERR414633/O2.CD1-0_110821.rmhost.single.fq.gz	
ERR414637	PRJEB5224	SAMEA2338736	ERX380940	408170	human gut metagenome	ftp.sra.ebi.ac.uk/vol1/fastq/ERR414/ERR414637/ERR414637.fastq.gz	ftp.sra.ebi.ac.uk/vol1/run/ERR414/ERR414637/O2.CD3-0-PT_110820.rmhost.single.fq.gz	
ERR414640	PRJEB5224	SAMEA2338739	ERX380943	408170	human gut metagenome	ftp.sra.ebi.ac.uk/vol1/fastq/ERR414/ERR414640/ERR414640.fastq.gz	ftp.sra.ebi.ac.uk/vol1/run/ERR414/ERR414640/O2.UC12-1_111207.rmhost.single.fq.gz	
ERR414641	PRJEB5224	SAMEA2338740	ERX380944	408170	human gut metagenome	ftp.sra.ebi.ac.uk/vol1/fastq/ERR414/ERR414641/ERR414641.fastq.gz	ftp.sra.ebi.ac.uk/vol1/run/ERR414/ERR414641/O2.UC13-1_111207.rmhost.single.fq.gz	
ERR414644	PRJEB5224	SAMEA2338743	ERX380947	408170	human gut metagenome	ftp.sra.ebi.ac.uk/vol1/fastq/ERR414/ERR414644/ERR414644.fastq.gz	ftp.sra.ebi.ac.uk/vol1/run/ERR414/ERR414644/O2.UC15-1_111207.rmhost.single.fq.gz	
ERR414646	PRJEB5224	SAMEA2338745	ERX380949	408170	human gut metagenome	ftp.sra.ebi.ac.uk/vol1/fastq/ERR414/ERR414646/ERR414646.fastq.gz	ftp.sra.ebi.ac.uk/vol1/run/ERR414/ERR414646/O2.UC16-1_111213.rmhost.single.fq.gz	
ERR414648	PRJEB5224	SAMEA2338747	ERX380951	408170	human gut metagenome	ftp.sra.ebi.ac.uk/vol1/fastq/ERR414/ERR414648/ERR414648.fastq.gz	ftp.sra.ebi.ac.uk/vol1/run/ERR414/ERR414648/O2.UC18-1_111207.rmhost.single.fq.gz	
ERR414650	PRJEB5224	SAMEA2338749	ERX380953	408170	human gut metagenome	ftp.sra.ebi.ac.uk/vol1/fastq/ERR414/ERR414650/ERR414650.fastq.gz	ftp.sra.ebi.ac.uk/vol1/run/ERR414/ERR414650/O2.UC20-1_111207.rmhost.single.fq.gz	
ERR414651	PRJEB5224	SAMEA2338751	ERX380954	408170	human gut metagenome	ftp.sra.ebi.ac.uk/vol1/fastq/ERR414/ERR414651/ERR414651.fastq.gz	ftp.sra.ebi.ac.uk/vol1/run/ERR414/ERR414651/O2.UC21-1_111207.rmhost.single.fq.gz	
ERR414653	PRJEB5224	SAMEA2338752	ERX380956	408170	human gut metagenome	ftp.sra.ebi.ac.uk/vol1/fastq/ERR414/ERR414653/ERR414653.fastq.gz	ftp.sra.ebi.ac.uk/vol1/run/ERR414/ERR414653/O2.UC22-1_111206.rmhost.single.fq.gz	
ERR414658	PRJEB5224	SAMEA2338757	ERX380961	408170	human gut metagenome	ftp.sra.ebi.ac.uk/vol1/fastq/ERR414/ERR414658/ERR414658.fastq.gz	ftp.sra.ebi.ac.uk/vol1/run/ERR414/ERR414658/O2.UC28-0_100908.rmhost.single.fq.gz	
ERR414659	PRJEB5224	SAMEA2338758	ERX380962	408170	human gut metagenome	ftp.sra.ebi.ac.uk/vol1/fastq/ERR414/ERR414659/ERR414659.fastq.gz	ftp.sra.ebi.ac.uk/vol1/run/ERR414/ERR414659/O2.UC28-1_111207.rmhost.single.fq.gz	
ERR414664	PRJEB5224	SAMEA2338762	ERX380967	408170	human gut metagenome	ftp.sra.ebi.ac.uk/vol1/fastq/ERR414/ERR414664/ERR414664.fastq.gz	ftp.sra.ebi.ac.uk/vol1/run/ERR414/ERR414664/O2.UC3-1_111207.rmhost.single.fq.gz	
ERR414666	PRJEB5224	SAMEA2338765	ERX380969	408170	human gut metagenome	ftp.sra.ebi.ac.uk/vol1/fastq/ERR414/ERR414666/ERR414666.fastq.gz	ftp.sra.ebi.ac.uk/vol1/run/ERR414/ERR414666/O2.UC35-1_111207.rmhost.single.fq.gz	
ERR414670	PRJEB5224	SAMEA2338768	ERX380973	408170	human gut metagenome	ftp.sra.ebi.ac.uk/vol1/fastq/ERR414/ERR414670/ERR414670.fastq.gz	ftp.sra.ebi.ac.uk/vol1/run/ERR414/ERR414670/O2.UC37-1_111207.rmhost.single.fq.gz	
ERR414676	PRJEB5224	SAMEA2338774	ERX380979	408170	human gut metagenome	ftp.sra.ebi.ac.uk/vol1/fastq/ERR414/ERR414676/ERR414676.fastq.gz	ftp.sra.ebi.ac.uk/vol1/run/ERR414/ERR414676/O2.UC44-1_111206.rmhost.single.fq.gz	
ERR414679	PRJEB5224	SAMEA2338777	ERX380982	408170	human gut metagenome	ftp.sra.ebi.ac.uk/vol1/fastq/ERR414/ERR414679/ERR414679.fastq.gz	ftp.sra.ebi.ac.uk/vol1/run/ERR414/ERR414679/O2.UC48-1_111213.rmhost.single.fq.gz	
ERR414681	PRJEB5224	SAMEA2338779	ERX380984	408170	human gut metagenome	ftp.sra.ebi.ac.uk/vol1/fastq/ERR414/ERR414681/ERR414681.fastq.gz	ftp.sra.ebi.ac.uk/vol1/run/ERR414/ERR414681/O2.UC6-0_100908.rmhost.single.fq.gz	
ERR414684	PRJEB5224	SAMEA2338782	ERX380987	408170	human gut metagenome	ftp.sra.ebi.ac.uk/vol1/fastq/ERR414/ERR414684/ERR414684.fastq.gz	ftp.sra.ebi.ac.uk/vol1/run/ERR414/ERR414684/O2.UC7-0_111207.rmhost.single.fq.gz	
ERR414685	PRJEB5224	SAMEA2338783	ERX380988	408170	human gut metagenome	ftp.sra.ebi.ac.uk/vol1/fastq/ERR414/ERR414685/ERR414685.fastq.gz	ftp.sra.ebi.ac.uk/vol1/run/ERR414/ERR414685/O2.UC7-1_111207.rmhost.single.fq.gz	
ERR414688	PRJEB5224	SAMEA2338786	ERX380991	408170	human gut metagenome	ftp.sra.ebi.ac.uk/vol1/fastq/ERR414/ERR414688/ERR414688.fastq.gz	ftp.sra.ebi.ac.uk/vol1/run/ERR414/ERR414688/O2.UC8-2_100908.rmhost.single.fq.gz	
ERR414694	PRJEB5224	SAMEA2338791	ERX380997	408170	human gut metagenome	ftp.sra.ebi.ac.uk/vol1/fastq/ERR414/ERR414694/ERR414694.fastq.gz	ftp.sra.ebi.ac.uk/vol1/run/ERR414/ERR414694/V1.CD1-3-PN_101220.rmhost.single.fq.gz	
ERR414695	PRJEB5224	SAMEA2338792	ERX380998	408170	human gut metagenome	ftp.sra.ebi.ac.uk/vol1/fastq/ERR414/ERR414695/ERR414695.fastq.gz	ftp.sra.ebi.ac.uk/vol1/run/ERR414/ERR414695/V1.CD20-0_100821.rmhost.single.fq.gz	
ERR414696	PRJEB5224	SAMEA2338792	ERX380999	408170	human gut metagenome	ftp.sra.ebi.ac.uk/vol1/fastq/ERR414/ERR414696/ERR414696.fastq.gz	ftp.sra.ebi.ac.uk/vol1/run/ERR414/ERR414696/V1.CD20-0_100902.rmhost.single.fq.gz	
ERR414700	PRJEB5224	SAMEA2338796	ERX381003	408170	human gut metagenome	ftp.sra.ebi.ac.uk/vol1/fastq/ERR414/ERR414700/ERR414700.fastq.gz	ftp.sra.ebi.ac.uk/vol1/run/ERR414/ERR414700/V1.CD3-0-PT_110820.rmhost.single.fq.gz	
ERR414701	PRJEB5224	SAMEA2338797	ERX381004	408170	human gut metagenome	ftp.sra.ebi.ac.uk/vol1/fastq/ERR414/ERR414701/ERR414701.fastq.gz	ftp.sra.ebi.ac.uk/vol1/run/ERR414/ERR414701/V1.CD32-0_100902.rmhost.single.fq.gz	
ERR414703	PRJEB5224	SAMEA2338798	ERX381006	408170	human gut metagenome	ftp.sra.ebi.ac.uk/vol1/fastq/ERR414/ERR414703/ERR414703.fastq.gz	ftp.sra.ebi.ac.uk/vol1/run/ERR414/ERR414703/V1.CD32-4_100902.rmhost.single.fq.gz	
ERR414711	PRJEB5224	SAMEA2338804	ERX381014	408170	human gut metagenome	ftp.sra.ebi.ac.uk/vol1/fastq/ERR414/ERR414711/ERR414711.fastq.gz	ftp.sra.ebi.ac.uk/vol1/run/ERR414/ERR414711/V1.CD43-0_101218.rmhost.single.fq.gz	
ERR414712	PRJEB5224	SAMEA2338805	ERX381015	408170	human gut metagenome	ftp.sra.ebi.ac.uk/vol1/fastq/ERR414/ERR414712/ERR414712.fastq.gz	ftp.sra.ebi.ac.uk/vol1/run/ERR414/ERR414712/V1.CD44-0_100816.rmhost.single.fq.gz	
ERR414715	PRJEB5224	SAMEA2338807	ERX381018	408170	human gut metagenome	ftp.sra.ebi.ac.uk/vol1/fastq/ERR414/ERR414715/ERR414715.fastq.gz	ftp.sra.ebi.ac.uk/vol1/run/ERR414/ERR414715/V1.CD45-0_100816.rmhost.single.fq.gz	
ERR414716	PRJEB5224	SAMEA2338807	ERX381019	408170	human gut metagenome	ftp.sra.ebi.ac.uk/vol1/fastq/ERR414/ERR414716/ERR414716.fastq.gz	ftp.sra.ebi.ac.uk/vol1/run/ERR414/ERR414716/V1.CD45-0_100902.rmhost.single.fq.gz	
ERR414718	PRJEB5224	SAMEA2338808	ERX381021	408170	human gut metagenome	ftp.sra.ebi.ac.uk/vol1/fastq/ERR414/ERR414718/ERR414718.fastq.gz	ftp.sra.ebi.ac.uk/vol1/run/ERR414/ERR414718/V1.CD46-0_100902.rmhost.single.fq.gz	
ERR414719	PRJEB5224	SAMEA2338809	ERX381022	408170	human gut metagenome	ftp.sra.ebi.ac.uk/vol1/fastq/ERR414/ERR414719/ERR414719.fastq.gz	ftp.sra.ebi.ac.uk/vol1/run/ERR414/ERR414719/V1.CD48-0_100816.rmhost.single.fq.gz	
ERR414722	PRJEB5224	SAMEA2338811	ERX381025	408170	human gut metagenome	ftp.sra.ebi.ac.uk/vol1/fastq/ERR414/ERR414722/ERR414722.fastq.gz	ftp.sra.ebi.ac.uk/vol1/run/ERR414/ERR414722/V1.CD50-0_101218.rmhost.single.fq.gz	
ERR414723	PRJEB5224	SAMEA2338812	ERX381026	408170	human gut metagenome	ftp.sra.ebi.ac.uk/vol1/fastq/ERR414/ERR414723/ERR414723.fastq.gz	ftp.sra.ebi.ac.uk/vol1/run/ERR414/ERR414723/V1.CD5-0-PN_101220.rmhost.single.fq.gz	
ERR414725	PRJEB5224	SAMEA2338814	ERX381028	408170	human gut metagenome	ftp.sra.ebi.ac.uk/vol1/fastq/ERR414/ERR414725/ERR414725.fastq.gz	ftp.sra.ebi.ac.uk/vol1/run/ERR414/ERR414725/V1.CD52-0_110821.rmhost.single.fq.gz	
ERR414726	PRJEB5224	SAMEA2338815	ERX381029	408170	human gut metagenome	ftp.sra.ebi.ac.uk/vol1/fastq/ERR414/ERR414726/ERR414726.fastq.gz	ftp.sra.ebi.ac.uk/vol1/run/ERR414/ERR414726/V1.CD53-0_110821.rmhost.single.fq.gz	
ERR414730	PRJEB5224	SAMEA2338819	ERX381033	408170	human gut metagenome	ftp.sra.ebi.ac.uk/vol1/fastq/ERR414/ERR414730/ERR414730.fastq.gz	ftp.sra.ebi.ac.uk/vol1/run/ERR414/ERR414730/V1.CD6-0-PT_110820.rmhost.single.fq.gz	
ERR414736	PRJEB5224	SAMEA2338825	ERX381039	408170	human gut metagenome	ftp.sra.ebi.ac.uk/vol1/fastq/ERR414/ERR414736/ERR414736.fastq.gz	ftp.sra.ebi.ac.uk/vol1/run/ERR414/ERR414736/V1.FI04_110822.rmhost.single.fq.gz	
ERR414738	PRJEB5224	SAMEA2338827	ERX381041	408170	human gut metagenome	ftp.sra.ebi.ac.uk/vol1/fastq/ERR414/ERR414738/ERR414738.fastq.gz	ftp.sra.ebi.ac.uk/vol1/run/ERR414/ERR414738/V1.FI06_110822.rmhost.single.fq.gz	
ERR414742	PRJEB5224	SAMEA2338831	ERX381045	408170	human gut metagenome	ftp.sra.ebi.ac.uk/vol1/fastq/ERR414/ERR414742/ERR414742.fastq.gz	ftp.sra.ebi.ac.uk/vol1/run/ERR414/ERR414742/V1.FI10_110821.rmhost.single.fq.gz	
ERR414743	PRJEB5224	SAMEA2338832	ERX381046	408170	human gut metagenome	ftp.sra.ebi.ac.uk/vol1/fastq/ERR414/ERR414743/ERR414743.fastq.gz	ftp.sra.ebi.ac.uk/vol1/run/ERR414/ERR414743/V1.FI11_110821.rmhost.single.fq.gz	
ERR414747	PRJEB5224	SAMEA2338836	ERX381050	408170	human gut metagenome	ftp.sra.ebi.ac.uk/vol1/fastq/ERR414/ERR414747/ERR414747.fastq.gz	ftp.sra.ebi.ac.uk/vol1/run/ERR414/ERR414747/V1.FI15_110821.rmhost.single.fq.gz	
ERR414752	PRJEB5224	SAMEA2338841	ERX381055	408170	human gut metagenome	ftp.sra.ebi.ac.uk/vol1/fastq/ERR414/ERR414752/ERR414752.fastq.gz	ftp.sra.ebi.ac.uk/vol1/run/ERR414/ERR414752/V1.FI20_110822.rmhost.single.fq.gz	
ERR414753	PRJEB5224	SAMEA2338842	ERX381056	408170	human gut metagenome	ftp.sra.ebi.ac.uk/vol1/fastq/ERR414/ERR414753/ERR414753.fastq.gz	ftp.sra.ebi.ac.uk/vol1/run/ERR414/ERR414753/V1.FI21_110822.rmhost.single.fq.gz	
ERR414756	PRJEB5224	SAMEA2338845	ERX381059	408170	human gut metagenome	ftp.sra.ebi.ac.uk/vol1/fastq/ERR414/ERR414756/ERR414756.fastq.gz	ftp.sra.ebi.ac.uk/vol1/run/ERR414/ERR414756/V1.FI24_110822.rmhost.single.fq.gz	
ERR414757	PRJEB5224	SAMEA2338846	ERX381060	408170	human gut metagenome	ftp.sra.ebi.ac.uk/vol1/fastq/ERR414/ERR414757/ERR414757.fastq.gz	ftp.sra.ebi.ac.uk/vol1/run/ERR414/ERR414757/V1.FI25_110822.rmhost.single.fq.gz	
ERR414759	PRJEB5224	SAMEA2338848	ERX381062	408170	human gut metagenome	ftp.sra.ebi.ac.uk/vol1/fastq/ERR414/ERR414759/ERR414759.fastq.gz	ftp.sra.ebi.ac.uk/vol1/run/ERR414/ERR414759/V1.FI27_110822.rmhost.single.fq.gz	
ERR414761	PRJEB5224	SAMEA2338850	ERX381064	408170	human gut metagenome	ftp.sra.ebi.ac.uk/vol1/fastq/ERR414/ERR414761/ERR414761.fastq.gz	ftp.sra.ebi.ac.uk/vol1/run/ERR414/ERR414761/V1.FI29_110822.rmhost.single.fq.gz	
ERR414763	PRJEB5224	SAMEA2338852	ERX381066	408170	human gut metagenome	ftp.sra.ebi.ac.uk/vol1/fastq/ERR414/ERR414763/ERR414763.fastq.gz	ftp.sra.ebi.ac.uk/vol1/run/ERR414/ERR414763/V1.FI31_110822.rmhost.single.fq.gz	
ERR414765	PRJEB5224	SAMEA2338854	ERX381068	408170	human gut metagenome	ftp.sra.ebi.ac.uk/vol1/fastq/ERR414/ERR414765/ERR414765.fastq.gz	ftp.sra.ebi.ac.uk/vol1/run/ERR414/ERR414765/V1.FI33_110822.rmhost.single.fq.gz	
ERR414766	PRJEB5224	SAMEA2338855	ERX381069	408170	human gut metagenome	ftp.sra.ebi.ac.uk/vol1/fastq/ERR414/ERR414766/ERR414766.fastq.gz	ftp.sra.ebi.ac.uk/vol1/run/ERR414/ERR414766/V1.FI34_110822.rmhost.single.fq.gz	
ERR414770	PRJEB5224	SAMEA2338859	ERX381073	408170	human gut metagenome	ftp.sra.ebi.ac.uk/vol1/fastq/ERR414/ERR414770/ERR414770.fastq.gz	ftp.sra.ebi.ac.uk/vol1/run/ERR414/ERR414770/V1.UC22-1_100816.rmhost.single.fq.gz	
ERR414771	PRJEB5224	SAMEA2338859	ERX381074	408170	human gut metagenome	ftp.sra.ebi.ac.uk/vol1/fastq/ERR414/ERR414771/ERR414771.fastq.gz	ftp.sra.ebi.ac.uk/vol1/run/ERR414/ERR414771/V1.UC22-1_100902.rmhost.single.fq.gz	
ERR414772	PRJEB5224	SAMEA2338860	ERX381075	408170	human gut metagenome	ftp.sra.ebi.ac.uk/vol1/fastq/ERR414/ERR414772/ERR414772.fastq.gz	ftp.sra.ebi.ac.uk/vol1/run/ERR414/ERR414772/V1.UC38-4_100816.rmhost.single.fq.gz	
ERR414773	PRJEB5224	SAMEA2338860	ERX381076	408170	human gut metagenome	ftp.sra.ebi.ac.uk/vol1/fastq/ERR414/ERR414773/ERR414773.fastq.gz	ftp.sra.ebi.ac.uk/vol1/run/ERR414/ERR414773/V1.UC38-4_100902.rmhost.single.fq.gz	
ERR414780	PRJEB5224	SAMEA2338865	ERX381083	408170	human gut metagenome	ftp.sra.ebi.ac.uk/vol1/fastq/ERR414/ERR414780/ERR414780.fastq.gz	ftp.sra.ebi.ac.uk/vol1/run/ERR414/ERR414780/V1.UC56-1_100902.rmhost.single.fq.gz	
ERR414781	PRJEB5224	SAMEA2338866	ERX381084	408170	human gut metagenome	ftp.sra.ebi.ac.uk/vol1/fastq/ERR414/ERR414781/ERR414781.fastq.gz	ftp.sra.ebi.ac.uk/vol1/run/ERR414/ERR414781/V1.UC58-4_110821.rmhost.single.fq.gz	
ERR414784	PRJEB5224	SAMEA2338868	ERX381087	408170	human gut metagenome	ftp.sra.ebi.ac.uk/vol1/fastq/ERR414/ERR414784/ERR414784.fastq.gz	ftp.sra.ebi.ac.uk/vol1/run/ERR414/ERR414784/V1.UC59-4_110821.rmhost.single.fq.gz	
ERR414787	PRJEB5224	SAMEA2338869	ERX381090	408170	human gut metagenome	ftp.sra.ebi.ac.uk/vol1/fastq/ERR414/ERR414787/ERR414787.fastq.gz	ftp.sra.ebi.ac.uk/vol1/run/ERR414/ERR414787/V1.UC60-0_101005.rmhost.single.fq.gz	
ERR414788	PRJEB5224	SAMEA2338870	ERX381091	408170	human gut metagenome	ftp.sra.ebi.ac.uk/vol1/fastq/ERR414/ERR414788/ERR414788.fastq.gz	ftp.sra.ebi.ac.uk/vol1/run/ERR414/ERR414788/V1.UC63-0_100811.rmhost.single.fq.gz	
ERR414791	PRJEB5224	SAMEA2338871	ERX381094	408170	human gut metagenome	ftp.sra.ebi.ac.uk/vol1/fastq/ERR414/ERR414791/ERR414791.fastq.gz	ftp.sra.ebi.ac.uk/vol1/run/ERR414/ERR414791/V1.UC64-0_101220.rmhost.single.fq.gz	
