run_accession	study_accession	sample_accession	experiment_accession	tax_id	scientific_name	fastq_ftp	submitted_ftp	bam_ftp
ERR209056	PRJEB1220	SAMEA2042280	ERX183721	408170	human gut metagenome	ftp.sra.ebi.ac.uk/vol1/fastq/ERR209/ERR209056/ERR209056_1.fastq.gz;ftp.sra.ebi.ac.uk/vol1/fastq/ERR209/ERR209056/ERR209056_2.fastq.gz	ftp.sra.ebi.ac.uk/vol1/run/ERR209/ERR209056/MH0001_081123.rmhost.pair.1.fq.gz;ftp.sra.ebi.ac.uk/vol1/run/ERR209/ERR209056/MH0001_081123.rmhost.pair.2.fq.gz	
ERR209060	PRJEB1220	SAMEA2042282	ERX183725	408170	human gut metagenome	ftp.sra.ebi.ac.uk/vol1/fastq/ERR209/ERR209060/ERR209060_1.fastq.gz;ftp.sra.ebi.ac.uk/vol1/fastq/ERR209/ERR209060/ERR209060_2.fastq.gz	ftp.sra.ebi.ac.uk/vol1/run/ERR209/ERR209060/MH0003_081203.rmhost.pair.1.fq.gz;ftp.sra.ebi.ac.uk/vol1/run/ERR209/ERR209060/MH0003_081203.rmhost.pair.2.fq.gz	
ERR209064	PRJEB1220	SAMEA2042283	ERX183729	408170	human gut metagenome	ftp.sra.ebi.ac.uk/vol1/fastq/ERR209/ERR209064/ERR209064_1.fastq.gz;ftp.sra.ebi.ac.uk/vol1/fastq/ERR209/ERR209064/ERR209064_2.fastq.gz	ftp.sra.ebi.ac.uk/vol1/run/ERR209/ERR209064/MH0004_081123.rmhost.pair.1.fq.gz;ftp.sra.ebi.ac.uk/vol1/run/ERR209/ERR209064/MH0004_081123.rmhost.pair.2.fq.gz	
ERR209066	PRJEB1220	SAMEA2042284	ERX183731	408170	human gut metagenome	ftp.sra.ebi.ac.uk/vol1/fastq/ERR209/ERR209066/ERR209066_1.fastq.gz;ftp.sra.ebi.ac.uk/vol1/fastq/ERR209/ERR209066/ERR209066_2.fastq.gz	ftp.sra.ebi.ac.uk/vol1/run/ERR209/ERR209066/MH0005_081120.rmhost.pair.1.fq.gz;ftp.sra.ebi.ac.uk/vol1/run/ERR209/ERR209066/MH0005_081120.rmhost.pair.2.fq.gz	
ERR209076	PRJEB1220	SAMEA1972794	ERX183741	408170	human gut metagenome	ftp.sra.ebi.ac.uk/vol1/fastq/ERR209/ERR209076/ERR209076_1.fastq.gz;ftp.sra.ebi.ac.uk/vol1/fastq/ERR209/ERR209076/ERR209076_2.fastq.gz	ftp.sra.ebi.ac.uk/vol1/run/ERR209/ERR209076/MH0008_081123.rmhost.pair.1.fq.gz;ftp.sra.ebi.ac.uk/vol1/run/ERR209/ERR209076/MH0008_081123.rmhost.pair.2.fq.gz	
ERR209080	PRJEB1220	SAMEA2042361	ERX183745	408170	human gut metagenome	ftp.sra.ebi.ac.uk/vol1/fastq/ERR209/ERR209080/ERR209080_1.fastq.gz;ftp.sra.ebi.ac.uk/vol1/fastq/ERR209/ERR209080/ERR209080_2.fastq.gz	ftp.sra.ebi.ac.uk/vol1/run/ERR209/ERR209080/MH0010_081113.rmhost.pair.1.fq.gz;ftp.sra.ebi.ac.uk/vol1/run/ERR209/ERR209080/MH0010_081113.rmhost.pair.2.fq.gz	
ERR209081	PRJEB1220	SAMEA2042361	ERX183746	408170	human gut metagenome	ftp.sra.ebi.ac.uk/vol1/fastq/ERR209/ERR209081/ERR209081_1.fastq.gz;ftp.sra.ebi.ac.uk/vol1/fastq/ERR209/ERR209081/ERR209081_2.fastq.gz	ftp.sra.ebi.ac.uk/vol1/run/ERR209/ERR209081/MH0010_081120.rmhost.pair.1.fq.gz;ftp.sra.ebi.ac.uk/vol1/run/ERR209/ERR209081/MH0010_081120.rmhost.pair.2.fq.gz	
ERR209083	PRJEB1220	SAMEA2042362	ERX183748	408170	human gut metagenome	ftp.sra.ebi.ac.uk/vol1/fastq/ERR209/ERR209083/ERR209083_1.fastq.gz;ftp.sra.ebi.ac.uk/vol1/fastq/ERR209/ERR209083/ERR209083_2.fastq.gz	ftp.sra.ebi.ac.uk/vol1/run/ERR209/ERR209083/MH0011_081224.rmhost.pair.1.fq.gz;ftp.sra.ebi.ac.uk/vol1/run/ERR209/ERR209083/MH0011_081224.rmhost.pair.2.fq.gz	
ERR209086	PRJEB1220	SAMEA2042363	ERX183751	408170	human gut metagenome	ftp.sra.ebi.ac.uk/vol1/fastq/ERR209/ERR209086/ERR209086_1.fastq.gz;ftp.sra.ebi.ac.uk/vol1/fastq/ERR209/ERR209086/ERR209086_2.fastq.gz	ftp.sra.ebi.ac.uk/vol1/run/ERR209/ERR209086/MH0012_081224.rmhost.pair.1.fq.gz;ftp.sra.ebi.ac.uk/vol1/run/ERR209/ERR209086/MH0012_081224.rmhost.pair.2.fq.gz	
ERR209088	PRJEB1220	SAMEA2042363	ERX183753	408170	human gut metagenome	ftp.sra.ebi.ac.uk/vol1/fastq/ERR209/ERR209088/ERR209088_1.fastq.gz;ftp.sra.ebi.ac.uk/vol1/fastq/ERR209/ERR209088/ERR209088_2.fastq.gz	ftp.sra.ebi.ac.uk/vol1/run/ERR209/ERR209088/MH0012_lane2.rmhost.pair.1.fq.gz;ftp.sra.ebi.ac.uk/vol1/run/ERR209/ERR209088/MH0012_lane2.rmhost.pair.2.fq.gz	
ERR209092	PRJEB1220	SAMEA2042364	ERX183757	408170	human gut metagenome	ftp.sra.ebi.ac.uk/vol1/fastq/ERR209/ERR209092/ERR209092_1.fastq.gz;ftp.sra.ebi.ac.uk/vol1/fastq/ERR209/ERR209092/ERR209092_2.fastq.gz	ftp.sra.ebi.ac.uk/vol1/run/ERR209/ERR209092/MH0013_081113.rmhost.pair.1.fq.gz;ftp.sra.ebi.ac.uk/vol1/run/ERR209/ERR209092/MH0013_081113.rmhost.pair.2.fq.gz	
ERR209093	PRJEB1220	SAMEA2042364	ERX183758	408170	human gut metagenome	ftp.sra.ebi.ac.uk/vol1/fastq/ERR209/ERR209093/ERR209093_1.fastq.gz;ftp.sra.ebi.ac.uk/vol1/fastq/ERR209/ERR209093/ERR209093_2.fastq.gz	ftp.sra.ebi.ac.uk/vol1/run/ERR209/ERR209093/MH0013_081120.rmhost.pair.1.fq.gz;ftp.sra.ebi.ac.uk/vol1/run/ERR209/ERR209093/MH0013_081120.rmhost.pair.2.fq.gz	
ERR209097	PRJEB1220	SAMEA2042366	ERX183762	408170	human gut metagenome	ftp.sra.ebi.ac.uk/vol1/fastq/ERR209/ERR209097/ERR209097_1.fastq.gz;ftp.sra.ebi.ac.uk/vol1/fastq/ERR209/ERR209097/ERR209097_2.fastq.gz	ftp.sra.ebi.ac.uk/vol1/run/ERR209/ERR209097/MH0015_081108.rmhost.pair.1.fq.gz;ftp.sra.ebi.ac.uk/vol1/run/ERR209/ERR209097/MH0015_081108.rmhost.pair.2.fq.gz	
ERR209099	PRJEB1220	SAMEA2042367	ERX183764	408170	human gut metagenome	ftp.sra.ebi.ac.uk/vol1/fastq/ERR209/ERR209099/ERR209099_1.fastq.gz;ftp.sra.ebi.ac.uk/vol1/fastq/ERR209/ERR209099/ERR209099_2.fastq.gz	ftp.sra.ebi.ac.uk/vol1/run/ERR209/ERR209099/MH0016_081203.rmhost.pair.1.fq.gz;ftp.sra.ebi.ac.uk/vol1/run/ERR209/ERR209099/MH0016_081203.rmhost.pair.2.fq.gz	
ERR209101	PRJEB1220	SAMEA2042367	ERX183766	408170	human gut metagenome	ftp.sra.ebi.ac.uk/vol1/fastq/ERR209/ERR209101/ERR209101_1.fastq.gz;ftp.sra.ebi.ac.uk/vol1/fastq/ERR209/ERR209101/ERR209101_2.fastq.gz	ftp.sra.ebi.ac.uk/vol1/run/ERR209/ERR209101/MH0016_090120.rmhost.pair.1.fq.gz;ftp.sra.ebi.ac.uk/vol1/run/ERR209/ERR209101/MH0016_090120.rmhost.pair.2.fq.gz	
ERR209103	PRJEB1220	SAMEA2042368	ERX183768	408170	human gut metagenome	ftp.sra.ebi.ac.uk/vol1/fastq/ERR209/ERR209103/ERR209103_1.fastq.gz;ftp.sra.ebi.ac.uk/vol1/fastq/ERR209/ERR209103/ERR209103_2.fastq.gz	ftp.sra.ebi.ac.uk/vol1/run/ERR209/ERR209103/MH0017_081119.rmhost.pair.1.fq.gz;ftp.sra.ebi.ac.uk/vol1/run/ERR209/ERR209103/MH0017_081119.rmhost.pair.2.fq.gz	
ERR209104	PRJEB1220	SAMEA2042369	ERX183769	408170	human gut metagenome	ftp.sra.ebi.ac.uk/vol1/fastq/ERR209/ERR209104/ERR209104_1.fastq.gz;ftp.sra.ebi.ac.uk/vol1/fastq/ERR209/ERR209104/ERR209104_2.fastq.gz	ftp.sra.ebi.ac.uk/vol1/run/ERR209/ERR209104/MH0018_081108.rmhost.pair.1.fq.gz;ftp.sra.ebi.ac.uk/vol1/run/ERR209/ERR209104/MH0018_081108.rmhost.pair.2.fq.gz	
ERR209113	PRJEB1220	SAMEA2042374	ERX183778	408170	human gut metagenome	ftp.sra.ebi.ac.uk/vol1/fastq/ERR209/ERR209113/ERR209113_1.fastq.gz;ftp.sra.ebi.ac.uk/vol1/fastq/ERR209/ERR209113/ERR209113_2.fastq.gz	ftp.sra.ebi.ac.uk/vol1/run/ERR209/ERR209113/MH0022_081119.rmhost.pair.1.fq.gz;ftp.sra.ebi.ac.uk/vol1/run/ERR209/ERR209113/MH0022_081119.rmhost.pair.2.fq.gz	
ERR209114	PRJEB1220	SAMEA2042375	ERX183779	408170	human gut metagenome	ftp.sra.ebi.ac.uk/vol1/fastq/ERR209/ERR209114/ERR209114_1.fastq.gz;ftp.sra.ebi.ac.uk/vol1/fastq/ERR209/ERR209114/ERR209114_2.fastq.gz	ftp.sra.ebi.ac.uk/vol1/run/ERR209/ERR209114/MH0023_081108.rmhost.pair.1.fq.gz;ftp.sra.ebi.ac.uk/vol1/run/ERR209/ERR209114/MH0023_081108.rmhost.pair.2.fq.gz	
ERR209115	PRJEB1220	SAMEA2042375	ERX183780	408170	human gut metagenome	ftp.sra.ebi.ac.uk/vol1/fastq/ERR209/ERR209115/ERR209115_1.fastq.gz;ftp.sra.ebi.ac.uk/vol1/fastq/ERR209/ERR209115/ERR209115_2.fastq.gz	ftp.sra.ebi.ac.uk/vol1/run/ERR209/ERR209115/MH0023_081119.rmhost.pair.1.fq.gz;ftp.sra.ebi.ac.uk/vol1/run/ERR209/ERR209115/MH0023_081119.rmhost.pair.2.fq.gz	
ERR209125	PRJEB1220	SAMEA1965033	ERX183790	408170	human gut metagenome	ftp.sra.ebi.ac.uk/vol1/fastq/ERR209/ERR209125/ERR209125_1.fastq.gz;ftp.sra.ebi.ac.uk/vol1/fastq/ERR209/ERR209125/ERR209125_2.fastq.gz	ftp.sra.ebi.ac.uk/vol1/run/ERR209/ERR209125/MH0028_090121.rmhost.pair.1.fq.gz;ftp.sra.ebi.ac.uk/vol1/run/ERR209/ERR209125/MH0028_090121.rmhost.pair.2.fq.gz	
ERR209127	PRJEB1220	SAMEA2042090	ERX183792	408170	human gut metagenome	ftp.sra.ebi.ac.uk/vol1/fastq/ERR209/ERR209127/ERR209127_1.fastq.gz;ftp.sra.ebi.ac.uk/vol1/fastq/ERR209/ERR209127/ERR209127_2.fastq.gz	ftp.sra.ebi.ac.uk/vol1/run/ERR209/ERR209127/MH0030_090121.rmhost.pair.1.fq.gz;ftp.sra.ebi.ac.uk/vol1/run/ERR209/ERR209127/MH0030_090121.rmhost.pair.2.fq.gz	
ERR209128	PRJEB1220	SAMEA2042091	ERX183793	408170	human gut metagenome	ftp.sra.ebi.ac.uk/vol1/fastq/ERR209/ERR209128/ERR209128_1.fastq.gz;ftp.sra.ebi.ac.uk/vol1/fastq/ERR209/ERR209128/ERR209128_2.fastq.gz	ftp.sra.ebi.ac.uk/vol1/run/ERR209/ERR209128/MH0031_081223.rmhost.pair.1.fq.gz;ftp.sra.ebi.ac.uk/vol1/run/ERR209/ERR209128/MH0031_081223.rmhost.pair.2.fq.gz	
ERR209130	PRJEB1220	SAMEA2042092	ERX183795	408170	human gut metagenome	ftp.sra.ebi.ac.uk/vol1/fastq/ERR209/ERR209130/ERR209130_1.fastq.gz;ftp.sra.ebi.ac.uk/vol1/fastq/ERR209/ERR209130/ERR209130_2.fastq.gz	ftp.sra.ebi.ac.uk/vol1/run/ERR209/ERR209130/MH0032_081224.rmhost.pair.1.fq.gz;ftp.sra.ebi.ac.uk/vol1/run/ERR209/ERR209130/MH0032_081224.rmhost.pair.2.fq.gz	
ERR209135	PRJEB1220	SAMEA2042095	ERX183800	408170	human gut metagenome	ftp.sra.ebi.ac.uk/vol1/fastq/ERR209/ERR209135/ERR209135_1.fastq.gz;ftp.sra.ebi.ac.uk/vol1/fastq/ERR209/ERR209135/ERR209135_2.fastq.gz	ftp.sra.ebi.ac.uk/vol1/run/ERR209/ERR209135/MH0034_090122.rmhost.pair.1.fq.gz;ftp.sra.ebi.ac.uk/vol1/run/ERR209/ERR209135/MH0034_090122.rmhost.pair.2.fq.gz	
ERR209140	PRJEB1220	SAMEA2042098	ERX183805	408170	human gut metagenome	ftp.sra.ebi.ac.uk/vol1/fastq/ERR209/ERR209140/ERR209140_1.fastq.gz;ftp.sra.ebi.ac.uk/vol1/fastq/ERR209/ERR209140/ERR209140_2.fastq.gz	ftp.sra.ebi.ac.uk/vol1/run/ERR209/ERR209140/MH0037_081226.rmhost.pair.1.fq.gz;ftp.sra.ebi.ac.uk/vol1/run/ERR209/ERR209140/MH0037_081226.rmhost.pair.2.fq.gz	
ERR209153	PRJEB1220	SAMEA2042194	ERX183818	408170	human gut metagenome	ftp.sra.ebi.ac.uk/vol1/fastq/ERR209/ERR209153/ERR209153_1.fastq.gz;ftp.sra.ebi.ac.uk/vol1/fastq/ERR209/ERR209153/ERR209153_2.fastq.gz	ftp.sra.ebi.ac.uk/vol1/run/ERR209/ERR209153/MH0043_090125.rmhost.pair.1.fq.gz;ftp.sra.ebi.ac.uk/vol1/run/ERR209/ERR209153/MH0043_090125.rmhost.pair.2.fq.gz	
ERR209154	PRJEB1220	SAMEA2042195	ERX183819	408170	human gut metagenome	ftp.sra.ebi.ac.uk/vol1/fastq/ERR209/ERR209154/ERR209154_1.fastq.gz;ftp.sra.ebi.ac.uk/vol1/fastq/ERR209/ERR209154/ERR209154_2.fastq.gz	ftp.sra.ebi.ac.uk/vol1/run/ERR209/ERR209154/MH0044_081222.rmhost.pair.1.fq.gz;ftp.sra.ebi.ac.uk/vol1/run/ERR209/ERR209154/MH0044_081222.rmhost.pair.2.fq.gz	
ERR209159	PRJEB1220	SAMEA2042197	ERX183824	408170	human gut metagenome	ftp.sra.ebi.ac.uk/vol1/fastq/ERR209/ERR209159/ERR209159_1.fastq.gz;ftp.sra.ebi.ac.uk/vol1/fastq/ERR209/ERR209159/ERR209159_2.fastq.gz	ftp.sra.ebi.ac.uk/vol1/run/ERR209/ERR209159/MH0046_090125.rmhost.pair.1.fq.gz;ftp.sra.ebi.ac.uk/vol1/run/ERR209/ERR209159/MH0046_090125.rmhost.pair.2.fq.gz	
ERR209161	PRJEB1220	SAMEA2042198	ERX183826	408170	human gut metagenome	ftp.sra.ebi.ac.uk/vol1/fastq/ERR209/ERR209161/ERR209161_1.fastq.gz;ftp.sra.ebi.ac.uk/vol1/fastq/ERR209/ERR209161/ERR209161_2.fastq.gz	ftp.sra.ebi.ac.uk/vol1/run/ERR209/ERR209161/MH0047_090201.rmhost.pair.1.fq.gz;ftp.sra.ebi.ac.uk/vol1/run/ERR209/ERR209161/MH0047_090201.rmhost.pair.2.fq.gz	
ERR209162	PRJEB1220	SAMEA2042199	ERX183827	408170	human gut metagenome	ftp.sra.ebi.ac.uk/vol1/fastq/ERR209/ERR209162/ERR209162_1.fastq.gz;ftp.sra.ebi.ac.uk/vol1/fastq/ERR209/ERR209162/ERR209162_2.fastq.gz	ftp.sra.ebi.ac.uk/vol1/run/ERR209/ERR209162/MH0048_081226.rmhost.pair.1.fq.gz;ftp.sra.ebi.ac.uk/vol1/run/ERR209/ERR209162/MH0048_081226.rmhost.pair.2.fq.gz	
ERR209166	PRJEB1220	SAMEA2042201	ERX183831	408170	human gut metagenome	ftp.sra.ebi.ac.uk/vol1/fastq/ERR209/ERR209166/ERR209166_1.fastq.gz;ftp.sra.ebi.ac.uk/vol1/fastq/ERR209/ERR209166/ERR209166_2.fastq.gz	ftp.sra.ebi.ac.uk/vol1/run/ERR209/ERR209166/MH0050_081223.rmhost.pair.1.fq.gz;ftp.sra.ebi.ac.uk/vol1/run/ERR209/ERR209166/MH0050_081223.rmhost.pair.2.fq.gz	
ERR209169	PRJEB1220	SAMEA2042202	ERX183834	408170	human gut metagenome	ftp.sra.ebi.ac.uk/vol1/fastq/ERR209/ERR209169/ERR209169_1.fastq.gz;ftp.sra.ebi.ac.uk/vol1/fastq/ERR209/ERR209169/ERR209169_2.fastq.gz	ftp.sra.ebi.ac.uk/vol1/run/ERR209/ERR209169/MH0051_090201.rmhost.pair.1.fq.gz;ftp.sra.ebi.ac.uk/vol1/run/ERR209/ERR209169/MH0051_090201.rmhost.pair.2.fq.gz	
ERR209170	PRJEB1220	SAMEA2042203	ERX183835	408170	human gut metagenome	ftp.sra.ebi.ac.uk/vol1/fastq/ERR209/ERR209170/ERR209170_1.fastq.gz;ftp.sra.ebi.ac.uk/vol1/fastq/ERR209/ERR209170/ERR209170_2.fastq.gz	ftp.sra.ebi.ac.uk/vol1/run/ERR209/ERR209170/MH0052_090103.rmhost.pair.1.fq.gz;ftp.sra.ebi.ac.uk/vol1/run/ERR209/ERR209170/MH0052_090103.rmhost.pair.2.fq.gz	
ERR209173	PRJEB1220	SAMEA2042204	ERX183838	408170	human gut metagenome	ftp.sra.ebi.ac.uk/vol1/fastq/ERR209/ERR209173/ERR209173_1.fastq.gz;ftp.sra.ebi.ac.uk/vol1/fastq/ERR209/ERR209173/ERR209173_2.fastq.gz	ftp.sra.ebi.ac.uk/vol1/run/ERR209/ERR209173/MH0053_090125.rmhost.pair.1.fq.gz;ftp.sra.ebi.ac.uk/vol1/run/ERR209/ERR209173/MH0053_090125.rmhost.pair.2.fq.gz	
ERR209176	PRJEB1220	SAMEA2042206	ERX183841	408170	human gut metagenome	ftp.sra.ebi.ac.uk/vol1/fastq/ERR209/ERR209176/ERR209176_1.fastq.gz;ftp.sra.ebi.ac.uk/vol1/fastq/ERR209/ERR209176/ERR209176_2.fastq.gz	ftp.sra.ebi.ac.uk/vol1/run/ERR209/ERR209176/MH0055_081223.rmhost.pair.1.fq.gz;ftp.sra.ebi.ac.uk/vol1/run/ERR209/ERR209176/MH0055_081223.rmhost.pair.2.fq.gz	
ERR209177	PRJEB1220	SAMEA2042206	ERX183842	408170	human gut metagenome	ftp.sra.ebi.ac.uk/vol1/fastq/ERR209/ERR209177/ERR209177_1.fastq.gz;ftp.sra.ebi.ac.uk/vol1/fastq/ERR209/ERR209177/ERR209177_2.fastq.gz	ftp.sra.ebi.ac.uk/vol1/run/ERR209/ERR209177/MH0055_090125.rmhost.pair.1.fq.gz;ftp.sra.ebi.ac.uk/vol1/run/ERR209/ERR209177/MH0055_090125.rmhost.pair.2.fq.gz	
ERR209179	PRJEB1220	SAMEA2042287	ERX183844	408170	human gut metagenome	ftp.sra.ebi.ac.uk/vol1/fastq/ERR209/ERR209179/ERR209179_1.fastq.gz;ftp.sra.ebi.ac.uk/vol1/fastq/ERR209/ERR209179/ERR209179_2.fastq.gz	ftp.sra.ebi.ac.uk/vol1/run/ERR209/ERR209179/MH0056_090125.rmhost.pair.1.fq.gz;ftp.sra.ebi.ac.uk/vol1/run/ERR209/ERR209179/MH0056_090125.rmhost.pair.2.fq.gz	
ERR209180	PRJEB1220	SAMEA2042288	ERX183845	408170	human gut metagenome	ftp.sra.ebi.ac.uk/vol1/fastq/ERR209/ERR209180/ERR209180_1.fastq.gz;ftp.sra.ebi.ac.uk/vol1/fastq/ERR209/ERR209180/ERR209180_2.fastq.gz	ftp.sra.ebi.ac.uk/vol1/run/ERR209/ERR209180/MH0057_081222.rmhost.pair.1.fq.gz;ftp.sra.ebi.ac.uk/vol1/run/ERR209/ERR209180/MH0057_081222.rmhost.pair.2.fq.gz	
ERR209184	PRJEB1220	SAMEA2042290	ERX183849	408170	human gut metagenome	ftp.sra.ebi.ac.uk/vol1/fastq/ERR209/ERR209184/ERR209184_1.fastq.gz;ftp.sra.ebi.ac.uk/vol1/fastq/ERR209/ERR209184/ERR209184_2.fastq.gz	ftp.sra.ebi.ac.uk/vol1/run/ERR209/ERR209184/MH0059_081230.rmhost.pair.1.fq.gz;ftp.sra.ebi.ac.uk/vol1/run/ERR209/ERR209184/MH0059_081230.rmhost.pair.2.fq.gz	
ERR209186	PRJEB1220	SAMEA2042292	ERX183851	408170	human gut metagenome	ftp.sra.ebi.ac.uk/vol1/fastq/ERR209/ERR209186/ERR209186_1.fastq.gz;ftp.sra.ebi.ac.uk/vol1/fastq/ERR209/ERR209186/ERR209186_2.fastq.gz	ftp.sra.ebi.ac.uk/vol1/run/ERR209/ERR209186/MH0060_081222.rmhost.pair.1.fq.gz;ftp.sra.ebi.ac.uk/vol1/run/ERR209/ERR209186/MH0060_081222.rmhost.pair.2.fq.gz	
ERR209187	PRJEB1220	SAMEA2042292	ERX183852	408170	human gut metagenome	ftp.sra.ebi.ac.uk/vol1/fastq/ERR209/ERR209187/ERR209187_1.fastq.gz;ftp.sra.ebi.ac.uk/vol1/fastq/ERR209/ERR209187/ERR209187_2.fastq.gz	ftp.sra.ebi.ac.uk/vol1/run/ERR209/ERR209187/MH0060_090125.rmhost.pair.1.fq.gz;ftp.sra.ebi.ac.uk/vol1/run/ERR209/ERR209187/MH0060_090125.rmhost.pair.2.fq.gz	
ERR209189	PRJEB1220	SAMEA2042293	ERX183854	408170	human gut metagenome	ftp.sra.ebi.ac.uk/vol1/fastq/ERR209/ERR209189/ERR209189_1.fastq.gz;ftp.sra.ebi.ac.uk/vol1/fastq/ERR209/ERR209189/ERR209189_2.fastq.gz	ftp.sra.ebi.ac.uk/vol1/run/ERR209/ERR209189/MH0061_090126.rmhost.pair.1.fq.gz;ftp.sra.ebi.ac.uk/vol1/run/ERR209/ERR209189/MH0061_090126.rmhost.pair.2.fq.gz	
ERR209192	PRJEB1220	SAMEA2042295	ERX183857	408170	human gut metagenome	ftp.sra.ebi.ac.uk/vol1/fastq/ERR209/ERR209192/ERR209192_1.fastq.gz;ftp.sra.ebi.ac.uk/vol1/fastq/ERR209/ERR209192/ERR209192_2.fastq.gz	ftp.sra.ebi.ac.uk/vol1/run/ERR209/ERR209192/MH0063_090103.rmhost.pair.1.fq.gz;ftp.sra.ebi.ac.uk/vol1/run/ERR209/ERR209192/MH0063_090103.rmhost.pair.2.fq.gz	
ERR209193	PRJEB1220	SAMEA2042295	ERX183858	408170	human gut metagenome	ftp.sra.ebi.ac.uk/vol1/fastq/ERR209/ERR209193/ERR209193_1.fastq.gz;ftp.sra.ebi.ac.uk/vol1/fastq/ERR209/ERR209193/ERR209193_2.fastq.gz	ftp.sra.ebi.ac.uk/vol1/run/ERR209/ERR209193/MH0063_090126.rmhost.pair.1.fq.gz;ftp.sra.ebi.ac.uk/vol1/run/ERR209/ERR209193/MH0063_090126.rmhost.pair.2.fq.gz	
ERR209198	PRJEB1220	SAMEA2042298	ERX183863	408170	human gut metagenome	ftp.sra.ebi.ac.uk/vol1/fastq/ERR209/ERR209198/ERR209198_1.fastq.gz;ftp.sra.ebi.ac.uk/vol1/fastq/ERR209/ERR209198/ERR209198_2.fastq.gz	ftp.sra.ebi.ac.uk/vol1/run/ERR209/ERR209198/MH0066_081223.rmhost.pair.1.fq.gz;ftp.sra.ebi.ac.uk/vol1/run/ERR209/ERR209198/MH0066_081223.rmhost.pair.2.fq.gz	
ERR209200	PRJEB1220	SAMEA2042299	ERX183865	408170	human gut metagenome	ftp.sra.ebi.ac.uk/vol1/fastq/ERR209/ERR209200/ERR209200_1.fastq.gz;ftp.sra.ebi.ac.uk/vol1/fastq/ERR209/ERR209200/ERR209200_2.fastq.gz	ftp.sra.ebi.ac.uk/vol1/run/ERR209/ERR209200/MH0067_090103.rmhost.pair.1.fq.gz;ftp.sra.ebi.ac.uk/vol1/run/ERR209/ERR209200/MH0067_090103.rmhost.pair.2.fq.gz	
ERR209201	PRJEB1220	SAMEA2042299	ERX183866	408170	human gut metagenome	ftp.sra.ebi.ac.uk/vol1/fastq/ERR209/ERR209201/ERR209201_1.fastq.gz;ftp.sra.ebi.ac.uk/vol1/fastq/ERR209/ERR209201/ERR209201_2.fastq.gz	ftp.sra.ebi.ac.uk/vol1/run/ERR209/ERR209201/MH0067_090126.rmhost.pair.1.fq.gz;ftp.sra.ebi.ac.uk/vol1/run/ERR209/ERR209201/MH0067_090126.rmhost.pair.2.fq.gz	
ERR209205	PRJEB1220	SAMEA2042301	ERX183870	408170	human gut metagenome	ftp.sra.ebi.ac.uk/vol1/fastq/ERR209/ERR209205/ERR209205_1.fastq.gz;ftp.sra.ebi.ac.uk/vol1/fastq/ERR209/ERR209205/ERR209205_2.fastq.gz	ftp.sra.ebi.ac.uk/vol1/run/ERR209/ERR209205/MH0069_090103.rmhost.pair.1.fq.gz;ftp.sra.ebi.ac.uk/vol1/run/ERR209/ERR209205/MH0069_090103.rmhost.pair.2.fq.gz	
ERR209206	PRJEB1220	SAMEA2042301	ERX183871	408170	human gut metagenome	ftp.sra.ebi.ac.uk/vol1/fastq/ERR209/ERR209206/ERR209206_1.fastq.gz;ftp.sra.ebi.ac.uk/vol1/fastq/ERR209/ERR209206/ERR209206_2.fastq.gz	ftp.sra.ebi.ac.uk/vol1/run/ERR209/ERR209206/MH0069_090125.rmhost.pair.1.fq.gz;ftp.sra.ebi.ac.uk/vol1/run/ERR209/ERR209206/MH0069_090125.rmhost.pair.2.fq.gz	
ERR209207	PRJEB1220	SAMEA2042302	ERX183872	408170	human gut metagenome	ftp.sra.ebi.ac.uk/vol1/fastq/ERR209/ERR209207/ERR209207_1.fastq.gz;ftp.sra.ebi.ac.uk/vol1/fastq/ERR209/ERR209207/ERR209207_2.fastq.gz	ftp.sra.ebi.ac.uk/vol1/run/ERR209/ERR209207/MH0070_090104.rmhost.pair.1.fq.gz;ftp.sra.ebi.ac.uk/vol1/run/ERR209/ERR209207/MH0070_090104.rmhost.pair.2.fq.gz	
ERR209208	PRJEB1220	SAMEA2042302	ERX183873	408170	human gut metagenome	ftp.sra.ebi.ac.uk/vol1/fastq/ERR209/ERR209208/ERR209208_1.fastq.gz;ftp.sra.ebi.ac.uk/vol1/fastq/ERR209/ERR209208/ERR209208_2.fastq.gz	ftp.sra.ebi.ac.uk/vol1/run/ERR209/ERR209208/MH0070_090125.rmhost.pair.1.fq.gz;ftp.sra.ebi.ac.uk/vol1/run/ERR209/ERR209208/MH0070_090125.rmhost.pair.2.fq.gz	
ERR209211	PRJEB1220	SAMEA2042377	ERX183876	408170	human gut metagenome	ftp.sra.ebi.ac.uk/vol1/fastq/ERR209/ERR209211/ERR209211_1.fastq.gz;ftp.sra.ebi.ac.uk/vol1/fastq/ERR209/ERR209211/ERR209211_2.fastq.gz	ftp.sra.ebi.ac.uk/vol1/run/ERR209/ERR209211/MH0072_081223.rmhost.pair.1.fq.gz;ftp.sra.ebi.ac.uk/vol1/run/ERR209/ERR209211/MH0072_081223.rmhost.pair.2.fq.gz	
ERR209217	PRJEB1220	SAMEA2042380	ERX183882	408170	human gut metagenome	ftp.sra.ebi.ac.uk/vol1/fastq/ERR209/ERR209217/ERR209217_1.fastq.gz;ftp.sra.ebi.ac.uk/vol1/fastq/ERR209/ERR209217/ERR209217_2.fastq.gz	ftp.sra.ebi.ac.uk/vol1/run/ERR209/ERR209217/MH0075_090104.rmhost.pair.1.fq.gz;ftp.sra.ebi.ac.uk/vol1/run/ERR209/ERR209217/MH0075_090104.rmhost.pair.2.fq.gz	
ERR209219	PRJEB1220	SAMEA2042381	ERX183884	408170	human gut metagenome	ftp.sra.ebi.ac.uk/vol1/fastq/ERR209/ERR209219/ERR209219_1.fastq.gz;ftp.sra.ebi.ac.uk/vol1/fastq/ERR209/ERR209219/ERR209219_2.fastq.gz	ftp.sra.ebi.ac.uk/vol1/run/ERR209/ERR209219/MH0076_081223.rmhost.pair.1.fq.gz;ftp.sra.ebi.ac.uk/vol1/run/ERR209/ERR209219/MH0076_081223.rmhost.pair.2.fq.gz	
ERR209223	PRJEB1220	SAMEA2042383	ERX183888	408170	human gut metagenome	ftp.sra.ebi.ac.uk/vol1/fastq/ERR209/ERR209223/ERR209223_1.fastq.gz;ftp.sra.ebi.ac.uk/vol1/fastq/ERR209/ERR209223/ERR209223_2.fastq.gz	ftp.sra.ebi.ac.uk/vol1/run/ERR209/ERR209223/MH0078_081222.rmhost.pair.1.fq.gz;ftp.sra.ebi.ac.uk/vol1/run/ERR209/ERR209223/MH0078_081222.rmhost.pair.2.fq.gz	
ERR209225	PRJEB1220	SAMEA2042384	ERX183890	408170	human gut metagenome	ftp.sra.ebi.ac.uk/vol1/fastq/ERR209/ERR209225/ERR209225_1.fastq.gz;ftp.sra.ebi.ac.uk/vol1/fastq/ERR209/ERR209225/ERR209225_2.fastq.gz	ftp.sra.ebi.ac.uk/vol1/run/ERR209/ERR209225/MH0079_090104.rmhost.pair.1.fq.gz;ftp.sra.ebi.ac.uk/vol1/run/ERR209/ERR209225/MH0079_090104.rmhost.pair.2.fq.gz	
ERR209232	PRJEB1220	SAMEA2042387	ERX183897	408170	human gut metagenome	ftp.sra.ebi.ac.uk/vol1/fastq/ERR209/ERR209232/ERR209232_1.fastq.gz;ftp.sra.ebi.ac.uk/vol1/fastq/ERR209/ERR209232/ERR209232_2.fastq.gz	ftp.sra.ebi.ac.uk/vol1/run/ERR209/ERR209232/MH0082_090130.rmhost.pair.1.fq.gz;ftp.sra.ebi.ac.uk/vol1/run/ERR209/ERR209232/MH0082_090130.rmhost.pair.2.fq.gz	
ERR209238	PRJEB1220	SAMEA2042391	ERX183903	408170	human gut metagenome	ftp.sra.ebi.ac.uk/vol1/fastq/ERR209/ERR209238/ERR209238_1.fastq.gz;ftp.sra.ebi.ac.uk/vol1/fastq/ERR209/ERR209238/ERR209238_2.fastq.gz	ftp.sra.ebi.ac.uk/vol1/run/ERR209/ERR209238/MH0085_090126.rmhost.pair.1.fq.gz;ftp.sra.ebi.ac.uk/vol1/run/ERR209/ERR209238/MH0085_090126.rmhost.pair.2.fq.gz	
ERR209241	PRJEB1220	SAMEA2042393	ERX183906	408170	human gut metagenome	ftp.sra.ebi.ac.uk/vol1/fastq/ERR209/ERR209241/ERR209241_1.fastq.gz;ftp.sra.ebi.ac.uk/vol1/fastq/ERR209/ERR209241/ERR209241_2.fastq.gz	ftp.sra.ebi.ac.uk/vol1/run/ERR209/ERR209241/MH0087_20091005.rmhost.pair.1.fq.gz;ftp.sra.ebi.ac.uk/vol1/run/ERR209/ERR209241/MH0087_20091005.rmhost.pair.2.fq.gz	
ERR209242	PRJEB1220	SAMEA2042393	ERX183907	408170	human gut metagenome	ftp.sra.ebi.ac.uk/vol1/fastq/ERR209/ERR209242/ERR209242_1.fastq.gz;ftp.sra.ebi.ac.uk/vol1/fastq/ERR209/ERR209242/ERR209242_2.fastq.gz	ftp.sra.ebi.ac.uk/vol1/run/ERR209/ERR209242/MH0087_20100124L8.rmhost.pair.1.fq.gz;ftp.sra.ebi.ac.uk/vol1/run/ERR209/ERR209242/MH0087_20100124L8.rmhost.pair.2.fq.gz	
ERR209246	PRJEB1220	SAMEA2042425	ERX183911	408170	human gut metagenome	ftp.sra.ebi.ac.uk/vol1/fastq/ERR209/ERR209246/ERR209246_1.fastq.gz;ftp.sra.ebi.ac.uk/vol1/fastq/ERR209/ERR209246/ERR209246_2.fastq.gz	ftp.sra.ebi.ac.uk/vol1/run/ERR209/ERR209246/MH0089_20091023.rmhost.pair.1.fq.gz;ftp.sra.ebi.ac.uk/vol1/run/ERR209/ERR209246/MH0089_20091023.rmhost.pair.2.fq.gz	
ERR209247	PRJEB1220	SAMEA2042425	ERX183912	408170	human gut metagenome	ftp.sra.ebi.ac.uk/vol1/fastq/ERR209/ERR209247/ERR209247_1.fastq.gz;ftp.sra.ebi.ac.uk/vol1/fastq/ERR209/ERR209247/ERR209247_2.fastq.gz	ftp.sra.ebi.ac.uk/vol1/run/ERR209/ERR209247/MH0089_20100124L7.rmhost.pair.1.fq.gz;ftp.sra.ebi.ac.uk/vol1/run/ERR209/ERR209247/MH0089_20100124L7.rmhost.pair.2.fq.gz	
ERR209251	PRJEB1220	SAMEA2042426	ERX183916	408170	human gut metagenome	ftp.sra.ebi.ac.uk/vol1/fastq/ERR209/ERR209251/ERR209251_1.fastq.gz;ftp.sra.ebi.ac.uk/vol1/fastq/ERR209/ERR209251/ERR209251_2.fastq.gz	ftp.sra.ebi.ac.uk/vol1/run/ERR209/ERR209251/MH0090_20100128L6.rmhost.pair.1.fq.gz;ftp.sra.ebi.ac.uk/vol1/run/ERR209/ERR209251/MH0090_20100128L6.rmhost.pair.2.fq.gz	
ERR209252	PRJEB1220	SAMEA2042426	ERX183917	408170	human gut metagenome	ftp.sra.ebi.ac.uk/vol1/fastq/ERR209/ERR209252/ERR209252_1.fastq.gz;ftp.sra.ebi.ac.uk/vol1/fastq/ERR209/ERR209252/ERR209252_2.fastq.gz	ftp.sra.ebi.ac.uk/vol1/run/ERR209/ERR209252/MH0090_20100129L2.rmhost.pair.1.fq.gz;ftp.sra.ebi.ac.uk/vol1/run/ERR209/ERR209252/MH0090_20100129L2.rmhost.pair.2.fq.gz	
ERR209262	PRJEB1220	SAMEA2042428	ERX183927	408170	human gut metagenome	ftp.sra.ebi.ac.uk/vol1/fastq/ERR209/ERR209262/ERR209262_1.fastq.gz;ftp.sra.ebi.ac.uk/vol1/fastq/ERR209/ERR209262/ERR209262_2.fastq.gz	ftp.sra.ebi.ac.uk/vol1/run/ERR209/ERR209262/MH0093_20091014.rmhost.pair.1.fq.gz;ftp.sra.ebi.ac.uk/vol1/run/ERR209/ERR209262/MH0093_20091014.rmhost.pair.2.fq.gz	
ERR209267	PRJEB1220	SAMEA2042428	ERX183932	408170	human gut metagenome	ftp.sra.ebi.ac.uk/vol1/fastq/ERR209/ERR209267/ERR209267_1.fastq.gz;ftp.sra.ebi.ac.uk/vol1/fastq/ERR209/ERR209267/ERR209267_2.fastq.gz	ftp.sra.ebi.ac.uk/vol1/run/ERR209/ERR209267/MH0093_20091212L5.rmhost.pair.1.fq.gz;ftp.sra.ebi.ac.uk/vol1/run/ERR209/ERR209267/MH0093_20091212L5.rmhost.pair.2.fq.gz	
ERR209272	PRJEB1220	SAMEA2042429	ERX183937	408170	human gut metagenome	ftp.sra.ebi.ac.uk/vol1/fastq/ERR209/ERR209272/ERR209272_1.fastq.gz;ftp.sra.ebi.ac.uk/vol1/fastq/ERR209/ERR209272/ERR209272_2.fastq.gz	ftp.sra.ebi.ac.uk/vol1/run/ERR209/ERR209272/MH0094_20091128L4.rmhost.pair.1.fq.gz;ftp.sra.ebi.ac.uk/vol1/run/ERR209/ERR209272/MH0094_20091128L4.rmhost.pair.2.fq.gz	
ERR209273	PRJEB1220	SAMEA2042429	ERX183938	408170	human gut metagenome	ftp.sra.ebi.ac.uk/vol1/fastq/ERR209/ERR209273/ERR209273_1.fastq.gz;ftp.sra.ebi.ac.uk/vol1/fastq/ERR209/ERR209273/ERR209273_2.fastq.gz	ftp.sra.ebi.ac.uk/vol1/run/ERR209/ERR209273/MH0094_20091212L4.rmhost.pair.1.fq.gz;ftp.sra.ebi.ac.uk/vol1/run/ERR209/ERR209273/MH0094_20091212L4.rmhost.pair.2.fq.gz	
ERR209279	PRJEB1220	SAMEA2042430	ERX183944	408170	human gut metagenome	ftp.sra.ebi.ac.uk/vol1/fastq/ERR209/ERR209279/ERR209279_1.fastq.gz;ftp.sra.ebi.ac.uk/vol1/fastq/ERR209/ERR209279/ERR209279_2.fastq.gz	ftp.sra.ebi.ac.uk/vol1/run/ERR209/ERR209279/MH0095_20091212L5.rmhost.pair.1.fq.gz;ftp.sra.ebi.ac.uk/vol1/run/ERR209/ERR209279/MH0095_20091212L5.rmhost.pair.2.fq.gz	
ERR209281	PRJEB1220	SAMEA2042431	ERX183946	408170	human gut metagenome	ftp.sra.ebi.ac.uk/vol1/fastq/ERR209/ERR209281/ERR209281_1.fastq.gz;ftp.sra.ebi.ac.uk/vol1/fastq/ERR209/ERR209281/ERR209281_2.fastq.gz	ftp.sra.ebi.ac.uk/vol1/run/ERR209/ERR209281/MH0096_20091124L4.rmhost.pair.1.fq.gz;ftp.sra.ebi.ac.uk/vol1/run/ERR209/ERR209281/MH0096_20091124L4.rmhost.pair.2.fq.gz	
ERR209285	PRJEB1220	SAMEA2042431	ERX183950	408170	human gut metagenome	ftp.sra.ebi.ac.uk/vol1/fastq/ERR209/ERR209285/ERR209285_1.fastq.gz;ftp.sra.ebi.ac.uk/vol1/fastq/ERR209/ERR209285/ERR209285_2.fastq.gz	ftp.sra.ebi.ac.uk/vol1/run/ERR209/ERR209285/MH0096_20091212L4.rmhost.pair.1.fq.gz;ftp.sra.ebi.ac.uk/vol1/run/ERR209/ERR209285/MH0096_20091212L4.rmhost.pair.2.fq.gz	
ERR209295	PRJEB1220	SAMEA2042434	ERX183960	408170	human gut metagenome	ftp.sra.ebi.ac.uk/vol1/fastq/ERR209/ERR209295/ERR209295_1.fastq.gz;ftp.sra.ebi.ac.uk/vol1/fastq/ERR209/ERR209295/ERR209295_2.fastq.gz	ftp.sra.ebi.ac.uk/vol1/run/ERR209/ERR209295/MH0098_20091126L3.rmhost.pair.1.fq.gz;ftp.sra.ebi.ac.uk/vol1/run/ERR209/ERR209295/MH0098_20091126L3.rmhost.pair.2.fq.gz	
ERR209299	PRJEB1220	SAMEA2042435	ERX183964	408170	human gut metagenome	ftp.sra.ebi.ac.uk/vol1/fastq/ERR209/ERR209299/ERR209299_1.fastq.gz;ftp.sra.ebi.ac.uk/vol1/fastq/ERR209/ERR209299/ERR209299_2.fastq.gz	ftp.sra.ebi.ac.uk/vol1/run/ERR209/ERR209299/MH0099_20091124L4.rmhost.pair.1.fq.gz;ftp.sra.ebi.ac.uk/vol1/run/ERR209/ERR209299/MH0099_20091124L4.rmhost.pair.2.fq.gz	
ERR209300	PRJEB1220	SAMEA2042435	ERX183965	408170	human gut metagenome	ftp.sra.ebi.ac.uk/vol1/fastq/ERR209/ERR209300/ERR209300_1.fastq.gz;ftp.sra.ebi.ac.uk/vol1/fastq/ERR209/ERR209300/ERR209300_2.fastq.gz	ftp.sra.ebi.ac.uk/vol1/run/ERR209/ERR209300/MH0099_20091212L2.rmhost.pair.1.fq.gz;ftp.sra.ebi.ac.uk/vol1/run/ERR209/ERR209300/MH0099_20091212L2.rmhost.pair.2.fq.gz	
ERR209301	PRJEB1220	SAMEA1965384	ERX183966	408170	human gut metagenome	ftp.sra.ebi.ac.uk/vol1/fastq/ERR209/ERR209301/ERR209301_1.fastq.gz;ftp.sra.ebi.ac.uk/vol1/fastq/ERR209/ERR209301/ERR209301_2.fastq.gz	ftp.sra.ebi.ac.uk/vol1/run/ERR209/ERR209301/MH0100_20091014.rmhost.pair.1.fq.gz;ftp.sra.ebi.ac.uk/vol1/run/ERR209/ERR209301/MH0100_20091014.rmhost.pair.2.fq.gz	
ERR209302	PRJEB1220	SAMEA1965384	ERX183967	408170	human gut metagenome	ftp.sra.ebi.ac.uk/vol1/fastq/ERR209/ERR209302/ERR209302_1.fastq.gz;ftp.sra.ebi.ac.uk/vol1/fastq/ERR209/ERR209302/ERR209302_2.fastq.gz	ftp.sra.ebi.ac.uk/vol1/run/ERR209/ERR209302/MH0100_20091107L7.rmhost.pair.1.fq.gz;ftp.sra.ebi.ac.uk/vol1/run/ERR209/ERR209302/MH0100_20091107L7.rmhost.pair.2.fq.gz	
ERR209304	PRJEB1220	SAMEA1965384	ERX183969	408170	human gut metagenome	ftp.sra.ebi.ac.uk/vol1/fastq/ERR209/ERR209304/ERR209304_1.fastq.gz;ftp.sra.ebi.ac.uk/vol1/fastq/ERR209/ERR209304/ERR209304_2.fastq.gz	ftp.sra.ebi.ac.uk/vol1/run/ERR209/ERR209304/MH0100_20091126L3.rmhost.pair.1.fq.gz;ftp.sra.ebi.ac.uk/vol1/run/ERR209/ERR209304/MH0100_20091126L3.rmhost.pair.2.fq.gz	
ERR209305	PRJEB1220	SAMEA2042436	ERX183970	408170	human gut metagenome	ftp.sra.ebi.ac.uk/vol1/fastq/ERR209/ERR209305/ERR209305_1.fastq.gz;ftp.sra.ebi.ac.uk/vol1/fastq/ERR209/ERR209305/ERR209305_2.fastq.gz	ftp.sra.ebi.ac.uk/vol1/run/ERR209/ERR209305/MH0101_20091014.rmhost.pair.1.fq.gz;ftp.sra.ebi.ac.uk/vol1/run/ERR209/ERR209305/MH0101_20091014.rmhost.pair.2.fq.gz	
ERR209308	PRJEB1220	SAMEA2042436	ERX183973	408170	human gut metagenome	ftp.sra.ebi.ac.uk/vol1/fastq/ERR209/ERR209308/ERR209308_1.fastq.gz;ftp.sra.ebi.ac.uk/vol1/fastq/ERR209/ERR209308/ERR209308_2.fastq.gz	ftp.sra.ebi.ac.uk/vol1/run/ERR209/ERR209308/MH0101_20091124L7.rmhost.pair.1.fq.gz;ftp.sra.ebi.ac.uk/vol1/run/ERR209/ERR209308/MH0101_20091124L7.rmhost.pair.2.fq.gz	
ERR209312	PRJEB1220	SAMEA2042437	ERX183977	408170	human gut metagenome	ftp.sra.ebi.ac.uk/vol1/fastq/ERR209/ERR209312/ERR209312_1.fastq.gz;ftp.sra.ebi.ac.uk/vol1/fastq/ERR209/ERR209312/ERR209312_2.fastq.gz	ftp.sra.ebi.ac.uk/vol1/run/ERR209/ERR209312/MH0102_20091124L6.rmhost.pair.1.fq.gz;ftp.sra.ebi.ac.uk/vol1/run/ERR209/ERR209312/MH0102_20091124L6.rmhost.pair.2.fq.gz	
ERR209314	PRJEB1220	SAMEA2042437	ERX183979	408170	human gut metagenome	ftp.sra.ebi.ac.uk/vol1/fastq/ERR209/ERR209314/ERR209314_1.fastq.gz;ftp.sra.ebi.ac.uk/vol1/fastq/ERR209/ERR209314/ERR209314_2.fastq.gz	ftp.sra.ebi.ac.uk/vol1/run/ERR209/ERR209314/MH0102_20091212L3.rmhost.pair.1.fq.gz;ftp.sra.ebi.ac.uk/vol1/run/ERR209/ERR209314/MH0102_20091212L3.rmhost.pair.2.fq.gz	
ERR209316	PRJEB1220	SAMEA2042438	ERX183981	408170	human gut metagenome	ftp.sra.ebi.ac.uk/vol1/fastq/ERR209/ERR209316/ERR209316_1.fastq.gz;ftp.sra.ebi.ac.uk/vol1/fastq/ERR209/ERR209316/ERR209316_2.fastq.gz	ftp.sra.ebi.ac.uk/vol1/run/ERR209/ERR209316/MH0103_20091124L5.rmhost.pair.1.fq.gz;ftp.sra.ebi.ac.uk/vol1/run/ERR209/ERR209316/MH0103_20091124L5.rmhost.pair.2.fq.gz	
ERR209319	PRJEB1220	SAMEA2042438	ERX183984	408170	human gut metagenome	ftp.sra.ebi.ac.uk/vol1/fastq/ERR209/ERR209319/ERR209319_1.fastq.gz;ftp.sra.ebi.ac.uk/vol1/fastq/ERR209/ERR209319/ERR209319_2.fastq.gz	ftp.sra.ebi.ac.uk/vol1/run/ERR209/ERR209319/MH0103_20091212L3.rmhost.pair.1.fq.gz;ftp.sra.ebi.ac.uk/vol1/run/ERR209/ERR209319/MH0103_20091212L3.rmhost.pair.2.fq.gz	
ERR209321	PRJEB1220	SAMEA2042488	ERX183986	408170	human gut metagenome	ftp.sra.ebi.ac.uk/vol1/fastq/ERR209/ERR209321/ERR209321_1.fastq.gz;ftp.sra.ebi.ac.uk/vol1/fastq/ERR209/ERR209321/ERR209321_2.fastq.gz	ftp.sra.ebi.ac.uk/vol1/run/ERR209/ERR209321/MH0104_20091107L8.rmhost.pair.1.fq.gz;ftp.sra.ebi.ac.uk/vol1/run/ERR209/ERR209321/MH0104_20091107L8.rmhost.pair.2.fq.gz	
ERR209332	PRJEB1220	SAMEA2042490	ERX183997	408170	human gut metagenome	ftp.sra.ebi.ac.uk/vol1/fastq/ERR209/ERR209332/ERR209332_1.fastq.gz;ftp.sra.ebi.ac.uk/vol1/fastq/ERR209/ERR209332/ERR209332_2.fastq.gz	ftp.sra.ebi.ac.uk/vol1/run/ERR209/ERR209332/MH0106_20091015.rmhost.pair.1.fq.gz;ftp.sra.ebi.ac.uk/vol1/run/ERR209/ERR209332/MH0106_20091015.rmhost.pair.2.fq.gz	
ERR209335	PRJEB1220	SAMEA2042490	ERX184000	408170	human gut metagenome	ftp.sra.ebi.ac.uk/vol1/fastq/ERR209/ERR209335/ERR209335_1.fastq.gz;ftp.sra.ebi.ac.uk/vol1/fastq/ERR209/ERR209335/ERR209335_2.fastq.gz	ftp.sra.ebi.ac.uk/vol1/run/ERR209/ERR209335/MH0106_20091126L6.rmhost.pair.1.fq.gz;ftp.sra.ebi.ac.uk/vol1/run/ERR209/ERR209335/MH0106_20091126L6.rmhost.pair.2.fq.gz	
ERR209347	PRJEB1220	SAMEA2042492	ERX184012	408170	human gut metagenome	ftp.sra.ebi.ac.uk/vol1/fastq/ERR209/ERR209347/ERR209347_1.fastq.gz;ftp.sra.ebi.ac.uk/vol1/fastq/ERR209/ERR209347/ERR209347_2.fastq.gz	ftp.sra.ebi.ac.uk/vol1/run/ERR209/ERR209347/MH0109_20091124L3.rmhost.pair.1.fq.gz;ftp.sra.ebi.ac.uk/vol1/run/ERR209/ERR209347/MH0109_20091124L3.rmhost.pair.2.fq.gz	
ERR209348	PRJEB1220	SAMEA2042492	ERX184013	408170	human gut metagenome	ftp.sra.ebi.ac.uk/vol1/fastq/ERR209/ERR209348/ERR209348_1.fastq.gz;ftp.sra.ebi.ac.uk/vol1/fastq/ERR209/ERR209348/ERR209348_2.fastq.gz	ftp.sra.ebi.ac.uk/vol1/run/ERR209/ERR209348/MH0109_20091124L4.rmhost.pair.1.fq.gz;ftp.sra.ebi.ac.uk/vol1/run/ERR209/ERR209348/MH0109_20091124L4.rmhost.pair.2.fq.gz	
ERR209349	PRJEB1220	SAMEA2042492	ERX184014	408170	human gut metagenome	ftp.sra.ebi.ac.uk/vol1/fastq/ERR209/ERR209349/ERR209349_1.fastq.gz;ftp.sra.ebi.ac.uk/vol1/fastq/ERR209/ERR209349/ERR209349_2.fastq.gz	ftp.sra.ebi.ac.uk/vol1/run/ERR209/ERR209349/MH0109_20091212L2.rmhost.pair.1.fq.gz;ftp.sra.ebi.ac.uk/vol1/run/ERR209/ERR209349/MH0109_20091212L2.rmhost.pair.2.fq.gz	
ERR209350	PRJEB1220	SAMEA2042493	ERX184015	408170	human gut metagenome	ftp.sra.ebi.ac.uk/vol1/fastq/ERR209/ERR209350/ERR209350_1.fastq.gz;ftp.sra.ebi.ac.uk/vol1/fastq/ERR209/ERR209350/ERR209350_2.fastq.gz	ftp.sra.ebi.ac.uk/vol1/run/ERR209/ERR209350/MH0110_20091014.rmhost.pair.1.fq.gz;ftp.sra.ebi.ac.uk/vol1/run/ERR209/ERR209350/MH0110_20091014.rmhost.pair.2.fq.gz	
ERR209353	PRJEB1220	SAMEA2042493	ERX184018	408170	human gut metagenome	ftp.sra.ebi.ac.uk/vol1/fastq/ERR209/ERR209353/ERR209353_1.fastq.gz;ftp.sra.ebi.ac.uk/vol1/fastq/ERR209/ERR209353/ERR209353_2.fastq.gz	ftp.sra.ebi.ac.uk/vol1/run/ERR209/ERR209353/MH0110_20091126L5.rmhost.pair.1.fq.gz;ftp.sra.ebi.ac.uk/vol1/run/ERR209/ERR209353/MH0110_20091126L5.rmhost.pair.2.fq.gz	
ERR209354	PRJEB1220	SAMEA2042493	ERX184019	408170	human gut metagenome	ftp.sra.ebi.ac.uk/vol1/fastq/ERR209/ERR209354/ERR209354_1.fastq.gz;ftp.sra.ebi.ac.uk/vol1/fastq/ERR209/ERR209354/ERR209354_2.fastq.gz	ftp.sra.ebi.ac.uk/vol1/run/ERR209/ERR209354/MH0110_20091128L4.rmhost.pair.1.fq.gz;ftp.sra.ebi.ac.uk/vol1/run/ERR209/ERR209354/MH0110_20091128L4.rmhost.pair.2.fq.gz	
ERR209355	PRJEB1220	SAMEA2042493	ERX184020	408170	human gut metagenome	ftp.sra.ebi.ac.uk/vol1/fastq/ERR209/ERR209355/ERR209355_1.fastq.gz;ftp.sra.ebi.ac.uk/vol1/fastq/ERR209/ERR209355/ERR209355_2.fastq.gz	ftp.sra.ebi.ac.uk/vol1/run/ERR209/ERR209355/MH0110_20091212L4.rmhost.pair.1.fq.gz;ftp.sra.ebi.ac.uk/vol1/run/ERR209/ERR209355/MH0110_20091212L4.rmhost.pair.2.fq.gz	
ERR209360	PRJEB1220	SAMEA2042495	ERX184025	408170	human gut metagenome	ftp.sra.ebi.ac.uk/vol1/fastq/ERR209/ERR209360/ERR209360_1.fastq.gz;ftp.sra.ebi.ac.uk/vol1/fastq/ERR209/ERR209360/ERR209360_2.fastq.gz	ftp.sra.ebi.ac.uk/vol1/run/ERR209/ERR209360/MH0113_20100124L7.rmhost.pair.1.fq.gz;ftp.sra.ebi.ac.uk/vol1/run/ERR209/ERR209360/MH0113_20100124L7.rmhost.pair.2.fq.gz	
ERR209361	PRJEB1220	SAMEA2042495	ERX184026	408170	human gut metagenome	ftp.sra.ebi.ac.uk/vol1/fastq/ERR209/ERR209361/ERR209361_1.fastq.gz;ftp.sra.ebi.ac.uk/vol1/fastq/ERR209/ERR209361/ERR209361_2.fastq.gz	ftp.sra.ebi.ac.uk/vol1/run/ERR209/ERR209361/MH0113_20100125L4.rmhost.pair.1.fq.gz;ftp.sra.ebi.ac.uk/vol1/run/ERR209/ERR209361/MH0113_20100125L4.rmhost.pair.2.fq.gz	
ERR209364	PRJEB1220	SAMEA2042496	ERX184029	408170	human gut metagenome	ftp.sra.ebi.ac.uk/vol1/fastq/ERR209/ERR209364/ERR209364_1.fastq.gz;ftp.sra.ebi.ac.uk/vol1/fastq/ERR209/ERR209364/ERR209364_2.fastq.gz	ftp.sra.ebi.ac.uk/vol1/run/ERR209/ERR209364/MH0114_20091124L2.rmhost.pair.1.fq.gz;ftp.sra.ebi.ac.uk/vol1/run/ERR209/ERR209364/MH0114_20091124L2.rmhost.pair.2.fq.gz	
ERR209370	PRJEB1220	SAMEA2042497	ERX184035	408170	human gut metagenome	ftp.sra.ebi.ac.uk/vol1/fastq/ERR209/ERR209370/ERR209370_1.fastq.gz;ftp.sra.ebi.ac.uk/vol1/fastq/ERR209/ERR209370/ERR209370_2.fastq.gz	ftp.sra.ebi.ac.uk/vol1/run/ERR209/ERR209370/MH0115_20091126L3.rmhost.pair.1.fq.gz;ftp.sra.ebi.ac.uk/vol1/run/ERR209/ERR209370/MH0115_20091126L3.rmhost.pair.2.fq.gz	
ERR209377	PRJEB1220	SAMEA2042499	ERX184042	408170	human gut metagenome	ftp.sra.ebi.ac.uk/vol1/fastq/ERR209/ERR209377/ERR209377_1.fastq.gz;ftp.sra.ebi.ac.uk/vol1/fastq/ERR209/ERR209377/ERR209377_2.fastq.gz	ftp.sra.ebi.ac.uk/vol1/run/ERR209/ERR209377/MH0117_20091025.rmhost.pair.1.fq.gz;ftp.sra.ebi.ac.uk/vol1/run/ERR209/ERR209377/MH0117_20091025.rmhost.pair.2.fq.gz	
ERR209380	PRJEB1220	SAMEA2042499	ERX184045	408170	human gut metagenome	ftp.sra.ebi.ac.uk/vol1/fastq/ERR209/ERR209380/ERR209380_1.fastq.gz;ftp.sra.ebi.ac.uk/vol1/fastq/ERR209/ERR209380/ERR209380_2.fastq.gz	ftp.sra.ebi.ac.uk/vol1/run/ERR209/ERR209380/MH0117_20100125L5.rmhost.pair.1.fq.gz;ftp.sra.ebi.ac.uk/vol1/run/ERR209/ERR209380/MH0117_20100125L5.rmhost.pair.2.fq.gz	
ERR209384	PRJEB1220	SAMEA2042501	ERX184049	408170	human gut metagenome	ftp.sra.ebi.ac.uk/vol1/fastq/ERR209/ERR209384/ERR209384_1.fastq.gz;ftp.sra.ebi.ac.uk/vol1/fastq/ERR209/ERR209384/ERR209384_2.fastq.gz	ftp.sra.ebi.ac.uk/vol1/run/ERR209/ERR209384/MH0120_20091025.rmhost.pair.1.fq.gz;ftp.sra.ebi.ac.uk/vol1/run/ERR209/ERR209384/MH0120_20091025.rmhost.pair.2.fq.gz	
ERR209385	PRJEB1220	SAMEA2042501	ERX184050	408170	human gut metagenome	ftp.sra.ebi.ac.uk/vol1/fastq/ERR209/ERR209385/ERR209385_1.fastq.gz;ftp.sra.ebi.ac.uk/vol1/fastq/ERR209/ERR209385/ERR209385_2.fastq.gz	ftp.sra.ebi.ac.uk/vol1/run/ERR209/ERR209385/MH0120_20100124L6.rmhost.pair.1.fq.gz;ftp.sra.ebi.ac.uk/vol1/run/ERR209/ERR209385/MH0120_20100124L6.rmhost.pair.2.fq.gz	
ERR209386	PRJEB1220	SAMEA2042501	ERX184051	408170	human gut metagenome	ftp.sra.ebi.ac.uk/vol1/fastq/ERR209/ERR209386/ERR209386_1.fastq.gz;ftp.sra.ebi.ac.uk/vol1/fastq/ERR209/ERR209386/ERR209386_2.fastq.gz	ftp.sra.ebi.ac.uk/vol1/run/ERR209/ERR209386/MH0120_20100125L2.rmhost.pair.1.fq.gz;ftp.sra.ebi.ac.uk/vol1/run/ERR209/ERR209386/MH0120_20100125L2.rmhost.pair.2.fq.gz	
ERR209391	PRJEB1220	SAMEA2042503	ERX184056	408170	human gut metagenome	ftp.sra.ebi.ac.uk/vol1/fastq/ERR209/ERR209391/ERR209391_1.fastq.gz;ftp.sra.ebi.ac.uk/vol1/fastq/ERR209/ERR209391/ERR209391_2.fastq.gz	ftp.sra.ebi.ac.uk/vol1/run/ERR209/ERR209391/MH0122_20100128L7.rmhost.pair.1.fq.gz;ftp.sra.ebi.ac.uk/vol1/run/ERR209/ERR209391/MH0122_20100128L7.rmhost.pair.2.fq.gz	
ERR209395	PRJEB1220	SAMEA2042553	ERX184060	408170	human gut metagenome	ftp.sra.ebi.ac.uk/vol1/fastq/ERR209/ERR209395/ERR209395_1.fastq.gz;ftp.sra.ebi.ac.uk/vol1/fastq/ERR209/ERR209395/ERR209395_2.fastq.gz	ftp.sra.ebi.ac.uk/vol1/run/ERR209/ERR209395/MH0123_20100124L8.rmhost.pair.1.fq.gz;ftp.sra.ebi.ac.uk/vol1/run/ERR209/ERR209395/MH0123_20100124L8.rmhost.pair.2.fq.gz	
ERR209399	PRJEB1220	SAMEA2042554	ERX184064	408170	human gut metagenome	ftp.sra.ebi.ac.uk/vol1/fastq/ERR209/ERR209399/ERR209399_1.fastq.gz;ftp.sra.ebi.ac.uk/vol1/fastq/ERR209/ERR209399/ERR209399_2.fastq.gz	ftp.sra.ebi.ac.uk/vol1/run/ERR209/ERR209399/MH0124_20100128L6.rmhost.pair.1.fq.gz;ftp.sra.ebi.ac.uk/vol1/run/ERR209/ERR209399/MH0124_20100128L6.rmhost.pair.2.fq.gz	
ERR209400	PRJEB1220	SAMEA2042554	ERX184065	408170	human gut metagenome	ftp.sra.ebi.ac.uk/vol1/fastq/ERR209/ERR209400/ERR209400_1.fastq.gz;ftp.sra.ebi.ac.uk/vol1/fastq/ERR209/ERR209400/ERR209400_2.fastq.gz	ftp.sra.ebi.ac.uk/vol1/run/ERR209/ERR209400/MH0124_20100129L2.rmhost.pair.1.fq.gz;ftp.sra.ebi.ac.uk/vol1/run/ERR209/ERR209400/MH0124_20100129L2.rmhost.pair.2.fq.gz	
ERR209406	PRJEB1220	SAMEA2042555	ERX184071	408170	human gut metagenome	ftp.sra.ebi.ac.uk/vol1/fastq/ERR209/ERR209406/ERR209406_1.fastq.gz;ftp.sra.ebi.ac.uk/vol1/fastq/ERR209/ERR209406/ERR209406_2.fastq.gz	ftp.sra.ebi.ac.uk/vol1/run/ERR209/ERR209406/MH0125_20100128L8.rmhost.pair.1.fq.gz;ftp.sra.ebi.ac.uk/vol1/run/ERR209/ERR209406/MH0125_20100128L8.rmhost.pair.2.fq.gz	
ERR209407	PRJEB1220	SAMEA2042556	ERX184072	408170	human gut metagenome	ftp.sra.ebi.ac.uk/vol1/fastq/ERR209/ERR209407/ERR209407_1.fastq.gz;ftp.sra.ebi.ac.uk/vol1/fastq/ERR209/ERR209407/ERR209407_2.fastq.gz	ftp.sra.ebi.ac.uk/vol1/run/ERR209/ERR209407/MH0126_20091023.rmhost.pair.1.fq.gz;ftp.sra.ebi.ac.uk/vol1/run/ERR209/ERR209407/MH0126_20091023.rmhost.pair.2.fq.gz	
ERR209409	PRJEB1220	SAMEA2042556	ERX184074	408170	human gut metagenome	ftp.sra.ebi.ac.uk/vol1/fastq/ERR209/ERR209409/ERR209409_1.fastq.gz;ftp.sra.ebi.ac.uk/vol1/fastq/ERR209/ERR209409/ERR209409_2.fastq.gz	ftp.sra.ebi.ac.uk/vol1/run/ERR209/ERR209409/MH0126_20100129L2.rmhost.pair.1.fq.gz;ftp.sra.ebi.ac.uk/vol1/run/ERR209/ERR209409/MH0126_20100129L2.rmhost.pair.2.fq.gz	
ERR209410	PRJEB1220	SAMEA2042556	ERX184075	408170	human gut metagenome	ftp.sra.ebi.ac.uk/vol1/fastq/ERR209/ERR209410/ERR209410_1.fastq.gz;ftp.sra.ebi.ac.uk/vol1/fastq/ERR209/ERR209410/ERR209410_2.fastq.gz	ftp.sra.ebi.ac.uk/vol1/run/ERR209/ERR209410/MH0126_20100129L3.rmhost.pair.1.fq.gz;ftp.sra.ebi.ac.uk/vol1/run/ERR209/ERR209410/MH0126_20100129L3.rmhost.pair.2.fq.gz	
ERR209415	PRJEB1220	SAMEA2042558	ERX184080	408170	human gut metagenome	ftp.sra.ebi.ac.uk/vol1/fastq/ERR209/ERR209415/ERR209415_1.fastq.gz;ftp.sra.ebi.ac.uk/vol1/fastq/ERR209/ERR209415/ERR209415_2.fastq.gz	ftp.sra.ebi.ac.uk/vol1/run/ERR209/ERR209415/MH0128_20091023.rmhost.pair.1.fq.gz;ftp.sra.ebi.ac.uk/vol1/run/ERR209/ERR209415/MH0128_20091023.rmhost.pair.2.fq.gz	
ERR209417	PRJEB1220	SAMEA2042558	ERX184082	408170	human gut metagenome	ftp.sra.ebi.ac.uk/vol1/fastq/ERR209/ERR209417/ERR209417_1.fastq.gz;ftp.sra.ebi.ac.uk/vol1/fastq/ERR209/ERR209417/ERR209417_2.fastq.gz	ftp.sra.ebi.ac.uk/vol1/run/ERR209/ERR209417/MH0128_20100128L7.rmhost.pair.1.fq.gz;ftp.sra.ebi.ac.uk/vol1/run/ERR209/ERR209417/MH0128_20100128L7.rmhost.pair.2.fq.gz	
ERR209419	PRJEB1220	SAMEA2042559	ERX184084	408170	human gut metagenome	ftp.sra.ebi.ac.uk/vol1/fastq/ERR209/ERR209419/ERR209419_1.fastq.gz;ftp.sra.ebi.ac.uk/vol1/fastq/ERR209/ERR209419/ERR209419_2.fastq.gz	ftp.sra.ebi.ac.uk/vol1/run/ERR209/ERR209419/MH0129_20091028.rmhost.pair.1.fq.gz;ftp.sra.ebi.ac.uk/vol1/run/ERR209/ERR209419/MH0129_20091028.rmhost.pair.2.fq.gz	
ERR209420	PRJEB1220	SAMEA2042559	ERX184085	408170	human gut metagenome	ftp.sra.ebi.ac.uk/vol1/fastq/ERR209/ERR209420/ERR209420_1.fastq.gz;ftp.sra.ebi.ac.uk/vol1/fastq/ERR209/ERR209420/ERR209420_2.fastq.gz	ftp.sra.ebi.ac.uk/vol1/run/ERR209/ERR209420/MH0129_20100124L7.rmhost.pair.1.fq.gz;ftp.sra.ebi.ac.uk/vol1/run/ERR209/ERR209420/MH0129_20100124L7.rmhost.pair.2.fq.gz	
ERR209421	PRJEB1220	SAMEA2042559	ERX184086	408170	human gut metagenome	ftp.sra.ebi.ac.uk/vol1/fastq/ERR209/ERR209421/ERR209421_1.fastq.gz;ftp.sra.ebi.ac.uk/vol1/fastq/ERR209/ERR209421/ERR209421_2.fastq.gz	ftp.sra.ebi.ac.uk/vol1/run/ERR209/ERR209421/MH0129_20100125L4.rmhost.pair.1.fq.gz;ftp.sra.ebi.ac.uk/vol1/run/ERR209/ERR209421/MH0129_20100125L4.rmhost.pair.2.fq.gz	
ERR209424	PRJEB1220	SAMEA2042560	ERX184089	408170	human gut metagenome	ftp.sra.ebi.ac.uk/vol1/fastq/ERR209/ERR209424/ERR209424_1.fastq.gz;ftp.sra.ebi.ac.uk/vol1/fastq/ERR209/ERR209424/ERR209424_2.fastq.gz	ftp.sra.ebi.ac.uk/vol1/run/ERR209/ERR209424/MH0130_20100128L6.rmhost.pair.1.fq.gz;ftp.sra.ebi.ac.uk/vol1/run/ERR209/ERR209424/MH0130_20100128L6.rmhost.pair.2.fq.gz	
ERR209425	PRJEB1220	SAMEA2042560	ERX184090	408170	human gut metagenome	ftp.sra.ebi.ac.uk/vol1/fastq/ERR209/ERR209425/ERR209425_1.fastq.gz;ftp.sra.ebi.ac.uk/vol1/fastq/ERR209/ERR209425/ERR209425_2.fastq.gz	ftp.sra.ebi.ac.uk/vol1/run/ERR209/ERR209425/MH0130_20100129L2.rmhost.pair.1.fq.gz;ftp.sra.ebi.ac.uk/vol1/run/ERR209/ERR209425/MH0130_20100129L2.rmhost.pair.2.fq.gz	
ERR209426	PRJEB1220	SAMEA2042560	ERX184091	408170	human gut metagenome	ftp.sra.ebi.ac.uk/vol1/fastq/ERR209/ERR209426/ERR209426_1.fastq.gz;ftp.sra.ebi.ac.uk/vol1/fastq/ERR209/ERR209426/ERR209426_2.fastq.gz	ftp.sra.ebi.ac.uk/vol1/run/ERR209/ERR209426/MH0130_20100129L3.rmhost.pair.1.fq.gz;ftp.sra.ebi.ac.uk/vol1/run/ERR209/ERR209426/MH0130_20100129L3.rmhost.pair.2.fq.gz	
ERR209432	PRJEB1220	SAMEA2042562	ERX184097	408170	human gut metagenome	ftp.sra.ebi.ac.uk/vol1/fastq/ERR209/ERR209432/ERR209432_1.fastq.gz;ftp.sra.ebi.ac.uk/vol1/fastq/ERR209/ERR209432/ERR209432_2.fastq.gz	ftp.sra.ebi.ac.uk/vol1/run/ERR209/ERR209432/MH0133_20100124L7.rmhost.pair.1.fq.gz;ftp.sra.ebi.ac.uk/vol1/run/ERR209/ERR209432/MH0133_20100124L7.rmhost.pair.2.fq.gz	
ERR209433	PRJEB1220	SAMEA2042562	ERX184098	408170	human gut metagenome	ftp.sra.ebi.ac.uk/vol1/fastq/ERR209/ERR209433/ERR209433_1.fastq.gz;ftp.sra.ebi.ac.uk/vol1/fastq/ERR209/ERR209433/ERR209433_2.fastq.gz	ftp.sra.ebi.ac.uk/vol1/run/ERR209/ERR209433/MH0133_20100125L4.rmhost.pair.1.fq.gz;ftp.sra.ebi.ac.uk/vol1/run/ERR209/ERR209433/MH0133_20100125L4.rmhost.pair.2.fq.gz	
ERR209435	PRJEB1220	SAMEA2042563	ERX184100	408170	human gut metagenome	ftp.sra.ebi.ac.uk/vol1/fastq/ERR209/ERR209435/ERR209435_1.fastq.gz;ftp.sra.ebi.ac.uk/vol1/fastq/ERR209/ERR209435/ERR209435_2.fastq.gz	ftp.sra.ebi.ac.uk/vol1/run/ERR209/ERR209435/MH0134_20091028.rmhost.pair.1.fq.gz;ftp.sra.ebi.ac.uk/vol1/run/ERR209/ERR209435/MH0134_20091028.rmhost.pair.2.fq.gz	
ERR209436	PRJEB1220	SAMEA2042563	ERX184101	408170	human gut metagenome	ftp.sra.ebi.ac.uk/vol1/fastq/ERR209/ERR209436/ERR209436_1.fastq.gz;ftp.sra.ebi.ac.uk/vol1/fastq/ERR209/ERR209436/ERR209436_2.fastq.gz	ftp.sra.ebi.ac.uk/vol1/run/ERR209/ERR209436/MH0134_20100124L6.rmhost.pair.1.fq.gz;ftp.sra.ebi.ac.uk/vol1/run/ERR209/ERR209436/MH0134_20100124L6.rmhost.pair.2.fq.gz	
ERR209440	PRJEB1220	SAMEA2042564	ERX184105	408170	human gut metagenome	ftp.sra.ebi.ac.uk/vol1/fastq/ERR209/ERR209440/ERR209440_1.fastq.gz;ftp.sra.ebi.ac.uk/vol1/fastq/ERR209/ERR209440/ERR209440_2.fastq.gz	ftp.sra.ebi.ac.uk/vol1/run/ERR209/ERR209440/MH0135_20100124L6.rmhost.pair.1.fq.gz;ftp.sra.ebi.ac.uk/vol1/run/ERR209/ERR209440/MH0135_20100124L6.rmhost.pair.2.fq.gz	
ERR209441	PRJEB1220	SAMEA2042564	ERX184106	408170	human gut metagenome	ftp.sra.ebi.ac.uk/vol1/fastq/ERR209/ERR209441/ERR209441_1.fastq.gz;ftp.sra.ebi.ac.uk/vol1/fastq/ERR209/ERR209441/ERR209441_2.fastq.gz	ftp.sra.ebi.ac.uk/vol1/run/ERR209/ERR209441/MH0135_20100125L2.rmhost.pair.1.fq.gz;ftp.sra.ebi.ac.uk/vol1/run/ERR209/ERR209441/MH0135_20100125L2.rmhost.pair.2.fq.gz	
ERR209447	PRJEB1220	SAMEA2042567	ERX184112	408170	human gut metagenome	ftp.sra.ebi.ac.uk/vol1/fastq/ERR209/ERR209447/ERR209447_1.fastq.gz;ftp.sra.ebi.ac.uk/vol1/fastq/ERR209/ERR209447/ERR209447_2.fastq.gz	ftp.sra.ebi.ac.uk/vol1/run/ERR209/ERR209447/MH0137_20091011.rmhost.pair.1.fq.gz;ftp.sra.ebi.ac.uk/vol1/run/ERR209/ERR209447/MH0137_20091011.rmhost.pair.2.fq.gz	
ERR209448	PRJEB1220	SAMEA2042567	ERX184113	408170	human gut metagenome	ftp.sra.ebi.ac.uk/vol1/fastq/ERR209/ERR209448/ERR209448_1.fastq.gz;ftp.sra.ebi.ac.uk/vol1/fastq/ERR209/ERR209448/ERR209448_2.fastq.gz	ftp.sra.ebi.ac.uk/vol1/run/ERR209/ERR209448/MH0137_20100124L8.rmhost.pair.1.fq.gz;ftp.sra.ebi.ac.uk/vol1/run/ERR209/ERR209448/MH0137_20100124L8.rmhost.pair.2.fq.gz	
ERR209449	PRJEB1220	SAMEA2042567	ERX184114	408170	human gut metagenome	ftp.sra.ebi.ac.uk/vol1/fastq/ERR209/ERR209449/ERR209449_1.fastq.gz;ftp.sra.ebi.ac.uk/vol1/fastq/ERR209/ERR209449/ERR209449_2.fastq.gz	ftp.sra.ebi.ac.uk/vol1/run/ERR209/ERR209449/MH0137_20100128L7.rmhost.pair.1.fq.gz;ftp.sra.ebi.ac.uk/vol1/run/ERR209/ERR209449/MH0137_20100128L7.rmhost.pair.2.fq.gz	
ERR209450	PRJEB1220	SAMEA2042567	ERX184115	408170	human gut metagenome	ftp.sra.ebi.ac.uk/vol1/fastq/ERR209/ERR209450/ERR209450_1.fastq.gz;ftp.sra.ebi.ac.uk/vol1/fastq/ERR209/ERR209450/ERR209450_2.fastq.gz	ftp.sra.ebi.ac.uk/vol1/run/ERR209/ERR209450/MH0137_20100128L8.rmhost.pair.1.fq.gz;ftp.sra.ebi.ac.uk/vol1/run/ERR209/ERR209450/MH0137_20100128L8.rmhost.pair.2.fq.gz	
ERR209452	PRJEB1220	SAMEA2042569	ERX184117	408170	human gut metagenome	ftp.sra.ebi.ac.uk/vol1/fastq/ERR209/ERR209452/ERR209452_1.fastq.gz;ftp.sra.ebi.ac.uk/vol1/fastq/ERR209/ERR209452/ERR209452_2.fastq.gz	ftp.sra.ebi.ac.uk/vol1/run/ERR209/ERR209452/MH0139_20091115.rmhost.pair.1.fq.gz;ftp.sra.ebi.ac.uk/vol1/run/ERR209/ERR209452/MH0139_20091115.rmhost.pair.2.fq.gz	
ERR209453	PRJEB1220	SAMEA2042602	ERX184118	408170	human gut metagenome	ftp.sra.ebi.ac.uk/vol1/fastq/ERR209/ERR209453/ERR209453_1.fastq.gz;ftp.sra.ebi.ac.uk/vol1/fastq/ERR209/ERR209453/ERR209453_2.fastq.gz	ftp.sra.ebi.ac.uk/vol1/run/ERR209/ERR209453/MH0140_20091115.rmhost.pair.1.fq.gz;ftp.sra.ebi.ac.uk/vol1/run/ERR209/ERR209453/MH0140_20091115.rmhost.pair.2.fq.gz	
ERR209454	PRJEB1220	SAMEA2042603	ERX184119	408170	human gut metagenome	ftp.sra.ebi.ac.uk/vol1/fastq/ERR209/ERR209454/ERR209454_1.fastq.gz;ftp.sra.ebi.ac.uk/vol1/fastq/ERR209/ERR209454/ERR209454_2.fastq.gz	ftp.sra.ebi.ac.uk/vol1/run/ERR209/ERR209454/MH0141_20091115.rmhost.pair.1.fq.gz;ftp.sra.ebi.ac.uk/vol1/run/ERR209/ERR209454/MH0141_20091115.rmhost.pair.2.fq.gz	
ERR209455	PRJEB1220	SAMEA2042604	ERX184120	408170	human gut metagenome	ftp.sra.ebi.ac.uk/vol1/fastq/ERR209/ERR209455/ERR209455_1.fastq.gz;ftp.sra.ebi.ac.uk/vol1/fastq/ERR209/ERR209455/ERR209455_2.fastq.gz	ftp.sra.ebi.ac.uk/vol1/run/ERR209/ERR209455/MH0142_20091115.rmhost.pair.1.fq.gz;ftp.sra.ebi.ac.uk/vol1/run/ERR209/ERR209455/MH0142_20091115.rmhost.pair.2.fq.gz	
ERR209457	PRJEB1220	SAMEA2042606	ERX184122	408170	human gut metagenome	ftp.sra.ebi.ac.uk/vol1/fastq/ERR209/ERR209457/ERR209457_1.fastq.gz;ftp.sra.ebi.ac.uk/vol1/fastq/ERR209/ERR209457/ERR209457_2.fastq.gz	ftp.sra.ebi.ac.uk/vol1/run/ERR209/ERR209457/MH0144_20091115.rmhost.pair.1.fq.gz;ftp.sra.ebi.ac.uk/vol1/run/ERR209/ERR209457/MH0144_20091115.rmhost.pair.2.fq.gz	
ERR209458	PRJEB1220	SAMEA2042607	ERX184123	408170	human gut metagenome	ftp.sra.ebi.ac.uk/vol1/fastq/ERR209/ERR209458/ERR209458_1.fastq.gz;ftp.sra.ebi.ac.uk/vol1/fastq/ERR209/ERR209458/ERR209458_2.fastq.gz	ftp.sra.ebi.ac.uk/vol1/run/ERR209/ERR209458/MH0145_20091116.rmhost.pair.1.fq.gz;ftp.sra.ebi.ac.uk/vol1/run/ERR209/ERR209458/MH0145_20091116.rmhost.pair.2.fq.gz	
ERR209459	PRJEB1220	SAMEA2042607	ERX184124	408170	human gut metagenome	ftp.sra.ebi.ac.uk/vol1/fastq/ERR209/ERR209459/ERR209459_1.fastq.gz;ftp.sra.ebi.ac.uk/vol1/fastq/ERR209/ERR209459/ERR209459_2.fastq.gz	ftp.sra.ebi.ac.uk/vol1/run/ERR209/ERR209459/MH0145_20100124L5.rmhost.pair.1.fq.gz;ftp.sra.ebi.ac.uk/vol1/run/ERR209/ERR209459/MH0145_20100124L5.rmhost.pair.2.fq.gz	
ERR209463	PRJEB1220	SAMEA2042609	ERX184128	408170	human gut metagenome	ftp.sra.ebi.ac.uk/vol1/fastq/ERR209/ERR209463/ERR209463_1.fastq.gz;ftp.sra.ebi.ac.uk/vol1/fastq/ERR209/ERR209463/ERR209463_2.fastq.gz	ftp.sra.ebi.ac.uk/vol1/run/ERR209/ERR209463/MH0147_20100129L2.rmhost.pair.1.fq.gz;ftp.sra.ebi.ac.uk/vol1/run/ERR209/ERR209463/MH0147_20100129L2.rmhost.pair.2.fq.gz	
ERR209464	PRJEB1220	SAMEA2042609	ERX184129	408170	human gut metagenome	ftp.sra.ebi.ac.uk/vol1/fastq/ERR209/ERR209464/ERR209464_1.fastq.gz;ftp.sra.ebi.ac.uk/vol1/fastq/ERR209/ERR209464/ERR209464_2.fastq.gz	ftp.sra.ebi.ac.uk/vol1/run/ERR209/ERR209464/MH0147_20100129L3.rmhost.pair.1.fq.gz;ftp.sra.ebi.ac.uk/vol1/run/ERR209/ERR209464/MH0147_20100129L3.rmhost.pair.2.fq.gz	
ERR209466	PRJEB1220	SAMEA2042611	ERX184131	408170	human gut metagenome	ftp.sra.ebi.ac.uk/vol1/fastq/ERR209/ERR209466/ERR209466_1.fastq.gz;ftp.sra.ebi.ac.uk/vol1/fastq/ERR209/ERR209466/ERR209466_2.fastq.gz	ftp.sra.ebi.ac.uk/vol1/run/ERR209/ERR209466/MH0148_20100124L7.rmhost.pair.1.fq.gz;ftp.sra.ebi.ac.uk/vol1/run/ERR209/ERR209466/MH0148_20100124L7.rmhost.pair.2.fq.gz	
ERR209467	PRJEB1220	SAMEA2042611	ERX184132	408170	human gut metagenome	ftp.sra.ebi.ac.uk/vol1/fastq/ERR209/ERR209467/ERR209467_1.fastq.gz;ftp.sra.ebi.ac.uk/vol1/fastq/ERR209/ERR209467/ERR209467_2.fastq.gz	ftp.sra.ebi.ac.uk/vol1/run/ERR209/ERR209467/MH0148_20100125L4.rmhost.pair.1.fq.gz;ftp.sra.ebi.ac.uk/vol1/run/ERR209/ERR209467/MH0148_20100125L4.rmhost.pair.2.fq.gz	
ERR209469	PRJEB1220	SAMEA2042612	ERX184134	408170	human gut metagenome	ftp.sra.ebi.ac.uk/vol1/fastq/ERR209/ERR209469/ERR209469_1.fastq.gz;ftp.sra.ebi.ac.uk/vol1/fastq/ERR209/ERR209469/ERR209469_2.fastq.gz	ftp.sra.ebi.ac.uk/vol1/run/ERR209/ERR209469/MH0149_20091105.rmhost.pair.1.fq.gz;ftp.sra.ebi.ac.uk/vol1/run/ERR209/ERR209469/MH0149_20091105.rmhost.pair.2.fq.gz	
ERR209474	PRJEB1220	SAMEA2042616	ERX184139	408170	human gut metagenome	ftp.sra.ebi.ac.uk/vol1/fastq/ERR209/ERR209474/ERR209474_1.fastq.gz;ftp.sra.ebi.ac.uk/vol1/fastq/ERR209/ERR209474/ERR209474_2.fastq.gz	ftp.sra.ebi.ac.uk/vol1/run/ERR209/ERR209474/MH0155_20091111.rmhost.pair.1.fq.gz;ftp.sra.ebi.ac.uk/vol1/run/ERR209/ERR209474/MH0155_20091111.rmhost.pair.2.fq.gz	
ERR209479	PRJEB1220	SAMEA2042645	ERX184144	408170	human gut metagenome	ftp.sra.ebi.ac.uk/vol1/fastq/ERR209/ERR209479/ERR209479_1.fastq.gz;ftp.sra.ebi.ac.uk/vol1/fastq/ERR209/ERR209479/ERR209479_2.fastq.gz	ftp.sra.ebi.ac.uk/vol1/run/ERR209/ERR209479/MH0160_20091111.rmhost.pair.1.fq.gz;ftp.sra.ebi.ac.uk/vol1/run/ERR209/ERR209479/MH0160_20091111.rmhost.pair.2.fq.gz	
ERR209480	PRJEB1220	SAMEA2042646	ERX184145	408170	human gut metagenome	ftp.sra.ebi.ac.uk/vol1/fastq/ERR209/ERR209480/ERR209480_1.fastq.gz;ftp.sra.ebi.ac.uk/vol1/fastq/ERR209/ERR209480/ERR209480_2.fastq.gz	ftp.sra.ebi.ac.uk/vol1/run/ERR209/ERR209480/MH0162_20091115.rmhost.pair.1.fq.gz;ftp.sra.ebi.ac.uk/vol1/run/ERR209/ERR209480/MH0162_20091115.rmhost.pair.2.fq.gz	
ERR209481	PRJEB1220	SAMEA2042647	ERX184146	408170	human gut metagenome	ftp.sra.ebi.ac.uk/vol1/fastq/ERR209/ERR209481/ERR209481_1.fastq.gz;ftp.sra.ebi.ac.uk/vol1/fastq/ERR209/ERR209481/ERR209481_2.fastq.gz	ftp.sra.ebi.ac.uk/vol1/run/ERR209/ERR209481/MH0163_20091103.rmhost.pair.1.fq.gz;ftp.sra.ebi.ac.uk/vol1/run/ERR209/ERR209481/MH0163_20091103.rmhost.pair.2.fq.gz	
ERR209055	PRJEB1220	SAMEA2042280	ERX183720	408170	human gut metagenome	ftp.sra.ebi.ac.uk/vol1/fastq/ERR209/ERR209055/ERR209055_1.fastq.gz;ftp.sra.ebi.ac.uk/vol1/fastq/ERR209/ERR209055/ERR209055_2.fastq.gz	ftp.sra.ebi.ac.uk/vol1/run/ERR209/ERR209055/MH0001_081026.rmhost.pair.1.fq.gz;ftp.sra.ebi.ac.uk/vol1/run/ERR209/ERR209055/MH0001_081026.rmhost.pair.2.fq.gz	
ERR209484	PRJEB1220	SAMEA2042649	ERX184149	408170	human gut metagenome	ftp.sra.ebi.ac.uk/vol1/fastq/ERR209/ERR209484/ERR209484_1.fastq.gz;ftp.sra.ebi.ac.uk/vol1/fastq/ERR209/ERR209484/ERR209484_2.fastq.gz	ftp.sra.ebi.ac.uk/vol1/run/ERR209/ERR209484/MH0165_20091031.rmhost.pair.1.fq.gz;ftp.sra.ebi.ac.uk/vol1/run/ERR209/ERR209484/MH0165_20091031.rmhost.pair.2.fq.gz	
ERR209059	PRJEB1220	SAMEA2042281	ERX183724	408170	human gut metagenome	ftp.sra.ebi.ac.uk/vol1/fastq/ERR209/ERR209059/ERR209059_1.fastq.gz;ftp.sra.ebi.ac.uk/vol1/fastq/ERR209/ERR209059/ERR209059_2.fastq.gz	ftp.sra.ebi.ac.uk/vol1/run/ERR209/ERR209059/MH0002_090117.rmhost.pair.1.fq.gz;ftp.sra.ebi.ac.uk/vol1/run/ERR209/ERR209059/MH0002_090117.rmhost.pair.2.fq.gz	
ERR209486	PRJEB1220	SAMEA2042649	ERX184151	408170	human gut metagenome	ftp.sra.ebi.ac.uk/vol1/fastq/ERR209/ERR209486/ERR209486_1.fastq.gz;ftp.sra.ebi.ac.uk/vol1/fastq/ERR209/ERR209486/ERR209486_2.fastq.gz	ftp.sra.ebi.ac.uk/vol1/run/ERR209/ERR209486/MH0165_20100125L2.rmhost.pair.1.fq.gz;ftp.sra.ebi.ac.uk/vol1/run/ERR209/ERR209486/MH0165_20100125L2.rmhost.pair.2.fq.gz	
ERR209061	PRJEB1220	SAMEA2042282	ERX183726	408170	human gut metagenome	ftp.sra.ebi.ac.uk/vol1/fastq/ERR209/ERR209061/ERR209061_1.fastq.gz;ftp.sra.ebi.ac.uk/vol1/fastq/ERR209/ERR209061/ERR209061_2.fastq.gz	ftp.sra.ebi.ac.uk/vol1/run/ERR209/ERR209061/MH0003_081224.rmhost.pair.1.fq.gz;ftp.sra.ebi.ac.uk/vol1/run/ERR209/ERR209061/MH0003_081224.rmhost.pair.2.fq.gz	
ERR209488	PRJEB1220	SAMEA2042649	ERX184153	408170	human gut metagenome	ftp.sra.ebi.ac.uk/vol1/fastq/ERR209/ERR209488/ERR209488_1.fastq.gz;ftp.sra.ebi.ac.uk/vol1/fastq/ERR209/ERR209488/ERR209488_2.fastq.gz	ftp.sra.ebi.ac.uk/vol1/run/ERR209/ERR209488/MH0165_20100305L3.rmhost.pair.1.fq.gz;ftp.sra.ebi.ac.uk/vol1/run/ERR209/ERR209488/MH0165_20100305L3.rmhost.pair.2.fq.gz	
ERR209063	PRJEB1220	SAMEA2042283	ERX183728	408170	human gut metagenome	ftp.sra.ebi.ac.uk/vol1/fastq/ERR209/ERR209063/ERR209063_1.fastq.gz;ftp.sra.ebi.ac.uk/vol1/fastq/ERR209/ERR209063/ERR209063_2.fastq.gz	ftp.sra.ebi.ac.uk/vol1/run/ERR209/ERR209063/MH0004_081026.rmhost.pair.1.fq.gz;ftp.sra.ebi.ac.uk/vol1/run/ERR209/ERR209063/MH0004_081026.rmhost.pair.2.fq.gz	
ERR209069	PRJEB1220	SAMEA2042285	ERX183734	408170	human gut metagenome	ftp.sra.ebi.ac.uk/vol1/fastq/ERR209/ERR209069/ERR209069_1.fastq.gz;ftp.sra.ebi.ac.uk/vol1/fastq/ERR209/ERR209069/ERR209069_2.fastq.gz	ftp.sra.ebi.ac.uk/vol1/run/ERR209/ERR209069/MH0006_lane2.rmhost.pair.1.fq.gz;ftp.sra.ebi.ac.uk/vol1/run/ERR209/ERR209069/MH0006_lane2.rmhost.pair.2.fq.gz	
ERR209493	PRJEB1220	SAMEA2042651	ERX184158	408170	human gut metagenome	ftp.sra.ebi.ac.uk/vol1/fastq/ERR209/ERR209493/ERR209493_1.fastq.gz;ftp.sra.ebi.ac.uk/vol1/fastq/ERR209/ERR209493/ERR209493_2.fastq.gz	ftp.sra.ebi.ac.uk/vol1/run/ERR209/ERR209493/MH0167_20100124L6.rmhost.pair.1.fq.gz;ftp.sra.ebi.ac.uk/vol1/run/ERR209/ERR209493/MH0167_20100124L6.rmhost.pair.2.fq.gz	
ERR209070	PRJEB1220	SAMEA2042285	ERX183735	408170	human gut metagenome	ftp.sra.ebi.ac.uk/vol1/fastq/ERR209/ERR209070/ERR209070_1.fastq.gz;ftp.sra.ebi.ac.uk/vol1/fastq/ERR209/ERR209070/ERR209070_2.fastq.gz	ftp.sra.ebi.ac.uk/vol1/run/ERR209/ERR209070/MH0006_lane6.rmhost.pair.1.fq.gz;ftp.sra.ebi.ac.uk/vol1/run/ERR209/ERR209070/MH0006_lane6.rmhost.pair.2.fq.gz	
ERR209499	PRJEB1220	SAMEA2042653	ERX184164	408170	human gut metagenome	ftp.sra.ebi.ac.uk/vol1/fastq/ERR209/ERR209499/ERR209499_1.fastq.gz;ftp.sra.ebi.ac.uk/vol1/fastq/ERR209/ERR209499/ERR209499_2.fastq.gz	ftp.sra.ebi.ac.uk/vol1/run/ERR209/ERR209499/MH0168_20100125L3.rmhost.pair.1.fq.gz;ftp.sra.ebi.ac.uk/vol1/run/ERR209/ERR209499/MH0168_20100125L3.rmhost.pair.2.fq.gz	
ERR209500	PRJEB1220	SAMEA2042654	ERX184165	408170	human gut metagenome	ftp.sra.ebi.ac.uk/vol1/fastq/ERR209/ERR209500/ERR209500_1.fastq.gz;ftp.sra.ebi.ac.uk/vol1/fastq/ERR209/ERR209500/ERR209500_2.fastq.gz	ftp.sra.ebi.ac.uk/vol1/run/ERR209/ERR209500/MH0169_20091116.rmhost.pair.1.fq.gz;ftp.sra.ebi.ac.uk/vol1/run/ERR209/ERR209500/MH0169_20091116.rmhost.pair.2.fq.gz	
ERR209501	PRJEB1220	SAMEA2042654	ERX184166	408170	human gut metagenome	ftp.sra.ebi.ac.uk/vol1/fastq/ERR209/ERR209501/ERR209501_1.fastq.gz;ftp.sra.ebi.ac.uk/vol1/fastq/ERR209/ERR209501/ERR209501_2.fastq.gz	ftp.sra.ebi.ac.uk/vol1/run/ERR209/ERR209501/MH0169_20100124L5.rmhost.pair.1.fq.gz;ftp.sra.ebi.ac.uk/vol1/run/ERR209/ERR209501/MH0169_20100124L5.rmhost.pair.2.fq.gz	
ERR209502	PRJEB1220	SAMEA2042655	ERX184167	408170	human gut metagenome	ftp.sra.ebi.ac.uk/vol1/fastq/ERR209/ERR209502/ERR209502_1.fastq.gz;ftp.sra.ebi.ac.uk/vol1/fastq/ERR209/ERR209502/ERR209502_2.fastq.gz	ftp.sra.ebi.ac.uk/vol1/run/ERR209/ERR209502/MH0170_20091116.rmhost.pair.1.fq.gz;ftp.sra.ebi.ac.uk/vol1/run/ERR209/ERR209502/MH0170_20091116.rmhost.pair.2.fq.gz	
ERR209504	PRJEB1220	SAMEA2042655	ERX184169	408170	human gut metagenome	ftp.sra.ebi.ac.uk/vol1/fastq/ERR209/ERR209504/ERR209504_1.fastq.gz;ftp.sra.ebi.ac.uk/vol1/fastq/ERR209/ERR209504/ERR209504_2.fastq.gz	ftp.sra.ebi.ac.uk/vol1/run/ERR209/ERR209504/MH0170_20100125L2.rmhost.pair.1.fq.gz;ftp.sra.ebi.ac.uk/vol1/run/ERR209/ERR209504/MH0170_20100125L2.rmhost.pair.2.fq.gz	
ERR209508	PRJEB1220	SAMEA2042658	ERX184173	408170	human gut metagenome	ftp.sra.ebi.ac.uk/vol1/fastq/ERR209/ERR209508/ERR209508_1.fastq.gz;ftp.sra.ebi.ac.uk/vol1/fastq/ERR209/ERR209508/ERR209508_2.fastq.gz	ftp.sra.ebi.ac.uk/vol1/run/ERR209/ERR209508/MH0174_20091110.rmhost.pair.1.fq.gz;ftp.sra.ebi.ac.uk/vol1/run/ERR209/ERR209508/MH0174_20091110.rmhost.pair.2.fq.gz	
ERR209511	PRJEB1220	SAMEA2042730	ERX184176	408170	human gut metagenome	ftp.sra.ebi.ac.uk/vol1/fastq/ERR209/ERR209511/ERR209511_1.fastq.gz;ftp.sra.ebi.ac.uk/vol1/fastq/ERR209/ERR209511/ERR209511_2.fastq.gz	ftp.sra.ebi.ac.uk/vol1/run/ERR209/ERR209511/MH0177_20100124L6.rmhost.pair.1.fq.gz;ftp.sra.ebi.ac.uk/vol1/run/ERR209/ERR209511/MH0177_20100124L6.rmhost.pair.2.fq.gz	
ERR209071	PRJEB1220	SAMEA2042285	ERX183736	408170	human gut metagenome	ftp.sra.ebi.ac.uk/vol1/fastq/ERR209/ERR209071/ERR209071_1.fastq.gz;ftp.sra.ebi.ac.uk/vol1/fastq/ERR209/ERR209071/ERR209071_2.fastq.gz	ftp.sra.ebi.ac.uk/vol1/run/ERR209/ERR209071/MH0006_lane7.rmhost.pair.1.fq.gz;ftp.sra.ebi.ac.uk/vol1/run/ERR209/ERR209071/MH0006_lane7.rmhost.pair.2.fq.gz	
ERR209073	PRJEB1220	SAMEA2042286	ERX183738	408170	human gut metagenome	ftp.sra.ebi.ac.uk/vol1/fastq/ERR209/ERR209073/ERR209073_1.fastq.gz;ftp.sra.ebi.ac.uk/vol1/fastq/ERR209/ERR209073/ERR209073_2.fastq.gz	ftp.sra.ebi.ac.uk/vol1/run/ERR209/ERR209073/MH0007_081109.rmhost.pair.1.fq.gz;ftp.sra.ebi.ac.uk/vol1/run/ERR209/ERR209073/MH0007_081109.rmhost.pair.2.fq.gz	
ERR209516	PRJEB1220	SAMEA2042733	ERX184181	408170	human gut metagenome	ftp.sra.ebi.ac.uk/vol1/fastq/ERR209/ERR209516/ERR209516_1.fastq.gz;ftp.sra.ebi.ac.uk/vol1/fastq/ERR209/ERR209516/ERR209516_2.fastq.gz	ftp.sra.ebi.ac.uk/vol1/run/ERR209/ERR209516/MH0180_20091110.rmhost.pair.1.fq.gz;ftp.sra.ebi.ac.uk/vol1/run/ERR209/ERR209516/MH0180_20091110.rmhost.pair.2.fq.gz	
ERR209519	PRJEB1220	SAMEA2042737	ERX184184	408170	human gut metagenome	ftp.sra.ebi.ac.uk/vol1/fastq/ERR209/ERR209519/ERR209519_1.fastq.gz;ftp.sra.ebi.ac.uk/vol1/fastq/ERR209/ERR209519/ERR209519_2.fastq.gz	ftp.sra.ebi.ac.uk/vol1/run/ERR209/ERR209519/MH0183_20091117.rmhost.pair.1.fq.gz;ftp.sra.ebi.ac.uk/vol1/run/ERR209/ERR209519/MH0183_20091117.rmhost.pair.2.fq.gz	
ERR209077	PRJEB1220	SAMEA2042360	ERX183742	408170	human gut metagenome	ftp.sra.ebi.ac.uk/vol1/fastq/ERR209/ERR209077/ERR209077_1.fastq.gz;ftp.sra.ebi.ac.uk/vol1/fastq/ERR209/ERR209077/ERR209077_2.fastq.gz	ftp.sra.ebi.ac.uk/vol1/run/ERR209/ERR209077/MH0009_081203.rmhost.pair.1.fq.gz;ftp.sra.ebi.ac.uk/vol1/run/ERR209/ERR209077/MH0009_081203.rmhost.pair.2.fq.gz	
ERR209521	PRJEB1220	SAMEA2042737	ERX184186	408170	human gut metagenome	ftp.sra.ebi.ac.uk/vol1/fastq/ERR209/ERR209521/ERR209521_1.fastq.gz;ftp.sra.ebi.ac.uk/vol1/fastq/ERR209/ERR209521/ERR209521_2.fastq.gz	ftp.sra.ebi.ac.uk/vol1/run/ERR209/ERR209521/MH0183_20100125L2.rmhost.pair.1.fq.gz;ftp.sra.ebi.ac.uk/vol1/run/ERR209/ERR209521/MH0183_20100125L2.rmhost.pair.2.fq.gz	
ERR209525	PRJEB1220	SAMEA2042738	ERX184190	408170	human gut metagenome	ftp.sra.ebi.ac.uk/vol1/fastq/ERR209/ERR209525/ERR209525_1.fastq.gz;ftp.sra.ebi.ac.uk/vol1/fastq/ERR209/ERR209525/ERR209525_2.fastq.gz	ftp.sra.ebi.ac.uk/vol1/run/ERR209/ERR209525/MH0184_20100129L2.rmhost.pair.1.fq.gz;ftp.sra.ebi.ac.uk/vol1/run/ERR209/ERR209525/MH0184_20100129L2.rmhost.pair.2.fq.gz	
ERR209078	PRJEB1220	SAMEA2042360	ERX183743	408170	human gut metagenome	ftp.sra.ebi.ac.uk/vol1/fastq/ERR209/ERR209078/ERR209078_1.fastq.gz;ftp.sra.ebi.ac.uk/vol1/fastq/ERR209/ERR209078/ERR209078_2.fastq.gz	ftp.sra.ebi.ac.uk/vol1/run/ERR209/ERR209078/MH0009_081224.rmhost.pair.1.fq.gz;ftp.sra.ebi.ac.uk/vol1/run/ERR209/ERR209078/MH0009_081224.rmhost.pair.2.fq.gz	
ERR209528	PRJEB1220	SAMEA2042740	ERX184193	408170	human gut metagenome	ftp.sra.ebi.ac.uk/vol1/fastq/ERR209/ERR209528/ERR209528_1.fastq.gz;ftp.sra.ebi.ac.uk/vol1/fastq/ERR209/ERR209528/ERR209528_2.fastq.gz	ftp.sra.ebi.ac.uk/vol1/run/ERR209/ERR209528/MH0186_20091117.rmhost.pair.1.fq.gz;ftp.sra.ebi.ac.uk/vol1/run/ERR209/ERR209528/MH0186_20091117.rmhost.pair.2.fq.gz	
ERR209529	PRJEB1220	SAMEA2042741	ERX184194	408170	human gut metagenome	ftp.sra.ebi.ac.uk/vol1/fastq/ERR209/ERR209529/ERR209529_1.fastq.gz;ftp.sra.ebi.ac.uk/vol1/fastq/ERR209/ERR209529/ERR209529_2.fastq.gz	ftp.sra.ebi.ac.uk/vol1/run/ERR209/ERR209529/O2.UC1-0_090112.rmhost.pair.1.fq.gz;ftp.sra.ebi.ac.uk/vol1/run/ERR209/ERR209529/O2.UC1-0_090112.rmhost.pair.2.fq.gz	
ERR209082	PRJEB1220	SAMEA2042362	ERX183747	408170	human gut metagenome	ftp.sra.ebi.ac.uk/vol1/fastq/ERR209/ERR209082/ERR209082_1.fastq.gz;ftp.sra.ebi.ac.uk/vol1/fastq/ERR209/ERR209082/ERR209082_2.fastq.gz	ftp.sra.ebi.ac.uk/vol1/run/ERR209/ERR209082/MH0011_081203.rmhost.pair.1.fq.gz;ftp.sra.ebi.ac.uk/vol1/run/ERR209/ERR209082/MH0011_081203.rmhost.pair.2.fq.gz	
ERR209531	PRJEB1220	SAMEA2042743	ERX184196	408170	human gut metagenome	ftp.sra.ebi.ac.uk/vol1/fastq/ERR209/ERR209531/ERR209531_1.fastq.gz;ftp.sra.ebi.ac.uk/vol1/fastq/ERR209/ERR209531/ERR209531_2.fastq.gz	ftp.sra.ebi.ac.uk/vol1/run/ERR209/ERR209531/O2.UC11-0_090112.rmhost.pair.1.fq.gz;ftp.sra.ebi.ac.uk/vol1/run/ERR209/ERR209531/O2.UC11-0_090112.rmhost.pair.2.fq.gz	
ERR209533	PRJEB1220	SAMEA2042744	ERX184198	408170	human gut metagenome	ftp.sra.ebi.ac.uk/vol1/fastq/ERR209/ERR209533/ERR209533_1.fastq.gz;ftp.sra.ebi.ac.uk/vol1/fastq/ERR209/ERR209533/ERR209533_2.fastq.gz	ftp.sra.ebi.ac.uk/vol1/run/ERR209/ERR209533/O2.UC11-2_20091125.rmhost.pair.1.fq.gz;ftp.sra.ebi.ac.uk/vol1/run/ERR209/ERR209533/O2.UC11-2_20091125.rmhost.pair.2.fq.gz	
ERR209085	PRJEB1220	SAMEA2042363	ERX183750	408170	human gut metagenome	ftp.sra.ebi.ac.uk/vol1/fastq/ERR209/ERR209085/ERR209085_1.fastq.gz;ftp.sra.ebi.ac.uk/vol1/fastq/ERR209/ERR209085/ERR209085_2.fastq.gz	ftp.sra.ebi.ac.uk/vol1/run/ERR209/ERR209085/MH0012_081203.rmhost.pair.1.fq.gz;ftp.sra.ebi.ac.uk/vol1/run/ERR209/ERR209085/MH0012_081203.rmhost.pair.2.fq.gz	
ERR209089	PRJEB1220	SAMEA2042363	ERX183754	408170	human gut metagenome	ftp.sra.ebi.ac.uk/vol1/fastq/ERR209/ERR209089/ERR209089_1.fastq.gz;ftp.sra.ebi.ac.uk/vol1/fastq/ERR209/ERR209089/ERR209089_2.fastq.gz	ftp.sra.ebi.ac.uk/vol1/run/ERR209/ERR209089/MH0012_lane3.rmhost.pair.1.fq.gz;ftp.sra.ebi.ac.uk/vol1/run/ERR209/ERR209089/MH0012_lane3.rmhost.pair.2.fq.gz	
ERR209534	PRJEB1220	SAMEA2042745	ERX184199	408170	human gut metagenome	ftp.sra.ebi.ac.uk/vol1/fastq/ERR209/ERR209534/ERR209534_1.fastq.gz;ftp.sra.ebi.ac.uk/vol1/fastq/ERR209/ERR209534/ERR209534_2.fastq.gz	ftp.sra.ebi.ac.uk/vol1/run/ERR209/ERR209534/O2.UC12-0_090112.rmhost.pair.1.fq.gz;ftp.sra.ebi.ac.uk/vol1/run/ERR209/ERR209534/O2.UC12-0_090112.rmhost.pair.2.fq.gz	
ERR209091	PRJEB1220	SAMEA2042363	ERX183756	408170	human gut metagenome	ftp.sra.ebi.ac.uk/vol1/fastq/ERR209/ERR209091/ERR209091_1.fastq.gz;ftp.sra.ebi.ac.uk/vol1/fastq/ERR209/ERR209091/ERR209091_2.fastq.gz	ftp.sra.ebi.ac.uk/vol1/run/ERR209/ERR209091/MH0012_lane5.rmhost.pair.1.fq.gz;ftp.sra.ebi.ac.uk/vol1/run/ERR209/ERR209091/MH0012_lane5.rmhost.pair.2.fq.gz	
ERR209096	PRJEB1220	SAMEA2042365	ERX183761	408170	human gut metagenome	ftp.sra.ebi.ac.uk/vol1/fastq/ERR209/ERR209096/ERR209096_1.fastq.gz;ftp.sra.ebi.ac.uk/vol1/fastq/ERR209/ERR209096/ERR209096_2.fastq.gz	ftp.sra.ebi.ac.uk/vol1/run/ERR209/ERR209096/MH0014_090120.rmhost.pair.1.fq.gz;ftp.sra.ebi.ac.uk/vol1/run/ERR209/ERR209096/MH0014_090120.rmhost.pair.2.fq.gz	
ERR209536	PRJEB1220	SAMEA2042742	ERX184201	408170	human gut metagenome	ftp.sra.ebi.ac.uk/vol1/fastq/ERR209/ERR209536/ERR209536_1.fastq.gz;ftp.sra.ebi.ac.uk/vol1/fastq/ERR209/ERR209536/ERR209536_2.fastq.gz	ftp.sra.ebi.ac.uk/vol1/run/ERR209/ERR209536/O2.UC1-2_20091117.rmhost.pair.1.fq.gz;ftp.sra.ebi.ac.uk/vol1/run/ERR209/ERR209536/O2.UC1-2_20091117.rmhost.pair.2.fq.gz	
ERR209098	PRJEB1220	SAMEA2042366	ERX183763	408170	human gut metagenome	ftp.sra.ebi.ac.uk/vol1/fastq/ERR209/ERR209098/ERR209098_1.fastq.gz;ftp.sra.ebi.ac.uk/vol1/fastq/ERR209/ERR209098/ERR209098_2.fastq.gz	ftp.sra.ebi.ac.uk/vol1/run/ERR209/ERR209098/MH0015_081119.rmhost.pair.1.fq.gz;ftp.sra.ebi.ac.uk/vol1/run/ERR209/ERR209098/MH0015_081119.rmhost.pair.2.fq.gz	
ERR209537	PRJEB1220	SAMEA2042828	ERX184202	408170	human gut metagenome	ftp.sra.ebi.ac.uk/vol1/fastq/ERR209/ERR209537/ERR209537_1.fastq.gz;ftp.sra.ebi.ac.uk/vol1/fastq/ERR209/ERR209537/ERR209537_2.fastq.gz	ftp.sra.ebi.ac.uk/vol1/run/ERR209/ERR209537/O2.UC12-2_20091125.rmhost.pair.1.fq.gz;ftp.sra.ebi.ac.uk/vol1/run/ERR209/ERR209537/O2.UC12-2_20091125.rmhost.pair.2.fq.gz	
ERR209100	PRJEB1220	SAMEA2042367	ERX183765	408170	human gut metagenome	ftp.sra.ebi.ac.uk/vol1/fastq/ERR209/ERR209100/ERR209100_1.fastq.gz;ftp.sra.ebi.ac.uk/vol1/fastq/ERR209/ERR209100/ERR209100_2.fastq.gz	ftp.sra.ebi.ac.uk/vol1/run/ERR209/ERR209100/MH0016_081224.rmhost.pair.1.fq.gz;ftp.sra.ebi.ac.uk/vol1/run/ERR209/ERR209100/MH0016_081224.rmhost.pair.2.fq.gz	
ERR209538	PRJEB1220	SAMEA2042829	ERX184203	408170	human gut metagenome	ftp.sra.ebi.ac.uk/vol1/fastq/ERR209/ERR209538/ERR209538_1.fastq.gz;ftp.sra.ebi.ac.uk/vol1/fastq/ERR209/ERR209538/ERR209538_2.fastq.gz	ftp.sra.ebi.ac.uk/vol1/run/ERR209/ERR209538/O2.UC13-0_090114.rmhost.pair.1.fq.gz;ftp.sra.ebi.ac.uk/vol1/run/ERR209/ERR209538/O2.UC13-0_090114.rmhost.pair.2.fq.gz	
ERR209107	PRJEB1220	SAMEA2042371	ERX183772	408170	human gut metagenome	ftp.sra.ebi.ac.uk/vol1/fastq/ERR209/ERR209107/ERR209107_1.fastq.gz;ftp.sra.ebi.ac.uk/vol1/fastq/ERR209/ERR209107/ERR209107_2.fastq.gz	ftp.sra.ebi.ac.uk/vol1/run/ERR209/ERR209107/MH0019_081119.rmhost.pair.1.fq.gz;ftp.sra.ebi.ac.uk/vol1/run/ERR209/ERR209107/MH0019_081119.rmhost.pair.2.fq.gz	
ERR209539	PRJEB1220	SAMEA2042829	ERX184204	408170	human gut metagenome	ftp.sra.ebi.ac.uk/vol1/fastq/ERR209/ERR209539/ERR209539_1.fastq.gz;ftp.sra.ebi.ac.uk/vol1/fastq/ERR209/ERR209539/ERR209539_2.fastq.gz	ftp.sra.ebi.ac.uk/vol1/run/ERR209/ERR209539/O2.UC13-0_090127.rmhost.pair.1.fq.gz;ftp.sra.ebi.ac.uk/vol1/run/ERR209/ERR209539/O2.UC13-0_090127.rmhost.pair.2.fq.gz	
ERR209109	PRJEB1220	SAMEA2042372	ERX183774	408170	human gut metagenome	ftp.sra.ebi.ac.uk/vol1/fastq/ERR209/ERR209109/ERR209109_1.fastq.gz;ftp.sra.ebi.ac.uk/vol1/fastq/ERR209/ERR209109/ERR209109_2.fastq.gz	ftp.sra.ebi.ac.uk/vol1/run/ERR209/ERR209109/MH0020_090120.rmhost.pair.1.fq.gz;ftp.sra.ebi.ac.uk/vol1/run/ERR209/ERR209109/MH0020_090120.rmhost.pair.2.fq.gz	
ERR209541	PRJEB1220	SAMEA2042831	ERX184206	408170	human gut metagenome	ftp.sra.ebi.ac.uk/vol1/fastq/ERR209/ERR209541/ERR209541_1.fastq.gz;ftp.sra.ebi.ac.uk/vol1/fastq/ERR209/ERR209541/ERR209541_2.fastq.gz	ftp.sra.ebi.ac.uk/vol1/run/ERR209/ERR209541/O2.UC14-0_090114.rmhost.pair.1.fq.gz;ftp.sra.ebi.ac.uk/vol1/run/ERR209/ERR209541/O2.UC14-0_090114.rmhost.pair.2.fq.gz	
ERR209111	PRJEB1220	SAMEA2042373	ERX183776	408170	human gut metagenome	ftp.sra.ebi.ac.uk/vol1/fastq/ERR209/ERR209111/ERR209111_1.fastq.gz;ftp.sra.ebi.ac.uk/vol1/fastq/ERR209/ERR209111/ERR209111_2.fastq.gz	ftp.sra.ebi.ac.uk/vol1/run/ERR209/ERR209111/MH0021_090201.rmhost.pair.1.fq.gz;ftp.sra.ebi.ac.uk/vol1/run/ERR209/ERR209111/MH0021_090201.rmhost.pair.2.fq.gz	
ERR209544	PRJEB1220	SAMEA2042833	ERX184209	408170	human gut metagenome	ftp.sra.ebi.ac.uk/vol1/fastq/ERR209/ERR209544/ERR209544_1.fastq.gz;ftp.sra.ebi.ac.uk/vol1/fastq/ERR209/ERR209544/ERR209544_2.fastq.gz	ftp.sra.ebi.ac.uk/vol1/run/ERR209/ERR209544/O2.UC16-0_090114.rmhost.pair.1.fq.gz;ftp.sra.ebi.ac.uk/vol1/run/ERR209/ERR209544/O2.UC16-0_090114.rmhost.pair.2.fq.gz	
ERR209112	PRJEB1220	SAMEA2042374	ERX183777	408170	human gut metagenome	ftp.sra.ebi.ac.uk/vol1/fastq/ERR209/ERR209112/ERR209112_1.fastq.gz;ftp.sra.ebi.ac.uk/vol1/fastq/ERR209/ERR209112/ERR209112_2.fastq.gz	ftp.sra.ebi.ac.uk/vol1/run/ERR209/ERR209112/MH0022_081108.rmhost.pair.1.fq.gz;ftp.sra.ebi.ac.uk/vol1/run/ERR209/ERR209112/MH0022_081108.rmhost.pair.2.fq.gz	
ERR209546	PRJEB1220	SAMEA2042834	ERX184211	408170	human gut metagenome	ftp.sra.ebi.ac.uk/vol1/fastq/ERR209/ERR209546/ERR209546_1.fastq.gz;ftp.sra.ebi.ac.uk/vol1/fastq/ERR209/ERR209546/ERR209546_2.fastq.gz	ftp.sra.ebi.ac.uk/vol1/run/ERR209/ERR209546/O2.UC16-2_20091130.rmhost.pair.1.fq.gz;ftp.sra.ebi.ac.uk/vol1/run/ERR209/ERR209546/O2.UC16-2_20091130.rmhost.pair.2.fq.gz	
ERR209549	PRJEB1220	SAMEA2042836	ERX184214	408170	human gut metagenome	ftp.sra.ebi.ac.uk/vol1/fastq/ERR209/ERR209549/ERR209549_1.fastq.gz;ftp.sra.ebi.ac.uk/vol1/fastq/ERR209/ERR209549/ERR209549_2.fastq.gz	ftp.sra.ebi.ac.uk/vol1/run/ERR209/ERR209549/O2.UC17-2_100409.rmhost.pair.1.fq.gz;ftp.sra.ebi.ac.uk/vol1/run/ERR209/ERR209549/O2.UC17-2_100409.rmhost.pair.2.fq.gz	
ERR209550	PRJEB1220	SAMEA2042839	ERX184215	408170	human gut metagenome	ftp.sra.ebi.ac.uk/vol1/fastq/ERR209/ERR209550/ERR209550_1.fastq.gz;ftp.sra.ebi.ac.uk/vol1/fastq/ERR209/ERR209550/ERR209550_2.fastq.gz	ftp.sra.ebi.ac.uk/vol1/run/ERR209/ERR209550/O2.UC18-0_090117.rmhost.pair.1.fq.gz;ftp.sra.ebi.ac.uk/vol1/run/ERR209/ERR209550/O2.UC18-0_090117.rmhost.pair.2.fq.gz	
ERR209554	PRJEB1220	SAMEA2042837	ERX184219	408170	human gut metagenome	ftp.sra.ebi.ac.uk/vol1/fastq/ERR209/ERR209554/ERR209554_1.fastq.gz;ftp.sra.ebi.ac.uk/vol1/fastq/ERR209/ERR209554/ERR209554_2.fastq.gz	ftp.sra.ebi.ac.uk/vol1/run/ERR209/ERR209554/O2.UC19-0_090114.rmhost.pair.1.fq.gz;ftp.sra.ebi.ac.uk/vol1/run/ERR209/ERR209554/O2.UC19-0_090114.rmhost.pair.2.fq.gz	
ERR209118	PRJEB1220	SAMEA2042087	ERX183783	408170	human gut metagenome	ftp.sra.ebi.ac.uk/vol1/fastq/ERR209/ERR209118/ERR209118_1.fastq.gz;ftp.sra.ebi.ac.uk/vol1/fastq/ERR209/ERR209118/ERR209118_2.fastq.gz	ftp.sra.ebi.ac.uk/vol1/run/ERR209/ERR209118/MH0025_090120.rmhost.pair.1.fq.gz;ftp.sra.ebi.ac.uk/vol1/run/ERR209/ERR209118/MH0025_090120.rmhost.pair.2.fq.gz	
ERR209556	PRJEB1220	SAMEA1972440	ERX184221	408170	human gut metagenome	ftp.sra.ebi.ac.uk/vol1/fastq/ERR209/ERR209556/ERR209556_1.fastq.gz;ftp.sra.ebi.ac.uk/vol1/fastq/ERR209/ERR209556/ERR209556_2.fastq.gz	ftp.sra.ebi.ac.uk/vol1/run/ERR209/ERR209556/O2.UC19-2_100409.rmhost.pair.1.fq.gz;ftp.sra.ebi.ac.uk/vol1/run/ERR209/ERR209556/O2.UC19-2_100409.rmhost.pair.2.fq.gz	
ERR209121	PRJEB1220	SAMEA2042088	ERX183786	408170	human gut metagenome	ftp.sra.ebi.ac.uk/vol1/fastq/ERR209/ERR209121/ERR209121_1.fastq.gz;ftp.sra.ebi.ac.uk/vol1/fastq/ERR209/ERR209121/ERR209121_2.fastq.gz	ftp.sra.ebi.ac.uk/vol1/run/ERR209/ERR209121/MH0026_090117.rmhost.pair.1.fq.gz;ftp.sra.ebi.ac.uk/vol1/run/ERR209/ERR209121/MH0026_090117.rmhost.pair.2.fq.gz	
ERR209124	PRJEB1220	SAMEA1965033	ERX183789	408170	human gut metagenome	ftp.sra.ebi.ac.uk/vol1/fastq/ERR209/ERR209124/ERR209124_1.fastq.gz;ftp.sra.ebi.ac.uk/vol1/fastq/ERR209/ERR209124/ERR209124_2.fastq.gz	ftp.sra.ebi.ac.uk/vol1/run/ERR209/ERR209124/MH0028_081223.rmhost.pair.1.fq.gz;ftp.sra.ebi.ac.uk/vol1/run/ERR209/ERR209124/MH0028_081223.rmhost.pair.2.fq.gz	
ERR209558	PRJEB1220	SAMEA2042842	ERX184223	408170	human gut metagenome	ftp.sra.ebi.ac.uk/vol1/fastq/ERR209/ERR209558/ERR209558_1.fastq.gz;ftp.sra.ebi.ac.uk/vol1/fastq/ERR209/ERR209558/ERR209558_2.fastq.gz	ftp.sra.ebi.ac.uk/vol1/run/ERR209/ERR209558/O2.UC20-0_090117.rmhost.pair.1.fq.gz;ftp.sra.ebi.ac.uk/vol1/run/ERR209/ERR209558/O2.UC20-0_090117.rmhost.pair.2.fq.gz	
ERR209559	PRJEB1220	SAMEA2042842	ERX184224	408170	human gut metagenome	ftp.sra.ebi.ac.uk/vol1/fastq/ERR209/ERR209559/ERR209559_1.fastq.gz;ftp.sra.ebi.ac.uk/vol1/fastq/ERR209/ERR209559/ERR209559_2.fastq.gz	ftp.sra.ebi.ac.uk/vol1/run/ERR209/ERR209559/O2.UC20-0_090129.rmhost.pair.1.fq.gz;ftp.sra.ebi.ac.uk/vol1/run/ERR209/ERR209559/O2.UC20-0_090129.rmhost.pair.2.fq.gz	
ERR209561	PRJEB1220	SAMEA2042840	ERX184226	408170	human gut metagenome	ftp.sra.ebi.ac.uk/vol1/fastq/ERR209/ERR209561/ERR209561_1.fastq.gz;ftp.sra.ebi.ac.uk/vol1/fastq/ERR209/ERR209561/ERR209561_2.fastq.gz	ftp.sra.ebi.ac.uk/vol1/run/ERR209/ERR209561/O2.UC2-0_20100130.rmhost.pair.1.fq.gz;ftp.sra.ebi.ac.uk/vol1/run/ERR209/ERR209561/O2.UC2-0_20100130.rmhost.pair.2.fq.gz	
ERR209131	PRJEB1220	SAMEA2042092	ERX183796	408170	human gut metagenome	ftp.sra.ebi.ac.uk/vol1/fastq/ERR209/ERR209131/ERR209131_1.fastq.gz;ftp.sra.ebi.ac.uk/vol1/fastq/ERR209/ERR209131/ERR209131_2.fastq.gz	ftp.sra.ebi.ac.uk/vol1/run/ERR209/ERR209131/MH0032_090121.rmhost.pair.1.fq.gz;ftp.sra.ebi.ac.uk/vol1/run/ERR209/ERR209131/MH0032_090121.rmhost.pair.2.fq.gz	
ERR209562	PRJEB1220	SAMEA2042840	ERX184227	408170	human gut metagenome	ftp.sra.ebi.ac.uk/vol1/fastq/ERR209/ERR209562/ERR209562_1.fastq.gz;ftp.sra.ebi.ac.uk/vol1/fastq/ERR209/ERR209562/ERR209562_2.fastq.gz	ftp.sra.ebi.ac.uk/vol1/run/ERR209/ERR209562/O2.UC2-0_20100204.rmhost.pair.1.fq.gz;ftp.sra.ebi.ac.uk/vol1/run/ERR209/ERR209562/O2.UC2-0_20100204.rmhost.pair.2.fq.gz	
ERR209132	PRJEB1220	SAMEA2042093	ERX183797	408170	human gut metagenome	ftp.sra.ebi.ac.uk/vol1/fastq/ERR209/ERR209132/ERR209132_1.fastq.gz;ftp.sra.ebi.ac.uk/vol1/fastq/ERR209/ERR209132/ERR209132_2.fastq.gz	ftp.sra.ebi.ac.uk/vol1/run/ERR209/ERR209132/MH0033_081224.rmhost.pair.1.fq.gz;ftp.sra.ebi.ac.uk/vol1/run/ERR209/ERR209132/MH0033_081224.rmhost.pair.2.fq.gz	
ERR209564	PRJEB1220	SAMEA2042912	ERX184229	408170	human gut metagenome	ftp.sra.ebi.ac.uk/vol1/fastq/ERR209/ERR209564/ERR209564_1.fastq.gz;ftp.sra.ebi.ac.uk/vol1/fastq/ERR209/ERR209564/ERR209564_2.fastq.gz	ftp.sra.ebi.ac.uk/vol1/run/ERR209/ERR209564/O2.UC21-0_090117.rmhost.pair.1.fq.gz;ftp.sra.ebi.ac.uk/vol1/run/ERR209/ERR209564/O2.UC21-0_090117.rmhost.pair.2.fq.gz	
ERR209134	PRJEB1220	SAMEA2042095	ERX183799	408170	human gut metagenome	ftp.sra.ebi.ac.uk/vol1/fastq/ERR209/ERR209134/ERR209134_1.fastq.gz;ftp.sra.ebi.ac.uk/vol1/fastq/ERR209/ERR209134/ERR209134_2.fastq.gz	ftp.sra.ebi.ac.uk/vol1/run/ERR209/ERR209134/MH0034_081213.rmhost.pair.1.fq.gz;ftp.sra.ebi.ac.uk/vol1/run/ERR209/ERR209134/MH0034_081213.rmhost.pair.2.fq.gz	
ERR209137	PRJEB1220	SAMEA2042096	ERX183802	408170	human gut metagenome	ftp.sra.ebi.ac.uk/vol1/fastq/ERR209/ERR209137/ERR209137_1.fastq.gz;ftp.sra.ebi.ac.uk/vol1/fastq/ERR209/ERR209137/ERR209137_2.fastq.gz	ftp.sra.ebi.ac.uk/vol1/run/ERR209/ERR209137/MH0035_090122.rmhost.pair.1.fq.gz;ftp.sra.ebi.ac.uk/vol1/run/ERR209/ERR209137/MH0035_090122.rmhost.pair.2.fq.gz	
ERR209566	PRJEB1220	SAMEA2042913	ERX184231	408170	human gut metagenome	ftp.sra.ebi.ac.uk/vol1/fastq/ERR209/ERR209566/ERR209566_1.fastq.gz;ftp.sra.ebi.ac.uk/vol1/fastq/ERR209/ERR209566/ERR209566_2.fastq.gz	ftp.sra.ebi.ac.uk/vol1/run/ERR209/ERR209566/O2.UC21-2_20100106.rmhost.pair.1.fq.gz;ftp.sra.ebi.ac.uk/vol1/run/ERR209/ERR209566/O2.UC21-2_20100106.rmhost.pair.2.fq.gz	
ERR209138	PRJEB1220	SAMEA2042097	ERX183803	408170	human gut metagenome	ftp.sra.ebi.ac.uk/vol1/fastq/ERR209/ERR209138/ERR209138_1.fastq.gz;ftp.sra.ebi.ac.uk/vol1/fastq/ERR209/ERR209138/ERR209138_2.fastq.gz	ftp.sra.ebi.ac.uk/vol1/run/ERR209/ERR209138/MH0036_081226.rmhost.pair.1.fq.gz;ftp.sra.ebi.ac.uk/vol1/run/ERR209/ERR209138/MH0036_081226.rmhost.pair.2.fq.gz	
ERR209570	PRJEB1220	SAMEA1968361	ERX184235	408170	human gut metagenome	ftp.sra.ebi.ac.uk/vol1/fastq/ERR209/ERR209570/ERR209570_1.fastq.gz;ftp.sra.ebi.ac.uk/vol1/fastq/ERR209/ERR209570/ERR209570_2.fastq.gz	ftp.sra.ebi.ac.uk/vol1/run/ERR209/ERR209570/O2.UC22-2_100409.rmhost.pair.1.fq.gz;ftp.sra.ebi.ac.uk/vol1/run/ERR209/ERR209570/O2.UC22-2_100409.rmhost.pair.2.fq.gz	
ERR209139	PRJEB1220	SAMEA2042097	ERX183804	408170	human gut metagenome	ftp.sra.ebi.ac.uk/vol1/fastq/ERR209/ERR209139/ERR209139_1.fastq.gz;ftp.sra.ebi.ac.uk/vol1/fastq/ERR209/ERR209139/ERR209139_2.fastq.gz	ftp.sra.ebi.ac.uk/vol1/run/ERR209/ERR209139/MH0036_090122.rmhost.pair.1.fq.gz;ftp.sra.ebi.ac.uk/vol1/run/ERR209/ERR209139/MH0036_090122.rmhost.pair.2.fq.gz	
ERR209145	PRJEB1220	SAMEA2042100	ERX183810	408170	human gut metagenome	ftp.sra.ebi.ac.uk/vol1/fastq/ERR209/ERR209145/ERR209145_1.fastq.gz;ftp.sra.ebi.ac.uk/vol1/fastq/ERR209/ERR209145/ERR209145_2.fastq.gz	ftp.sra.ebi.ac.uk/vol1/run/ERR209/ERR209145/MH0039_090122.rmhost.pair.1.fq.gz;ftp.sra.ebi.ac.uk/vol1/run/ERR209/ERR209145/MH0039_090122.rmhost.pair.2.fq.gz	
ERR209571	PRJEB1220	SAMEA1968361	ERX184236	408170	human gut metagenome	ftp.sra.ebi.ac.uk/vol1/fastq/ERR209/ERR209571/ERR209571_1.fastq.gz;ftp.sra.ebi.ac.uk/vol1/fastq/ERR209/ERR209571/ERR209571_2.fastq.gz	ftp.sra.ebi.ac.uk/vol1/run/ERR209/ERR209571/O2.UC22-2_100423.rmhost.pair.1.fq.gz;ftp.sra.ebi.ac.uk/vol1/run/ERR209/ERR209571/O2.UC22-2_100423.rmhost.pair.2.fq.gz	
ERR209146	PRJEB1220	SAMEA2042191	ERX183811	408170	human gut metagenome	ftp.sra.ebi.ac.uk/vol1/fastq/ERR209/ERR209146/ERR209146_1.fastq.gz;ftp.sra.ebi.ac.uk/vol1/fastq/ERR209/ERR209146/ERR209146_2.fastq.gz	ftp.sra.ebi.ac.uk/vol1/run/ERR209/ERR209146/MH0040_081223.rmhost.pair.1.fq.gz;ftp.sra.ebi.ac.uk/vol1/run/ERR209/ERR209146/MH0040_081223.rmhost.pair.2.fq.gz	
ERR209147	PRJEB1220	SAMEA2042191	ERX183812	408170	human gut metagenome	ftp.sra.ebi.ac.uk/vol1/fastq/ERR209/ERR209147/ERR209147_1.fastq.gz;ftp.sra.ebi.ac.uk/vol1/fastq/ERR209/ERR209147/ERR209147_2.fastq.gz	ftp.sra.ebi.ac.uk/vol1/run/ERR209/ERR209147/MH0040_090125.rmhost.pair.1.fq.gz;ftp.sra.ebi.ac.uk/vol1/run/ERR209/ERR209147/MH0040_090125.rmhost.pair.2.fq.gz	
ERR209573	PRJEB1220	SAMEA2042915	ERX184238	408170	human gut metagenome	ftp.sra.ebi.ac.uk/vol1/fastq/ERR209/ERR209573/ERR209573_1.fastq.gz;ftp.sra.ebi.ac.uk/vol1/fastq/ERR209/ERR209573/ERR209573_2.fastq.gz	ftp.sra.ebi.ac.uk/vol1/run/ERR209/ERR209573/O2.UC23-0_090325.rmhost.pair.1.fq.gz;ftp.sra.ebi.ac.uk/vol1/run/ERR209/ERR209573/O2.UC23-0_090325.rmhost.pair.2.fq.gz	
ERR209150	PRJEB1220	SAMEA2042193	ERX183815	408170	human gut metagenome	ftp.sra.ebi.ac.uk/vol1/fastq/ERR209/ERR209150/ERR209150_1.fastq.gz;ftp.sra.ebi.ac.uk/vol1/fastq/ERR209/ERR209150/ERR209150_2.fastq.gz	ftp.sra.ebi.ac.uk/vol1/run/ERR209/ERR209150/MH0042_081226.rmhost.pair.1.fq.gz;ftp.sra.ebi.ac.uk/vol1/run/ERR209/ERR209150/MH0042_081226.rmhost.pair.2.fq.gz	
ERR209574	PRJEB1220	SAMEA2042916	ERX184239	408170	human gut metagenome	ftp.sra.ebi.ac.uk/vol1/fastq/ERR209/ERR209574/ERR209574_1.fastq.gz;ftp.sra.ebi.ac.uk/vol1/fastq/ERR209/ERR209574/ERR209574_2.fastq.gz	ftp.sra.ebi.ac.uk/vol1/run/ERR209/ERR209574/O2.UC23-2_100409.rmhost.pair.1.fq.gz;ftp.sra.ebi.ac.uk/vol1/run/ERR209/ERR209574/O2.UC23-2_100409.rmhost.pair.2.fq.gz	
ERR209575	PRJEB1220	SAMEA2042916	ERX184240	408170	human gut metagenome	ftp.sra.ebi.ac.uk/vol1/fastq/ERR209/ERR209575/ERR209575_1.fastq.gz;ftp.sra.ebi.ac.uk/vol1/fastq/ERR209/ERR209575/ERR209575_2.fastq.gz	ftp.sra.ebi.ac.uk/vol1/run/ERR209/ERR209575/O2.UC23-2_100423.rmhost.pair.1.fq.gz;ftp.sra.ebi.ac.uk/vol1/run/ERR209/ERR209575/O2.UC23-2_100423.rmhost.pair.2.fq.gz	
ERR209155	PRJEB1220	SAMEA2042195	ERX183820	408170	human gut metagenome	ftp.sra.ebi.ac.uk/vol1/fastq/ERR209/ERR209155/ERR209155_1.fastq.gz;ftp.sra.ebi.ac.uk/vol1/fastq/ERR209/ERR209155/ERR209155_2.fastq.gz	ftp.sra.ebi.ac.uk/vol1/run/ERR209/ERR209155/MH0044_090125.rmhost.pair.1.fq.gz;ftp.sra.ebi.ac.uk/vol1/run/ERR209/ERR209155/MH0044_090125.rmhost.pair.2.fq.gz	
ERR209576	PRJEB1220	SAMEA2042917	ERX184241	408170	human gut metagenome	ftp.sra.ebi.ac.uk/vol1/fastq/ERR209/ERR209576/ERR209576_1.fastq.gz;ftp.sra.ebi.ac.uk/vol1/fastq/ERR209/ERR209576/ERR209576_2.fastq.gz	ftp.sra.ebi.ac.uk/vol1/run/ERR209/ERR209576/O2.UC24-0_090120.rmhost.pair.1.fq.gz;ftp.sra.ebi.ac.uk/vol1/run/ERR209/ERR209576/O2.UC24-0_090120.rmhost.pair.2.fq.gz	
ERR209156	PRJEB1220	SAMEA2042196	ERX183821	408170	human gut metagenome	ftp.sra.ebi.ac.uk/vol1/fastq/ERR209/ERR209156/ERR209156_1.fastq.gz;ftp.sra.ebi.ac.uk/vol1/fastq/ERR209/ERR209156/ERR209156_2.fastq.gz	ftp.sra.ebi.ac.uk/vol1/run/ERR209/ERR209156/MH0045_081223.rmhost.pair.1.fq.gz;ftp.sra.ebi.ac.uk/vol1/run/ERR209/ERR209156/MH0045_081223.rmhost.pair.2.fq.gz	
ERR209581	PRJEB1220	SAMEA2042921	ERX184246	408170	human gut metagenome	ftp.sra.ebi.ac.uk/vol1/fastq/ERR209/ERR209581/ERR209581_1.fastq.gz;ftp.sra.ebi.ac.uk/vol1/fastq/ERR209/ERR209581/ERR209581_2.fastq.gz	ftp.sra.ebi.ac.uk/vol1/run/ERR209/ERR209581/O2.UC27-0_20091130.rmhost.pair.1.fq.gz;ftp.sra.ebi.ac.uk/vol1/run/ERR209/ERR209581/O2.UC27-0_20091130.rmhost.pair.2.fq.gz	
ERR209582	PRJEB1220	SAMEA1972463	ERX184247	408170	human gut metagenome	ftp.sra.ebi.ac.uk/vol1/fastq/ERR209/ERR209582/ERR209582_1.fastq.gz;ftp.sra.ebi.ac.uk/vol1/fastq/ERR209/ERR209582/ERR209582_2.fastq.gz	ftp.sra.ebi.ac.uk/vol1/run/ERR209/ERR209582/O2.UC27-2_20091229.rmhost.pair.1.fq.gz;ftp.sra.ebi.ac.uk/vol1/run/ERR209/ERR209582/O2.UC27-2_20091229.rmhost.pair.2.fq.gz	
ERR209587	PRJEB1220	SAMEA2042981	ERX184252	408170	human gut metagenome	ftp.sra.ebi.ac.uk/vol1/fastq/ERR209/ERR209587/ERR209587_1.fastq.gz;ftp.sra.ebi.ac.uk/vol1/fastq/ERR209/ERR209587/ERR209587_2.fastq.gz	ftp.sra.ebi.ac.uk/vol1/run/ERR209/ERR209587/O2.UC30-0_2010122.rmhost.pair.1.fq.gz;ftp.sra.ebi.ac.uk/vol1/run/ERR209/ERR209587/O2.UC30-0_2010122.rmhost.pair.2.fq.gz	
ERR209588	PRJEB1220	SAMEA2042924	ERX184253	408170	human gut metagenome	ftp.sra.ebi.ac.uk/vol1/fastq/ERR209/ERR209588/ERR209588_1.fastq.gz;ftp.sra.ebi.ac.uk/vol1/fastq/ERR209/ERR209588/ERR209588_2.fastq.gz	ftp.sra.ebi.ac.uk/vol1/run/ERR209/ERR209588/O2.UC3-0_20100204.rmhost.pair.1.fq.gz;ftp.sra.ebi.ac.uk/vol1/run/ERR209/ERR209588/O2.UC3-0_20100204.rmhost.pair.2.fq.gz	
ERR209589	PRJEB1220	SAMEA2042924	ERX184254	408170	human gut metagenome	ftp.sra.ebi.ac.uk/vol1/fastq/ERR209/ERR209589/ERR209589_1.fastq.gz;ftp.sra.ebi.ac.uk/vol1/fastq/ERR209/ERR209589/ERR209589_2.fastq.gz	ftp.sra.ebi.ac.uk/vol1/run/ERR209/ERR209589/O2.UC3-0_2010121.rmhost.pair.1.fq.gz;ftp.sra.ebi.ac.uk/vol1/run/ERR209/ERR209589/O2.UC3-0_2010121.rmhost.pair.2.fq.gz	
ERR209157	PRJEB1220	SAMEA2042196	ERX183822	408170	human gut metagenome	ftp.sra.ebi.ac.uk/vol1/fastq/ERR209/ERR209157/ERR209157_1.fastq.gz;ftp.sra.ebi.ac.uk/vol1/fastq/ERR209/ERR209157/ERR209157_2.fastq.gz	ftp.sra.ebi.ac.uk/vol1/run/ERR209/ERR209157/MH0045_090125.rmhost.pair.1.fq.gz;ftp.sra.ebi.ac.uk/vol1/run/ERR209/ERR209157/MH0045_090125.rmhost.pair.2.fq.gz	
ERR209590	PRJEB1220	SAMEA2042982	ERX184255	408170	human gut metagenome	ftp.sra.ebi.ac.uk/vol1/fastq/ERR209/ERR209590/ERR209590_1.fastq.gz;ftp.sra.ebi.ac.uk/vol1/fastq/ERR209/ERR209590/ERR209590_2.fastq.gz	ftp.sra.ebi.ac.uk/vol1/run/ERR209/ERR209590/O2.UC30-2_20100112.rmhost.pair.1.fq.gz;ftp.sra.ebi.ac.uk/vol1/run/ERR209/ERR209590/O2.UC30-2_20100112.rmhost.pair.2.fq.gz	
ERR209164	PRJEB1220	SAMEA2042200	ERX183829	408170	human gut metagenome	ftp.sra.ebi.ac.uk/vol1/fastq/ERR209/ERR209164/ERR209164_1.fastq.gz;ftp.sra.ebi.ac.uk/vol1/fastq/ERR209/ERR209164/ERR209164_2.fastq.gz	ftp.sra.ebi.ac.uk/vol1/run/ERR209/ERR209164/MH0049_081223.rmhost.pair.1.fq.gz;ftp.sra.ebi.ac.uk/vol1/run/ERR209/ERR209164/MH0049_081223.rmhost.pair.2.fq.gz	
ERR209594	PRJEB1220	SAMEA2042983	ERX184259	408170	human gut metagenome	ftp.sra.ebi.ac.uk/vol1/fastq/ERR209/ERR209594/ERR209594_1.fastq.gz;ftp.sra.ebi.ac.uk/vol1/fastq/ERR209/ERR209594/ERR209594_2.fastq.gz	ftp.sra.ebi.ac.uk/vol1/run/ERR209/ERR209594/O2.UC31-0_20100130.rmhost.pair.1.fq.gz;ftp.sra.ebi.ac.uk/vol1/run/ERR209/ERR209594/O2.UC31-0_20100130.rmhost.pair.2.fq.gz	
ERR209596	PRJEB1220	SAMEA2042984	ERX184261	408170	human gut metagenome	ftp.sra.ebi.ac.uk/vol1/fastq/ERR209/ERR209596/ERR209596_1.fastq.gz;ftp.sra.ebi.ac.uk/vol1/fastq/ERR209/ERR209596/ERR209596_2.fastq.gz	ftp.sra.ebi.ac.uk/vol1/run/ERR209/ERR209596/O2.UC31-2_20100112.rmhost.pair.1.fq.gz;ftp.sra.ebi.ac.uk/vol1/run/ERR209/ERR209596/O2.UC31-2_20100112.rmhost.pair.2.fq.gz	
ERR209165	PRJEB1220	SAMEA2042200	ERX183830	408170	human gut metagenome	ftp.sra.ebi.ac.uk/vol1/fastq/ERR209/ERR209165/ERR209165_1.fastq.gz;ftp.sra.ebi.ac.uk/vol1/fastq/ERR209/ERR209165/ERR209165_2.fastq.gz	ftp.sra.ebi.ac.uk/vol1/run/ERR209/ERR209165/MH0049_090201.rmhost.pair.1.fq.gz;ftp.sra.ebi.ac.uk/vol1/run/ERR209/ERR209165/MH0049_090201.rmhost.pair.2.fq.gz	
ERR209171	PRJEB1220	SAMEA2042203	ERX183836	408170	human gut metagenome	ftp.sra.ebi.ac.uk/vol1/fastq/ERR209/ERR209171/ERR209171_1.fastq.gz;ftp.sra.ebi.ac.uk/vol1/fastq/ERR209/ERR209171/ERR209171_2.fastq.gz	ftp.sra.ebi.ac.uk/vol1/run/ERR209/ERR209171/MH0052_090201.rmhost.pair.1.fq.gz;ftp.sra.ebi.ac.uk/vol1/run/ERR209/ERR209171/MH0052_090201.rmhost.pair.2.fq.gz	
ERR209598	PRJEB1220	SAMEA2042984	ERX184263	408170	human gut metagenome	ftp.sra.ebi.ac.uk/vol1/fastq/ERR209/ERR209598/ERR209598_1.fastq.gz;ftp.sra.ebi.ac.uk/vol1/fastq/ERR209/ERR209598/ERR209598_2.fastq.gz	ftp.sra.ebi.ac.uk/vol1/run/ERR209/ERR209598/O2.UC31-2_20100204.rmhost.pair.1.fq.gz;ftp.sra.ebi.ac.uk/vol1/run/ERR209/ERR209598/O2.UC31-2_20100204.rmhost.pair.2.fq.gz	
ERR209600	PRJEB1220	SAMEA2042980	ERX184265	408170	human gut metagenome	ftp.sra.ebi.ac.uk/vol1/fastq/ERR209/ERR209600/ERR209600_1.fastq.gz;ftp.sra.ebi.ac.uk/vol1/fastq/ERR209/ERR209600/ERR209600_2.fastq.gz	ftp.sra.ebi.ac.uk/vol1/run/ERR209/ERR209600/O2.UC3-2_2010122.rmhost.pair.1.fq.gz;ftp.sra.ebi.ac.uk/vol1/run/ERR209/ERR209600/O2.UC3-2_2010122.rmhost.pair.2.fq.gz	
ERR209601	PRJEB1220	SAMEA2042986	ERX184266	408170	human gut metagenome	ftp.sra.ebi.ac.uk/vol1/fastq/ERR209/ERR209601/ERR209601_1.fastq.gz;ftp.sra.ebi.ac.uk/vol1/fastq/ERR209/ERR209601/ERR209601_2.fastq.gz	ftp.sra.ebi.ac.uk/vol1/run/ERR209/ERR209601/O2.UC32-2_100403.rmhost.pair.1.fq.gz;ftp.sra.ebi.ac.uk/vol1/run/ERR209/ERR209601/O2.UC32-2_100403.rmhost.pair.2.fq.gz	
ERR209172	PRJEB1220	SAMEA2042204	ERX183837	408170	human gut metagenome	ftp.sra.ebi.ac.uk/vol1/fastq/ERR209/ERR209172/ERR209172_1.fastq.gz;ftp.sra.ebi.ac.uk/vol1/fastq/ERR209/ERR209172/ERR209172_2.fastq.gz	ftp.sra.ebi.ac.uk/vol1/run/ERR209/ERR209172/MH0053_081222.rmhost.pair.1.fq.gz;ftp.sra.ebi.ac.uk/vol1/run/ERR209/ERR209172/MH0053_081222.rmhost.pair.2.fq.gz	
ERR209175	PRJEB1220	SAMEA2042205	ERX183840	408170	human gut metagenome	ftp.sra.ebi.ac.uk/vol1/fastq/ERR209/ERR209175/ERR209175_1.fastq.gz;ftp.sra.ebi.ac.uk/vol1/fastq/ERR209/ERR209175/ERR209175_2.fastq.gz	ftp.sra.ebi.ac.uk/vol1/run/ERR209/ERR209175/MH0054_090125.rmhost.pair.1.fq.gz;ftp.sra.ebi.ac.uk/vol1/run/ERR209/ERR209175/MH0054_090125.rmhost.pair.2.fq.gz	
ERR209613	PRJEB1220	SAMEA2043042	ERX184278	408170	human gut metagenome	ftp.sra.ebi.ac.uk/vol1/fastq/ERR209/ERR209613/ERR209613_1.fastq.gz;ftp.sra.ebi.ac.uk/vol1/fastq/ERR209/ERR209613/ERR209613_2.fastq.gz	ftp.sra.ebi.ac.uk/vol1/run/ERR209/ERR209613/O2.UC40-0_20100106.rmhost.pair.1.fq.gz;ftp.sra.ebi.ac.uk/vol1/run/ERR209/ERR209613/O2.UC40-0_20100106.rmhost.pair.2.fq.gz	
ERR209181	PRJEB1220	SAMEA2042288	ERX183846	408170	human gut metagenome	ftp.sra.ebi.ac.uk/vol1/fastq/ERR209/ERR209181/ERR209181_1.fastq.gz;ftp.sra.ebi.ac.uk/vol1/fastq/ERR209/ERR209181/ERR209181_2.fastq.gz	ftp.sra.ebi.ac.uk/vol1/run/ERR209/ERR209181/MH0057_090125.rmhost.pair.1.fq.gz;ftp.sra.ebi.ac.uk/vol1/run/ERR209/ERR209181/MH0057_090125.rmhost.pair.2.fq.gz	
ERR209182	PRJEB1220	SAMEA2042289	ERX183847	408170	human gut metagenome	ftp.sra.ebi.ac.uk/vol1/fastq/ERR209/ERR209182/ERR209182_1.fastq.gz;ftp.sra.ebi.ac.uk/vol1/fastq/ERR209/ERR209182/ERR209182_2.fastq.gz	ftp.sra.ebi.ac.uk/vol1/run/ERR209/ERR209182/MH0058_081230.rmhost.pair.1.fq.gz;ftp.sra.ebi.ac.uk/vol1/run/ERR209/ERR209182/MH0058_081230.rmhost.pair.2.fq.gz	
ERR209617	PRJEB1220	SAMEA2043044	ERX184282	408170	human gut metagenome	ftp.sra.ebi.ac.uk/vol1/fastq/ERR209/ERR209617/ERR209617_1.fastq.gz;ftp.sra.ebi.ac.uk/vol1/fastq/ERR209/ERR209617/ERR209617_2.fastq.gz	ftp.sra.ebi.ac.uk/vol1/run/ERR209/ERR209617/O2.UC41-0_20100112.rmhost.pair.1.fq.gz;ftp.sra.ebi.ac.uk/vol1/run/ERR209/ERR209617/O2.UC41-0_20100112.rmhost.pair.2.fq.gz	
ERR209185	PRJEB1220	SAMEA2042290	ERX183850	408170	human gut metagenome	ftp.sra.ebi.ac.uk/vol1/fastq/ERR209/ERR209185/ERR209185_1.fastq.gz;ftp.sra.ebi.ac.uk/vol1/fastq/ERR209/ERR209185/ERR209185_2.fastq.gz	ftp.sra.ebi.ac.uk/vol1/run/ERR209/ERR209185/MH0059_090105.rmhost.pair.1.fq.gz;ftp.sra.ebi.ac.uk/vol1/run/ERR209/ERR209185/MH0059_090105.rmhost.pair.2.fq.gz	
ERR209190	PRJEB1220	SAMEA2042294	ERX183855	408170	human gut metagenome	ftp.sra.ebi.ac.uk/vol1/fastq/ERR209/ERR209190/ERR209190_1.fastq.gz;ftp.sra.ebi.ac.uk/vol1/fastq/ERR209/ERR209190/ERR209190_2.fastq.gz	ftp.sra.ebi.ac.uk/vol1/run/ERR209/ERR209190/MH0062_081223.rmhost.pair.1.fq.gz;ftp.sra.ebi.ac.uk/vol1/run/ERR209/ERR209190/MH0062_081223.rmhost.pair.2.fq.gz	
ERR209622	PRJEB1220	SAMEA2043048	ERX184287	408170	human gut metagenome	ftp.sra.ebi.ac.uk/vol1/fastq/ERR209/ERR209622/ERR209622_1.fastq.gz;ftp.sra.ebi.ac.uk/vol1/fastq/ERR209/ERR209622/ERR209622_2.fastq.gz	ftp.sra.ebi.ac.uk/vol1/run/ERR209/ERR209622/O2.UC44-0_20100208.rmhost.pair.1.fq.gz;ftp.sra.ebi.ac.uk/vol1/run/ERR209/ERR209622/O2.UC44-0_20100208.rmhost.pair.2.fq.gz	
ERR209191	PRJEB1220	SAMEA2042294	ERX183856	408170	human gut metagenome	ftp.sra.ebi.ac.uk/vol1/fastq/ERR209/ERR209191/ERR209191_1.fastq.gz;ftp.sra.ebi.ac.uk/vol1/fastq/ERR209/ERR209191/ERR209191_2.fastq.gz	ftp.sra.ebi.ac.uk/vol1/run/ERR209/ERR209191/MH0062_090104.rmhost.pair.1.fq.gz;ftp.sra.ebi.ac.uk/vol1/run/ERR209/ERR209191/MH0062_090104.rmhost.pair.2.fq.gz	
ERR209625	PRJEB1220	SAMEA2043050	ERX184290	408170	human gut metagenome	ftp.sra.ebi.ac.uk/vol1/fastq/ERR209/ERR209625/ERR209625_1.fastq.gz;ftp.sra.ebi.ac.uk/vol1/fastq/ERR209/ERR209625/ERR209625_2.fastq.gz	ftp.sra.ebi.ac.uk/vol1/run/ERR209/ERR209625/O2.UC46-0_20100114.rmhost.pair.1.fq.gz;ftp.sra.ebi.ac.uk/vol1/run/ERR209/ERR209625/O2.UC46-0_20100114.rmhost.pair.2.fq.gz	
ERR209626	PRJEB1220	SAMEA1965906	ERX184291	408170	human gut metagenome	ftp.sra.ebi.ac.uk/vol1/fastq/ERR209/ERR209626/ERR209626_1.fastq.gz;ftp.sra.ebi.ac.uk/vol1/fastq/ERR209/ERR209626/ERR209626_2.fastq.gz	ftp.sra.ebi.ac.uk/vol1/run/ERR209/ERR209626/O2.UC46-2_20100112.rmhost.pair.1.fq.gz;ftp.sra.ebi.ac.uk/vol1/run/ERR209/ERR209626/O2.UC46-2_20100112.rmhost.pair.2.fq.gz	
ERR209196	PRJEB1220	SAMEA2042297	ERX183861	408170	human gut metagenome	ftp.sra.ebi.ac.uk/vol1/fastq/ERR209/ERR209196/ERR209196_1.fastq.gz;ftp.sra.ebi.ac.uk/vol1/fastq/ERR209/ERR209196/ERR209196_2.fastq.gz	ftp.sra.ebi.ac.uk/vol1/run/ERR209/ERR209196/MH0065_081223.rmhost.pair.1.fq.gz;ftp.sra.ebi.ac.uk/vol1/run/ERR209/ERR209196/MH0065_081223.rmhost.pair.2.fq.gz	
ERR209197	PRJEB1220	SAMEA2042297	ERX183862	408170	human gut metagenome	ftp.sra.ebi.ac.uk/vol1/fastq/ERR209/ERR209197/ERR209197_1.fastq.gz;ftp.sra.ebi.ac.uk/vol1/fastq/ERR209/ERR209197/ERR209197_2.fastq.gz	ftp.sra.ebi.ac.uk/vol1/run/ERR209/ERR209197/MH0065_090126.rmhost.pair.1.fq.gz;ftp.sra.ebi.ac.uk/vol1/run/ERR209/ERR209197/MH0065_090126.rmhost.pair.2.fq.gz	
ERR209627	PRJEB1220	SAMEA1965906	ERX184292	408170	human gut metagenome	ftp.sra.ebi.ac.uk/vol1/fastq/ERR209/ERR209627/ERR209627_1.fastq.gz;ftp.sra.ebi.ac.uk/vol1/fastq/ERR209/ERR209627/ERR209627_2.fastq.gz	ftp.sra.ebi.ac.uk/vol1/run/ERR209/ERR209627/O2.UC46-2_20100130.rmhost.pair.1.fq.gz;ftp.sra.ebi.ac.uk/vol1/run/ERR209/ERR209627/O2.UC46-2_20100130.rmhost.pair.2.fq.gz	
ERR209639	PRJEB1220	SAMEA1968035	ERX184304	408170	human gut metagenome	ftp.sra.ebi.ac.uk/vol1/fastq/ERR209/ERR209639/ERR209639_1.fastq.gz;ftp.sra.ebi.ac.uk/vol1/fastq/ERR209/ERR209639/ERR209639_2.fastq.gz	ftp.sra.ebi.ac.uk/vol1/run/ERR209/ERR209639/O2.UC48-2_20100204.rmhost.pair.1.fq.gz;ftp.sra.ebi.ac.uk/vol1/run/ERR209/ERR209639/O2.UC48-2_20100204.rmhost.pair.2.fq.gz	
ERR209642	PRJEB1220	SAMEA2041924	ERX184307	408170	human gut metagenome	ftp.sra.ebi.ac.uk/vol1/fastq/ERR209/ERR209642/ERR209642_1.fastq.gz;ftp.sra.ebi.ac.uk/vol1/fastq/ERR209/ERR209642/ERR209642_2.fastq.gz	ftp.sra.ebi.ac.uk/vol1/run/ERR209/ERR209642/O2.UC49-2_20100208.rmhost.pair.1.fq.gz;ftp.sra.ebi.ac.uk/vol1/run/ERR209/ERR209642/O2.UC49-2_20100208.rmhost.pair.2.fq.gz	
ERR209649	PRJEB1220	SAMEA2041930	ERX184314	408170	human gut metagenome	ftp.sra.ebi.ac.uk/vol1/fastq/ERR209/ERR209649/ERR209649_1.fastq.gz;ftp.sra.ebi.ac.uk/vol1/fastq/ERR209/ERR209649/ERR209649_2.fastq.gz	ftp.sra.ebi.ac.uk/vol1/run/ERR209/ERR209649/O2.UC51-0_20100208.rmhost.pair.1.fq.gz;ftp.sra.ebi.ac.uk/vol1/run/ERR209/ERR209649/O2.UC51-0_20100208.rmhost.pair.2.fq.gz	
ERR209651	PRJEB1220	SAMEA2041931	ERX184316	408170	human gut metagenome	ftp.sra.ebi.ac.uk/vol1/fastq/ERR209/ERR209651/ERR209651_1.fastq.gz;ftp.sra.ebi.ac.uk/vol1/fastq/ERR209/ERR209651/ERR209651_2.fastq.gz	ftp.sra.ebi.ac.uk/vol1/run/ERR209/ERR209651/O2.UC51-2_20100113.rmhost.pair.1.fq.gz;ftp.sra.ebi.ac.uk/vol1/run/ERR209/ERR209651/O2.UC51-2_20100113.rmhost.pair.2.fq.gz	
ERR209202	PRJEB1220	SAMEA2042300	ERX183867	408170	human gut metagenome	ftp.sra.ebi.ac.uk/vol1/fastq/ERR209/ERR209202/ERR209202_1.fastq.gz;ftp.sra.ebi.ac.uk/vol1/fastq/ERR209/ERR209202/ERR209202_2.fastq.gz	ftp.sra.ebi.ac.uk/vol1/run/ERR209/ERR209202/MH0068_081223.rmhost.pair.1.fq.gz;ftp.sra.ebi.ac.uk/vol1/run/ERR209/ERR209202/MH0068_081223.rmhost.pair.2.fq.gz	
ERR209658	PRJEB1220	SAMEA2041934	ERX184323	408170	human gut metagenome	ftp.sra.ebi.ac.uk/vol1/fastq/ERR209/ERR209658/ERR209658_1.fastq.gz;ftp.sra.ebi.ac.uk/vol1/fastq/ERR209/ERR209658/ERR209658_2.fastq.gz	ftp.sra.ebi.ac.uk/vol1/run/ERR209/ERR209658/O2.UC53-0_100423.rmhost.pair.1.fq.gz;ftp.sra.ebi.ac.uk/vol1/run/ERR209/ERR209658/O2.UC53-0_100423.rmhost.pair.2.fq.gz	
ERR209204	PRJEB1220	SAMEA2042301	ERX183869	408170	human gut metagenome	ftp.sra.ebi.ac.uk/vol1/fastq/ERR209/ERR209204/ERR209204_1.fastq.gz;ftp.sra.ebi.ac.uk/vol1/fastq/ERR209/ERR209204/ERR209204_2.fastq.gz	ftp.sra.ebi.ac.uk/vol1/run/ERR209/ERR209204/MH0069_081209.rmhost.pair.1.fq.gz;ftp.sra.ebi.ac.uk/vol1/run/ERR209/ERR209204/MH0069_081209.rmhost.pair.2.fq.gz	
ERR209216	PRJEB1220	SAMEA2042379	ERX183881	408170	human gut metagenome	ftp.sra.ebi.ac.uk/vol1/fastq/ERR209/ERR209216/ERR209216_1.fastq.gz;ftp.sra.ebi.ac.uk/vol1/fastq/ERR209/ERR209216/ERR209216_2.fastq.gz	ftp.sra.ebi.ac.uk/vol1/run/ERR209/ERR209216/MH0074_090125.rmhost.pair.1.fq.gz;ftp.sra.ebi.ac.uk/vol1/run/ERR209/ERR209216/MH0074_090125.rmhost.pair.2.fq.gz	
ERR209664	PRJEB1220	SAMEA1964895	ERX184329	408170	human gut metagenome	ftp.sra.ebi.ac.uk/vol1/fastq/ERR209/ERR209664/ERR209664_1.fastq.gz;ftp.sra.ebi.ac.uk/vol1/fastq/ERR209/ERR209664/ERR209664_2.fastq.gz	ftp.sra.ebi.ac.uk/vol1/run/ERR209/ERR209664/O2.UC56-0_20100114.rmhost.pair.1.fq.gz;ftp.sra.ebi.ac.uk/vol1/run/ERR209/ERR209664/O2.UC56-0_20100114.rmhost.pair.2.fq.gz	
ERR209221	PRJEB1220	SAMEA2042382	ERX183886	408170	human gut metagenome	ftp.sra.ebi.ac.uk/vol1/fastq/ERR209/ERR209221/ERR209221_1.fastq.gz;ftp.sra.ebi.ac.uk/vol1/fastq/ERR209/ERR209221/ERR209221_2.fastq.gz	ftp.sra.ebi.ac.uk/vol1/run/ERR209/ERR209221/MH0077_081223.rmhost.pair.1.fq.gz;ftp.sra.ebi.ac.uk/vol1/run/ERR209/ERR209221/MH0077_081223.rmhost.pair.2.fq.gz	
ERR209668	PRJEB1220	SAMEA2042003	ERX184333	408170	human gut metagenome	ftp.sra.ebi.ac.uk/vol1/fastq/ERR209/ERR209668/ERR209668_1.fastq.gz;ftp.sra.ebi.ac.uk/vol1/fastq/ERR209/ERR209668/ERR209668_2.fastq.gz	ftp.sra.ebi.ac.uk/vol1/run/ERR209/ERR209668/O2.UC58-0_20100114.rmhost.pair.1.fq.gz;ftp.sra.ebi.ac.uk/vol1/run/ERR209/ERR209668/O2.UC58-0_20100114.rmhost.pair.2.fq.gz	
ERR209222	PRJEB1220	SAMEA2042382	ERX183887	408170	human gut metagenome	ftp.sra.ebi.ac.uk/vol1/fastq/ERR209/ERR209222/ERR209222_1.fastq.gz;ftp.sra.ebi.ac.uk/vol1/fastq/ERR209/ERR209222/ERR209222_2.fastq.gz	ftp.sra.ebi.ac.uk/vol1/run/ERR209/ERR209222/MH0077_090130.rmhost.pair.1.fq.gz;ftp.sra.ebi.ac.uk/vol1/run/ERR209/ERR209222/MH0077_090130.rmhost.pair.2.fq.gz	
ERR209670	PRJEB1220	SAMEA2042005	ERX184335	408170	human gut metagenome	ftp.sra.ebi.ac.uk/vol1/fastq/ERR209/ERR209670/ERR209670_1.fastq.gz;ftp.sra.ebi.ac.uk/vol1/fastq/ERR209/ERR209670/ERR209670_2.fastq.gz	ftp.sra.ebi.ac.uk/vol1/run/ERR209/ERR209670/O2.UC59-0_20100114.rmhost.pair.1.fq.gz;ftp.sra.ebi.ac.uk/vol1/run/ERR209/ERR209670/O2.UC59-0_20100114.rmhost.pair.2.fq.gz	
ERR209673	PRJEB1220	SAMEA2042007	ERX184338	408170	human gut metagenome	ftp.sra.ebi.ac.uk/vol1/fastq/ERR209/ERR209673/ERR209673_1.fastq.gz;ftp.sra.ebi.ac.uk/vol1/fastq/ERR209/ERR209673/ERR209673_2.fastq.gz	ftp.sra.ebi.ac.uk/vol1/run/ERR209/ERR209673/O2.UC60-0_2010122.rmhost.pair.1.fq.gz;ftp.sra.ebi.ac.uk/vol1/run/ERR209/ERR209673/O2.UC60-0_2010122.rmhost.pair.2.fq.gz	
ERR209224	PRJEB1220	SAMEA2042383	ERX183889	408170	human gut metagenome	ftp.sra.ebi.ac.uk/vol1/fastq/ERR209/ERR209224/ERR209224_1.fastq.gz;ftp.sra.ebi.ac.uk/vol1/fastq/ERR209/ERR209224/ERR209224_2.fastq.gz	ftp.sra.ebi.ac.uk/vol1/run/ERR209/ERR209224/MH0078_090130.rmhost.pair.1.fq.gz;ftp.sra.ebi.ac.uk/vol1/run/ERR209/ERR209224/MH0078_090130.rmhost.pair.2.fq.gz	
ERR209677	PRJEB1220	SAMEA2042011	ERX184342	408170	human gut metagenome	ftp.sra.ebi.ac.uk/vol1/fastq/ERR209/ERR209677/ERR209677_1.fastq.gz;ftp.sra.ebi.ac.uk/vol1/fastq/ERR209/ERR209677/ERR209677_2.fastq.gz	ftp.sra.ebi.ac.uk/vol1/run/ERR209/ERR209677/O2.UC9-2_20100208.rmhost.pair.1.fq.gz;ftp.sra.ebi.ac.uk/vol1/run/ERR209/ERR209677/O2.UC9-2_20100208.rmhost.pair.2.fq.gz	
ERR209226	PRJEB1220	SAMEA2042384	ERX183891	408170	human gut metagenome	ftp.sra.ebi.ac.uk/vol1/fastq/ERR209/ERR209226/ERR209226_1.fastq.gz;ftp.sra.ebi.ac.uk/vol1/fastq/ERR209/ERR209226/ERR209226_2.fastq.gz	ftp.sra.ebi.ac.uk/vol1/run/ERR209/ERR209226/MH0079_090130.rmhost.pair.1.fq.gz;ftp.sra.ebi.ac.uk/vol1/run/ERR209/ERR209226/MH0079_090130.rmhost.pair.2.fq.gz	
ERR209686	PRJEB1220	SAMEA2042101	ERX184351	408170	human gut metagenome	ftp.sra.ebi.ac.uk/vol1/fastq/ERR209/ERR209686/ERR209686_1.fastq.gz;ftp.sra.ebi.ac.uk/vol1/fastq/ERR209/ERR209686/ERR209686_2.fastq.gz	ftp.sra.ebi.ac.uk/vol1/run/ERR209/ERR209686/V1.CD13-0_090105.rmhost.pair.1.fq.gz;ftp.sra.ebi.ac.uk/vol1/run/ERR209/ERR209686/V1.CD13-0_090105.rmhost.pair.2.fq.gz	
ERR209229	PRJEB1220	SAMEA2042386	ERX183894	408170	human gut metagenome	ftp.sra.ebi.ac.uk/vol1/fastq/ERR209/ERR209229/ERR209229_1.fastq.gz;ftp.sra.ebi.ac.uk/vol1/fastq/ERR209/ERR209229/ERR209229_2.fastq.gz	ftp.sra.ebi.ac.uk/vol1/run/ERR209/ERR209229/MH0081_090105.rmhost.pair.1.fq.gz;ftp.sra.ebi.ac.uk/vol1/run/ERR209/ERR209229/MH0081_090105.rmhost.pair.2.fq.gz	
ERR209687	PRJEB1220	SAMEA2042101	ERX184352	408170	human gut metagenome	ftp.sra.ebi.ac.uk/vol1/fastq/ERR209/ERR209687/ERR209687_1.fastq.gz;ftp.sra.ebi.ac.uk/vol1/fastq/ERR209/ERR209687/ERR209687_2.fastq.gz	ftp.sra.ebi.ac.uk/vol1/run/ERR209/ERR209687/V1.CD13-0_090127.rmhost.pair.1.fq.gz;ftp.sra.ebi.ac.uk/vol1/run/ERR209/ERR209687/V1.CD13-0_090127.rmhost.pair.2.fq.gz	
ERR209231	PRJEB1220	SAMEA2042387	ERX183896	408170	human gut metagenome	ftp.sra.ebi.ac.uk/vol1/fastq/ERR209/ERR209231/ERR209231_1.fastq.gz;ftp.sra.ebi.ac.uk/vol1/fastq/ERR209/ERR209231/ERR209231_2.fastq.gz	ftp.sra.ebi.ac.uk/vol1/run/ERR209/ERR209231/MH0082_090105.rmhost.pair.1.fq.gz;ftp.sra.ebi.ac.uk/vol1/run/ERR209/ERR209231/MH0082_090105.rmhost.pair.2.fq.gz	
ERR209239	PRJEB1220	SAMEA2042392	ERX183904	408170	human gut metagenome	ftp.sra.ebi.ac.uk/vol1/fastq/ERR209/ERR209239/ERR209239_1.fastq.gz;ftp.sra.ebi.ac.uk/vol1/fastq/ERR209/ERR209239/ERR209239_2.fastq.gz	ftp.sra.ebi.ac.uk/vol1/run/ERR209/ERR209239/MH0086_081223.rmhost.pair.1.fq.gz;ftp.sra.ebi.ac.uk/vol1/run/ERR209/ERR209239/MH0086_081223.rmhost.pair.2.fq.gz	
ERR209693	PRJEB1220	SAMEA2042103	ERX184358	408170	human gut metagenome	ftp.sra.ebi.ac.uk/vol1/fastq/ERR209/ERR209693/ERR209693_1.fastq.gz;ftp.sra.ebi.ac.uk/vol1/fastq/ERR209/ERR209693/ERR209693_2.fastq.gz	ftp.sra.ebi.ac.uk/vol1/run/ERR209/ERR209693/V1.CD15-3_100715.rmhost.pair.1.fq.gz;ftp.sra.ebi.ac.uk/vol1/run/ERR209/ERR209693/V1.CD15-3_100715.rmhost.pair.2.fq.gz	
ERR209694	PRJEB1220	SAMEA2042104	ERX184359	408170	human gut metagenome	ftp.sra.ebi.ac.uk/vol1/fastq/ERR209/ERR209694/ERR209694_1.fastq.gz;ftp.sra.ebi.ac.uk/vol1/fastq/ERR209/ERR209694/ERR209694_2.fastq.gz	ftp.sra.ebi.ac.uk/vol1/run/ERR209/ERR209694/V1.CD16-0_100130.rmhost.pair.1.fq.gz;ftp.sra.ebi.ac.uk/vol1/run/ERR209/ERR209694/V1.CD16-0_100130.rmhost.pair.2.fq.gz	
ERR209695	PRJEB1220	SAMEA2042105	ERX184360	408170	human gut metagenome	ftp.sra.ebi.ac.uk/vol1/fastq/ERR209/ERR209695/ERR209695_1.fastq.gz;ftp.sra.ebi.ac.uk/vol1/fastq/ERR209/ERR209695/ERR209695_2.fastq.gz	ftp.sra.ebi.ac.uk/vol1/run/ERR209/ERR209695/V1.CD17-0_2010122.rmhost.pair.1.fq.gz;ftp.sra.ebi.ac.uk/vol1/run/ERR209/ERR209695/V1.CD17-0_2010122.rmhost.pair.2.fq.gz	
ERR209696	PRJEB1220	SAMEA2042106	ERX184361	408170	human gut metagenome	ftp.sra.ebi.ac.uk/vol1/fastq/ERR209/ERR209696/ERR209696_1.fastq.gz;ftp.sra.ebi.ac.uk/vol1/fastq/ERR209/ERR209696/ERR209696_2.fastq.gz	ftp.sra.ebi.ac.uk/vol1/run/ERR209/ERR209696/V1.CD17-4_100518.rmhost.pair.1.fq.gz;ftp.sra.ebi.ac.uk/vol1/run/ERR209/ERR209696/V1.CD17-4_100518.rmhost.pair.2.fq.gz	
ERR209701	PRJEB1220	SAMEA2042108	ERX184366	408170	human gut metagenome	ftp.sra.ebi.ac.uk/vol1/fastq/ERR209/ERR209701/ERR209701_1.fastq.gz;ftp.sra.ebi.ac.uk/vol1/fastq/ERR209/ERR209701/ERR209701_2.fastq.gz	ftp.sra.ebi.ac.uk/vol1/run/ERR209/ERR209701/V1.CD18-3_100527.rmhost.pair.1.fq.gz;ftp.sra.ebi.ac.uk/vol1/run/ERR209/ERR209701/V1.CD18-3_100527.rmhost.pair.2.fq.gz	
ERR209240	PRJEB1220	SAMEA2042392	ERX183905	408170	human gut metagenome	ftp.sra.ebi.ac.uk/vol1/fastq/ERR209/ERR209240/ERR209240_1.fastq.gz;ftp.sra.ebi.ac.uk/vol1/fastq/ERR209/ERR209240/ERR209240_2.fastq.gz	ftp.sra.ebi.ac.uk/vol1/run/ERR209/ERR209240/MH0086_090325.rmhost.pair.1.fq.gz;ftp.sra.ebi.ac.uk/vol1/run/ERR209/ERR209240/MH0086_090325.rmhost.pair.2.fq.gz	
ERR209702	PRJEB1220	SAMEA2042109	ERX184367	408170	human gut metagenome	ftp.sra.ebi.ac.uk/vol1/fastq/ERR209/ERR209702/ERR209702_1.fastq.gz;ftp.sra.ebi.ac.uk/vol1/fastq/ERR209/ERR209702/ERR209702_2.fastq.gz	ftp.sra.ebi.ac.uk/vol1/run/ERR209/ERR209702/V1.CD19-0_100518.rmhost.pair.1.fq.gz;ftp.sra.ebi.ac.uk/vol1/run/ERR209/ERR209702/V1.CD19-0_100518.rmhost.pair.2.fq.gz	
ERR209703	PRJEB1220	SAMEA2042109	ERX184368	408170	human gut metagenome	ftp.sra.ebi.ac.uk/vol1/fastq/ERR209/ERR209703/ERR209703_1.fastq.gz;ftp.sra.ebi.ac.uk/vol1/fastq/ERR209/ERR209703/ERR209703_2.fastq.gz	ftp.sra.ebi.ac.uk/vol1/run/ERR209/ERR209703/V1.CD19-0_100527.rmhost.pair.1.fq.gz;ftp.sra.ebi.ac.uk/vol1/run/ERR209/ERR209703/V1.CD19-0_100527.rmhost.pair.2.fq.gz	
ERR209243	PRJEB1220	SAMEA2042393	ERX183908	408170	human gut metagenome	ftp.sra.ebi.ac.uk/vol1/fastq/ERR209/ERR209243/ERR209243_1.fastq.gz;ftp.sra.ebi.ac.uk/vol1/fastq/ERR209/ERR209243/ERR209243_2.fastq.gz	ftp.sra.ebi.ac.uk/vol1/run/ERR209/ERR209243/MH0087_20100128L7.rmhost.pair.1.fq.gz;ftp.sra.ebi.ac.uk/vol1/run/ERR209/ERR209243/MH0087_20100128L7.rmhost.pair.2.fq.gz	
ERR209244	PRJEB1220	SAMEA2042393	ERX183909	408170	human gut metagenome	ftp.sra.ebi.ac.uk/vol1/fastq/ERR209/ERR209244/ERR209244_1.fastq.gz;ftp.sra.ebi.ac.uk/vol1/fastq/ERR209/ERR209244/ERR209244_2.fastq.gz	ftp.sra.ebi.ac.uk/vol1/run/ERR209/ERR209244/MH0087_20100128L8.rmhost.pair.1.fq.gz;ftp.sra.ebi.ac.uk/vol1/run/ERR209/ERR209244/MH0087_20100128L8.rmhost.pair.2.fq.gz	
ERR209704	PRJEB1220	SAMEA2042110	ERX184369	408170	human gut metagenome	ftp.sra.ebi.ac.uk/vol1/fastq/ERR209/ERR209704/ERR209704_1.fastq.gz;ftp.sra.ebi.ac.uk/vol1/fastq/ERR209/ERR209704/ERR209704_2.fastq.gz	ftp.sra.ebi.ac.uk/vol1/run/ERR209/ERR209704/V1.CD2-0_090107.rmhost.pair.1.fq.gz;ftp.sra.ebi.ac.uk/vol1/run/ERR209/ERR209704/V1.CD2-0_090107.rmhost.pair.2.fq.gz	
ERR209248	PRJEB1220	SAMEA2042425	ERX183913	408170	human gut metagenome	ftp.sra.ebi.ac.uk/vol1/fastq/ERR209/ERR209248/ERR209248_1.fastq.gz;ftp.sra.ebi.ac.uk/vol1/fastq/ERR209/ERR209248/ERR209248_2.fastq.gz	ftp.sra.ebi.ac.uk/vol1/run/ERR209/ERR209248/MH0089_20100125L4.rmhost.pair.1.fq.gz;ftp.sra.ebi.ac.uk/vol1/run/ERR209/ERR209248/MH0089_20100125L4.rmhost.pair.2.fq.gz	
ERR209705	PRJEB1220	SAMEA2042110	ERX184370	408170	human gut metagenome	ftp.sra.ebi.ac.uk/vol1/fastq/ERR209/ERR209705/ERR209705_1.fastq.gz;ftp.sra.ebi.ac.uk/vol1/fastq/ERR209/ERR209705/ERR209705_2.fastq.gz	ftp.sra.ebi.ac.uk/vol1/run/ERR209/ERR209705/V1.CD2-0_090126.rmhost.pair.1.fq.gz;ftp.sra.ebi.ac.uk/vol1/run/ERR209/ERR209705/V1.CD2-0_090126.rmhost.pair.2.fq.gz	
ERR209710	PRJEB1220	SAMEA2042113	ERX184375	408170	human gut metagenome	ftp.sra.ebi.ac.uk/vol1/fastq/ERR209/ERR209710/ERR209710_1.fastq.gz;ftp.sra.ebi.ac.uk/vol1/fastq/ERR209/ERR209710/ERR209710_2.fastq.gz	ftp.sra.ebi.ac.uk/vol1/run/ERR209/ERR209710/V1.CD21-4_100518.rmhost.pair.1.fq.gz;ftp.sra.ebi.ac.uk/vol1/run/ERR209/ERR209710/V1.CD21-4_100518.rmhost.pair.2.fq.gz	
ERR209250	PRJEB1220	SAMEA2042426	ERX183915	408170	human gut metagenome	ftp.sra.ebi.ac.uk/vol1/fastq/ERR209/ERR209250/ERR209250_1.fastq.gz;ftp.sra.ebi.ac.uk/vol1/fastq/ERR209/ERR209250/ERR209250_2.fastq.gz	ftp.sra.ebi.ac.uk/vol1/run/ERR209/ERR209250/MH0090_20091015.rmhost.pair.1.fq.gz;ftp.sra.ebi.ac.uk/vol1/run/ERR209/ERR209250/MH0090_20091015.rmhost.pair.2.fq.gz	
ERR209713	PRJEB1220	SAMEA2042114	ERX184378	408170	human gut metagenome	ftp.sra.ebi.ac.uk/vol1/fastq/ERR209/ERR209713/ERR209713_1.fastq.gz;ftp.sra.ebi.ac.uk/vol1/fastq/ERR209/ERR209713/ERR209713_2.fastq.gz	ftp.sra.ebi.ac.uk/vol1/run/ERR209/ERR209713/V1.CD22-0_100527.rmhost.pair.1.fq.gz;ftp.sra.ebi.ac.uk/vol1/run/ERR209/ERR209713/V1.CD22-0_100527.rmhost.pair.2.fq.gz	
ERR209714	PRJEB1220	SAMEA2042115	ERX184379	408170	human gut metagenome	ftp.sra.ebi.ac.uk/vol1/fastq/ERR209/ERR209714/ERR209714_1.fastq.gz;ftp.sra.ebi.ac.uk/vol1/fastq/ERR209/ERR209714/ERR209714_2.fastq.gz	ftp.sra.ebi.ac.uk/vol1/run/ERR209/ERR209714/V1.CD24-0_2010122.rmhost.pair.1.fq.gz;ftp.sra.ebi.ac.uk/vol1/run/ERR209/ERR209714/V1.CD24-0_2010122.rmhost.pair.2.fq.gz	
ERR209255	PRJEB1220	SAMEA1969296	ERX183920	408170	human gut metagenome	ftp.sra.ebi.ac.uk/vol1/fastq/ERR209/ERR209255/ERR209255_1.fastq.gz;ftp.sra.ebi.ac.uk/vol1/fastq/ERR209/ERR209255/ERR209255_2.fastq.gz	ftp.sra.ebi.ac.uk/vol1/run/ERR209/ERR209255/MH0092_20091014.rmhost.pair.1.fq.gz;ftp.sra.ebi.ac.uk/vol1/run/ERR209/ERR209255/MH0092_20091014.rmhost.pair.2.fq.gz	
ERR209715	PRJEB1220	SAMEA2042215	ERX184380	408170	human gut metagenome	ftp.sra.ebi.ac.uk/vol1/fastq/ERR209/ERR209715/ERR209715_1.fastq.gz;ftp.sra.ebi.ac.uk/vol1/fastq/ERR209/ERR209715/ERR209715_2.fastq.gz	ftp.sra.ebi.ac.uk/vol1/run/ERR209/ERR209715/V1.CD25-0_2010122.rmhost.pair.1.fq.gz;ftp.sra.ebi.ac.uk/vol1/run/ERR209/ERR209715/V1.CD25-0_2010122.rmhost.pair.2.fq.gz	
ERR209258	PRJEB1220	SAMEA1969296	ERX183923	408170	human gut metagenome	ftp.sra.ebi.ac.uk/vol1/fastq/ERR209/ERR209258/ERR209258_1.fastq.gz;ftp.sra.ebi.ac.uk/vol1/fastq/ERR209/ERR209258/ERR209258_2.fastq.gz	ftp.sra.ebi.ac.uk/vol1/run/ERR209/ERR209258/MH0092_20091126L4.rmhost.pair.1.fq.gz;ftp.sra.ebi.ac.uk/vol1/run/ERR209/ERR209258/MH0092_20091126L4.rmhost.pair.2.fq.gz	
ERR209719	PRJEB1220	SAMEA2042218	ERX184384	408170	human gut metagenome	ftp.sra.ebi.ac.uk/vol1/fastq/ERR209/ERR209719/ERR209719_1.fastq.gz;ftp.sra.ebi.ac.uk/vol1/fastq/ERR209/ERR209719/ERR209719_2.fastq.gz	ftp.sra.ebi.ac.uk/vol1/run/ERR209/ERR209719/V1.CD28-0_100518.rmhost.pair.1.fq.gz;ftp.sra.ebi.ac.uk/vol1/run/ERR209/ERR209719/V1.CD28-0_100518.rmhost.pair.2.fq.gz	
ERR209259	PRJEB1220	SAMEA1969296	ERX183924	408170	human gut metagenome	ftp.sra.ebi.ac.uk/vol1/fastq/ERR209/ERR209259/ERR209259_1.fastq.gz;ftp.sra.ebi.ac.uk/vol1/fastq/ERR209/ERR209259/ERR209259_2.fastq.gz	ftp.sra.ebi.ac.uk/vol1/run/ERR209/ERR209259/MH0092_20091126L5.rmhost.pair.1.fq.gz;ftp.sra.ebi.ac.uk/vol1/run/ERR209/ERR209259/MH0092_20091126L5.rmhost.pair.2.fq.gz	
ERR209261	PRJEB1220	SAMEA1969296	ERX183926	408170	human gut metagenome	ftp.sra.ebi.ac.uk/vol1/fastq/ERR209/ERR209261/ERR209261_1.fastq.gz;ftp.sra.ebi.ac.uk/vol1/fastq/ERR209/ERR209261/ERR209261_2.fastq.gz	ftp.sra.ebi.ac.uk/vol1/run/ERR209/ERR209261/MH0092_20091212L4.rmhost.pair.1.fq.gz;ftp.sra.ebi.ac.uk/vol1/run/ERR209/ERR209261/MH0092_20091212L4.rmhost.pair.2.fq.gz	
ERR209720	PRJEB1220	SAMEA2042218	ERX184385	408170	human gut metagenome	ftp.sra.ebi.ac.uk/vol1/fastq/ERR209/ERR209720/ERR209720_1.fastq.gz;ftp.sra.ebi.ac.uk/vol1/fastq/ERR209/ERR209720/ERR209720_2.fastq.gz	ftp.sra.ebi.ac.uk/vol1/run/ERR209/ERR209720/V1.CD28-0_100527.rmhost.pair.1.fq.gz;ftp.sra.ebi.ac.uk/vol1/run/ERR209/ERR209720/V1.CD28-0_100527.rmhost.pair.2.fq.gz	
ERR209723	PRJEB1220	SAMEA2042220	ERX184388	408170	human gut metagenome	ftp.sra.ebi.ac.uk/vol1/fastq/ERR209/ERR209723/ERR209723_1.fastq.gz;ftp.sra.ebi.ac.uk/vol1/fastq/ERR209/ERR209723/ERR209723_2.fastq.gz	ftp.sra.ebi.ac.uk/vol1/run/ERR209/ERR209723/V1.CD3-0_090107.rmhost.pair.1.fq.gz;ftp.sra.ebi.ac.uk/vol1/run/ERR209/ERR209723/V1.CD3-0_090107.rmhost.pair.2.fq.gz	
ERR209264	PRJEB1220	SAMEA2042428	ERX183929	408170	human gut metagenome	ftp.sra.ebi.ac.uk/vol1/fastq/ERR209/ERR209264/ERR209264_1.fastq.gz;ftp.sra.ebi.ac.uk/vol1/fastq/ERR209/ERR209264/ERR209264_2.fastq.gz	ftp.sra.ebi.ac.uk/vol1/run/ERR209/ERR209264/MH0093_20091126L6.rmhost.pair.1.fq.gz;ftp.sra.ebi.ac.uk/vol1/run/ERR209/ERR209264/MH0093_20091126L6.rmhost.pair.2.fq.gz	
ERR209725	PRJEB1220	SAMEA2042222	ERX184390	408170	human gut metagenome	ftp.sra.ebi.ac.uk/vol1/fastq/ERR209/ERR209725/ERR209725_1.fastq.gz;ftp.sra.ebi.ac.uk/vol1/fastq/ERR209/ERR209725/ERR209725_2.fastq.gz	ftp.sra.ebi.ac.uk/vol1/run/ERR209/ERR209725/V1.CD31-0_20100208.rmhost.pair.1.fq.gz;ftp.sra.ebi.ac.uk/vol1/run/ERR209/ERR209725/V1.CD31-0_20100208.rmhost.pair.2.fq.gz	
ERR209265	PRJEB1220	SAMEA2042428	ERX183930	408170	human gut metagenome	ftp.sra.ebi.ac.uk/vol1/fastq/ERR209/ERR209265/ERR209265_1.fastq.gz;ftp.sra.ebi.ac.uk/vol1/fastq/ERR209/ERR209265/ERR209265_2.fastq.gz	ftp.sra.ebi.ac.uk/vol1/run/ERR209/ERR209265/MH0093_20091126L7.rmhost.pair.1.fq.gz;ftp.sra.ebi.ac.uk/vol1/run/ERR209/ERR209265/MH0093_20091126L7.rmhost.pair.2.fq.gz	
ERR209726	PRJEB1220	SAMEA2042222	ERX184391	408170	human gut metagenome	ftp.sra.ebi.ac.uk/vol1/fastq/ERR209/ERR209726/ERR209726_1.fastq.gz;ftp.sra.ebi.ac.uk/vol1/fastq/ERR209/ERR209726/ERR209726_2.fastq.gz	ftp.sra.ebi.ac.uk/vol1/run/ERR209/ERR209726/V1.CD31-0_2010123.rmhost.pair.1.fq.gz;ftp.sra.ebi.ac.uk/vol1/run/ERR209/ERR209726/V1.CD31-0_2010123.rmhost.pair.2.fq.gz	
ERR209727	PRJEB1220	SAMEA2042223	ERX184392	408170	human gut metagenome	ftp.sra.ebi.ac.uk/vol1/fastq/ERR209/ERR209727/ERR209727_1.fastq.gz;ftp.sra.ebi.ac.uk/vol1/fastq/ERR209/ERR209727/ERR209727_2.fastq.gz	ftp.sra.ebi.ac.uk/vol1/run/ERR209/ERR209727/V1.CD34-0_100518.rmhost.pair.1.fq.gz;ftp.sra.ebi.ac.uk/vol1/run/ERR209/ERR209727/V1.CD34-0_100518.rmhost.pair.2.fq.gz	
ERR209268	PRJEB1220	SAMEA2042429	ERX183933	408170	human gut metagenome	ftp.sra.ebi.ac.uk/vol1/fastq/ERR209/ERR209268/ERR209268_1.fastq.gz;ftp.sra.ebi.ac.uk/vol1/fastq/ERR209/ERR209268/ERR209268_2.fastq.gz	ftp.sra.ebi.ac.uk/vol1/run/ERR209/ERR209268/MH0094_20091014.rmhost.pair.1.fq.gz;ftp.sra.ebi.ac.uk/vol1/run/ERR209/ERR209268/MH0094_20091014.rmhost.pair.2.fq.gz	
ERR209729	PRJEB1220	SAMEA2042224	ERX184394	408170	human gut metagenome	ftp.sra.ebi.ac.uk/vol1/fastq/ERR209/ERR209729/ERR209729_1.fastq.gz;ftp.sra.ebi.ac.uk/vol1/fastq/ERR209/ERR209729/ERR209729_2.fastq.gz	ftp.sra.ebi.ac.uk/vol1/run/ERR209/ERR209729/V1.CD35-0_100515.rmhost.pair.1.fq.gz;ftp.sra.ebi.ac.uk/vol1/run/ERR209/ERR209729/V1.CD35-0_100515.rmhost.pair.2.fq.gz	
ERR209274	PRJEB1220	SAMEA2042430	ERX183939	408170	human gut metagenome	ftp.sra.ebi.ac.uk/vol1/fastq/ERR209/ERR209274/ERR209274_1.fastq.gz;ftp.sra.ebi.ac.uk/vol1/fastq/ERR209/ERR209274/ERR209274_2.fastq.gz	ftp.sra.ebi.ac.uk/vol1/run/ERR209/ERR209274/MH0095_20091014.rmhost.pair.1.fq.gz;ftp.sra.ebi.ac.uk/vol1/run/ERR209/ERR209274/MH0095_20091014.rmhost.pair.2.fq.gz	
ERR209730	PRJEB1220	SAMEA2042224	ERX184395	408170	human gut metagenome	ftp.sra.ebi.ac.uk/vol1/fastq/ERR209/ERR209730/ERR209730_1.fastq.gz;ftp.sra.ebi.ac.uk/vol1/fastq/ERR209/ERR209730/ERR209730_2.fastq.gz	ftp.sra.ebi.ac.uk/vol1/run/ERR209/ERR209730/V1.CD35-0_100525.rmhost.pair.1.fq.gz;ftp.sra.ebi.ac.uk/vol1/run/ERR209/ERR209730/V1.CD35-0_100525.rmhost.pair.2.fq.gz	
ERR209275	PRJEB1220	SAMEA2042430	ERX183940	408170	human gut metagenome	ftp.sra.ebi.ac.uk/vol1/fastq/ERR209/ERR209275/ERR209275_1.fastq.gz;ftp.sra.ebi.ac.uk/vol1/fastq/ERR209/ERR209275/ERR209275_2.fastq.gz	ftp.sra.ebi.ac.uk/vol1/run/ERR209/ERR209275/MH0095_20091124L3.rmhost.pair.1.fq.gz;ftp.sra.ebi.ac.uk/vol1/run/ERR209/ERR209275/MH0095_20091124L3.rmhost.pair.2.fq.gz	
ERR209282	PRJEB1220	SAMEA2042431	ERX183947	408170	human gut metagenome	ftp.sra.ebi.ac.uk/vol1/fastq/ERR209/ERR209282/ERR209282_1.fastq.gz;ftp.sra.ebi.ac.uk/vol1/fastq/ERR209/ERR209282/ERR209282_2.fastq.gz	ftp.sra.ebi.ac.uk/vol1/run/ERR209/ERR209282/MH0096_20091126L4.rmhost.pair.1.fq.gz;ftp.sra.ebi.ac.uk/vol1/run/ERR209/ERR209282/MH0096_20091126L4.rmhost.pair.2.fq.gz	
ERR209735	PRJEB1220	SAMEA2042304	ERX184400	408170	human gut metagenome	ftp.sra.ebi.ac.uk/vol1/fastq/ERR209/ERR209735/ERR209735_1.fastq.gz;ftp.sra.ebi.ac.uk/vol1/fastq/ERR209/ERR209735/ERR209735_2.fastq.gz	ftp.sra.ebi.ac.uk/vol1/run/ERR209/ERR209735/V1.CD38-0_100518.rmhost.pair.1.fq.gz;ftp.sra.ebi.ac.uk/vol1/run/ERR209/ERR209735/V1.CD38-0_100518.rmhost.pair.2.fq.gz	
ERR209283	PRJEB1220	SAMEA2042431	ERX183948	408170	human gut metagenome	ftp.sra.ebi.ac.uk/vol1/fastq/ERR209/ERR209283/ERR209283_1.fastq.gz;ftp.sra.ebi.ac.uk/vol1/fastq/ERR209/ERR209283/ERR209283_2.fastq.gz	ftp.sra.ebi.ac.uk/vol1/run/ERR209/ERR209283/MH0096_20091126L5.rmhost.pair.1.fq.gz;ftp.sra.ebi.ac.uk/vol1/run/ERR209/ERR209283/MH0096_20091126L5.rmhost.pair.2.fq.gz	
ERR209284	PRJEB1220	SAMEA2042431	ERX183949	408170	human gut metagenome	ftp.sra.ebi.ac.uk/vol1/fastq/ERR209/ERR209284/ERR209284_1.fastq.gz;ftp.sra.ebi.ac.uk/vol1/fastq/ERR209/ERR209284/ERR209284_2.fastq.gz	ftp.sra.ebi.ac.uk/vol1/run/ERR209/ERR209284/MH0096_20091128L4.rmhost.pair.1.fq.gz;ftp.sra.ebi.ac.uk/vol1/run/ERR209/ERR209284/MH0096_20091128L4.rmhost.pair.2.fq.gz	
ERR209738	PRJEB1220	SAMEA2042394	ERX184403	408170	human gut metagenome	ftp.sra.ebi.ac.uk/vol1/fastq/ERR209/ERR209738/ERR209738_1.fastq.gz;ftp.sra.ebi.ac.uk/vol1/fastq/ERR209/ERR209738/ERR209738_2.fastq.gz	ftp.sra.ebi.ac.uk/vol1/run/ERR209/ERR209738/V1.CD4-0_090126.rmhost.pair.1.fq.gz;ftp.sra.ebi.ac.uk/vol1/run/ERR209/ERR209738/V1.CD4-0_090126.rmhost.pair.2.fq.gz	
ERR209287	PRJEB1220	SAMEA2042433	ERX183952	408170	human gut metagenome	ftp.sra.ebi.ac.uk/vol1/fastq/ERR209/ERR209287/ERR209287_1.fastq.gz;ftp.sra.ebi.ac.uk/vol1/fastq/ERR209/ERR209287/ERR209287_2.fastq.gz	ftp.sra.ebi.ac.uk/vol1/run/ERR209/ERR209287/MH0097_20091124L3.rmhost.pair.1.fq.gz;ftp.sra.ebi.ac.uk/vol1/run/ERR209/ERR209287/MH0097_20091124L3.rmhost.pair.2.fq.gz	
ERR209740	PRJEB1220	SAMEA2042395	ERX184405	408170	human gut metagenome	ftp.sra.ebi.ac.uk/vol1/fastq/ERR209/ERR209740/ERR209740_1.fastq.gz;ftp.sra.ebi.ac.uk/vol1/fastq/ERR209/ERR209740/ERR209740_2.fastq.gz	ftp.sra.ebi.ac.uk/vol1/run/ERR209/ERR209740/V1.CD41-0_100712.rmhost.pair.1.fq.gz;ftp.sra.ebi.ac.uk/vol1/run/ERR209/ERR209740/V1.CD41-0_100712.rmhost.pair.2.fq.gz	
ERR209291	PRJEB1220	SAMEA2042433	ERX183956	408170	human gut metagenome	ftp.sra.ebi.ac.uk/vol1/fastq/ERR209/ERR209291/ERR209291_1.fastq.gz;ftp.sra.ebi.ac.uk/vol1/fastq/ERR209/ERR209291/ERR209291_2.fastq.gz	ftp.sra.ebi.ac.uk/vol1/run/ERR209/ERR209291/MH0097_20091212L5.rmhost.pair.1.fq.gz;ftp.sra.ebi.ac.uk/vol1/run/ERR209/ERR209291/MH0097_20091212L5.rmhost.pair.2.fq.gz	
ERR209743	PRJEB1220	SAMEA2042397	ERX184408	408170	human gut metagenome	ftp.sra.ebi.ac.uk/vol1/fastq/ERR209/ERR209743/ERR209743_1.fastq.gz;ftp.sra.ebi.ac.uk/vol1/fastq/ERR209/ERR209743/ERR209743_2.fastq.gz	ftp.sra.ebi.ac.uk/vol1/run/ERR209/ERR209743/V1.CD6-0_090107.rmhost.pair.1.fq.gz;ftp.sra.ebi.ac.uk/vol1/run/ERR209/ERR209743/V1.CD6-0_090107.rmhost.pair.2.fq.gz	
ERR209292	PRJEB1220	SAMEA2042434	ERX183957	408170	human gut metagenome	ftp.sra.ebi.ac.uk/vol1/fastq/ERR209/ERR209292/ERR209292_1.fastq.gz;ftp.sra.ebi.ac.uk/vol1/fastq/ERR209/ERR209292/ERR209292_2.fastq.gz	ftp.sra.ebi.ac.uk/vol1/run/ERR209/ERR209292/MH0098_20091014.rmhost.pair.1.fq.gz;ftp.sra.ebi.ac.uk/vol1/run/ERR209/ERR209292/MH0098_20091014.rmhost.pair.2.fq.gz	
ERR209753	PRJEB1220	SAMEA2042401	ERX184418	408170	human gut metagenome	ftp.sra.ebi.ac.uk/vol1/fastq/ERR209/ERR209753/ERR209753_1.fastq.gz;ftp.sra.ebi.ac.uk/vol1/fastq/ERR209/ERR209753/ERR209753_2.fastq.gz	ftp.sra.ebi.ac.uk/vol1/run/ERR209/ERR209753/V1.CD9-0_090127.rmhost.pair.1.fq.gz;ftp.sra.ebi.ac.uk/vol1/run/ERR209/ERR209753/V1.CD9-0_090127.rmhost.pair.2.fq.gz	
ERR209756	PRJEB1220	SAMEA2042402	ERX184421	408170	human gut metagenome	ftp.sra.ebi.ac.uk/vol1/fastq/ERR209/ERR209756/ERR209756_1.fastq.gz;ftp.sra.ebi.ac.uk/vol1/fastq/ERR209/ERR209756/ERR209756_2.fastq.gz	ftp.sra.ebi.ac.uk/vol1/run/ERR209/ERR209756/V1.UC1-0_100130.rmhost.pair.1.fq.gz;ftp.sra.ebi.ac.uk/vol1/run/ERR209/ERR209756/V1.UC1-0_100130.rmhost.pair.2.fq.gz	
ERR209293	PRJEB1220	SAMEA2042434	ERX183958	408170	human gut metagenome	ftp.sra.ebi.ac.uk/vol1/fastq/ERR209/ERR209293/ERR209293_1.fastq.gz;ftp.sra.ebi.ac.uk/vol1/fastq/ERR209/ERR209293/ERR209293_2.fastq.gz	ftp.sra.ebi.ac.uk/vol1/run/ERR209/ERR209293/MH0098_20091107L6.rmhost.pair.1.fq.gz;ftp.sra.ebi.ac.uk/vol1/run/ERR209/ERR209293/MH0098_20091107L6.rmhost.pair.2.fq.gz	
ERR209294	PRJEB1220	SAMEA2042434	ERX183959	408170	human gut metagenome	ftp.sra.ebi.ac.uk/vol1/fastq/ERR209/ERR209294/ERR209294_1.fastq.gz;ftp.sra.ebi.ac.uk/vol1/fastq/ERR209/ERR209294/ERR209294_2.fastq.gz	ftp.sra.ebi.ac.uk/vol1/run/ERR209/ERR209294/MH0098_20091124L8.rmhost.pair.1.fq.gz;ftp.sra.ebi.ac.uk/vol1/run/ERR209/ERR209294/MH0098_20091124L8.rmhost.pair.2.fq.gz	
ERR209760	PRJEB1220	SAMEA2042405	ERX184425	408170	human gut metagenome	ftp.sra.ebi.ac.uk/vol1/fastq/ERR209/ERR209760/ERR209760_1.fastq.gz;ftp.sra.ebi.ac.uk/vol1/fastq/ERR209/ERR209760/ERR209760_2.fastq.gz	ftp.sra.ebi.ac.uk/vol1/run/ERR209/ERR209760/V1.UC11-0_20100305.rmhost.pair.1.fq.gz;ftp.sra.ebi.ac.uk/vol1/run/ERR209/ERR209760/V1.UC11-0_20100305.rmhost.pair.2.fq.gz	
ERR209296	PRJEB1220	SAMEA2042435	ERX183961	408170	human gut metagenome	ftp.sra.ebi.ac.uk/vol1/fastq/ERR209/ERR209296/ERR209296_1.fastq.gz;ftp.sra.ebi.ac.uk/vol1/fastq/ERR209/ERR209296/ERR209296_2.fastq.gz	ftp.sra.ebi.ac.uk/vol1/run/ERR209/ERR209296/MH0099_20091014.rmhost.pair.1.fq.gz;ftp.sra.ebi.ac.uk/vol1/run/ERR209/ERR209296/MH0099_20091014.rmhost.pair.2.fq.gz	
ERR209763	PRJEB1220	SAMEA2042407	ERX184428	408170	human gut metagenome	ftp.sra.ebi.ac.uk/vol1/fastq/ERR209/ERR209763/ERR209763_1.fastq.gz;ftp.sra.ebi.ac.uk/vol1/fastq/ERR209/ERR209763/ERR209763_2.fastq.gz	ftp.sra.ebi.ac.uk/vol1/run/ERR209/ERR209763/V1.UC12-0_100205.rmhost.pair.1.fq.gz;ftp.sra.ebi.ac.uk/vol1/run/ERR209/ERR209763/V1.UC12-0_100205.rmhost.pair.2.fq.gz	
ERR209298	PRJEB1220	SAMEA2042435	ERX183963	408170	human gut metagenome	ftp.sra.ebi.ac.uk/vol1/fastq/ERR209/ERR209298/ERR209298_1.fastq.gz;ftp.sra.ebi.ac.uk/vol1/fastq/ERR209/ERR209298/ERR209298_2.fastq.gz	ftp.sra.ebi.ac.uk/vol1/run/ERR209/ERR209298/MH0099_20091124L3.rmhost.pair.1.fq.gz;ftp.sra.ebi.ac.uk/vol1/run/ERR209/ERR209298/MH0099_20091124L3.rmhost.pair.2.fq.gz	
ERR209765	PRJEB1220	SAMEA2042408	ERX184430	408170	human gut metagenome	ftp.sra.ebi.ac.uk/vol1/fastq/ERR209/ERR209765/ERR209765_1.fastq.gz;ftp.sra.ebi.ac.uk/vol1/fastq/ERR209/ERR209765/ERR209765_2.fastq.gz	ftp.sra.ebi.ac.uk/vol1/run/ERR209/ERR209765/V1.UC12-4_100525.rmhost.pair.1.fq.gz;ftp.sra.ebi.ac.uk/vol1/run/ERR209/ERR209765/V1.UC12-4_100525.rmhost.pair.2.fq.gz	
ERR209303	PRJEB1220	SAMEA1965384	ERX183968	408170	human gut metagenome	ftp.sra.ebi.ac.uk/vol1/fastq/ERR209/ERR209303/ERR209303_1.fastq.gz;ftp.sra.ebi.ac.uk/vol1/fastq/ERR209/ERR209303/ERR209303_2.fastq.gz	ftp.sra.ebi.ac.uk/vol1/run/ERR209/ERR209303/MH0100_20091124L8.rmhost.pair.1.fq.gz;ftp.sra.ebi.ac.uk/vol1/run/ERR209/ERR209303/MH0100_20091124L8.rmhost.pair.2.fq.gz	
ERR209766	PRJEB1220	SAMEA2042439	ERX184431	408170	human gut metagenome	ftp.sra.ebi.ac.uk/vol1/fastq/ERR209/ERR209766/ERR209766_1.fastq.gz;ftp.sra.ebi.ac.uk/vol1/fastq/ERR209/ERR209766/ERR209766_2.fastq.gz	ftp.sra.ebi.ac.uk/vol1/run/ERR209/ERR209766/V1.UC13-0_090110.rmhost.pair.1.fq.gz;ftp.sra.ebi.ac.uk/vol1/run/ERR209/ERR209766/V1.UC13-0_090110.rmhost.pair.2.fq.gz	
ERR209767	PRJEB1220	SAMEA2042439	ERX184432	408170	human gut metagenome	ftp.sra.ebi.ac.uk/vol1/fastq/ERR209/ERR209767/ERR209767_1.fastq.gz;ftp.sra.ebi.ac.uk/vol1/fastq/ERR209/ERR209767/ERR209767_2.fastq.gz	ftp.sra.ebi.ac.uk/vol1/run/ERR209/ERR209767/V1.UC13-0_090129.rmhost.pair.1.fq.gz;ftp.sra.ebi.ac.uk/vol1/run/ERR209/ERR209767/V1.UC13-0_090129.rmhost.pair.2.fq.gz	
ERR209307	PRJEB1220	SAMEA2042436	ERX183972	408170	human gut metagenome	ftp.sra.ebi.ac.uk/vol1/fastq/ERR209/ERR209307/ERR209307_1.fastq.gz;ftp.sra.ebi.ac.uk/vol1/fastq/ERR209/ERR209307/ERR209307_2.fastq.gz	ftp.sra.ebi.ac.uk/vol1/run/ERR209/ERR209307/MH0101_20091124L6.rmhost.pair.1.fq.gz;ftp.sra.ebi.ac.uk/vol1/run/ERR209/ERR209307/MH0101_20091124L6.rmhost.pair.2.fq.gz	
ERR209772	PRJEB1220	SAMEA1966253	ERX184437	408170	human gut metagenome	ftp.sra.ebi.ac.uk/vol1/fastq/ERR209/ERR209772/ERR209772_1.fastq.gz;ftp.sra.ebi.ac.uk/vol1/fastq/ERR209/ERR209772/ERR209772_2.fastq.gz	ftp.sra.ebi.ac.uk/vol1/run/ERR209/ERR209772/V1.UC14-1_100515.rmhost.pair.1.fq.gz;ftp.sra.ebi.ac.uk/vol1/run/ERR209/ERR209772/V1.UC14-1_100515.rmhost.pair.2.fq.gz	
ERR209773	PRJEB1220	SAMEA1966253	ERX184438	408170	human gut metagenome	ftp.sra.ebi.ac.uk/vol1/fastq/ERR209/ERR209773/ERR209773_1.fastq.gz;ftp.sra.ebi.ac.uk/vol1/fastq/ERR209/ERR209773/ERR209773_2.fastq.gz	ftp.sra.ebi.ac.uk/vol1/run/ERR209/ERR209773/V1.UC14-1_100525.rmhost.pair.1.fq.gz;ftp.sra.ebi.ac.uk/vol1/run/ERR209/ERR209773/V1.UC14-1_100525.rmhost.pair.2.fq.gz	
ERR209313	PRJEB1220	SAMEA2042437	ERX183978	408170	human gut metagenome	ftp.sra.ebi.ac.uk/vol1/fastq/ERR209/ERR209313/ERR209313_1.fastq.gz;ftp.sra.ebi.ac.uk/vol1/fastq/ERR209/ERR209313/ERR209313_2.fastq.gz	ftp.sra.ebi.ac.uk/vol1/run/ERR209/ERR209313/MH0102_20091124L7.rmhost.pair.1.fq.gz;ftp.sra.ebi.ac.uk/vol1/run/ERR209/ERR209313/MH0102_20091124L7.rmhost.pair.2.fq.gz	
ERR209776	PRJEB1220	SAMEA2042443	ERX184441	408170	human gut metagenome	ftp.sra.ebi.ac.uk/vol1/fastq/ERR209/ERR209776/ERR209776_1.fastq.gz;ftp.sra.ebi.ac.uk/vol1/fastq/ERR209/ERR209776/ERR209776_2.fastq.gz	ftp.sra.ebi.ac.uk/vol1/run/ERR209/ERR209776/V1.UC15-3_100515.rmhost.pair.1.fq.gz;ftp.sra.ebi.ac.uk/vol1/run/ERR209/ERR209776/V1.UC15-3_100515.rmhost.pair.2.fq.gz	
ERR209315	PRJEB1220	SAMEA2042438	ERX183980	408170	human gut metagenome	ftp.sra.ebi.ac.uk/vol1/fastq/ERR209/ERR209315/ERR209315_1.fastq.gz;ftp.sra.ebi.ac.uk/vol1/fastq/ERR209/ERR209315/ERR209315_2.fastq.gz	ftp.sra.ebi.ac.uk/vol1/run/ERR209/ERR209315/MH0103_20091014.rmhost.pair.1.fq.gz;ftp.sra.ebi.ac.uk/vol1/run/ERR209/ERR209315/MH0103_20091014.rmhost.pair.2.fq.gz	
ERR209777	PRJEB1220	SAMEA2042443	ERX184442	408170	human gut metagenome	ftp.sra.ebi.ac.uk/vol1/fastq/ERR209/ERR209777/ERR209777_1.fastq.gz;ftp.sra.ebi.ac.uk/vol1/fastq/ERR209/ERR209777/ERR209777_2.fastq.gz	ftp.sra.ebi.ac.uk/vol1/run/ERR209/ERR209777/V1.UC15-3_100525.rmhost.pair.1.fq.gz;ftp.sra.ebi.ac.uk/vol1/run/ERR209/ERR209777/V1.UC15-3_100525.rmhost.pair.2.fq.gz	
ERR209317	PRJEB1220	SAMEA2042438	ERX183982	408170	human gut metagenome	ftp.sra.ebi.ac.uk/vol1/fastq/ERR209/ERR209317/ERR209317_1.fastq.gz;ftp.sra.ebi.ac.uk/vol1/fastq/ERR209/ERR209317/ERR209317_2.fastq.gz	ftp.sra.ebi.ac.uk/vol1/run/ERR209/ERR209317/MH0103_20091124L6.rmhost.pair.1.fq.gz;ftp.sra.ebi.ac.uk/vol1/run/ERR209/ERR209317/MH0103_20091124L6.rmhost.pair.2.fq.gz	
ERR209779	PRJEB1220	SAMEA2042444	ERX184444	408170	human gut metagenome	ftp.sra.ebi.ac.uk/vol1/fastq/ERR209/ERR209779/ERR209779_1.fastq.gz;ftp.sra.ebi.ac.uk/vol1/fastq/ERR209/ERR209779/ERR209779_2.fastq.gz	ftp.sra.ebi.ac.uk/vol1/run/ERR209/ERR209779/V1.UC16-0_20100305.rmhost.pair.1.fq.gz;ftp.sra.ebi.ac.uk/vol1/run/ERR209/ERR209779/V1.UC16-0_20100305.rmhost.pair.2.fq.gz	
ERR209318	PRJEB1220	SAMEA2042438	ERX183983	408170	human gut metagenome	ftp.sra.ebi.ac.uk/vol1/fastq/ERR209/ERR209318/ERR209318_1.fastq.gz;ftp.sra.ebi.ac.uk/vol1/fastq/ERR209/ERR209318/ERR209318_2.fastq.gz	ftp.sra.ebi.ac.uk/vol1/run/ERR209/ERR209318/MH0103_20091124L7.rmhost.pair.1.fq.gz;ftp.sra.ebi.ac.uk/vol1/run/ERR209/ERR209318/MH0103_20091124L7.rmhost.pair.2.fq.gz	
ERR209785	PRJEB1220	SAMEA2042447	ERX184450	408170	human gut metagenome	ftp.sra.ebi.ac.uk/vol1/fastq/ERR209/ERR209785/ERR209785_1.fastq.gz;ftp.sra.ebi.ac.uk/vol1/fastq/ERR209/ERR209785/ERR209785_2.fastq.gz	ftp.sra.ebi.ac.uk/vol1/run/ERR209/ERR209785/V1.UC18-0_090127.rmhost.pair.1.fq.gz;ftp.sra.ebi.ac.uk/vol1/run/ERR209/ERR209785/V1.UC18-0_090127.rmhost.pair.2.fq.gz	
ERR209787	PRJEB1220	SAMEA2042448	ERX184452	408170	human gut metagenome	ftp.sra.ebi.ac.uk/vol1/fastq/ERR209/ERR209787/ERR209787_1.fastq.gz;ftp.sra.ebi.ac.uk/vol1/fastq/ERR209/ERR209787/ERR209787_2.fastq.gz	ftp.sra.ebi.ac.uk/vol1/run/ERR209/ERR209787/V1.UC19-0_090127.rmhost.pair.1.fq.gz;ftp.sra.ebi.ac.uk/vol1/run/ERR209/ERR209787/V1.UC19-0_090127.rmhost.pair.2.fq.gz	
ERR209789	PRJEB1220	SAMEA2042451	ERX184454	408170	human gut metagenome	ftp.sra.ebi.ac.uk/vol1/fastq/ERR209/ERR209789/ERR209789_1.fastq.gz;ftp.sra.ebi.ac.uk/vol1/fastq/ERR209/ERR209789/ERR209789_2.fastq.gz	ftp.sra.ebi.ac.uk/vol1/run/ERR209/ERR209789/V1.UC21-0_090112.rmhost.pair.1.fq.gz;ftp.sra.ebi.ac.uk/vol1/run/ERR209/ERR209789/V1.UC21-0_090112.rmhost.pair.2.fq.gz	
ERR209320	PRJEB1220	SAMEA2042488	ERX183985	408170	human gut metagenome	ftp.sra.ebi.ac.uk/vol1/fastq/ERR209/ERR209320/ERR209320_1.fastq.gz;ftp.sra.ebi.ac.uk/vol1/fastq/ERR209/ERR209320/ERR209320_2.fastq.gz	ftp.sra.ebi.ac.uk/vol1/run/ERR209/ERR209320/MH0104_20091014.rmhost.pair.1.fq.gz;ftp.sra.ebi.ac.uk/vol1/run/ERR209/ERR209320/MH0104_20091014.rmhost.pair.2.fq.gz	
ERR209791	PRJEB1220	SAMEA2042452	ERX184456	408170	human gut metagenome	ftp.sra.ebi.ac.uk/vol1/fastq/ERR209/ERR209791/ERR209791_1.fastq.gz;ftp.sra.ebi.ac.uk/vol1/fastq/ERR209/ERR209791/ERR209791_2.fastq.gz	ftp.sra.ebi.ac.uk/vol1/run/ERR209/ERR209791/V1.UC21-4_100515.rmhost.pair.1.fq.gz;ftp.sra.ebi.ac.uk/vol1/run/ERR209/ERR209791/V1.UC21-4_100515.rmhost.pair.2.fq.gz	
ERR209794	PRJEB1220	SAMEA2042453	ERX184459	408170	human gut metagenome	ftp.sra.ebi.ac.uk/vol1/fastq/ERR209/ERR209794/ERR209794_1.fastq.gz;ftp.sra.ebi.ac.uk/vol1/fastq/ERR209/ERR209794/ERR209794_2.fastq.gz	ftp.sra.ebi.ac.uk/vol1/run/ERR209/ERR209794/V1.UC23-0_20100305.rmhost.pair.1.fq.gz;ftp.sra.ebi.ac.uk/vol1/run/ERR209/ERR209794/V1.UC23-0_20100305.rmhost.pair.2.fq.gz	
ERR209324	PRJEB1220	SAMEA2042488	ERX183989	408170	human gut metagenome	ftp.sra.ebi.ac.uk/vol1/fastq/ERR209/ERR209324/ERR209324_1.fastq.gz;ftp.sra.ebi.ac.uk/vol1/fastq/ERR209/ERR209324/ERR209324_2.fastq.gz	ftp.sra.ebi.ac.uk/vol1/run/ERR209/ERR209324/MH0104_20091126L7.rmhost.pair.1.fq.gz;ftp.sra.ebi.ac.uk/vol1/run/ERR209/ERR209324/MH0104_20091126L7.rmhost.pair.2.fq.gz	
ERR209800	PRJEB1220	SAMEA2042450	ERX184465	408170	human gut metagenome	ftp.sra.ebi.ac.uk/vol1/fastq/ERR209/ERR209800/ERR209800_1.fastq.gz;ftp.sra.ebi.ac.uk/vol1/fastq/ERR209/ERR209800/ERR209800_2.fastq.gz	ftp.sra.ebi.ac.uk/vol1/run/ERR209/ERR209800/V1.UC2-4_100527.rmhost.pair.1.fq.gz;ftp.sra.ebi.ac.uk/vol1/run/ERR209/ERR209800/V1.UC2-4_100527.rmhost.pair.2.fq.gz	
ERR209326	PRJEB1220	SAMEA2042488	ERX183991	408170	human gut metagenome	ftp.sra.ebi.ac.uk/vol1/fastq/ERR209/ERR209326/ERR209326_1.fastq.gz;ftp.sra.ebi.ac.uk/vol1/fastq/ERR209/ERR209326/ERR209326_2.fastq.gz	ftp.sra.ebi.ac.uk/vol1/run/ERR209/ERR209326/MH0104_20091212L5.rmhost.pair.1.fq.gz;ftp.sra.ebi.ac.uk/vol1/run/ERR209/ERR209326/MH0104_20091212L5.rmhost.pair.2.fq.gz	
ERR209802	PRJEB1220	SAMEA2042506	ERX184467	408170	human gut metagenome	ftp.sra.ebi.ac.uk/vol1/fastq/ERR209/ERR209802/ERR209802_1.fastq.gz;ftp.sra.ebi.ac.uk/vol1/fastq/ERR209/ERR209802/ERR209802_2.fastq.gz	ftp.sra.ebi.ac.uk/vol1/run/ERR209/ERR209802/V1.UC25-0_2010123.rmhost.pair.1.fq.gz;ftp.sra.ebi.ac.uk/vol1/run/ERR209/ERR209802/V1.UC25-0_2010123.rmhost.pair.2.fq.gz	
ERR209808	PRJEB1220	SAMEA2042509	ERX184473	408170	human gut metagenome	ftp.sra.ebi.ac.uk/vol1/fastq/ERR209/ERR209808/ERR209808_1.fastq.gz;ftp.sra.ebi.ac.uk/vol1/fastq/ERR209/ERR209808/ERR209808_2.fastq.gz	ftp.sra.ebi.ac.uk/vol1/run/ERR209/ERR209808/V1.UC26-4_100715.rmhost.pair.1.fq.gz;ftp.sra.ebi.ac.uk/vol1/run/ERR209/ERR209808/V1.UC26-4_100715.rmhost.pair.2.fq.gz	
ERR209330	PRJEB1220	SAMEA2042489	ERX183995	408170	human gut metagenome	ftp.sra.ebi.ac.uk/vol1/fastq/ERR209/ERR209330/ERR209330_1.fastq.gz;ftp.sra.ebi.ac.uk/vol1/fastq/ERR209/ERR209330/ERR209330_2.fastq.gz	ftp.sra.ebi.ac.uk/vol1/run/ERR209/ERR209330/MH0105_20091124L4.rmhost.pair.1.fq.gz;ftp.sra.ebi.ac.uk/vol1/run/ERR209/ERR209330/MH0105_20091124L4.rmhost.pair.2.fq.gz	
ERR209811	PRJEB1220	SAMEA2042511	ERX184476	408170	human gut metagenome	ftp.sra.ebi.ac.uk/vol1/fastq/ERR209/ERR209811/ERR209811_1.fastq.gz;ftp.sra.ebi.ac.uk/vol1/fastq/ERR209/ERR209811/ERR209811_2.fastq.gz	ftp.sra.ebi.ac.uk/vol1/run/ERR209/ERR209811/V1.UC28-0_20100305.rmhost.pair.1.fq.gz;ftp.sra.ebi.ac.uk/vol1/run/ERR209/ERR209811/V1.UC28-0_20100305.rmhost.pair.2.fq.gz	
ERR209331	PRJEB1220	SAMEA2042489	ERX183996	408170	human gut metagenome	ftp.sra.ebi.ac.uk/vol1/fastq/ERR209/ERR209331/ERR209331_1.fastq.gz;ftp.sra.ebi.ac.uk/vol1/fastq/ERR209/ERR209331/ERR209331_2.fastq.gz	ftp.sra.ebi.ac.uk/vol1/run/ERR209/ERR209331/MH0105_20091212L2.rmhost.pair.1.fq.gz;ftp.sra.ebi.ac.uk/vol1/run/ERR209/ERR209331/MH0105_20091212L2.rmhost.pair.2.fq.gz	
ERR209812	PRJEB1220	SAMEA2042512	ERX184477	408170	human gut metagenome	ftp.sra.ebi.ac.uk/vol1/fastq/ERR209/ERR209812/ERR209812_1.fastq.gz;ftp.sra.ebi.ac.uk/vol1/fastq/ERR209/ERR209812/ERR209812_2.fastq.gz	ftp.sra.ebi.ac.uk/vol1/run/ERR209/ERR209812/V1.UC29-0_20100206.rmhost.pair.1.fq.gz;ftp.sra.ebi.ac.uk/vol1/run/ERR209/ERR209812/V1.UC29-0_20100206.rmhost.pair.2.fq.gz	
ERR209817	PRJEB1220	SAMEA2042518	ERX184482	408170	human gut metagenome	ftp.sra.ebi.ac.uk/vol1/fastq/ERR209/ERR209817/ERR209817_1.fastq.gz;ftp.sra.ebi.ac.uk/vol1/fastq/ERR209/ERR209817/ERR209817_2.fastq.gz	ftp.sra.ebi.ac.uk/vol1/run/ERR209/ERR209817/V1.UC31-4_100703.rmhost.pair.1.fq.gz;ftp.sra.ebi.ac.uk/vol1/run/ERR209/ERR209817/V1.UC31-4_100703.rmhost.pair.2.fq.gz	
ERR209820	PRJEB1220	SAMEA2042519	ERX184485	408170	human gut metagenome	ftp.sra.ebi.ac.uk/vol1/fastq/ERR209/ERR209820/ERR209820_1.fastq.gz;ftp.sra.ebi.ac.uk/vol1/fastq/ERR209/ERR209820/ERR209820_2.fastq.gz	ftp.sra.ebi.ac.uk/vol1/run/ERR209/ERR209820/V1.UC32-0_100525.rmhost.pair.1.fq.gz;ftp.sra.ebi.ac.uk/vol1/run/ERR209/ERR209820/V1.UC32-0_100525.rmhost.pair.2.fq.gz	
ERR209822	PRJEB1220	SAMEA2042515	ERX184487	408170	human gut metagenome	ftp.sra.ebi.ac.uk/vol1/fastq/ERR209/ERR209822/ERR209822_1.fastq.gz;ftp.sra.ebi.ac.uk/vol1/fastq/ERR209/ERR209822/ERR209822_2.fastq.gz	ftp.sra.ebi.ac.uk/vol1/run/ERR209/ERR209822/V1.UC3-2_100527.rmhost.pair.1.fq.gz;ftp.sra.ebi.ac.uk/vol1/run/ERR209/ERR209822/V1.UC3-2_100527.rmhost.pair.2.fq.gz	
ERR209832	PRJEB1220	SAMEA2042573	ERX184497	408170	human gut metagenome	ftp.sra.ebi.ac.uk/vol1/fastq/ERR209/ERR209832/ERR209832_1.fastq.gz;ftp.sra.ebi.ac.uk/vol1/fastq/ERR209/ERR209832/ERR209832_2.fastq.gz	ftp.sra.ebi.ac.uk/vol1/run/ERR209/ERR209832/V1.UC36-0_2010123.rmhost.pair.1.fq.gz;ftp.sra.ebi.ac.uk/vol1/run/ERR209/ERR209832/V1.UC36-0_2010123.rmhost.pair.2.fq.gz	
ERR209338	PRJEB1220	SAMEA2042490	ERX184003	408170	human gut metagenome	ftp.sra.ebi.ac.uk/vol1/fastq/ERR209/ERR209338/ERR209338_1.fastq.gz;ftp.sra.ebi.ac.uk/vol1/fastq/ERR209/ERR209338/ERR209338_2.fastq.gz	ftp.sra.ebi.ac.uk/vol1/run/ERR209/ERR209338/MH0106_20091212L5.rmhost.pair.1.fq.gz;ftp.sra.ebi.ac.uk/vol1/run/ERR209/ERR209338/MH0106_20091212L5.rmhost.pair.2.fq.gz	
ERR209833	PRJEB1220	SAMEA2042574	ERX184498	408170	human gut metagenome	ftp.sra.ebi.ac.uk/vol1/fastq/ERR209/ERR209833/ERR209833_1.fastq.gz;ftp.sra.ebi.ac.uk/vol1/fastq/ERR209/ERR209833/ERR209833_2.fastq.gz	ftp.sra.ebi.ac.uk/vol1/run/ERR209/ERR209833/V1.UC37-0_2010123.rmhost.pair.1.fq.gz;ftp.sra.ebi.ac.uk/vol1/run/ERR209/ERR209833/V1.UC37-0_2010123.rmhost.pair.2.fq.gz	
ERR209834	PRJEB1220	SAMEA2042575	ERX184499	408170	human gut metagenome	ftp.sra.ebi.ac.uk/vol1/fastq/ERR209/ERR209834/ERR209834_1.fastq.gz;ftp.sra.ebi.ac.uk/vol1/fastq/ERR209/ERR209834/ERR209834_2.fastq.gz	ftp.sra.ebi.ac.uk/vol1/run/ERR209/ERR209834/V1.UC38-0_100515.rmhost.pair.1.fq.gz;ftp.sra.ebi.ac.uk/vol1/run/ERR209/ERR209834/V1.UC38-0_100515.rmhost.pair.2.fq.gz	
ERR209339	PRJEB1220	SAMEA2042491	ERX184004	408170	human gut metagenome	ftp.sra.ebi.ac.uk/vol1/fastq/ERR209/ERR209339/ERR209339_1.fastq.gz;ftp.sra.ebi.ac.uk/vol1/fastq/ERR209/ERR209339/ERR209339_2.fastq.gz	ftp.sra.ebi.ac.uk/vol1/run/ERR209/ERR209339/MH0107_20091015.rmhost.pair.1.fq.gz;ftp.sra.ebi.ac.uk/vol1/run/ERR209/ERR209339/MH0107_20091015.rmhost.pair.2.fq.gz	
ERR209340	PRJEB1220	SAMEA2042491	ERX184005	408170	human gut metagenome	ftp.sra.ebi.ac.uk/vol1/fastq/ERR209/ERR209340/ERR209340_1.fastq.gz;ftp.sra.ebi.ac.uk/vol1/fastq/ERR209/ERR209340/ERR209340_2.fastq.gz	ftp.sra.ebi.ac.uk/vol1/run/ERR209/ERR209340/MH0107_20091107L7.rmhost.pair.1.fq.gz;ftp.sra.ebi.ac.uk/vol1/run/ERR209/ERR209340/MH0107_20091107L7.rmhost.pair.2.fq.gz	
ERR209838	PRJEB1220	SAMEA2042579	ERX184503	408170	human gut metagenome	ftp.sra.ebi.ac.uk/vol1/fastq/ERR209/ERR209838/ERR209838_1.fastq.gz;ftp.sra.ebi.ac.uk/vol1/fastq/ERR209/ERR209838/ERR209838_2.fastq.gz	ftp.sra.ebi.ac.uk/vol1/run/ERR209/ERR209838/V1.UC40-0_20100204.rmhost.pair.1.fq.gz;ftp.sra.ebi.ac.uk/vol1/run/ERR209/ERR209838/V1.UC40-0_20100204.rmhost.pair.2.fq.gz	
ERR209341	PRJEB1220	SAMEA2042491	ERX184006	408170	human gut metagenome	ftp.sra.ebi.ac.uk/vol1/fastq/ERR209/ERR209341/ERR209341_1.fastq.gz;ftp.sra.ebi.ac.uk/vol1/fastq/ERR209/ERR209341/ERR209341_2.fastq.gz	ftp.sra.ebi.ac.uk/vol1/run/ERR209/ERR209341/MH0107_20091124L5.rmhost.pair.1.fq.gz;ftp.sra.ebi.ac.uk/vol1/run/ERR209/ERR209341/MH0107_20091124L5.rmhost.pair.2.fq.gz	
ERR209345	PRJEB1220	SAMEA2042492	ERX184010	408170	human gut metagenome	ftp.sra.ebi.ac.uk/vol1/fastq/ERR209/ERR209345/ERR209345_1.fastq.gz;ftp.sra.ebi.ac.uk/vol1/fastq/ERR209/ERR209345/ERR209345_2.fastq.gz	ftp.sra.ebi.ac.uk/vol1/run/ERR209/ERR209345/MH0109_20091015.rmhost.pair.1.fq.gz;ftp.sra.ebi.ac.uk/vol1/run/ERR209/ERR209345/MH0109_20091015.rmhost.pair.2.fq.gz	
ERR209840	PRJEB1220	SAMEA2042577	ERX184505	408170	human gut metagenome	ftp.sra.ebi.ac.uk/vol1/fastq/ERR209/ERR209840/ERR209840_1.fastq.gz;ftp.sra.ebi.ac.uk/vol1/fastq/ERR209/ERR209840/ERR209840_2.fastq.gz	ftp.sra.ebi.ac.uk/vol1/run/ERR209/ERR209840/V1.UC4-0_100130.rmhost.pair.1.fq.gz;ftp.sra.ebi.ac.uk/vol1/run/ERR209/ERR209840/V1.UC4-0_100130.rmhost.pair.2.fq.gz	
ERR209842	PRJEB1220	SAMEA2042580	ERX184507	408170	human gut metagenome	ftp.sra.ebi.ac.uk/vol1/fastq/ERR209/ERR209842/ERR209842_1.fastq.gz;ftp.sra.ebi.ac.uk/vol1/fastq/ERR209/ERR209842/ERR209842_2.fastq.gz	ftp.sra.ebi.ac.uk/vol1/run/ERR209/ERR209842/V1.UC41-0_100525.rmhost.pair.1.fq.gz;ftp.sra.ebi.ac.uk/vol1/run/ERR209/ERR209842/V1.UC41-0_100525.rmhost.pair.2.fq.gz	
ERR209346	PRJEB1220	SAMEA2042492	ERX184011	408170	human gut metagenome	ftp.sra.ebi.ac.uk/vol1/fastq/ERR209/ERR209346/ERR209346_1.fastq.gz;ftp.sra.ebi.ac.uk/vol1/fastq/ERR209/ERR209346/ERR209346_2.fastq.gz	ftp.sra.ebi.ac.uk/vol1/run/ERR209/ERR209346/MH0109_20091124L2.rmhost.pair.1.fq.gz;ftp.sra.ebi.ac.uk/vol1/run/ERR209/ERR209346/MH0109_20091124L2.rmhost.pair.2.fq.gz	
ERR209352	PRJEB1220	SAMEA2042493	ERX184017	408170	human gut metagenome	ftp.sra.ebi.ac.uk/vol1/fastq/ERR209/ERR209352/ERR209352_1.fastq.gz;ftp.sra.ebi.ac.uk/vol1/fastq/ERR209/ERR209352/ERR209352_2.fastq.gz	ftp.sra.ebi.ac.uk/vol1/run/ERR209/ERR209352/MH0110_20091126L4.rmhost.pair.1.fq.gz;ftp.sra.ebi.ac.uk/vol1/run/ERR209/ERR209352/MH0110_20091126L4.rmhost.pair.2.fq.gz	
ERR209844	PRJEB1220	SAMEA2042582	ERX184509	408170	human gut metagenome	ftp.sra.ebi.ac.uk/vol1/fastq/ERR209/ERR209844/ERR209844_1.fastq.gz;ftp.sra.ebi.ac.uk/vol1/fastq/ERR209/ERR209844/ERR209844_2.fastq.gz	ftp.sra.ebi.ac.uk/vol1/run/ERR209/ERR209844/V1.UC43-0_100515.rmhost.pair.1.fq.gz;ftp.sra.ebi.ac.uk/vol1/run/ERR209/ERR209844/V1.UC43-0_100515.rmhost.pair.2.fq.gz	
ERR209356	PRJEB1220	SAMEA1965112	ERX184021	408170	human gut metagenome	ftp.sra.ebi.ac.uk/vol1/fastq/ERR209/ERR209356/ERR209356_1.fastq.gz;ftp.sra.ebi.ac.uk/vol1/fastq/ERR209/ERR209356/ERR209356_2.fastq.gz	ftp.sra.ebi.ac.uk/vol1/run/ERR209/ERR209356/MH0111_20091031.rmhost.pair.1.fq.gz;ftp.sra.ebi.ac.uk/vol1/run/ERR209/ERR209356/MH0111_20091031.rmhost.pair.2.fq.gz	
ERR209357	PRJEB1220	SAMEA1965112	ERX184022	408170	human gut metagenome	ftp.sra.ebi.ac.uk/vol1/fastq/ERR209/ERR209357/ERR209357_1.fastq.gz;ftp.sra.ebi.ac.uk/vol1/fastq/ERR209/ERR209357/ERR209357_2.fastq.gz	ftp.sra.ebi.ac.uk/vol1/run/ERR209/ERR209357/MH0111_20100124L5.rmhost.pair.1.fq.gz;ftp.sra.ebi.ac.uk/vol1/run/ERR209/ERR209357/MH0111_20100124L5.rmhost.pair.2.fq.gz	
ERR209845	PRJEB1220	SAMEA2042582	ERX184510	408170	human gut metagenome	ftp.sra.ebi.ac.uk/vol1/fastq/ERR209/ERR209845/ERR209845_1.fastq.gz;ftp.sra.ebi.ac.uk/vol1/fastq/ERR209/ERR209845/ERR209845_2.fastq.gz	ftp.sra.ebi.ac.uk/vol1/run/ERR209/ERR209845/V1.UC43-0_100525.rmhost.pair.1.fq.gz;ftp.sra.ebi.ac.uk/vol1/run/ERR209/ERR209845/V1.UC43-0_100525.rmhost.pair.2.fq.gz	
ERR209363	PRJEB1220	SAMEA2042496	ERX184028	408170	human gut metagenome	ftp.sra.ebi.ac.uk/vol1/fastq/ERR209/ERR209363/ERR209363_1.fastq.gz;ftp.sra.ebi.ac.uk/vol1/fastq/ERR209/ERR209363/ERR209363_2.fastq.gz	ftp.sra.ebi.ac.uk/vol1/run/ERR209/ERR209363/MH0114_20091023.rmhost.pair.1.fq.gz;ftp.sra.ebi.ac.uk/vol1/run/ERR209/ERR209363/MH0114_20091023.rmhost.pair.2.fq.gz	
ERR209366	PRJEB1220	SAMEA2042496	ERX184031	408170	human gut metagenome	ftp.sra.ebi.ac.uk/vol1/fastq/ERR209/ERR209366/ERR209366_1.fastq.gz;ftp.sra.ebi.ac.uk/vol1/fastq/ERR209/ERR209366/ERR209366_2.fastq.gz	ftp.sra.ebi.ac.uk/vol1/run/ERR209/ERR209366/MH0114_20091124L4.rmhost.pair.1.fq.gz;ftp.sra.ebi.ac.uk/vol1/run/ERR209/ERR209366/MH0114_20091124L4.rmhost.pair.2.fq.gz	
ERR209849	PRJEB1220	SAMEA2042578	ERX184514	408170	human gut metagenome	ftp.sra.ebi.ac.uk/vol1/fastq/ERR209/ERR209849/ERR209849_1.fastq.gz;ftp.sra.ebi.ac.uk/vol1/fastq/ERR209/ERR209849/ERR209849_2.fastq.gz	ftp.sra.ebi.ac.uk/vol1/run/ERR209/ERR209849/V1.UC4-5_100703.rmhost.pair.1.fq.gz;ftp.sra.ebi.ac.uk/vol1/run/ERR209/ERR209849/V1.UC4-5_100703.rmhost.pair.2.fq.gz	
ERR209853	PRJEB1220	SAMEA2042618	ERX184518	408170	human gut metagenome	ftp.sra.ebi.ac.uk/vol1/fastq/ERR209/ERR209853/ERR209853_1.fastq.gz;ftp.sra.ebi.ac.uk/vol1/fastq/ERR209/ERR209853/ERR209853_2.fastq.gz	ftp.sra.ebi.ac.uk/vol1/run/ERR209/ERR209853/V1.UC47-0_2010121.rmhost.pair.1.fq.gz;ftp.sra.ebi.ac.uk/vol1/run/ERR209/ERR209853/V1.UC47-0_2010121.rmhost.pair.2.fq.gz	
ERR209367	PRJEB1220	SAMEA2042496	ERX184032	408170	human gut metagenome	ftp.sra.ebi.ac.uk/vol1/fastq/ERR209/ERR209367/ERR209367_1.fastq.gz;ftp.sra.ebi.ac.uk/vol1/fastq/ERR209/ERR209367/ERR209367_2.fastq.gz	ftp.sra.ebi.ac.uk/vol1/run/ERR209/ERR209367/MH0114_20091212L2.rmhost.pair.1.fq.gz;ftp.sra.ebi.ac.uk/vol1/run/ERR209/ERR209367/MH0114_20091212L2.rmhost.pair.2.fq.gz	
ERR209856	PRJEB1220	SAMEA2042620	ERX184521	408170	human gut metagenome	ftp.sra.ebi.ac.uk/vol1/fastq/ERR209/ERR209856/ERR209856_1.fastq.gz;ftp.sra.ebi.ac.uk/vol1/fastq/ERR209/ERR209856/ERR209856_2.fastq.gz	ftp.sra.ebi.ac.uk/vol1/run/ERR209/ERR209856/V1.UC49-0_100522.rmhost.pair.1.fq.gz;ftp.sra.ebi.ac.uk/vol1/run/ERR209/ERR209856/V1.UC49-0_100522.rmhost.pair.2.fq.gz	
ERR209368	PRJEB1220	SAMEA2042497	ERX184033	408170	human gut metagenome	ftp.sra.ebi.ac.uk/vol1/fastq/ERR209/ERR209368/ERR209368_1.fastq.gz;ftp.sra.ebi.ac.uk/vol1/fastq/ERR209/ERR209368/ERR209368_2.fastq.gz	ftp.sra.ebi.ac.uk/vol1/run/ERR209/ERR209368/MH0115_20091023.rmhost.pair.1.fq.gz;ftp.sra.ebi.ac.uk/vol1/run/ERR209/ERR209368/MH0115_20091023.rmhost.pair.2.fq.gz	
ERR209857	PRJEB1220	SAMEA2042620	ERX184522	408170	human gut metagenome	ftp.sra.ebi.ac.uk/vol1/fastq/ERR209/ERR209857/ERR209857_1.fastq.gz;ftp.sra.ebi.ac.uk/vol1/fastq/ERR209/ERR209857/ERR209857_2.fastq.gz	ftp.sra.ebi.ac.uk/vol1/run/ERR209/ERR209857/V1.UC49-0_100525.rmhost.pair.1.fq.gz;ftp.sra.ebi.ac.uk/vol1/run/ERR209/ERR209857/V1.UC49-0_100525.rmhost.pair.2.fq.gz	
ERR209369	PRJEB1220	SAMEA2042497	ERX184034	408170	human gut metagenome	ftp.sra.ebi.ac.uk/vol1/fastq/ERR209/ERR209369/ERR209369_1.fastq.gz;ftp.sra.ebi.ac.uk/vol1/fastq/ERR209/ERR209369/ERR209369_2.fastq.gz	ftp.sra.ebi.ac.uk/vol1/run/ERR209/ERR209369/MH0115_20091124L8.rmhost.pair.1.fq.gz;ftp.sra.ebi.ac.uk/vol1/run/ERR209/ERR209369/MH0115_20091124L8.rmhost.pair.2.fq.gz	
ERR209372	PRJEB1220	SAMEA2042498	ERX184037	408170	human gut metagenome	ftp.sra.ebi.ac.uk/vol1/fastq/ERR209/ERR209372/ERR209372_1.fastq.gz;ftp.sra.ebi.ac.uk/vol1/fastq/ERR209/ERR209372/ERR209372_2.fastq.gz	ftp.sra.ebi.ac.uk/vol1/run/ERR209/ERR209372/MH0116_20091124L4.rmhost.pair.1.fq.gz;ftp.sra.ebi.ac.uk/vol1/run/ERR209/ERR209372/MH0116_20091124L4.rmhost.pair.2.fq.gz	
ERR209858	PRJEB1220	SAMEA2042621	ERX184523	408170	human gut metagenome	ftp.sra.ebi.ac.uk/vol1/fastq/ERR209/ERR209858/ERR209858_1.fastq.gz;ftp.sra.ebi.ac.uk/vol1/fastq/ERR209/ERR209858/ERR209858_2.fastq.gz	ftp.sra.ebi.ac.uk/vol1/run/ERR209/ERR209858/V1.UC49-1_100522.rmhost.pair.1.fq.gz;ftp.sra.ebi.ac.uk/vol1/run/ERR209/ERR209858/V1.UC49-1_100522.rmhost.pair.2.fq.gz	
ERR209863	PRJEB1220	SAMEA2042625	ERX184528	408170	human gut metagenome	ftp.sra.ebi.ac.uk/vol1/fastq/ERR209/ERR209863/ERR209863_1.fastq.gz;ftp.sra.ebi.ac.uk/vol1/fastq/ERR209/ERR209863/ERR209863_2.fastq.gz	ftp.sra.ebi.ac.uk/vol1/run/ERR209/ERR209863/V1.UC51-0_100522.rmhost.pair.1.fq.gz;ftp.sra.ebi.ac.uk/vol1/run/ERR209/ERR209863/V1.UC51-0_100522.rmhost.pair.2.fq.gz	
ERR209864	PRJEB1220	SAMEA2042625	ERX184529	408170	human gut metagenome	ftp.sra.ebi.ac.uk/vol1/fastq/ERR209/ERR209864/ERR209864_1.fastq.gz;ftp.sra.ebi.ac.uk/vol1/fastq/ERR209/ERR209864/ERR209864_2.fastq.gz	ftp.sra.ebi.ac.uk/vol1/run/ERR209/ERR209864/V1.UC51-0_100525.rmhost.pair.1.fq.gz;ftp.sra.ebi.ac.uk/vol1/run/ERR209/ERR209864/V1.UC51-0_100525.rmhost.pair.2.fq.gz	
ERR209373	PRJEB1220	SAMEA2042498	ERX184038	408170	human gut metagenome	ftp.sra.ebi.ac.uk/vol1/fastq/ERR209/ERR209373/ERR209373_1.fastq.gz;ftp.sra.ebi.ac.uk/vol1/fastq/ERR209/ERR209373/ERR209373_2.fastq.gz	ftp.sra.ebi.ac.uk/vol1/run/ERR209/ERR209373/MH0116_20091126L4.rmhost.pair.1.fq.gz;ftp.sra.ebi.ac.uk/vol1/run/ERR209/ERR209373/MH0116_20091126L4.rmhost.pair.2.fq.gz	
ERR209865	PRJEB1220	SAMEA2042626	ERX184530	408170	human gut metagenome	ftp.sra.ebi.ac.uk/vol1/fastq/ERR209/ERR209865/ERR209865_1.fastq.gz;ftp.sra.ebi.ac.uk/vol1/fastq/ERR209/ERR209865/ERR209865_2.fastq.gz	ftp.sra.ebi.ac.uk/vol1/run/ERR209/ERR209865/V1.UC51-4_100522.rmhost.pair.1.fq.gz;ftp.sra.ebi.ac.uk/vol1/run/ERR209/ERR209865/V1.UC51-4_100522.rmhost.pair.2.fq.gz	
ERR209866	PRJEB1220	SAMEA2042626	ERX184531	408170	human gut metagenome	ftp.sra.ebi.ac.uk/vol1/fastq/ERR209/ERR209866/ERR209866_1.fastq.gz;ftp.sra.ebi.ac.uk/vol1/fastq/ERR209/ERR209866/ERR209866_2.fastq.gz	ftp.sra.ebi.ac.uk/vol1/run/ERR209/ERR209866/V1.UC51-4_100525.rmhost.pair.1.fq.gz;ftp.sra.ebi.ac.uk/vol1/run/ERR209/ERR209866/V1.UC51-4_100525.rmhost.pair.2.fq.gz	
ERR209374	PRJEB1220	SAMEA2042498	ERX184039	408170	human gut metagenome	ftp.sra.ebi.ac.uk/vol1/fastq/ERR209/ERR209374/ERR209374_1.fastq.gz;ftp.sra.ebi.ac.uk/vol1/fastq/ERR209/ERR209374/ERR209374_2.fastq.gz	ftp.sra.ebi.ac.uk/vol1/run/ERR209/ERR209374/MH0116_20091126L5.rmhost.pair.1.fq.gz;ftp.sra.ebi.ac.uk/vol1/run/ERR209/ERR209374/MH0116_20091126L5.rmhost.pair.2.fq.gz	
ERR209867	PRJEB1220	SAMEA2042627	ERX184532	408170	human gut metagenome	ftp.sra.ebi.ac.uk/vol1/fastq/ERR209/ERR209867/ERR209867_1.fastq.gz;ftp.sra.ebi.ac.uk/vol1/fastq/ERR209/ERR209867/ERR209867_2.fastq.gz	ftp.sra.ebi.ac.uk/vol1/run/ERR209/ERR209867/V1.UC52-0_100522.rmhost.pair.1.fq.gz;ftp.sra.ebi.ac.uk/vol1/run/ERR209/ERR209867/V1.UC52-0_100522.rmhost.pair.2.fq.gz	
ERR209870	PRJEB1220	SAMEA2042628	ERX184535	408170	human gut metagenome	ftp.sra.ebi.ac.uk/vol1/fastq/ERR209/ERR209870/ERR209870_1.fastq.gz;ftp.sra.ebi.ac.uk/vol1/fastq/ERR209/ERR209870/ERR209870_2.fastq.gz	ftp.sra.ebi.ac.uk/vol1/run/ERR209/ERR209870/V1.UC52-1_100525.rmhost.pair.1.fq.gz;ftp.sra.ebi.ac.uk/vol1/run/ERR209/ERR209870/V1.UC52-1_100525.rmhost.pair.2.fq.gz	
ERR209375	PRJEB1220	SAMEA2042498	ERX184040	408170	human gut metagenome	ftp.sra.ebi.ac.uk/vol1/fastq/ERR209/ERR209375/ERR209375_1.fastq.gz;ftp.sra.ebi.ac.uk/vol1/fastq/ERR209/ERR209375/ERR209375_2.fastq.gz	ftp.sra.ebi.ac.uk/vol1/run/ERR209/ERR209375/MH0116_20091128L4.rmhost.pair.1.fq.gz;ftp.sra.ebi.ac.uk/vol1/run/ERR209/ERR209375/MH0116_20091128L4.rmhost.pair.2.fq.gz	
ERR209378	PRJEB1220	SAMEA2042499	ERX184043	408170	human gut metagenome	ftp.sra.ebi.ac.uk/vol1/fastq/ERR209/ERR209378/ERR209378_1.fastq.gz;ftp.sra.ebi.ac.uk/vol1/fastq/ERR209/ERR209378/ERR209378_2.fastq.gz	ftp.sra.ebi.ac.uk/vol1/run/ERR209/ERR209378/MH0117_20100124L7.rmhost.pair.1.fq.gz;ftp.sra.ebi.ac.uk/vol1/run/ERR209/ERR209378/MH0117_20100124L7.rmhost.pair.2.fq.gz	
ERR209871	PRJEB1220	SAMEA2042628	ERX184536	408170	human gut metagenome	ftp.sra.ebi.ac.uk/vol1/fastq/ERR209/ERR209871/ERR209871_1.fastq.gz;ftp.sra.ebi.ac.uk/vol1/fastq/ERR209/ERR209871/ERR209871_2.fastq.gz	ftp.sra.ebi.ac.uk/vol1/run/ERR209/ERR209871/V1.UC52-1_100529.rmhost.pair.1.fq.gz;ftp.sra.ebi.ac.uk/vol1/run/ERR209/ERR209871/V1.UC52-1_100529.rmhost.pair.2.fq.gz	
ERR209872	PRJEB1220	SAMEA1965191	ERX184537	408170	human gut metagenome	ftp.sra.ebi.ac.uk/vol1/fastq/ERR209/ERR209872/ERR209872_1.fastq.gz;ftp.sra.ebi.ac.uk/vol1/fastq/ERR209/ERR209872/ERR209872_2.fastq.gz	ftp.sra.ebi.ac.uk/vol1/run/ERR209/ERR209872/V1.UC53-0_100515.rmhost.pair.1.fq.gz;ftp.sra.ebi.ac.uk/vol1/run/ERR209/ERR209872/V1.UC53-0_100515.rmhost.pair.2.fq.gz	
ERR209379	PRJEB1220	SAMEA2042499	ERX184044	408170	human gut metagenome	ftp.sra.ebi.ac.uk/vol1/fastq/ERR209/ERR209379/ERR209379_1.fastq.gz;ftp.sra.ebi.ac.uk/vol1/fastq/ERR209/ERR209379/ERR209379_2.fastq.gz	ftp.sra.ebi.ac.uk/vol1/run/ERR209/ERR209379/MH0117_20100125L4.rmhost.pair.1.fq.gz;ftp.sra.ebi.ac.uk/vol1/run/ERR209/ERR209379/MH0117_20100125L4.rmhost.pair.2.fq.gz	
ERR209874	PRJEB1220	SAMEA1965191	ERX184539	408170	human gut metagenome	ftp.sra.ebi.ac.uk/vol1/fastq/ERR209/ERR209874/ERR209874_1.fastq.gz;ftp.sra.ebi.ac.uk/vol1/fastq/ERR209/ERR209874/ERR209874_2.fastq.gz	ftp.sra.ebi.ac.uk/vol1/run/ERR209/ERR209874/V1.UC53-0_100529.rmhost.pair.1.fq.gz;ftp.sra.ebi.ac.uk/vol1/run/ERR209/ERR209874/V1.UC53-0_100529.rmhost.pair.2.fq.gz	
ERR209381	PRJEB1220	SAMEA2042500	ERX184046	408170	human gut metagenome	ftp.sra.ebi.ac.uk/vol1/fastq/ERR209/ERR209381/ERR209381_1.fastq.gz;ftp.sra.ebi.ac.uk/vol1/fastq/ERR209/ERR209381/ERR209381_2.fastq.gz	ftp.sra.ebi.ac.uk/vol1/run/ERR209/ERR209381/MH0118_20091025.rmhost.pair.1.fq.gz;ftp.sra.ebi.ac.uk/vol1/run/ERR209/ERR209381/MH0118_20091025.rmhost.pair.2.fq.gz	
ERR209877	PRJEB1220	SAMEA2042629	ERX184542	408170	human gut metagenome	ftp.sra.ebi.ac.uk/vol1/fastq/ERR209/ERR209877/ERR209877_1.fastq.gz;ftp.sra.ebi.ac.uk/vol1/fastq/ERR209/ERR209877/ERR209877_2.fastq.gz	ftp.sra.ebi.ac.uk/vol1/run/ERR209/ERR209877/V1.UC53-4_100515.rmhost.pair.1.fq.gz;ftp.sra.ebi.ac.uk/vol1/run/ERR209/ERR209877/V1.UC53-4_100515.rmhost.pair.2.fq.gz	
ERR209383	PRJEB1220	SAMEA2042500	ERX184048	408170	human gut metagenome	ftp.sra.ebi.ac.uk/vol1/fastq/ERR209/ERR209383/ERR209383_1.fastq.gz;ftp.sra.ebi.ac.uk/vol1/fastq/ERR209/ERR209383/ERR209383_2.fastq.gz	ftp.sra.ebi.ac.uk/vol1/run/ERR209/ERR209383/MH0118_20100305L3.rmhost.pair.1.fq.gz;ftp.sra.ebi.ac.uk/vol1/run/ERR209/ERR209383/MH0118_20100305L3.rmhost.pair.2.fq.gz	
ERR209884	PRJEB1220	SAMEA2042632	ERX184549	408170	human gut metagenome	ftp.sra.ebi.ac.uk/vol1/fastq/ERR209/ERR209884/ERR209884_1.fastq.gz;ftp.sra.ebi.ac.uk/vol1/fastq/ERR209/ERR209884/ERR209884_2.fastq.gz	ftp.sra.ebi.ac.uk/vol1/run/ERR209/ERR209884/V1.UC55-0_100527.rmhost.pair.1.fq.gz;ftp.sra.ebi.ac.uk/vol1/run/ERR209/ERR209884/V1.UC55-0_100527.rmhost.pair.2.fq.gz	
ERR209392	PRJEB1220	SAMEA2042503	ERX184057	408170	human gut metagenome	ftp.sra.ebi.ac.uk/vol1/fastq/ERR209/ERR209392/ERR209392_1.fastq.gz;ftp.sra.ebi.ac.uk/vol1/fastq/ERR209/ERR209392/ERR209392_2.fastq.gz	ftp.sra.ebi.ac.uk/vol1/run/ERR209/ERR209392/MH0122_20100128L8.rmhost.pair.1.fq.gz;ftp.sra.ebi.ac.uk/vol1/run/ERR209/ERR209392/MH0122_20100128L8.rmhost.pair.2.fq.gz	
ERR209887	PRJEB1220	SAMEA2042633	ERX184552	408170	human gut metagenome	ftp.sra.ebi.ac.uk/vol1/fastq/ERR209/ERR209887/ERR209887_1.fastq.gz;ftp.sra.ebi.ac.uk/vol1/fastq/ERR209/ERR209887/ERR209887_2.fastq.gz	ftp.sra.ebi.ac.uk/vol1/run/ERR209/ERR209887/V1.UC55-4_100527.rmhost.pair.1.fq.gz;ftp.sra.ebi.ac.uk/vol1/run/ERR209/ERR209887/V1.UC55-4_100527.rmhost.pair.2.fq.gz	
ERR209888	PRJEB1220	SAMEA2042633	ERX184553	408170	human gut metagenome	ftp.sra.ebi.ac.uk/vol1/fastq/ERR209/ERR209888/ERR209888_1.fastq.gz;ftp.sra.ebi.ac.uk/vol1/fastq/ERR209/ERR209888/ERR209888_2.fastq.gz	ftp.sra.ebi.ac.uk/vol1/run/ERR209/ERR209888/V1.UC55-4_100529.rmhost.pair.1.fq.gz;ftp.sra.ebi.ac.uk/vol1/run/ERR209/ERR209888/V1.UC55-4_100529.rmhost.pair.2.fq.gz	
ERR209394	PRJEB1220	SAMEA2042553	ERX184059	408170	human gut metagenome	ftp.sra.ebi.ac.uk/vol1/fastq/ERR209/ERR209394/ERR209394_1.fastq.gz;ftp.sra.ebi.ac.uk/vol1/fastq/ERR209/ERR209394/ERR209394_2.fastq.gz	ftp.sra.ebi.ac.uk/vol1/run/ERR209/ERR209394/MH0123_20091023.rmhost.pair.1.fq.gz;ftp.sra.ebi.ac.uk/vol1/run/ERR209/ERR209394/MH0123_20091023.rmhost.pair.2.fq.gz	
ERR209396	PRJEB1220	SAMEA2042553	ERX184061	408170	human gut metagenome	ftp.sra.ebi.ac.uk/vol1/fastq/ERR209/ERR209396/ERR209396_1.fastq.gz;ftp.sra.ebi.ac.uk/vol1/fastq/ERR209/ERR209396/ERR209396_2.fastq.gz	ftp.sra.ebi.ac.uk/vol1/run/ERR209/ERR209396/MH0123_20100128L7.rmhost.pair.1.fq.gz;ftp.sra.ebi.ac.uk/vol1/run/ERR209/ERR209396/MH0123_20100128L7.rmhost.pair.2.fq.gz	
ERR209892	PRJEB1220	SAMEA2042661	ERX184557	408170	human gut metagenome	ftp.sra.ebi.ac.uk/vol1/fastq/ERR209/ERR209892/ERR209892_1.fastq.gz;ftp.sra.ebi.ac.uk/vol1/fastq/ERR209/ERR209892/ERR209892_2.fastq.gz	ftp.sra.ebi.ac.uk/vol1/run/ERR209/ERR209892/V1.UC57-0_100527.rmhost.pair.1.fq.gz;ftp.sra.ebi.ac.uk/vol1/run/ERR209/ERR209892/V1.UC57-0_100527.rmhost.pair.2.fq.gz	
ERR209398	PRJEB1220	SAMEA2042554	ERX184063	408170	human gut metagenome	ftp.sra.ebi.ac.uk/vol1/fastq/ERR209/ERR209398/ERR209398_1.fastq.gz;ftp.sra.ebi.ac.uk/vol1/fastq/ERR209/ERR209398/ERR209398_2.fastq.gz	ftp.sra.ebi.ac.uk/vol1/run/ERR209/ERR209398/MH0124_20091023.rmhost.pair.1.fq.gz;ftp.sra.ebi.ac.uk/vol1/run/ERR209/ERR209398/MH0124_20091023.rmhost.pair.2.fq.gz	
ERR209895	PRJEB1220	SAMEA2042662	ERX184560	408170	human gut metagenome	ftp.sra.ebi.ac.uk/vol1/fastq/ERR209/ERR209895/ERR209895_1.fastq.gz;ftp.sra.ebi.ac.uk/vol1/fastq/ERR209/ERR209895/ERR209895_2.fastq.gz	ftp.sra.ebi.ac.uk/vol1/run/ERR209/ERR209895/V1.UC6-0_090104.rmhost.pair.1.fq.gz;ftp.sra.ebi.ac.uk/vol1/run/ERR209/ERR209895/V1.UC6-0_090104.rmhost.pair.2.fq.gz	
ERR209401	PRJEB1220	SAMEA2042554	ERX184066	408170	human gut metagenome	ftp.sra.ebi.ac.uk/vol1/fastq/ERR209/ERR209401/ERR209401_1.fastq.gz;ftp.sra.ebi.ac.uk/vol1/fastq/ERR209/ERR209401/ERR209401_2.fastq.gz	ftp.sra.ebi.ac.uk/vol1/run/ERR209/ERR209401/MH0124_20100129L3.rmhost.pair.1.fq.gz;ftp.sra.ebi.ac.uk/vol1/run/ERR209/ERR209401/MH0124_20100129L3.rmhost.pair.2.fq.gz	
ERR209402	PRJEB1220	SAMEA2042554	ERX184067	408170	human gut metagenome	ftp.sra.ebi.ac.uk/vol1/fastq/ERR209/ERR209402/ERR209402_1.fastq.gz;ftp.sra.ebi.ac.uk/vol1/fastq/ERR209/ERR209402/ERR209402_2.fastq.gz	ftp.sra.ebi.ac.uk/vol1/run/ERR209/ERR209402/MH0124_20100305L3.rmhost.pair.1.fq.gz;ftp.sra.ebi.ac.uk/vol1/run/ERR209/ERR209402/MH0124_20100305L3.rmhost.pair.2.fq.gz	
ERR209898	PRJEB1220	SAMEA1967055	ERX184563	408170	human gut metagenome	ftp.sra.ebi.ac.uk/vol1/fastq/ERR209/ERR209898/ERR209898_1.fastq.gz;ftp.sra.ebi.ac.uk/vol1/fastq/ERR209/ERR209898/ERR209898_2.fastq.gz	ftp.sra.ebi.ac.uk/vol1/run/ERR209/ERR209898/V1.UC61-0_100527.rmhost.pair.1.fq.gz;ftp.sra.ebi.ac.uk/vol1/run/ERR209/ERR209898/V1.UC61-0_100527.rmhost.pair.2.fq.gz	
ERR209404	PRJEB1220	SAMEA2042555	ERX184069	408170	human gut metagenome	ftp.sra.ebi.ac.uk/vol1/fastq/ERR209/ERR209404/ERR209404_1.fastq.gz;ftp.sra.ebi.ac.uk/vol1/fastq/ERR209/ERR209404/ERR209404_2.fastq.gz	ftp.sra.ebi.ac.uk/vol1/run/ERR209/ERR209404/MH0125_20100124L8.rmhost.pair.1.fq.gz;ftp.sra.ebi.ac.uk/vol1/run/ERR209/ERR209404/MH0125_20100124L8.rmhost.pair.2.fq.gz	
ERR209899	PRJEB1220	SAMEA1972229	ERX184564	408170	human gut metagenome	ftp.sra.ebi.ac.uk/vol1/fastq/ERR209/ERR209899/ERR209899_1.fastq.gz;ftp.sra.ebi.ac.uk/vol1/fastq/ERR209/ERR209899/ERR209899_2.fastq.gz	ftp.sra.ebi.ac.uk/vol1/run/ERR209/ERR209899/V1.UC62-0_100518.rmhost.pair.1.fq.gz;ftp.sra.ebi.ac.uk/vol1/run/ERR209/ERR209899/V1.UC62-0_100518.rmhost.pair.2.fq.gz	
ERR209405	PRJEB1220	SAMEA2042555	ERX184070	408170	human gut metagenome	ftp.sra.ebi.ac.uk/vol1/fastq/ERR209/ERR209405/ERR209405_1.fastq.gz;ftp.sra.ebi.ac.uk/vol1/fastq/ERR209/ERR209405/ERR209405_2.fastq.gz	ftp.sra.ebi.ac.uk/vol1/run/ERR209/ERR209405/MH0125_20100128L7.rmhost.pair.1.fq.gz;ftp.sra.ebi.ac.uk/vol1/run/ERR209/ERR209405/MH0125_20100128L7.rmhost.pair.2.fq.gz	
ERR209411	PRJEB1220	SAMEA2042557	ERX184076	408170	human gut metagenome	ftp.sra.ebi.ac.uk/vol1/fastq/ERR209/ERR209411/ERR209411_1.fastq.gz;ftp.sra.ebi.ac.uk/vol1/fastq/ERR209/ERR209411/ERR209411_2.fastq.gz	ftp.sra.ebi.ac.uk/vol1/run/ERR209/ERR209411/MH0127_20091023.rmhost.pair.1.fq.gz;ftp.sra.ebi.ac.uk/vol1/run/ERR209/ERR209411/MH0127_20091023.rmhost.pair.2.fq.gz	
ERR209909	PRJEB1220	SAMEA2042281	ERX184574	408170	human gut metagenome	ftp.sra.ebi.ac.uk/vol1/fastq/ERR209/ERR209909/ERR209909.fastq.gz	ftp.sra.ebi.ac.uk/vol1/run/ERR209/ERR209909/MH0002_081203.rmhost.single.fq.gz	
ERR209412	PRJEB1220	SAMEA2042557	ERX184077	408170	human gut metagenome	ftp.sra.ebi.ac.uk/vol1/fastq/ERR209/ERR209412/ERR209412_1.fastq.gz;ftp.sra.ebi.ac.uk/vol1/fastq/ERR209/ERR209412/ERR209412_2.fastq.gz	ftp.sra.ebi.ac.uk/vol1/run/ERR209/ERR209412/MH0127_20100124L7.rmhost.pair.1.fq.gz;ftp.sra.ebi.ac.uk/vol1/run/ERR209/ERR209412/MH0127_20100124L7.rmhost.pair.2.fq.gz	
ERR209911	PRJEB1220	SAMEA2042281	ERX184576	408170	human gut metagenome	ftp.sra.ebi.ac.uk/vol1/fastq/ERR209/ERR209911/ERR209911.fastq.gz	ftp.sra.ebi.ac.uk/vol1/run/ERR209/ERR209911/MH0002_090117.rmhost.single.fq.gz	
ERR209912	PRJEB1220	SAMEA2042282	ERX184577	408170	human gut metagenome	ftp.sra.ebi.ac.uk/vol1/fastq/ERR209/ERR209912/ERR209912.fastq.gz	ftp.sra.ebi.ac.uk/vol1/run/ERR209/ERR209912/MH0003_081203.rmhost.single.fq.gz	
ERR209916	PRJEB1220	SAMEA2042283	ERX184581	408170	human gut metagenome	ftp.sra.ebi.ac.uk/vol1/fastq/ERR209/ERR209916/ERR209916.fastq.gz	ftp.sra.ebi.ac.uk/vol1/run/ERR209/ERR209916/MH0004_081123.rmhost.single.fq.gz	
ERR209918	PRJEB1220	SAMEA2042284	ERX184583	408170	human gut metagenome	ftp.sra.ebi.ac.uk/vol1/fastq/ERR209/ERR209918/ERR209918.fastq.gz	ftp.sra.ebi.ac.uk/vol1/run/ERR209/ERR209918/MH0005_081120.rmhost.single.fq.gz	
ERR209922	PRJEB1220	SAMEA2042285	ERX184587	408170	human gut metagenome	ftp.sra.ebi.ac.uk/vol1/fastq/ERR209/ERR209922/ERR209922.fastq.gz	ftp.sra.ebi.ac.uk/vol1/run/ERR209/ERR209922/MH0006_lane6.rmhost.single.fq.gz	
ERR209413	PRJEB1220	SAMEA2042557	ERX184078	408170	human gut metagenome	ftp.sra.ebi.ac.uk/vol1/fastq/ERR209/ERR209413/ERR209413_1.fastq.gz;ftp.sra.ebi.ac.uk/vol1/fastq/ERR209/ERR209413/ERR209413_2.fastq.gz	ftp.sra.ebi.ac.uk/vol1/run/ERR209/ERR209413/MH0127_20100125L4.rmhost.pair.1.fq.gz;ftp.sra.ebi.ac.uk/vol1/run/ERR209/ERR209413/MH0127_20100125L4.rmhost.pair.2.fq.gz	
ERR209416	PRJEB1220	SAMEA2042558	ERX184081	408170	human gut metagenome	ftp.sra.ebi.ac.uk/vol1/fastq/ERR209/ERR209416/ERR209416_1.fastq.gz;ftp.sra.ebi.ac.uk/vol1/fastq/ERR209/ERR209416/ERR209416_2.fastq.gz	ftp.sra.ebi.ac.uk/vol1/run/ERR209/ERR209416/MH0128_20100124L8.rmhost.pair.1.fq.gz;ftp.sra.ebi.ac.uk/vol1/run/ERR209/ERR209416/MH0128_20100124L8.rmhost.pair.2.fq.gz	
ERR209923	PRJEB1220	SAMEA2042285	ERX184588	408170	human gut metagenome	ftp.sra.ebi.ac.uk/vol1/fastq/ERR209/ERR209923/ERR209923.fastq.gz	ftp.sra.ebi.ac.uk/vol1/run/ERR209/ERR209923/MH0006_lane7.rmhost.single.fq.gz	
ERR209925	PRJEB1220	SAMEA2042286	ERX184590	408170	human gut metagenome	ftp.sra.ebi.ac.uk/vol1/fastq/ERR209/ERR209925/ERR209925.fastq.gz	ftp.sra.ebi.ac.uk/vol1/run/ERR209/ERR209925/MH0007_081109.rmhost.single.fq.gz	
ERR209418	PRJEB1220	SAMEA2042558	ERX184083	408170	human gut metagenome	ftp.sra.ebi.ac.uk/vol1/fastq/ERR209/ERR209418/ERR209418_1.fastq.gz;ftp.sra.ebi.ac.uk/vol1/fastq/ERR209/ERR209418/ERR209418_2.fastq.gz	ftp.sra.ebi.ac.uk/vol1/run/ERR209/ERR209418/MH0128_20100128L8.rmhost.pair.1.fq.gz;ftp.sra.ebi.ac.uk/vol1/run/ERR209/ERR209418/MH0128_20100128L8.rmhost.pair.2.fq.gz	
ERR209931	PRJEB1220	SAMEA2042360	ERX184596	408170	human gut metagenome	ftp.sra.ebi.ac.uk/vol1/fastq/ERR209/ERR209931/ERR209931.fastq.gz	ftp.sra.ebi.ac.uk/vol1/run/ERR209/ERR209931/MH0009_090109.rmhost.single.fq.gz	
ERR209933	PRJEB1220	SAMEA2042361	ERX184598	408170	human gut metagenome	ftp.sra.ebi.ac.uk/vol1/fastq/ERR209/ERR209933/ERR209933.fastq.gz	ftp.sra.ebi.ac.uk/vol1/run/ERR209/ERR209933/MH0010_081120.rmhost.single.fq.gz	
ERR209422	PRJEB1220	SAMEA2042559	ERX184087	408170	human gut metagenome	ftp.sra.ebi.ac.uk/vol1/fastq/ERR209/ERR209422/ERR209422_1.fastq.gz;ftp.sra.ebi.ac.uk/vol1/fastq/ERR209/ERR209422/ERR209422_2.fastq.gz	ftp.sra.ebi.ac.uk/vol1/run/ERR209/ERR209422/MH0129_20100125L5.rmhost.pair.1.fq.gz;ftp.sra.ebi.ac.uk/vol1/run/ERR209/ERR209422/MH0129_20100125L5.rmhost.pair.2.fq.gz	
ERR209934	PRJEB1220	SAMEA2042362	ERX184599	408170	human gut metagenome	ftp.sra.ebi.ac.uk/vol1/fastq/ERR209/ERR209934/ERR209934.fastq.gz	ftp.sra.ebi.ac.uk/vol1/run/ERR209/ERR209934/MH0011_081203.rmhost.single.fq.gz	
ERR209948	PRJEB1220	SAMEA2042365	ERX184613	408170	human gut metagenome	ftp.sra.ebi.ac.uk/vol1/fastq/ERR209/ERR209948/ERR209948.fastq.gz	ftp.sra.ebi.ac.uk/vol1/run/ERR209/ERR209948/MH0014_090120.rmhost.single.fq.gz	
ERR209423	PRJEB1220	SAMEA2042560	ERX184088	408170	human gut metagenome	ftp.sra.ebi.ac.uk/vol1/fastq/ERR209/ERR209423/ERR209423_1.fastq.gz;ftp.sra.ebi.ac.uk/vol1/fastq/ERR209/ERR209423/ERR209423_2.fastq.gz	ftp.sra.ebi.ac.uk/vol1/run/ERR209/ERR209423/MH0130_20091028.rmhost.pair.1.fq.gz;ftp.sra.ebi.ac.uk/vol1/run/ERR209/ERR209423/MH0130_20091028.rmhost.pair.2.fq.gz	
ERR209957	PRJEB1220	SAMEA2042369	ERX184622	408170	human gut metagenome	ftp.sra.ebi.ac.uk/vol1/fastq/ERR209/ERR209957/ERR209957.fastq.gz	ftp.sra.ebi.ac.uk/vol1/run/ERR209/ERR209957/MH0018_081119.rmhost.single.fq.gz	
ERR209429	PRJEB1220	SAMEA2042561	ERX184094	408170	human gut metagenome	ftp.sra.ebi.ac.uk/vol1/fastq/ERR209/ERR209429/ERR209429_1.fastq.gz;ftp.sra.ebi.ac.uk/vol1/fastq/ERR209/ERR209429/ERR209429_2.fastq.gz	ftp.sra.ebi.ac.uk/vol1/run/ERR209/ERR209429/MH0132_20100125L4.rmhost.pair.1.fq.gz;ftp.sra.ebi.ac.uk/vol1/run/ERR209/ERR209429/MH0132_20100125L4.rmhost.pair.2.fq.gz	
ERR209431	PRJEB1220	SAMEA2042562	ERX184096	408170	human gut metagenome	ftp.sra.ebi.ac.uk/vol1/fastq/ERR209/ERR209431/ERR209431_1.fastq.gz;ftp.sra.ebi.ac.uk/vol1/fastq/ERR209/ERR209431/ERR209431_2.fastq.gz	ftp.sra.ebi.ac.uk/vol1/run/ERR209/ERR209431/MH0133_20091028.rmhost.pair.1.fq.gz;ftp.sra.ebi.ac.uk/vol1/run/ERR209/ERR209431/MH0133_20091028.rmhost.pair.2.fq.gz	
ERR209958	PRJEB1220	SAMEA2042371	ERX184623	408170	human gut metagenome	ftp.sra.ebi.ac.uk/vol1/fastq/ERR209/ERR209958/ERR209958.fastq.gz	ftp.sra.ebi.ac.uk/vol1/run/ERR209/ERR209958/MH0019_081108.rmhost.single.fq.gz	
ERR209438	PRJEB1220	SAMEA2042563	ERX184103	408170	human gut metagenome	ftp.sra.ebi.ac.uk/vol1/fastq/ERR209/ERR209438/ERR209438_1.fastq.gz;ftp.sra.ebi.ac.uk/vol1/fastq/ERR209/ERR209438/ERR209438_2.fastq.gz	ftp.sra.ebi.ac.uk/vol1/run/ERR209/ERR209438/MH0134_20100125L3.rmhost.pair.1.fq.gz;ftp.sra.ebi.ac.uk/vol1/run/ERR209/ERR209438/MH0134_20100125L3.rmhost.pair.2.fq.gz	
ERR209443	PRJEB1220	SAMEA2042566	ERX184108	408170	human gut metagenome	ftp.sra.ebi.ac.uk/vol1/fastq/ERR209/ERR209443/ERR209443_1.fastq.gz;ftp.sra.ebi.ac.uk/vol1/fastq/ERR209/ERR209443/ERR209443_2.fastq.gz	ftp.sra.ebi.ac.uk/vol1/run/ERR209/ERR209443/MH0136_20091028.rmhost.pair.1.fq.gz;ftp.sra.ebi.ac.uk/vol1/run/ERR209/ERR209443/MH0136_20091028.rmhost.pair.2.fq.gz	
ERR209961	PRJEB1220	SAMEA2042372	ERX184626	408170	human gut metagenome	ftp.sra.ebi.ac.uk/vol1/fastq/ERR209/ERR209961/ERR209961.fastq.gz	ftp.sra.ebi.ac.uk/vol1/run/ERR209/ERR209961/MH0020_090120.rmhost.single.fq.gz	
ERR209444	PRJEB1220	SAMEA2042566	ERX184109	408170	human gut metagenome	ftp.sra.ebi.ac.uk/vol1/fastq/ERR209/ERR209444/ERR209444_1.fastq.gz;ftp.sra.ebi.ac.uk/vol1/fastq/ERR209/ERR209444/ERR209444_2.fastq.gz	ftp.sra.ebi.ac.uk/vol1/run/ERR209/ERR209444/MH0136_20100128L6.rmhost.pair.1.fq.gz;ftp.sra.ebi.ac.uk/vol1/run/ERR209/ERR209444/MH0136_20100128L6.rmhost.pair.2.fq.gz	
ERR209973	PRJEB1220	SAMEA2042088	ERX184638	408170	human gut metagenome	ftp.sra.ebi.ac.uk/vol1/fastq/ERR209/ERR209973/ERR209973.fastq.gz	ftp.sra.ebi.ac.uk/vol1/run/ERR209/ERR209973/MH0026_090117.rmhost.single.fq.gz	
ERR209975	PRJEB1220	SAMEA2042089	ERX184640	408170	human gut metagenome	ftp.sra.ebi.ac.uk/vol1/fastq/ERR209/ERR209975/ERR209975.fastq.gz	ftp.sra.ebi.ac.uk/vol1/run/ERR209/ERR209975/MH0027_081119.rmhost.single.fq.gz	
ERR209446	PRJEB1220	SAMEA2042566	ERX184111	408170	human gut metagenome	ftp.sra.ebi.ac.uk/vol1/fastq/ERR209/ERR209446/ERR209446_1.fastq.gz;ftp.sra.ebi.ac.uk/vol1/fastq/ERR209/ERR209446/ERR209446_2.fastq.gz	ftp.sra.ebi.ac.uk/vol1/run/ERR209/ERR209446/MH0136_20100129L3.rmhost.pair.1.fq.gz;ftp.sra.ebi.ac.uk/vol1/run/ERR209/ERR209446/MH0136_20100129L3.rmhost.pair.2.fq.gz	
ERR209451	PRJEB1220	SAMEA2042568	ERX184116	408170	human gut metagenome	ftp.sra.ebi.ac.uk/vol1/fastq/ERR209/ERR209451/ERR209451_1.fastq.gz;ftp.sra.ebi.ac.uk/vol1/fastq/ERR209/ERR209451/ERR209451_2.fastq.gz	ftp.sra.ebi.ac.uk/vol1/run/ERR209/ERR209451/MH0138_20091103.rmhost.pair.1.fq.gz;ftp.sra.ebi.ac.uk/vol1/run/ERR209/ERR209451/MH0138_20091103.rmhost.pair.2.fq.gz	
ERR209982	PRJEB1220	SAMEA2042092	ERX184647	408170	human gut metagenome	ftp.sra.ebi.ac.uk/vol1/fastq/ERR209/ERR209982/ERR209982.fastq.gz	ftp.sra.ebi.ac.uk/vol1/run/ERR209/ERR209982/MH0032_081224.rmhost.single.fq.gz	
ERR209456	PRJEB1220	SAMEA2042605	ERX184121	408170	human gut metagenome	ftp.sra.ebi.ac.uk/vol1/fastq/ERR209/ERR209456/ERR209456_1.fastq.gz;ftp.sra.ebi.ac.uk/vol1/fastq/ERR209/ERR209456/ERR209456_2.fastq.gz	ftp.sra.ebi.ac.uk/vol1/run/ERR209/ERR209456/MH0143_20091115.rmhost.pair.1.fq.gz;ftp.sra.ebi.ac.uk/vol1/run/ERR209/ERR209456/MH0143_20091115.rmhost.pair.2.fq.gz	
ERR209985	PRJEB1220	SAMEA2042093	ERX184650	408170	human gut metagenome	ftp.sra.ebi.ac.uk/vol1/fastq/ERR209/ERR209985/ERR209985.fastq.gz	ftp.sra.ebi.ac.uk/vol1/run/ERR209/ERR209985/MH0033_090122.rmhost.single.fq.gz	
ERR209989	PRJEB1220	SAMEA2042096	ERX184654	408170	human gut metagenome	ftp.sra.ebi.ac.uk/vol1/fastq/ERR209/ERR209989/ERR209989.fastq.gz	ftp.sra.ebi.ac.uk/vol1/run/ERR209/ERR209989/MH0035_090122.rmhost.single.fq.gz	
ERR209460	PRJEB1220	SAMEA2042608	ERX184125	408170	human gut metagenome	ftp.sra.ebi.ac.uk/vol1/fastq/ERR209/ERR209460/ERR209460_1.fastq.gz;ftp.sra.ebi.ac.uk/vol1/fastq/ERR209/ERR209460/ERR209460_2.fastq.gz	ftp.sra.ebi.ac.uk/vol1/run/ERR209/ERR209460/MH0146_20091116.rmhost.pair.1.fq.gz;ftp.sra.ebi.ac.uk/vol1/run/ERR209/ERR209460/MH0146_20091116.rmhost.pair.2.fq.gz	
ERR209990	PRJEB1220	SAMEA2042097	ERX184655	408170	human gut metagenome	ftp.sra.ebi.ac.uk/vol1/fastq/ERR209/ERR209990/ERR209990.fastq.gz	ftp.sra.ebi.ac.uk/vol1/run/ERR209/ERR209990/MH0036_081226.rmhost.single.fq.gz	
ERR209461	PRJEB1220	SAMEA2042609	ERX184126	408170	human gut metagenome	ftp.sra.ebi.ac.uk/vol1/fastq/ERR209/ERR209461/ERR209461_1.fastq.gz;ftp.sra.ebi.ac.uk/vol1/fastq/ERR209/ERR209461/ERR209461_2.fastq.gz	ftp.sra.ebi.ac.uk/vol1/run/ERR209/ERR209461/MH0147_20091116.rmhost.pair.1.fq.gz;ftp.sra.ebi.ac.uk/vol1/run/ERR209/ERR209461/MH0147_20091116.rmhost.pair.2.fq.gz	
ERR209991	PRJEB1220	SAMEA2042097	ERX184656	408170	human gut metagenome	ftp.sra.ebi.ac.uk/vol1/fastq/ERR209/ERR209991/ERR209991.fastq.gz	ftp.sra.ebi.ac.uk/vol1/run/ERR209/ERR209991/MH0036_090122.rmhost.single.fq.gz	
ERR209465	PRJEB1220	SAMEA2042611	ERX184130	408170	human gut metagenome	ftp.sra.ebi.ac.uk/vol1/fastq/ERR209/ERR209465/ERR209465_1.fastq.gz;ftp.sra.ebi.ac.uk/vol1/fastq/ERR209/ERR209465/ERR209465_2.fastq.gz	ftp.sra.ebi.ac.uk/vol1/run/ERR209/ERR209465/MH0148_20091116.rmhost.pair.1.fq.gz;ftp.sra.ebi.ac.uk/vol1/run/ERR209/ERR209465/MH0148_20091116.rmhost.pair.2.fq.gz	
ERR209993	PRJEB1220	SAMEA2042098	ERX184658	408170	human gut metagenome	ftp.sra.ebi.ac.uk/vol1/fastq/ERR209/ERR209993/ERR209993.fastq.gz	ftp.sra.ebi.ac.uk/vol1/run/ERR209/ERR209993/MH0037_090122.rmhost.single.fq.gz	
ERR209471	PRJEB1220	SAMEA2042613	ERX184136	408170	human gut metagenome	ftp.sra.ebi.ac.uk/vol1/fastq/ERR209/ERR209471/ERR209471_1.fastq.gz;ftp.sra.ebi.ac.uk/vol1/fastq/ERR209/ERR209471/ERR209471_2.fastq.gz	ftp.sra.ebi.ac.uk/vol1/run/ERR209/ERR209471/MH0152_20091105.rmhost.pair.1.fq.gz;ftp.sra.ebi.ac.uk/vol1/run/ERR209/ERR209471/MH0152_20091105.rmhost.pair.2.fq.gz	
ERR209472	PRJEB1220	SAMEA2042614	ERX184137	408170	human gut metagenome	ftp.sra.ebi.ac.uk/vol1/fastq/ERR209/ERR209472/ERR209472_1.fastq.gz;ftp.sra.ebi.ac.uk/vol1/fastq/ERR209/ERR209472/ERR209472_2.fastq.gz	ftp.sra.ebi.ac.uk/vol1/run/ERR209/ERR209472/MH0153_20091105.rmhost.pair.1.fq.gz;ftp.sra.ebi.ac.uk/vol1/run/ERR209/ERR209472/MH0153_20091105.rmhost.pair.2.fq.gz	
ERR210002	PRJEB1220	SAMEA2042193	ERX184667	408170	human gut metagenome	ftp.sra.ebi.ac.uk/vol1/fastq/ERR210/ERR210002/ERR210002.fastq.gz	ftp.sra.ebi.ac.uk/vol1/run/ERR210/ERR210002/MH0042_081226.rmhost.single.fq.gz	
ERR209477	PRJEB1220	SAMEA1965767	ERX184142	408170	human gut metagenome	ftp.sra.ebi.ac.uk/vol1/fastq/ERR209/ERR209477/ERR209477_1.fastq.gz;ftp.sra.ebi.ac.uk/vol1/fastq/ERR209/ERR209477/ERR209477_2.fastq.gz	ftp.sra.ebi.ac.uk/vol1/run/ERR209/ERR209477/MH0158_20091111.rmhost.pair.1.fq.gz;ftp.sra.ebi.ac.uk/vol1/run/ERR209/ERR209477/MH0158_20091111.rmhost.pair.2.fq.gz	
ERR210003	PRJEB1220	SAMEA2042193	ERX184668	408170	human gut metagenome	ftp.sra.ebi.ac.uk/vol1/fastq/ERR210/ERR210003/ERR210003.fastq.gz	ftp.sra.ebi.ac.uk/vol1/run/ERR210/ERR210003/MH0042_090125.rmhost.single.fq.gz	
ERR209482	PRJEB1220	SAMEA2042647	ERX184147	408170	human gut metagenome	ftp.sra.ebi.ac.uk/vol1/fastq/ERR209/ERR209482/ERR209482_1.fastq.gz;ftp.sra.ebi.ac.uk/vol1/fastq/ERR209/ERR209482/ERR209482_2.fastq.gz	ftp.sra.ebi.ac.uk/vol1/run/ERR209/ERR209482/MH0163_20100124L5.rmhost.pair.1.fq.gz;ftp.sra.ebi.ac.uk/vol1/run/ERR209/ERR209482/MH0163_20100124L5.rmhost.pair.2.fq.gz	
ERR210004	PRJEB1220	SAMEA2042194	ERX184669	408170	human gut metagenome	ftp.sra.ebi.ac.uk/vol1/fastq/ERR210/ERR210004/ERR210004.fastq.gz	ftp.sra.ebi.ac.uk/vol1/run/ERR210/ERR210004/MH0043_081214.rmhost.single.fq.gz	
ERR210005	PRJEB1220	SAMEA2042194	ERX184670	408170	human gut metagenome	ftp.sra.ebi.ac.uk/vol1/fastq/ERR210/ERR210005/ERR210005.fastq.gz	ftp.sra.ebi.ac.uk/vol1/run/ERR210/ERR210005/MH0043_090125.rmhost.single.fq.gz	
ERR209483	PRJEB1220	SAMEA2042648	ERX184148	408170	human gut metagenome	ftp.sra.ebi.ac.uk/vol1/fastq/ERR209/ERR209483/ERR209483_1.fastq.gz;ftp.sra.ebi.ac.uk/vol1/fastq/ERR209/ERR209483/ERR209483_2.fastq.gz	ftp.sra.ebi.ac.uk/vol1/run/ERR209/ERR209483/MH0164_20091103.rmhost.pair.1.fq.gz;ftp.sra.ebi.ac.uk/vol1/run/ERR209/ERR209483/MH0164_20091103.rmhost.pair.2.fq.gz	
ERR210007	PRJEB1220	SAMEA2042195	ERX184672	408170	human gut metagenome	ftp.sra.ebi.ac.uk/vol1/fastq/ERR210/ERR210007/ERR210007.fastq.gz	ftp.sra.ebi.ac.uk/vol1/run/ERR210/ERR210007/MH0044_090125.rmhost.single.fq.gz	
ERR209485	PRJEB1220	SAMEA2042649	ERX184150	408170	human gut metagenome	ftp.sra.ebi.ac.uk/vol1/fastq/ERR209/ERR209485/ERR209485_1.fastq.gz;ftp.sra.ebi.ac.uk/vol1/fastq/ERR209/ERR209485/ERR209485_2.fastq.gz	ftp.sra.ebi.ac.uk/vol1/run/ERR209/ERR209485/MH0165_20100124L6.rmhost.pair.1.fq.gz;ftp.sra.ebi.ac.uk/vol1/run/ERR209/ERR209485/MH0165_20100124L6.rmhost.pair.2.fq.gz	
ERR209487	PRJEB1220	SAMEA2042649	ERX184152	408170	human gut metagenome	ftp.sra.ebi.ac.uk/vol1/fastq/ERR209/ERR209487/ERR209487_1.fastq.gz;ftp.sra.ebi.ac.uk/vol1/fastq/ERR209/ERR209487/ERR209487_2.fastq.gz	ftp.sra.ebi.ac.uk/vol1/run/ERR209/ERR209487/MH0165_20100125L3.rmhost.pair.1.fq.gz;ftp.sra.ebi.ac.uk/vol1/run/ERR209/ERR209487/MH0165_20100125L3.rmhost.pair.2.fq.gz	
ERR210008	PRJEB1220	SAMEA2042196	ERX184673	408170	human gut metagenome	ftp.sra.ebi.ac.uk/vol1/fastq/ERR210/ERR210008/ERR210008.fastq.gz	ftp.sra.ebi.ac.uk/vol1/run/ERR210/ERR210008/MH0045_081223.rmhost.single.fq.gz	
ERR209490	PRJEB1220	SAMEA2042650	ERX184155	408170	human gut metagenome	ftp.sra.ebi.ac.uk/vol1/fastq/ERR209/ERR209490/ERR209490_1.fastq.gz;ftp.sra.ebi.ac.uk/vol1/fastq/ERR209/ERR209490/ERR209490_2.fastq.gz	ftp.sra.ebi.ac.uk/vol1/run/ERR209/ERR209490/MH0166_20100124L5.rmhost.pair.1.fq.gz;ftp.sra.ebi.ac.uk/vol1/run/ERR209/ERR209490/MH0166_20100124L5.rmhost.pair.2.fq.gz	
ERR209491	PRJEB1220	SAMEA2042650	ERX184156	408170	human gut metagenome	ftp.sra.ebi.ac.uk/vol1/fastq/ERR209/ERR209491/ERR209491_1.fastq.gz;ftp.sra.ebi.ac.uk/vol1/fastq/ERR209/ERR209491/ERR209491_2.fastq.gz	ftp.sra.ebi.ac.uk/vol1/run/ERR209/ERR209491/MH0166_20100305L3.rmhost.pair.1.fq.gz;ftp.sra.ebi.ac.uk/vol1/run/ERR209/ERR209491/MH0166_20100305L3.rmhost.pair.2.fq.gz	
ERR210015	PRJEB1220	SAMEA2042199	ERX184680	408170	human gut metagenome	ftp.sra.ebi.ac.uk/vol1/fastq/ERR210/ERR210015/ERR210015.fastq.gz	ftp.sra.ebi.ac.uk/vol1/run/ERR210/ERR210015/MH0048_090201.rmhost.single.fq.gz	
ERR210017	PRJEB1220	SAMEA2042200	ERX184682	408170	human gut metagenome	ftp.sra.ebi.ac.uk/vol1/fastq/ERR210/ERR210017/ERR210017.fastq.gz	ftp.sra.ebi.ac.uk/vol1/run/ERR210/ERR210017/MH0049_090201.rmhost.single.fq.gz	
ERR209496	PRJEB1220	SAMEA2042653	ERX184161	408170	human gut metagenome	ftp.sra.ebi.ac.uk/vol1/fastq/ERR209/ERR209496/ERR209496_1.fastq.gz;ftp.sra.ebi.ac.uk/vol1/fastq/ERR209/ERR209496/ERR209496_2.fastq.gz	ftp.sra.ebi.ac.uk/vol1/run/ERR209/ERR209496/MH0168_20091031.rmhost.pair.1.fq.gz;ftp.sra.ebi.ac.uk/vol1/run/ERR209/ERR209496/MH0168_20091031.rmhost.pair.2.fq.gz	
ERR210019	PRJEB1220	SAMEA2042201	ERX184684	408170	human gut metagenome	ftp.sra.ebi.ac.uk/vol1/fastq/ERR210/ERR210019/ERR210019.fastq.gz	ftp.sra.ebi.ac.uk/vol1/run/ERR210/ERR210019/MH0050_090201.rmhost.single.fq.gz	
ERR210022	PRJEB1220	SAMEA2042203	ERX184687	408170	human gut metagenome	ftp.sra.ebi.ac.uk/vol1/fastq/ERR210/ERR210022/ERR210022.fastq.gz	ftp.sra.ebi.ac.uk/vol1/run/ERR210/ERR210022/MH0052_090103.rmhost.single.fq.gz	
ERR209497	PRJEB1220	SAMEA2042653	ERX184162	408170	human gut metagenome	ftp.sra.ebi.ac.uk/vol1/fastq/ERR209/ERR209497/ERR209497_1.fastq.gz;ftp.sra.ebi.ac.uk/vol1/fastq/ERR209/ERR209497/ERR209497_2.fastq.gz	ftp.sra.ebi.ac.uk/vol1/run/ERR209/ERR209497/MH0168_20100124L6.rmhost.pair.1.fq.gz;ftp.sra.ebi.ac.uk/vol1/run/ERR209/ERR209497/MH0168_20100124L6.rmhost.pair.2.fq.gz	
ERR210025	PRJEB1220	SAMEA2042204	ERX184690	408170	human gut metagenome	ftp.sra.ebi.ac.uk/vol1/fastq/ERR210/ERR210025/ERR210025.fastq.gz	ftp.sra.ebi.ac.uk/vol1/run/ERR210/ERR210025/MH0053_090125.rmhost.single.fq.gz	
ERR209498	PRJEB1220	SAMEA2042653	ERX184163	408170	human gut metagenome	ftp.sra.ebi.ac.uk/vol1/fastq/ERR209/ERR209498/ERR209498_1.fastq.gz;ftp.sra.ebi.ac.uk/vol1/fastq/ERR209/ERR209498/ERR209498_2.fastq.gz	ftp.sra.ebi.ac.uk/vol1/run/ERR209/ERR209498/MH0168_20100125L2.rmhost.pair.1.fq.gz;ftp.sra.ebi.ac.uk/vol1/run/ERR209/ERR209498/MH0168_20100125L2.rmhost.pair.2.fq.gz	
ERR210026	PRJEB1220	SAMEA2042205	ERX184691	408170	human gut metagenome	ftp.sra.ebi.ac.uk/vol1/fastq/ERR210/ERR210026/ERR210026.fastq.gz	ftp.sra.ebi.ac.uk/vol1/run/ERR210/ERR210026/MH0054_081222.rmhost.single.fq.gz	
ERR209503	PRJEB1220	SAMEA2042655	ERX184168	408170	human gut metagenome	ftp.sra.ebi.ac.uk/vol1/fastq/ERR209/ERR209503/ERR209503_1.fastq.gz;ftp.sra.ebi.ac.uk/vol1/fastq/ERR209/ERR209503/ERR209503_2.fastq.gz	ftp.sra.ebi.ac.uk/vol1/run/ERR209/ERR209503/MH0170_20100124L6.rmhost.pair.1.fq.gz;ftp.sra.ebi.ac.uk/vol1/run/ERR209/ERR209503/MH0170_20100124L6.rmhost.pair.2.fq.gz	
ERR210027	PRJEB1220	SAMEA2042205	ERX184692	408170	human gut metagenome	ftp.sra.ebi.ac.uk/vol1/fastq/ERR210/ERR210027/ERR210027.fastq.gz	ftp.sra.ebi.ac.uk/vol1/run/ERR210/ERR210027/MH0054_090125.rmhost.single.fq.gz	
ERR209509	PRJEB1220	SAMEA2042729	ERX184174	408170	human gut metagenome	ftp.sra.ebi.ac.uk/vol1/fastq/ERR209/ERR209509/ERR209509_1.fastq.gz;ftp.sra.ebi.ac.uk/vol1/fastq/ERR209/ERR209509/ERR209509_2.fastq.gz	ftp.sra.ebi.ac.uk/vol1/run/ERR209/ERR209509/MH0175_20091110.rmhost.pair.1.fq.gz;ftp.sra.ebi.ac.uk/vol1/run/ERR209/ERR209509/MH0175_20091110.rmhost.pair.2.fq.gz	
ERR209510	PRJEB1220	SAMEA2042730	ERX184175	408170	human gut metagenome	ftp.sra.ebi.ac.uk/vol1/fastq/ERR209/ERR209510/ERR209510_1.fastq.gz;ftp.sra.ebi.ac.uk/vol1/fastq/ERR209/ERR209510/ERR209510_2.fastq.gz	ftp.sra.ebi.ac.uk/vol1/run/ERR209/ERR209510/MH0177_20091031.rmhost.pair.1.fq.gz;ftp.sra.ebi.ac.uk/vol1/run/ERR209/ERR209510/MH0177_20091031.rmhost.pair.2.fq.gz	
ERR210031	PRJEB1220	SAMEA2042287	ERX184696	408170	human gut metagenome	ftp.sra.ebi.ac.uk/vol1/fastq/ERR210/ERR210031/ERR210031.fastq.gz	ftp.sra.ebi.ac.uk/vol1/run/ERR210/ERR210031/MH0056_090125.rmhost.single.fq.gz	
ERR209512	PRJEB1220	SAMEA2042730	ERX184177	408170	human gut metagenome	ftp.sra.ebi.ac.uk/vol1/fastq/ERR209/ERR209512/ERR209512_1.fastq.gz;ftp.sra.ebi.ac.uk/vol1/fastq/ERR209/ERR209512/ERR209512_2.fastq.gz	ftp.sra.ebi.ac.uk/vol1/run/ERR209/ERR209512/MH0177_20100125L2.rmhost.pair.1.fq.gz;ftp.sra.ebi.ac.uk/vol1/run/ERR209/ERR209512/MH0177_20100125L2.rmhost.pair.2.fq.gz	
ERR210035	PRJEB1220	SAMEA2042289	ERX184700	408170	human gut metagenome	ftp.sra.ebi.ac.uk/vol1/fastq/ERR210/ERR210035/ERR210035.fastq.gz	ftp.sra.ebi.ac.uk/vol1/run/ERR210/ERR210035/MH0058_090125.rmhost.single.fq.gz	
ERR210036	PRJEB1220	SAMEA2042290	ERX184701	408170	human gut metagenome	ftp.sra.ebi.ac.uk/vol1/fastq/ERR210/ERR210036/ERR210036.fastq.gz	ftp.sra.ebi.ac.uk/vol1/run/ERR210/ERR210036/MH0059_081230.rmhost.single.fq.gz	
ERR209514	PRJEB1220	SAMEA2042731	ERX184179	408170	human gut metagenome	ftp.sra.ebi.ac.uk/vol1/fastq/ERR209/ERR209514/ERR209514_1.fastq.gz;ftp.sra.ebi.ac.uk/vol1/fastq/ERR209/ERR209514/ERR209514_2.fastq.gz	ftp.sra.ebi.ac.uk/vol1/run/ERR209/ERR209514/MH0178_20091110.rmhost.pair.1.fq.gz;ftp.sra.ebi.ac.uk/vol1/run/ERR209/ERR209514/MH0178_20091110.rmhost.pair.2.fq.gz	
ERR209520	PRJEB1220	SAMEA2042737	ERX184185	408170	human gut metagenome	ftp.sra.ebi.ac.uk/vol1/fastq/ERR209/ERR209520/ERR209520_1.fastq.gz;ftp.sra.ebi.ac.uk/vol1/fastq/ERR209/ERR209520/ERR209520_2.fastq.gz	ftp.sra.ebi.ac.uk/vol1/run/ERR209/ERR209520/MH0183_20100124L6.rmhost.pair.1.fq.gz;ftp.sra.ebi.ac.uk/vol1/run/ERR209/ERR209520/MH0183_20100124L6.rmhost.pair.2.fq.gz	
ERR210037	PRJEB1220	SAMEA2042290	ERX184702	408170	human gut metagenome	ftp.sra.ebi.ac.uk/vol1/fastq/ERR210/ERR210037/ERR210037.fastq.gz	ftp.sra.ebi.ac.uk/vol1/run/ERR210/ERR210037/MH0059_090105.rmhost.single.fq.gz	
ERR210038	PRJEB1220	SAMEA2042292	ERX184703	408170	human gut metagenome	ftp.sra.ebi.ac.uk/vol1/fastq/ERR210/ERR210038/ERR210038.fastq.gz	ftp.sra.ebi.ac.uk/vol1/run/ERR210/ERR210038/MH0060_081222.rmhost.single.fq.gz	
ERR209522	PRJEB1220	SAMEA2042737	ERX184187	408170	human gut metagenome	ftp.sra.ebi.ac.uk/vol1/fastq/ERR209/ERR209522/ERR209522_1.fastq.gz;ftp.sra.ebi.ac.uk/vol1/fastq/ERR209/ERR209522/ERR209522_2.fastq.gz	ftp.sra.ebi.ac.uk/vol1/run/ERR209/ERR209522/MH0183_20100125L3.rmhost.pair.1.fq.gz;ftp.sra.ebi.ac.uk/vol1/run/ERR209/ERR209522/MH0183_20100125L3.rmhost.pair.2.fq.gz	
ERR210039	PRJEB1220	SAMEA2042292	ERX184704	408170	human gut metagenome	ftp.sra.ebi.ac.uk/vol1/fastq/ERR210/ERR210039/ERR210039.fastq.gz	ftp.sra.ebi.ac.uk/vol1/run/ERR210/ERR210039/MH0060_090125.rmhost.single.fq.gz	
ERR209523	PRJEB1220	SAMEA2042738	ERX184188	408170	human gut metagenome	ftp.sra.ebi.ac.uk/vol1/fastq/ERR209/ERR209523/ERR209523_1.fastq.gz;ftp.sra.ebi.ac.uk/vol1/fastq/ERR209/ERR209523/ERR209523_2.fastq.gz	ftp.sra.ebi.ac.uk/vol1/run/ERR209/ERR209523/MH0184_20091116.rmhost.pair.1.fq.gz;ftp.sra.ebi.ac.uk/vol1/run/ERR209/ERR209523/MH0184_20091116.rmhost.pair.2.fq.gz	
ERR210040	PRJEB1220	SAMEA2042293	ERX184705	408170	human gut metagenome	ftp.sra.ebi.ac.uk/vol1/fastq/ERR210/ERR210040/ERR210040.fastq.gz	ftp.sra.ebi.ac.uk/vol1/run/ERR210/ERR210040/MH0061_090103.rmhost.single.fq.gz	
ERR209526	PRJEB1220	SAMEA2042738	ERX184191	408170	human gut metagenome	ftp.sra.ebi.ac.uk/vol1/fastq/ERR209/ERR209526/ERR209526_1.fastq.gz;ftp.sra.ebi.ac.uk/vol1/fastq/ERR209/ERR209526/ERR209526_2.fastq.gz	ftp.sra.ebi.ac.uk/vol1/run/ERR209/ERR209526/MH0184_20100129L3.rmhost.pair.1.fq.gz;ftp.sra.ebi.ac.uk/vol1/run/ERR209/ERR209526/MH0184_20100129L3.rmhost.pair.2.fq.gz	
ERR209532	PRJEB1220	SAMEA2042743	ERX184197	408170	human gut metagenome	ftp.sra.ebi.ac.uk/vol1/fastq/ERR209/ERR209532/ERR209532_1.fastq.gz;ftp.sra.ebi.ac.uk/vol1/fastq/ERR209/ERR209532/ERR209532_2.fastq.gz	ftp.sra.ebi.ac.uk/vol1/run/ERR209/ERR209532/O2.UC11-0_090127.rmhost.pair.1.fq.gz;ftp.sra.ebi.ac.uk/vol1/run/ERR209/ERR209532/O2.UC11-0_090127.rmhost.pair.2.fq.gz	
ERR210041	PRJEB1220	SAMEA2042293	ERX184706	408170	human gut metagenome	ftp.sra.ebi.ac.uk/vol1/fastq/ERR210/ERR210041/ERR210041.fastq.gz	ftp.sra.ebi.ac.uk/vol1/run/ERR210/ERR210041/MH0061_090126.rmhost.single.fq.gz	
ERR209547	PRJEB1220	SAMEA2042835	ERX184212	408170	human gut metagenome	ftp.sra.ebi.ac.uk/vol1/fastq/ERR209/ERR209547/ERR209547_1.fastq.gz;ftp.sra.ebi.ac.uk/vol1/fastq/ERR209/ERR209547/ERR209547_2.fastq.gz	ftp.sra.ebi.ac.uk/vol1/run/ERR209/ERR209547/O2.UC17-0_090114.rmhost.pair.1.fq.gz;ftp.sra.ebi.ac.uk/vol1/run/ERR209/ERR209547/O2.UC17-0_090114.rmhost.pair.2.fq.gz	
ERR210043	PRJEB1220	SAMEA2042294	ERX184708	408170	human gut metagenome	ftp.sra.ebi.ac.uk/vol1/fastq/ERR210/ERR210043/ERR210043.fastq.gz	ftp.sra.ebi.ac.uk/vol1/run/ERR210/ERR210043/MH0062_090104.rmhost.single.fq.gz	
ERR209555	PRJEB1220	SAMEA2042837	ERX184220	408170	human gut metagenome	ftp.sra.ebi.ac.uk/vol1/fastq/ERR209/ERR209555/ERR209555_1.fastq.gz;ftp.sra.ebi.ac.uk/vol1/fastq/ERR209/ERR209555/ERR209555_2.fastq.gz	ftp.sra.ebi.ac.uk/vol1/run/ERR209/ERR209555/O2.UC19-0_090129.rmhost.pair.1.fq.gz;ftp.sra.ebi.ac.uk/vol1/run/ERR209/ERR209555/O2.UC19-0_090129.rmhost.pair.2.fq.gz	
ERR209557	PRJEB1220	SAMEA1972440	ERX184222	408170	human gut metagenome	ftp.sra.ebi.ac.uk/vol1/fastq/ERR209/ERR209557/ERR209557_1.fastq.gz;ftp.sra.ebi.ac.uk/vol1/fastq/ERR209/ERR209557/ERR209557_2.fastq.gz	ftp.sra.ebi.ac.uk/vol1/run/ERR209/ERR209557/O2.UC19-2_100423.rmhost.pair.1.fq.gz;ftp.sra.ebi.ac.uk/vol1/run/ERR209/ERR209557/O2.UC19-2_100423.rmhost.pair.2.fq.gz	
ERR210044	PRJEB1220	SAMEA2042295	ERX184709	408170	human gut metagenome	ftp.sra.ebi.ac.uk/vol1/fastq/ERR210/ERR210044/ERR210044.fastq.gz	ftp.sra.ebi.ac.uk/vol1/run/ERR210/ERR210044/MH0063_090103.rmhost.single.fq.gz	
ERR209563	PRJEB1220	SAMEA2042911	ERX184228	408170	human gut metagenome	ftp.sra.ebi.ac.uk/vol1/fastq/ERR209/ERR209563/ERR209563_1.fastq.gz;ftp.sra.ebi.ac.uk/vol1/fastq/ERR209/ERR209563/ERR209563_2.fastq.gz	ftp.sra.ebi.ac.uk/vol1/run/ERR209/ERR209563/O2.UC20-2_20091130.rmhost.pair.1.fq.gz;ftp.sra.ebi.ac.uk/vol1/run/ERR209/ERR209563/O2.UC20-2_20091130.rmhost.pair.2.fq.gz	
ERR209567	PRJEB1220	SAMEA2042914	ERX184232	408170	human gut metagenome	ftp.sra.ebi.ac.uk/vol1/fastq/ERR209/ERR209567/ERR209567_1.fastq.gz;ftp.sra.ebi.ac.uk/vol1/fastq/ERR209/ERR209567/ERR209567_2.fastq.gz	ftp.sra.ebi.ac.uk/vol1/run/ERR209/ERR209567/O2.UC22-0_090117.rmhost.pair.1.fq.gz;ftp.sra.ebi.ac.uk/vol1/run/ERR209/ERR209567/O2.UC22-0_090117.rmhost.pair.2.fq.gz	
ERR210052	PRJEB1220	SAMEA2042299	ERX184717	408170	human gut metagenome	ftp.sra.ebi.ac.uk/vol1/fastq/ERR210/ERR210052/ERR210052.fastq.gz	ftp.sra.ebi.ac.uk/vol1/run/ERR210/ERR210052/MH0067_090103.rmhost.single.fq.gz	
ERR209568	PRJEB1220	SAMEA2042914	ERX184233	408170	human gut metagenome	ftp.sra.ebi.ac.uk/vol1/fastq/ERR209/ERR209568/ERR209568_1.fastq.gz;ftp.sra.ebi.ac.uk/vol1/fastq/ERR209/ERR209568/ERR209568_2.fastq.gz	ftp.sra.ebi.ac.uk/vol1/run/ERR209/ERR209568/O2.UC22-0_090129.rmhost.pair.1.fq.gz;ftp.sra.ebi.ac.uk/vol1/run/ERR209/ERR209568/O2.UC22-0_090129.rmhost.pair.2.fq.gz	
ERR210054	PRJEB1220	SAMEA2042300	ERX184719	408170	human gut metagenome	ftp.sra.ebi.ac.uk/vol1/fastq/ERR210/ERR210054/ERR210054.fastq.gz	ftp.sra.ebi.ac.uk/vol1/run/ERR210/ERR210054/MH0068_081223.rmhost.single.fq.gz	
ERR209569	PRJEB1220	SAMEA2042841	ERX184234	408170	human gut metagenome	ftp.sra.ebi.ac.uk/vol1/fastq/ERR209/ERR209569/ERR209569_1.fastq.gz;ftp.sra.ebi.ac.uk/vol1/fastq/ERR209/ERR209569/ERR209569_2.fastq.gz	ftp.sra.ebi.ac.uk/vol1/run/ERR209/ERR209569/O2.UC2-2_20091125.rmhost.pair.1.fq.gz;ftp.sra.ebi.ac.uk/vol1/run/ERR209/ERR209569/O2.UC2-2_20091125.rmhost.pair.2.fq.gz	
ERR210056	PRJEB1220	SAMEA2042301	ERX184721	408170	human gut metagenome	ftp.sra.ebi.ac.uk/vol1/fastq/ERR210/ERR210056/ERR210056.fastq.gz	ftp.sra.ebi.ac.uk/vol1/run/ERR210/ERR210056/MH0069_081209.rmhost.single.fq.gz	
ERR209578	PRJEB1220	SAMEA2042918	ERX184243	408170	human gut metagenome	ftp.sra.ebi.ac.uk/vol1/fastq/ERR209/ERR209578/ERR209578_1.fastq.gz;ftp.sra.ebi.ac.uk/vol1/fastq/ERR209/ERR209578/ERR209578_2.fastq.gz	ftp.sra.ebi.ac.uk/vol1/run/ERR209/ERR209578/O2.UC24-2_20100106.rmhost.pair.1.fq.gz;ftp.sra.ebi.ac.uk/vol1/run/ERR209/ERR209578/O2.UC24-2_20100106.rmhost.pair.2.fq.gz	
ERR210058	PRJEB1220	SAMEA2042301	ERX184723	408170	human gut metagenome	ftp.sra.ebi.ac.uk/vol1/fastq/ERR210/ERR210058/ERR210058.fastq.gz	ftp.sra.ebi.ac.uk/vol1/run/ERR210/ERR210058/MH0069_090125.rmhost.single.fq.gz	
ERR209580	PRJEB1220	SAMEA2042920	ERX184245	408170	human gut metagenome	ftp.sra.ebi.ac.uk/vol1/fastq/ERR209/ERR209580/ERR209580_1.fastq.gz;ftp.sra.ebi.ac.uk/vol1/fastq/ERR209/ERR209580/ERR209580_2.fastq.gz	ftp.sra.ebi.ac.uk/vol1/run/ERR209/ERR209580/O2.UC26-2_20091130.rmhost.pair.1.fq.gz;ftp.sra.ebi.ac.uk/vol1/run/ERR209/ERR209580/O2.UC26-2_20091130.rmhost.pair.2.fq.gz	
ERR210059	PRJEB1220	SAMEA2042302	ERX184724	408170	human gut metagenome	ftp.sra.ebi.ac.uk/vol1/fastq/ERR210/ERR210059/ERR210059.fastq.gz	ftp.sra.ebi.ac.uk/vol1/run/ERR210/ERR210059/MH0070_090104.rmhost.single.fq.gz	
ERR210061	PRJEB1220	SAMEA2042303	ERX184726	408170	human gut metagenome	ftp.sra.ebi.ac.uk/vol1/fastq/ERR210/ERR210061/ERR210061.fastq.gz	ftp.sra.ebi.ac.uk/vol1/run/ERR210/ERR210061/MH0071_090104.rmhost.single.fq.gz	
ERR209585	PRJEB1220	SAMEA2042923	ERX184250	408170	human gut metagenome	ftp.sra.ebi.ac.uk/vol1/fastq/ERR209/ERR209585/ERR209585_1.fastq.gz;ftp.sra.ebi.ac.uk/vol1/fastq/ERR209/ERR209585/ERR209585_2.fastq.gz	ftp.sra.ebi.ac.uk/vol1/run/ERR209/ERR209585/O2.UC29-2_100423.rmhost.pair.1.fq.gz;ftp.sra.ebi.ac.uk/vol1/run/ERR209/ERR209585/O2.UC29-2_100423.rmhost.pair.2.fq.gz	
ERR210066	PRJEB1220	SAMEA2042378	ERX184731	408170	human gut metagenome	ftp.sra.ebi.ac.uk/vol1/fastq/ERR210/ERR210066/ERR210066.fastq.gz	ftp.sra.ebi.ac.uk/vol1/run/ERR210/ERR210066/MH0073_090125.rmhost.single.fq.gz	
ERR209586	PRJEB1220	SAMEA2042981	ERX184251	408170	human gut metagenome	ftp.sra.ebi.ac.uk/vol1/fastq/ERR209/ERR209586/ERR209586_1.fastq.gz;ftp.sra.ebi.ac.uk/vol1/fastq/ERR209/ERR209586/ERR209586_2.fastq.gz	ftp.sra.ebi.ac.uk/vol1/run/ERR209/ERR209586/O2.UC30-0_20100204.rmhost.pair.1.fq.gz;ftp.sra.ebi.ac.uk/vol1/run/ERR209/ERR209586/O2.UC30-0_20100204.rmhost.pair.2.fq.gz	
ERR210068	PRJEB1220	SAMEA2042379	ERX184733	408170	human gut metagenome	ftp.sra.ebi.ac.uk/vol1/fastq/ERR210/ERR210068/ERR210068.fastq.gz	ftp.sra.ebi.ac.uk/vol1/run/ERR210/ERR210068/MH0074_090125.rmhost.single.fq.gz	
ERR210069	PRJEB1220	SAMEA2042380	ERX184734	408170	human gut metagenome	ftp.sra.ebi.ac.uk/vol1/fastq/ERR210/ERR210069/ERR210069.fastq.gz	ftp.sra.ebi.ac.uk/vol1/run/ERR210/ERR210069/MH0075_090104.rmhost.single.fq.gz	
ERR209593	PRJEB1220	SAMEA2042983	ERX184258	408170	human gut metagenome	ftp.sra.ebi.ac.uk/vol1/fastq/ERR209/ERR209593/ERR209593_1.fastq.gz;ftp.sra.ebi.ac.uk/vol1/fastq/ERR209/ERR209593/ERR209593_2.fastq.gz	ftp.sra.ebi.ac.uk/vol1/run/ERR209/ERR209593/O2.UC31-0_20100112.rmhost.pair.1.fq.gz;ftp.sra.ebi.ac.uk/vol1/run/ERR209/ERR209593/O2.UC31-0_20100112.rmhost.pair.2.fq.gz	
ERR210074	PRJEB1220	SAMEA2042382	ERX184739	408170	human gut metagenome	ftp.sra.ebi.ac.uk/vol1/fastq/ERR210/ERR210074/ERR210074.fastq.gz	ftp.sra.ebi.ac.uk/vol1/run/ERR210/ERR210074/MH0077_090130.rmhost.single.fq.gz	
ERR210075	PRJEB1220	SAMEA2042383	ERX184740	408170	human gut metagenome	ftp.sra.ebi.ac.uk/vol1/fastq/ERR210/ERR210075/ERR210075.fastq.gz	ftp.sra.ebi.ac.uk/vol1/run/ERR210/ERR210075/MH0078_081222.rmhost.single.fq.gz	
ERR209597	PRJEB1220	SAMEA2042984	ERX184262	408170	human gut metagenome	ftp.sra.ebi.ac.uk/vol1/fastq/ERR209/ERR209597/ERR209597_1.fastq.gz;ftp.sra.ebi.ac.uk/vol1/fastq/ERR209/ERR209597/ERR209597_2.fastq.gz	ftp.sra.ebi.ac.uk/vol1/run/ERR209/ERR209597/O2.UC31-2_20100130.rmhost.pair.1.fq.gz;ftp.sra.ebi.ac.uk/vol1/run/ERR209/ERR209597/O2.UC31-2_20100130.rmhost.pair.2.fq.gz	
ERR210077	PRJEB1220	SAMEA2042384	ERX184742	408170	human gut metagenome	ftp.sra.ebi.ac.uk/vol1/fastq/ERR210/ERR210077/ERR210077.fastq.gz	ftp.sra.ebi.ac.uk/vol1/run/ERR210/ERR210077/MH0079_090104.rmhost.single.fq.gz	
ERR210078	PRJEB1220	SAMEA2042384	ERX184743	408170	human gut metagenome	ftp.sra.ebi.ac.uk/vol1/fastq/ERR210/ERR210078/ERR210078.fastq.gz	ftp.sra.ebi.ac.uk/vol1/run/ERR210/ERR210078/MH0079_090130.rmhost.single.fq.gz	
ERR209604	PRJEB1220	SAMEA2042988	ERX184269	408170	human gut metagenome	ftp.sra.ebi.ac.uk/vol1/fastq/ERR209/ERR209604/ERR209604_1.fastq.gz;ftp.sra.ebi.ac.uk/vol1/fastq/ERR209/ERR209604/ERR209604_2.fastq.gz	ftp.sra.ebi.ac.uk/vol1/run/ERR209/ERR209604/O2.UC34-2_20100113.rmhost.pair.1.fq.gz;ftp.sra.ebi.ac.uk/vol1/run/ERR209/ERR209604/O2.UC34-2_20100113.rmhost.pair.2.fq.gz	
ERR210079	PRJEB1220	SAMEA2042385	ERX184744	408170	human gut metagenome	ftp.sra.ebi.ac.uk/vol1/fastq/ERR210/ERR210079/ERR210079.fastq.gz	ftp.sra.ebi.ac.uk/vol1/run/ERR210/ERR210079/MH0080_090109.rmhost.single.fq.gz	
ERR209608	PRJEB1220	SAMEA2042992	ERX184273	408170	human gut metagenome	ftp.sra.ebi.ac.uk/vol1/fastq/ERR209/ERR209608/ERR209608_1.fastq.gz;ftp.sra.ebi.ac.uk/vol1/fastq/ERR209/ERR209608/ERR209608_2.fastq.gz	ftp.sra.ebi.ac.uk/vol1/run/ERR209/ERR209608/O2.UC37-0_20100106.rmhost.pair.1.fq.gz;ftp.sra.ebi.ac.uk/vol1/run/ERR209/ERR209608/O2.UC37-0_20100106.rmhost.pair.2.fq.gz	
ERR209609	PRJEB1220	SAMEA2042993	ERX184274	408170	human gut metagenome	ftp.sra.ebi.ac.uk/vol1/fastq/ERR209/ERR209609/ERR209609_1.fastq.gz;ftp.sra.ebi.ac.uk/vol1/fastq/ERR209/ERR209609/ERR209609_2.fastq.gz	ftp.sra.ebi.ac.uk/vol1/run/ERR209/ERR209609/O2.UC37-2_100403.rmhost.pair.1.fq.gz;ftp.sra.ebi.ac.uk/vol1/run/ERR209/ERR209609/O2.UC37-2_100403.rmhost.pair.2.fq.gz	
ERR210081	PRJEB1220	SAMEA2042386	ERX184746	408170	human gut metagenome	ftp.sra.ebi.ac.uk/vol1/fastq/ERR210/ERR210081/ERR210081.fastq.gz	ftp.sra.ebi.ac.uk/vol1/run/ERR210/ERR210081/MH0081_090105.rmhost.single.fq.gz	
ERR209610	PRJEB1220	SAMEA2042993	ERX184275	408170	human gut metagenome	ftp.sra.ebi.ac.uk/vol1/fastq/ERR209/ERR209610/ERR209610_1.fastq.gz;ftp.sra.ebi.ac.uk/vol1/fastq/ERR209/ERR209610/ERR209610_2.fastq.gz	ftp.sra.ebi.ac.uk/vol1/run/ERR209/ERR209610/O2.UC37-2_100423.rmhost.pair.1.fq.gz;ftp.sra.ebi.ac.uk/vol1/run/ERR209/ERR209610/O2.UC37-2_100423.rmhost.pair.2.fq.gz	
ERR209615	PRJEB1220	SAMEA2043040	ERX184280	408170	human gut metagenome	ftp.sra.ebi.ac.uk/vol1/fastq/ERR209/ERR209615/ERR209615_1.fastq.gz;ftp.sra.ebi.ac.uk/vol1/fastq/ERR209/ERR209615/ERR209615_2.fastq.gz	ftp.sra.ebi.ac.uk/vol1/run/ERR209/ERR209615/O2.UC4-0_090127.rmhost.pair.1.fq.gz;ftp.sra.ebi.ac.uk/vol1/run/ERR209/ERR209615/O2.UC4-0_090127.rmhost.pair.2.fq.gz	
ERR210082	PRJEB1220	SAMEA2042386	ERX184747	408170	human gut metagenome	ftp.sra.ebi.ac.uk/vol1/fastq/ERR210/ERR210082/ERR210082.fastq.gz	ftp.sra.ebi.ac.uk/vol1/run/ERR210/ERR210082/MH0081_090130.rmhost.single.fq.gz	
ERR209619	PRJEB1220	SAMEA2043041	ERX184284	408170	human gut metagenome	ftp.sra.ebi.ac.uk/vol1/fastq/ERR209/ERR209619/ERR209619_1.fastq.gz;ftp.sra.ebi.ac.uk/vol1/fastq/ERR209/ERR209619/ERR209619_2.fastq.gz	ftp.sra.ebi.ac.uk/vol1/run/ERR209/ERR209619/O2.UC4-2_20091125.rmhost.pair.1.fq.gz;ftp.sra.ebi.ac.uk/vol1/run/ERR209/ERR209619/O2.UC4-2_20091125.rmhost.pair.2.fq.gz	
ERR210083	PRJEB1220	SAMEA2042387	ERX184748	408170	human gut metagenome	ftp.sra.ebi.ac.uk/vol1/fastq/ERR210/ERR210083/ERR210083.fastq.gz	ftp.sra.ebi.ac.uk/vol1/run/ERR210/ERR210083/MH0082_090105.rmhost.single.fq.gz	
ERR209620	PRJEB1220	SAMEA1971886	ERX184285	408170	human gut metagenome	ftp.sra.ebi.ac.uk/vol1/fastq/ERR209/ERR209620/ERR209620_1.fastq.gz;ftp.sra.ebi.ac.uk/vol1/fastq/ERR209/ERR209620/ERR209620_2.fastq.gz	ftp.sra.ebi.ac.uk/vol1/run/ERR209/ERR209620/O2.UC43-0_20100114.rmhost.pair.1.fq.gz;ftp.sra.ebi.ac.uk/vol1/run/ERR209/ERR209620/O2.UC43-0_20100114.rmhost.pair.2.fq.gz	
ERR210084	PRJEB1220	SAMEA2042387	ERX184749	408170	human gut metagenome	ftp.sra.ebi.ac.uk/vol1/fastq/ERR210/ERR210084/ERR210084.fastq.gz	ftp.sra.ebi.ac.uk/vol1/run/ERR210/ERR210084/MH0082_090130.rmhost.single.fq.gz	
ERR209621	PRJEB1220	SAMEA2043046	ERX184286	408170	human gut metagenome	ftp.sra.ebi.ac.uk/vol1/fastq/ERR209/ERR209621/ERR209621_1.fastq.gz;ftp.sra.ebi.ac.uk/vol1/fastq/ERR209/ERR209621/ERR209621_2.fastq.gz	ftp.sra.ebi.ac.uk/vol1/run/ERR209/ERR209621/O2.UC43-2_20100114.rmhost.pair.1.fq.gz;ftp.sra.ebi.ac.uk/vol1/run/ERR209/ERR209621/O2.UC43-2_20100114.rmhost.pair.2.fq.gz	
ERR210087	PRJEB1220	SAMEA2042389	ERX184752	408170	human gut metagenome	ftp.sra.ebi.ac.uk/vol1/fastq/ERR210/ERR210087/ERR210087.fastq.gz	ftp.sra.ebi.ac.uk/vol1/run/ERR210/ERR210087/MH0084_090109.rmhost.single.fq.gz	
ERR209624	PRJEB1220	SAMEA2043049	ERX184289	408170	human gut metagenome	ftp.sra.ebi.ac.uk/vol1/fastq/ERR209/ERR209624/ERR209624_1.fastq.gz;ftp.sra.ebi.ac.uk/vol1/fastq/ERR209/ERR209624/ERR209624_2.fastq.gz	ftp.sra.ebi.ac.uk/vol1/run/ERR209/ERR209624/O2.UC44-2_20100114.rmhost.pair.1.fq.gz;ftp.sra.ebi.ac.uk/vol1/run/ERR209/ERR209624/O2.UC44-2_20100114.rmhost.pair.2.fq.gz	
ERR209630	PRJEB1220	SAMEA2043051	ERX184295	408170	human gut metagenome	ftp.sra.ebi.ac.uk/vol1/fastq/ERR209/ERR209630/ERR209630_1.fastq.gz;ftp.sra.ebi.ac.uk/vol1/fastq/ERR209/ERR209630/ERR209630_2.fastq.gz	ftp.sra.ebi.ac.uk/vol1/run/ERR209/ERR209630/O2.UC47-0_20100130.rmhost.pair.1.fq.gz;ftp.sra.ebi.ac.uk/vol1/run/ERR209/ERR209630/O2.UC47-0_20100130.rmhost.pair.2.fq.gz	
ERR210090	PRJEB1220	SAMEA2042391	ERX184755	408170	human gut metagenome	ftp.sra.ebi.ac.uk/vol1/fastq/ERR210/ERR210090/ERR210090.fastq.gz	ftp.sra.ebi.ac.uk/vol1/run/ERR210/ERR210090/MH0085_090126.rmhost.single.fq.gz	
ERR210091	PRJEB1220	SAMEA2042392	ERX184756	408170	human gut metagenome	ftp.sra.ebi.ac.uk/vol1/fastq/ERR210/ERR210091/ERR210091.fastq.gz	ftp.sra.ebi.ac.uk/vol1/run/ERR210/ERR210091/MH0086_081223.rmhost.single.fq.gz	
ERR209635	PRJEB1220	SAMEA2043052	ERX184300	408170	human gut metagenome	ftp.sra.ebi.ac.uk/vol1/fastq/ERR209/ERR209635/ERR209635_1.fastq.gz;ftp.sra.ebi.ac.uk/vol1/fastq/ERR209/ERR209635/ERR209635_2.fastq.gz	ftp.sra.ebi.ac.uk/vol1/run/ERR209/ERR209635/O2.UC48-0_100403.rmhost.pair.1.fq.gz;ftp.sra.ebi.ac.uk/vol1/run/ERR209/ERR209635/O2.UC48-0_100403.rmhost.pair.2.fq.gz	
ERR210098	PRJEB1220	SAMEA2042425	ERX184763	408170	human gut metagenome	ftp.sra.ebi.ac.uk/vol1/fastq/ERR210/ERR210098/ERR210098.fastq.gz	ftp.sra.ebi.ac.uk/vol1/run/ERR210/ERR210098/MH0089_20091023.rmhost.single.fq.gz	
ERR209638	PRJEB1220	SAMEA1968035	ERX184303	408170	human gut metagenome	ftp.sra.ebi.ac.uk/vol1/fastq/ERR209/ERR209638/ERR209638_1.fastq.gz;ftp.sra.ebi.ac.uk/vol1/fastq/ERR209/ERR209638/ERR209638_2.fastq.gz	ftp.sra.ebi.ac.uk/vol1/run/ERR209/ERR209638/O2.UC48-2_20100130.rmhost.pair.1.fq.gz;ftp.sra.ebi.ac.uk/vol1/run/ERR209/ERR209638/O2.UC48-2_20100130.rmhost.pair.2.fq.gz	
ERR209641	PRJEB1220	SAMEA2041923	ERX184306	408170	human gut metagenome	ftp.sra.ebi.ac.uk/vol1/fastq/ERR209/ERR209641/ERR209641_1.fastq.gz;ftp.sra.ebi.ac.uk/vol1/fastq/ERR209/ERR209641/ERR209641_2.fastq.gz	ftp.sra.ebi.ac.uk/vol1/run/ERR209/ERR209641/O2.UC49-0_100423.rmhost.pair.1.fq.gz;ftp.sra.ebi.ac.uk/vol1/run/ERR209/ERR209641/O2.UC49-0_100423.rmhost.pair.2.fq.gz	
ERR210101	PRJEB1220	SAMEA2042425	ERX184766	408170	human gut metagenome	ftp.sra.ebi.ac.uk/vol1/fastq/ERR210/ERR210101/ERR210101.fastq.gz	ftp.sra.ebi.ac.uk/vol1/run/ERR210/ERR210101/MH0089_20100125L5.rmhost.single.fq.gz	
ERR209643	PRJEB1220	SAMEA2041924	ERX184308	408170	human gut metagenome	ftp.sra.ebi.ac.uk/vol1/fastq/ERR209/ERR209643/ERR209643_1.fastq.gz;ftp.sra.ebi.ac.uk/vol1/fastq/ERR209/ERR209643/ERR209643_2.fastq.gz	ftp.sra.ebi.ac.uk/vol1/run/ERR209/ERR209643/O2.UC49-2_2010122.rmhost.pair.1.fq.gz;ftp.sra.ebi.ac.uk/vol1/run/ERR209/ERR209643/O2.UC49-2_2010122.rmhost.pair.2.fq.gz	
ERR210105	PRJEB1220	SAMEA2042426	ERX184770	408170	human gut metagenome	ftp.sra.ebi.ac.uk/vol1/fastq/ERR210/ERR210105/ERR210105.fastq.gz	ftp.sra.ebi.ac.uk/vol1/run/ERR210/ERR210105/MH0090_20100129L3.rmhost.single.fq.gz	
ERR209644	PRJEB1220	SAMEA2041927	ERX184309	408170	human gut metagenome	ftp.sra.ebi.ac.uk/vol1/fastq/ERR209/ERR209644/ERR209644_1.fastq.gz;ftp.sra.ebi.ac.uk/vol1/fastq/ERR209/ERR209644/ERR209644_2.fastq.gz	ftp.sra.ebi.ac.uk/vol1/run/ERR209/ERR209644/O2.UC50-0_100403.rmhost.pair.1.fq.gz;ftp.sra.ebi.ac.uk/vol1/run/ERR209/ERR209644/O2.UC50-0_100403.rmhost.pair.2.fq.gz	
ERR209645	PRJEB1220	SAMEA2041927	ERX184310	408170	human gut metagenome	ftp.sra.ebi.ac.uk/vol1/fastq/ERR209/ERR209645/ERR209645_1.fastq.gz;ftp.sra.ebi.ac.uk/vol1/fastq/ERR209/ERR209645/ERR209645_2.fastq.gz	ftp.sra.ebi.ac.uk/vol1/run/ERR209/ERR209645/O2.UC50-0_100423.rmhost.pair.1.fq.gz;ftp.sra.ebi.ac.uk/vol1/run/ERR209/ERR209645/O2.UC50-0_100423.rmhost.pair.2.fq.gz	
ERR210108	PRJEB1220	SAMEA1969296	ERX184773	408170	human gut metagenome	ftp.sra.ebi.ac.uk/vol1/fastq/ERR210/ERR210108/ERR210108.fastq.gz	ftp.sra.ebi.ac.uk/vol1/run/ERR210/ERR210108/MH0092_20091107L6.rmhost.single.fq.gz	
ERR209646	PRJEB1220	SAMEA2041925	ERX184311	408170	human gut metagenome	ftp.sra.ebi.ac.uk/vol1/fastq/ERR209/ERR209646/ERR209646_1.fastq.gz;ftp.sra.ebi.ac.uk/vol1/fastq/ERR209/ERR209646/ERR209646_2.fastq.gz	ftp.sra.ebi.ac.uk/vol1/run/ERR209/ERR209646/O2.UC5-0_100409.rmhost.pair.1.fq.gz;ftp.sra.ebi.ac.uk/vol1/run/ERR209/ERR209646/O2.UC5-0_100409.rmhost.pair.2.fq.gz	
ERR210120	PRJEB1220	SAMEA2042429	ERX184785	408170	human gut metagenome	ftp.sra.ebi.ac.uk/vol1/fastq/ERR210/ERR210120/ERR210120.fastq.gz	ftp.sra.ebi.ac.uk/vol1/run/ERR210/ERR210120/MH0094_20091014.rmhost.single.fq.gz	
ERR209647	PRJEB1220	SAMEA2041925	ERX184312	408170	human gut metagenome	ftp.sra.ebi.ac.uk/vol1/fastq/ERR209/ERR209647/ERR209647_1.fastq.gz;ftp.sra.ebi.ac.uk/vol1/fastq/ERR209/ERR209647/ERR209647_2.fastq.gz	ftp.sra.ebi.ac.uk/vol1/run/ERR209/ERR209647/O2.UC5-0_100423.rmhost.pair.1.fq.gz;ftp.sra.ebi.ac.uk/vol1/run/ERR209/ERR209647/O2.UC5-0_100423.rmhost.pair.2.fq.gz	
ERR209650	PRJEB1220	SAMEA2041930	ERX184315	408170	human gut metagenome	ftp.sra.ebi.ac.uk/vol1/fastq/ERR209/ERR209650/ERR209650_1.fastq.gz;ftp.sra.ebi.ac.uk/vol1/fastq/ERR209/ERR209650/ERR209650_2.fastq.gz	ftp.sra.ebi.ac.uk/vol1/run/ERR209/ERR209650/O2.UC51-0_2010122.rmhost.pair.1.fq.gz;ftp.sra.ebi.ac.uk/vol1/run/ERR209/ERR209650/O2.UC51-0_2010122.rmhost.pair.2.fq.gz	
ERR210121	PRJEB1220	SAMEA2042429	ERX184786	408170	human gut metagenome	ftp.sra.ebi.ac.uk/vol1/fastq/ERR210/ERR210121/ERR210121.fastq.gz	ftp.sra.ebi.ac.uk/vol1/run/ERR210/ERR210121/MH0094_20091124L4.rmhost.single.fq.gz	
ERR209652	PRJEB1220	SAMEA2041931	ERX184317	408170	human gut metagenome	ftp.sra.ebi.ac.uk/vol1/fastq/ERR209/ERR209652/ERR209652_1.fastq.gz;ftp.sra.ebi.ac.uk/vol1/fastq/ERR209/ERR209652/ERR209652_2.fastq.gz	ftp.sra.ebi.ac.uk/vol1/run/ERR209/ERR209652/O2.UC51-2_20100208.rmhost.pair.1.fq.gz;ftp.sra.ebi.ac.uk/vol1/run/ERR209/ERR209652/O2.UC51-2_20100208.rmhost.pair.2.fq.gz	
ERR210126	PRJEB1220	SAMEA2042430	ERX184791	408170	human gut metagenome	ftp.sra.ebi.ac.uk/vol1/fastq/ERR210/ERR210126/ERR210126.fastq.gz	ftp.sra.ebi.ac.uk/vol1/run/ERR210/ERR210126/MH0095_20091014.rmhost.single.fq.gz	
ERR209656	PRJEB1220	SAMEA2041933	ERX184321	408170	human gut metagenome	ftp.sra.ebi.ac.uk/vol1/fastq/ERR209/ERR209656/ERR209656_1.fastq.gz;ftp.sra.ebi.ac.uk/vol1/fastq/ERR209/ERR209656/ERR209656_2.fastq.gz	ftp.sra.ebi.ac.uk/vol1/run/ERR209/ERR209656/O2.UC52-2_20100113.rmhost.pair.1.fq.gz;ftp.sra.ebi.ac.uk/vol1/run/ERR209/ERR209656/O2.UC52-2_20100113.rmhost.pair.2.fq.gz	
ERR210129	PRJEB1220	SAMEA2042430	ERX184794	408170	human gut metagenome	ftp.sra.ebi.ac.uk/vol1/fastq/ERR210/ERR210129/ERR210129.fastq.gz	ftp.sra.ebi.ac.uk/vol1/run/ERR210/ERR210129/MH0095_20091126L7.rmhost.single.fq.gz	
ERR209660	PRJEB1220	SAMEA2041936	ERX184325	408170	human gut metagenome	ftp.sra.ebi.ac.uk/vol1/fastq/ERR209/ERR209660/ERR209660_1.fastq.gz;ftp.sra.ebi.ac.uk/vol1/fastq/ERR209/ERR209660/ERR209660_2.fastq.gz	ftp.sra.ebi.ac.uk/vol1/run/ERR209/ERR209660/O2.UC54-0_20100114.rmhost.pair.1.fq.gz;ftp.sra.ebi.ac.uk/vol1/run/ERR209/ERR209660/O2.UC54-0_20100114.rmhost.pair.2.fq.gz	
ERR210136	PRJEB1220	SAMEA2042431	ERX184801	408170	human gut metagenome	ftp.sra.ebi.ac.uk/vol1/fastq/ERR210/ERR210136/ERR210136.fastq.gz	ftp.sra.ebi.ac.uk/vol1/run/ERR210/ERR210136/MH0096_20091128L4.rmhost.single.fq.gz	
ERR209661	PRJEB1220	SAMEA2041937	ERX184326	408170	human gut metagenome	ftp.sra.ebi.ac.uk/vol1/fastq/ERR209/ERR209661/ERR209661_1.fastq.gz;ftp.sra.ebi.ac.uk/vol1/fastq/ERR209/ERR209661/ERR209661_2.fastq.gz	ftp.sra.ebi.ac.uk/vol1/run/ERR209/ERR209661/O2.UC54-2_20100114.rmhost.pair.1.fq.gz;ftp.sra.ebi.ac.uk/vol1/run/ERR209/ERR209661/O2.UC54-2_20100114.rmhost.pair.2.fq.gz	
ERR209663	PRJEB1220	SAMEA2041939	ERX184328	408170	human gut metagenome	ftp.sra.ebi.ac.uk/vol1/fastq/ERR209/ERR209663/ERR209663_1.fastq.gz;ftp.sra.ebi.ac.uk/vol1/fastq/ERR209/ERR209663/ERR209663_2.fastq.gz	ftp.sra.ebi.ac.uk/vol1/run/ERR209/ERR209663/O2.UC55-2_20100114.rmhost.pair.1.fq.gz;ftp.sra.ebi.ac.uk/vol1/run/ERR209/ERR209663/O2.UC55-2_20100114.rmhost.pair.2.fq.gz	
ERR210138	PRJEB1220	SAMEA2042433	ERX184803	408170	human gut metagenome	ftp.sra.ebi.ac.uk/vol1/fastq/ERR210/ERR210138/ERR210138.fastq.gz	ftp.sra.ebi.ac.uk/vol1/run/ERR210/ERR210138/MH0097_20091014.rmhost.single.fq.gz	
ERR210141	PRJEB1220	SAMEA2042433	ERX184806	408170	human gut metagenome	ftp.sra.ebi.ac.uk/vol1/fastq/ERR210/ERR210141/ERR210141.fastq.gz	ftp.sra.ebi.ac.uk/vol1/run/ERR210/ERR210141/MH0097_20091126L7.rmhost.single.fq.gz	
ERR209665	PRJEB1220	SAMEA2042000	ERX184330	408170	human gut metagenome	ftp.sra.ebi.ac.uk/vol1/fastq/ERR209/ERR209665/ERR209665_1.fastq.gz;ftp.sra.ebi.ac.uk/vol1/fastq/ERR209/ERR209665/ERR209665_2.fastq.gz	ftp.sra.ebi.ac.uk/vol1/run/ERR209/ERR209665/O2.UC56-2_20100114.rmhost.pair.1.fq.gz;ftp.sra.ebi.ac.uk/vol1/run/ERR209/ERR209665/O2.UC56-2_20100114.rmhost.pair.2.fq.gz	
ERR210142	PRJEB1220	SAMEA2042433	ERX184807	408170	human gut metagenome	ftp.sra.ebi.ac.uk/vol1/fastq/ERR210/ERR210142/ERR210142.fastq.gz	ftp.sra.ebi.ac.uk/vol1/run/ERR210/ERR210142/MH0097_20091126L8.rmhost.single.fq.gz	
ERR209666	PRJEB1220	SAMEA2042001	ERX184331	408170	human gut metagenome	ftp.sra.ebi.ac.uk/vol1/fastq/ERR209/ERR209666/ERR209666_1.fastq.gz;ftp.sra.ebi.ac.uk/vol1/fastq/ERR209/ERR209666/ERR209666_2.fastq.gz	ftp.sra.ebi.ac.uk/vol1/run/ERR209/ERR209666/O2.UC57-0_20100114.rmhost.pair.1.fq.gz;ftp.sra.ebi.ac.uk/vol1/run/ERR209/ERR209666/O2.UC57-0_20100114.rmhost.pair.2.fq.gz	
ERR210145	PRJEB1220	SAMEA2042434	ERX184810	408170	human gut metagenome	ftp.sra.ebi.ac.uk/vol1/fastq/ERR210/ERR210145/ERR210145.fastq.gz	ftp.sra.ebi.ac.uk/vol1/run/ERR210/ERR210145/MH0098_20091107L6.rmhost.single.fq.gz	
ERR210147	PRJEB1220	SAMEA2042434	ERX184812	408170	human gut metagenome	ftp.sra.ebi.ac.uk/vol1/fastq/ERR210/ERR210147/ERR210147.fastq.gz	ftp.sra.ebi.ac.uk/vol1/run/ERR210/ERR210147/MH0098_20091126L3.rmhost.single.fq.gz	
ERR209667	PRJEB1220	SAMEA2042002	ERX184332	408170	human gut metagenome	ftp.sra.ebi.ac.uk/vol1/fastq/ERR209/ERR209667/ERR209667_1.fastq.gz;ftp.sra.ebi.ac.uk/vol1/fastq/ERR209/ERR209667/ERR209667_2.fastq.gz	ftp.sra.ebi.ac.uk/vol1/run/ERR209/ERR209667/O2.UC57-2_20100114.rmhost.pair.1.fq.gz;ftp.sra.ebi.ac.uk/vol1/run/ERR209/ERR209667/O2.UC57-2_20100114.rmhost.pair.2.fq.gz	
ERR210153	PRJEB1220	SAMEA1965384	ERX184818	408170	human gut metagenome	ftp.sra.ebi.ac.uk/vol1/fastq/ERR210/ERR210153/ERR210153.fastq.gz	ftp.sra.ebi.ac.uk/vol1/run/ERR210/ERR210153/MH0100_20091014.rmhost.single.fq.gz	
ERR209669	PRJEB1220	SAMEA2042004	ERX184334	408170	human gut metagenome	ftp.sra.ebi.ac.uk/vol1/fastq/ERR209/ERR209669/ERR209669_1.fastq.gz;ftp.sra.ebi.ac.uk/vol1/fastq/ERR209/ERR209669/ERR209669_2.fastq.gz	ftp.sra.ebi.ac.uk/vol1/run/ERR209/ERR209669/O2.UC58-2_20100114.rmhost.pair.1.fq.gz;ftp.sra.ebi.ac.uk/vol1/run/ERR209/ERR209669/O2.UC58-2_20100114.rmhost.pair.2.fq.gz	
ERR210154	PRJEB1220	SAMEA1965384	ERX184819	408170	human gut metagenome	ftp.sra.ebi.ac.uk/vol1/fastq/ERR210/ERR210154/ERR210154.fastq.gz	ftp.sra.ebi.ac.uk/vol1/run/ERR210/ERR210154/MH0100_20091107L7.rmhost.single.fq.gz	
ERR210156	PRJEB1220	SAMEA1965384	ERX184821	408170	human gut metagenome	ftp.sra.ebi.ac.uk/vol1/fastq/ERR210/ERR210156/ERR210156.fastq.gz	ftp.sra.ebi.ac.uk/vol1/run/ERR210/ERR210156/MH0100_20091126L3.rmhost.single.fq.gz	
ERR209671	PRJEB1220	SAMEA2042006	ERX184336	408170	human gut metagenome	ftp.sra.ebi.ac.uk/vol1/fastq/ERR209/ERR209671/ERR209671_1.fastq.gz;ftp.sra.ebi.ac.uk/vol1/fastq/ERR209/ERR209671/ERR209671_2.fastq.gz	ftp.sra.ebi.ac.uk/vol1/run/ERR209/ERR209671/O2.UC59-2_20100114.rmhost.pair.1.fq.gz;ftp.sra.ebi.ac.uk/vol1/run/ERR209/ERR209671/O2.UC59-2_20100114.rmhost.pair.2.fq.gz	
ERR210157	PRJEB1220	SAMEA2042436	ERX184822	408170	human gut metagenome	ftp.sra.ebi.ac.uk/vol1/fastq/ERR210/ERR210157/ERR210157.fastq.gz	ftp.sra.ebi.ac.uk/vol1/run/ERR210/ERR210157/MH0101_20091014.rmhost.single.fq.gz	
ERR209678	PRJEB1220	SAMEA2042011	ERX184343	408170	human gut metagenome	ftp.sra.ebi.ac.uk/vol1/fastq/ERR209/ERR209678/ERR209678_1.fastq.gz;ftp.sra.ebi.ac.uk/vol1/fastq/ERR209/ERR209678/ERR209678_2.fastq.gz	ftp.sra.ebi.ac.uk/vol1/run/ERR209/ERR209678/O2.UC9-2_2010122.rmhost.pair.1.fq.gz;ftp.sra.ebi.ac.uk/vol1/run/ERR209/ERR209678/O2.UC9-2_2010122.rmhost.pair.2.fq.gz	
ERR210158	PRJEB1220	SAMEA2042436	ERX184823	408170	human gut metagenome	ftp.sra.ebi.ac.uk/vol1/fastq/ERR210/ERR210158/ERR210158.fastq.gz	ftp.sra.ebi.ac.uk/vol1/run/ERR210/ERR210158/MH0101_20091124L5.rmhost.single.fq.gz	
ERR210159	PRJEB1220	SAMEA2042436	ERX184824	408170	human gut metagenome	ftp.sra.ebi.ac.uk/vol1/fastq/ERR210/ERR210159/ERR210159.fastq.gz	ftp.sra.ebi.ac.uk/vol1/run/ERR210/ERR210159/MH0101_20091124L6.rmhost.single.fq.gz	
ERR210169	PRJEB1220	SAMEA2042438	ERX184834	408170	human gut metagenome	ftp.sra.ebi.ac.uk/vol1/fastq/ERR210/ERR210169/ERR210169.fastq.gz	ftp.sra.ebi.ac.uk/vol1/run/ERR210/ERR210169/MH0103_20091124L6.rmhost.single.fq.gz	
ERR209679	PRJEB1220	SAMEA1968151	ERX184344	408170	human gut metagenome	ftp.sra.ebi.ac.uk/vol1/fastq/ERR209/ERR209679/ERR209679_1.fastq.gz;ftp.sra.ebi.ac.uk/vol1/fastq/ERR209/ERR209679/ERR209679_2.fastq.gz	ftp.sra.ebi.ac.uk/vol1/run/ERR209/ERR209679/V1.CD10-0_2010122.rmhost.pair.1.fq.gz;ftp.sra.ebi.ac.uk/vol1/run/ERR209/ERR209679/V1.CD10-0_2010122.rmhost.pair.2.fq.gz	
ERR209680	PRJEB1220	SAMEA2042012	ERX184345	408170	human gut metagenome	ftp.sra.ebi.ac.uk/vol1/fastq/ERR209/ERR209680/ERR209680_1.fastq.gz;ftp.sra.ebi.ac.uk/vol1/fastq/ERR209/ERR209680/ERR209680_2.fastq.gz	ftp.sra.ebi.ac.uk/vol1/run/ERR209/ERR209680/V1.CD1-0_090107.rmhost.pair.1.fq.gz;ftp.sra.ebi.ac.uk/vol1/run/ERR209/ERR209680/V1.CD1-0_090107.rmhost.pair.2.fq.gz	
ERR209688	PRJEB1220	SAMEA2042102	ERX184353	408170	human gut metagenome	ftp.sra.ebi.ac.uk/vol1/fastq/ERR209/ERR209688/ERR209688_1.fastq.gz;ftp.sra.ebi.ac.uk/vol1/fastq/ERR209/ERR209688/ERR209688_2.fastq.gz	ftp.sra.ebi.ac.uk/vol1/run/ERR209/ERR209688/V1.CD14-0_090103.rmhost.pair.1.fq.gz;ftp.sra.ebi.ac.uk/vol1/run/ERR209/ERR209688/V1.CD14-0_090103.rmhost.pair.2.fq.gz	
ERR210170	PRJEB1220	SAMEA2042438	ERX184835	408170	human gut metagenome	ftp.sra.ebi.ac.uk/vol1/fastq/ERR210/ERR210170/ERR210170.fastq.gz	ftp.sra.ebi.ac.uk/vol1/run/ERR210/ERR210170/MH0103_20091124L7.rmhost.single.fq.gz	
ERR209692	PRJEB1220	SAMEA2042103	ERX184357	408170	human gut metagenome	ftp.sra.ebi.ac.uk/vol1/fastq/ERR209/ERR209692/ERR209692_1.fastq.gz;ftp.sra.ebi.ac.uk/vol1/fastq/ERR209/ERR209692/ERR209692_2.fastq.gz	ftp.sra.ebi.ac.uk/vol1/run/ERR209/ERR209692/V1.CD15-3_100703.rmhost.pair.1.fq.gz;ftp.sra.ebi.ac.uk/vol1/run/ERR209/ERR209692/V1.CD15-3_100703.rmhost.pair.2.fq.gz	
ERR210173	PRJEB1220	SAMEA2042488	ERX184838	408170	human gut metagenome	ftp.sra.ebi.ac.uk/vol1/fastq/ERR210/ERR210173/ERR210173.fastq.gz	ftp.sra.ebi.ac.uk/vol1/run/ERR210/ERR210173/MH0104_20091107L8.rmhost.single.fq.gz	
ERR209697	PRJEB1220	SAMEA2042106	ERX184362	408170	human gut metagenome	ftp.sra.ebi.ac.uk/vol1/fastq/ERR209/ERR209697/ERR209697_1.fastq.gz;ftp.sra.ebi.ac.uk/vol1/fastq/ERR209/ERR209697/ERR209697_2.fastq.gz	ftp.sra.ebi.ac.uk/vol1/run/ERR209/ERR209697/V1.CD17-4_100527.rmhost.pair.1.fq.gz;ftp.sra.ebi.ac.uk/vol1/run/ERR209/ERR209697/V1.CD17-4_100527.rmhost.pair.2.fq.gz	
ERR210174	PRJEB1220	SAMEA2042488	ERX184839	408170	human gut metagenome	ftp.sra.ebi.ac.uk/vol1/fastq/ERR210/ERR210174/ERR210174.fastq.gz	ftp.sra.ebi.ac.uk/vol1/run/ERR210/ERR210174/MH0104_20091124L3.rmhost.single.fq.gz	
ERR210175	PRJEB1220	SAMEA2042488	ERX184840	408170	human gut metagenome	ftp.sra.ebi.ac.uk/vol1/fastq/ERR210/ERR210175/ERR210175.fastq.gz	ftp.sra.ebi.ac.uk/vol1/run/ERR210/ERR210175/MH0104_20091126L6.rmhost.single.fq.gz	
ERR210181	PRJEB1220	SAMEA2042489	ERX184846	408170	human gut metagenome	ftp.sra.ebi.ac.uk/vol1/fastq/ERR210/ERR210181/ERR210181.fastq.gz	ftp.sra.ebi.ac.uk/vol1/run/ERR210/ERR210181/MH0105_20091124L3.rmhost.single.fq.gz	
ERR209698	PRJEB1220	SAMEA2042107	ERX184363	408170	human gut metagenome	ftp.sra.ebi.ac.uk/vol1/fastq/ERR209/ERR209698/ERR209698_1.fastq.gz;ftp.sra.ebi.ac.uk/vol1/fastq/ERR209/ERR209698/ERR209698_2.fastq.gz	ftp.sra.ebi.ac.uk/vol1/run/ERR209/ERR209698/V1.CD18-0_100518.rmhost.pair.1.fq.gz;ftp.sra.ebi.ac.uk/vol1/run/ERR209/ERR209698/V1.CD18-0_100518.rmhost.pair.2.fq.gz	
ERR210183	PRJEB1220	SAMEA2042489	ERX184848	408170	human gut metagenome	ftp.sra.ebi.ac.uk/vol1/fastq/ERR210/ERR210183/ERR210183.fastq.gz	ftp.sra.ebi.ac.uk/vol1/run/ERR210/ERR210183/MH0105_20091212L2.rmhost.single.fq.gz	
ERR209699	PRJEB1220	SAMEA2042107	ERX184364	408170	human gut metagenome	ftp.sra.ebi.ac.uk/vol1/fastq/ERR209/ERR209699/ERR209699_1.fastq.gz;ftp.sra.ebi.ac.uk/vol1/fastq/ERR209/ERR209699/ERR209699_2.fastq.gz	ftp.sra.ebi.ac.uk/vol1/run/ERR209/ERR209699/V1.CD18-0_100527.rmhost.pair.1.fq.gz;ftp.sra.ebi.ac.uk/vol1/run/ERR209/ERR209699/V1.CD18-0_100527.rmhost.pair.2.fq.gz	
ERR210185	PRJEB1220	SAMEA2042490	ERX184850	408170	human gut metagenome	ftp.sra.ebi.ac.uk/vol1/fastq/ERR210/ERR210185/ERR210185.fastq.gz	ftp.sra.ebi.ac.uk/vol1/run/ERR210/ERR210185/MH0106_20091107L8.rmhost.single.fq.gz	
ERR210186	PRJEB1220	SAMEA2042490	ERX184851	408170	human gut metagenome	ftp.sra.ebi.ac.uk/vol1/fastq/ERR210/ERR210186/ERR210186.fastq.gz	ftp.sra.ebi.ac.uk/vol1/run/ERR210/ERR210186/MH0106_20091124L3.rmhost.single.fq.gz	
ERR209706	PRJEB1220	SAMEA2042111	ERX184371	408170	human gut metagenome	ftp.sra.ebi.ac.uk/vol1/fastq/ERR209/ERR209706/ERR209706_1.fastq.gz;ftp.sra.ebi.ac.uk/vol1/fastq/ERR209/ERR209706/ERR209706_2.fastq.gz	ftp.sra.ebi.ac.uk/vol1/run/ERR209/ERR209706/V1.CD20-4_100703.rmhost.pair.1.fq.gz;ftp.sra.ebi.ac.uk/vol1/run/ERR209/ERR209706/V1.CD20-4_100703.rmhost.pair.2.fq.gz	
ERR209707	PRJEB1220	SAMEA2042111	ERX184372	408170	human gut metagenome	ftp.sra.ebi.ac.uk/vol1/fastq/ERR209/ERR209707/ERR209707_1.fastq.gz;ftp.sra.ebi.ac.uk/vol1/fastq/ERR209/ERR209707/ERR209707_2.fastq.gz	ftp.sra.ebi.ac.uk/vol1/run/ERR209/ERR209707/V1.CD20-4_100715.rmhost.pair.1.fq.gz;ftp.sra.ebi.ac.uk/vol1/run/ERR209/ERR209707/V1.CD20-4_100715.rmhost.pair.2.fq.gz	
ERR210187	PRJEB1220	SAMEA2042490	ERX184852	408170	human gut metagenome	ftp.sra.ebi.ac.uk/vol1/fastq/ERR210/ERR210187/ERR210187.fastq.gz	ftp.sra.ebi.ac.uk/vol1/run/ERR210/ERR210187/MH0106_20091126L6.rmhost.single.fq.gz	
ERR209716	PRJEB1220	SAMEA2042216	ERX184381	408170	human gut metagenome	ftp.sra.ebi.ac.uk/vol1/fastq/ERR209/ERR209716/ERR209716_1.fastq.gz;ftp.sra.ebi.ac.uk/vol1/fastq/ERR209/ERR209716/ERR209716_2.fastq.gz	ftp.sra.ebi.ac.uk/vol1/run/ERR209/ERR209716/V1.CD25-4_100703.rmhost.pair.1.fq.gz;ftp.sra.ebi.ac.uk/vol1/run/ERR209/ERR209716/V1.CD25-4_100703.rmhost.pair.2.fq.gz	
ERR210188	PRJEB1220	SAMEA2042490	ERX184853	408170	human gut metagenome	ftp.sra.ebi.ac.uk/vol1/fastq/ERR210/ERR210188/ERR210188.fastq.gz	ftp.sra.ebi.ac.uk/vol1/run/ERR210/ERR210188/MH0106_20091126L7.rmhost.single.fq.gz	
ERR209721	PRJEB1220	SAMEA2042219	ERX184386	408170	human gut metagenome	ftp.sra.ebi.ac.uk/vol1/fastq/ERR209/ERR209721/ERR209721_1.fastq.gz;ftp.sra.ebi.ac.uk/vol1/fastq/ERR209/ERR209721/ERR209721_2.fastq.gz	ftp.sra.ebi.ac.uk/vol1/run/ERR209/ERR209721/V1.CD29-0_2010122.rmhost.pair.1.fq.gz;ftp.sra.ebi.ac.uk/vol1/run/ERR209/ERR209721/V1.CD29-0_2010122.rmhost.pair.2.fq.gz	
ERR209722	PRJEB1220	SAMEA2042221	ERX184387	408170	human gut metagenome	ftp.sra.ebi.ac.uk/vol1/fastq/ERR209/ERR209722/ERR209722_1.fastq.gz;ftp.sra.ebi.ac.uk/vol1/fastq/ERR209/ERR209722/ERR209722_2.fastq.gz	ftp.sra.ebi.ac.uk/vol1/run/ERR209/ERR209722/V1.CD30-0_2010122.rmhost.pair.1.fq.gz;ftp.sra.ebi.ac.uk/vol1/run/ERR209/ERR209722/V1.CD30-0_2010122.rmhost.pair.2.fq.gz	
ERR210189	PRJEB1220	SAMEA2042490	ERX184854	408170	human gut metagenome	ftp.sra.ebi.ac.uk/vol1/fastq/ERR210/ERR210189/ERR210189.fastq.gz	ftp.sra.ebi.ac.uk/vol1/run/ERR210/ERR210189/MH0106_20091126L8.rmhost.single.fq.gz	
ERR209724	PRJEB1220	SAMEA2042220	ERX184389	408170	human gut metagenome	ftp.sra.ebi.ac.uk/vol1/fastq/ERR209/ERR209724/ERR209724_1.fastq.gz;ftp.sra.ebi.ac.uk/vol1/fastq/ERR209/ERR209724/ERR209724_2.fastq.gz	ftp.sra.ebi.ac.uk/vol1/run/ERR209/ERR209724/V1.CD3-0_090126.rmhost.pair.1.fq.gz;ftp.sra.ebi.ac.uk/vol1/run/ERR209/ERR209724/V1.CD3-0_090126.rmhost.pair.2.fq.gz	
ERR209731	PRJEB1220	SAMEA2042225	ERX184396	408170	human gut metagenome	ftp.sra.ebi.ac.uk/vol1/fastq/ERR209/ERR209731/ERR209731_1.fastq.gz;ftp.sra.ebi.ac.uk/vol1/fastq/ERR209/ERR209731/ERR209731_2.fastq.gz	ftp.sra.ebi.ac.uk/vol1/run/ERR209/ERR209731/V1.CD35-1_100518.rmhost.pair.1.fq.gz;ftp.sra.ebi.ac.uk/vol1/run/ERR209/ERR209731/V1.CD35-1_100518.rmhost.pair.2.fq.gz	
ERR210196	PRJEB1220	SAMEA2042491	ERX184861	408170	human gut metagenome	ftp.sra.ebi.ac.uk/vol1/fastq/ERR210/ERR210196/ERR210196.fastq.gz	ftp.sra.ebi.ac.uk/vol1/run/ERR210/ERR210196/MH0107_20091212L3.rmhost.single.fq.gz	
ERR210197	PRJEB1220	SAMEA2042492	ERX184862	408170	human gut metagenome	ftp.sra.ebi.ac.uk/vol1/fastq/ERR210/ERR210197/ERR210197.fastq.gz	ftp.sra.ebi.ac.uk/vol1/run/ERR210/ERR210197/MH0109_20091015.rmhost.single.fq.gz	
ERR209732	PRJEB1220	SAMEA2042225	ERX184397	408170	human gut metagenome	ftp.sra.ebi.ac.uk/vol1/fastq/ERR209/ERR209732/ERR209732_1.fastq.gz;ftp.sra.ebi.ac.uk/vol1/fastq/ERR209/ERR209732/ERR209732_2.fastq.gz	ftp.sra.ebi.ac.uk/vol1/run/ERR209/ERR209732/V1.CD35-1_100527.rmhost.pair.1.fq.gz;ftp.sra.ebi.ac.uk/vol1/run/ERR209/ERR209732/V1.CD35-1_100527.rmhost.pair.2.fq.gz	
ERR210204	PRJEB1220	SAMEA2042493	ERX184869	408170	human gut metagenome	ftp.sra.ebi.ac.uk/vol1/fastq/ERR210/ERR210204/ERR210204.fastq.gz	ftp.sra.ebi.ac.uk/vol1/run/ERR210/ERR210204/MH0110_20091126L4.rmhost.single.fq.gz	
ERR210212	PRJEB1220	SAMEA2042495	ERX184877	408170	human gut metagenome	ftp.sra.ebi.ac.uk/vol1/fastq/ERR210/ERR210212/ERR210212.fastq.gz	ftp.sra.ebi.ac.uk/vol1/run/ERR210/ERR210212/MH0113_20100124L7.rmhost.single.fq.gz	
ERR209736	PRJEB1220	SAMEA2042304	ERX184401	408170	human gut metagenome	ftp.sra.ebi.ac.uk/vol1/fastq/ERR209/ERR209736/ERR209736_1.fastq.gz;ftp.sra.ebi.ac.uk/vol1/fastq/ERR209/ERR209736/ERR209736_2.fastq.gz	ftp.sra.ebi.ac.uk/vol1/run/ERR209/ERR209736/V1.CD38-0_100527.rmhost.pair.1.fq.gz;ftp.sra.ebi.ac.uk/vol1/run/ERR209/ERR209736/V1.CD38-0_100527.rmhost.pair.2.fq.gz	
ERR210216	PRJEB1220	SAMEA2042496	ERX184881	408170	human gut metagenome	ftp.sra.ebi.ac.uk/vol1/fastq/ERR210/ERR210216/ERR210216.fastq.gz	ftp.sra.ebi.ac.uk/vol1/run/ERR210/ERR210216/MH0114_20091124L2.rmhost.single.fq.gz	
ERR209737	PRJEB1220	SAMEA2042394	ERX184402	408170	human gut metagenome	ftp.sra.ebi.ac.uk/vol1/fastq/ERR209/ERR209737/ERR209737_1.fastq.gz;ftp.sra.ebi.ac.uk/vol1/fastq/ERR209/ERR209737/ERR209737_2.fastq.gz	ftp.sra.ebi.ac.uk/vol1/run/ERR209/ERR209737/V1.CD4-0_090107.rmhost.pair.1.fq.gz;ftp.sra.ebi.ac.uk/vol1/run/ERR209/ERR209737/V1.CD4-0_090107.rmhost.pair.2.fq.gz	
ERR210220	PRJEB1220	SAMEA2042497	ERX184885	408170	human gut metagenome	ftp.sra.ebi.ac.uk/vol1/fastq/ERR210/ERR210220/ERR210220.fastq.gz	ftp.sra.ebi.ac.uk/vol1/run/ERR210/ERR210220/MH0115_20091023.rmhost.single.fq.gz	
ERR209739	PRJEB1220	SAMEA2042395	ERX184404	408170	human gut metagenome	ftp.sra.ebi.ac.uk/vol1/fastq/ERR209/ERR209739/ERR209739_1.fastq.gz;ftp.sra.ebi.ac.uk/vol1/fastq/ERR209/ERR209739/ERR209739_2.fastq.gz	ftp.sra.ebi.ac.uk/vol1/run/ERR209/ERR209739/V1.CD41-0_100704.rmhost.pair.1.fq.gz;ftp.sra.ebi.ac.uk/vol1/run/ERR209/ERR209739/V1.CD41-0_100704.rmhost.pair.2.fq.gz	
ERR210221	PRJEB1220	SAMEA2042497	ERX184886	408170	human gut metagenome	ftp.sra.ebi.ac.uk/vol1/fastq/ERR210/ERR210221/ERR210221.fastq.gz	ftp.sra.ebi.ac.uk/vol1/run/ERR210/ERR210221/MH0115_20091124L8.rmhost.single.fq.gz	
ERR210223	PRJEB1220	SAMEA2042498	ERX184888	408170	human gut metagenome	ftp.sra.ebi.ac.uk/vol1/fastq/ERR210/ERR210223/ERR210223.fastq.gz	ftp.sra.ebi.ac.uk/vol1/run/ERR210/ERR210223/MH0116_20091023.rmhost.single.fq.gz	
ERR209741	PRJEB1220	SAMEA2042396	ERX184406	408170	human gut metagenome	ftp.sra.ebi.ac.uk/vol1/fastq/ERR209/ERR209741/ERR209741_1.fastq.gz;ftp.sra.ebi.ac.uk/vol1/fastq/ERR209/ERR209741/ERR209741_2.fastq.gz	ftp.sra.ebi.ac.uk/vol1/run/ERR209/ERR209741/V1.CD42-0_100704.rmhost.pair.1.fq.gz;ftp.sra.ebi.ac.uk/vol1/run/ERR209/ERR209741/V1.CD42-0_100704.rmhost.pair.2.fq.gz	
ERR209745	PRJEB1220	SAMEA1963786	ERX184410	408170	human gut metagenome	ftp.sra.ebi.ac.uk/vol1/fastq/ERR209/ERR209745/ERR209745_1.fastq.gz;ftp.sra.ebi.ac.uk/vol1/fastq/ERR209/ERR209745/ERR209745_2.fastq.gz	ftp.sra.ebi.ac.uk/vol1/run/ERR209/ERR209745/V1.CD6-4_100518.rmhost.pair.1.fq.gz;ftp.sra.ebi.ac.uk/vol1/run/ERR209/ERR209745/V1.CD6-4_100518.rmhost.pair.2.fq.gz	
ERR210224	PRJEB1220	SAMEA2042498	ERX184889	408170	human gut metagenome	ftp.sra.ebi.ac.uk/vol1/fastq/ERR210/ERR210224/ERR210224.fastq.gz	ftp.sra.ebi.ac.uk/vol1/run/ERR210/ERR210224/MH0116_20091124L4.rmhost.single.fq.gz	
ERR210225	PRJEB1220	SAMEA2042498	ERX184890	408170	human gut metagenome	ftp.sra.ebi.ac.uk/vol1/fastq/ERR210/ERR210225/ERR210225.fastq.gz	ftp.sra.ebi.ac.uk/vol1/run/ERR210/ERR210225/MH0116_20091126L4.rmhost.single.fq.gz	
ERR210229	PRJEB1220	SAMEA2042499	ERX184894	408170	human gut metagenome	ftp.sra.ebi.ac.uk/vol1/fastq/ERR210/ERR210229/ERR210229.fastq.gz	ftp.sra.ebi.ac.uk/vol1/run/ERR210/ERR210229/MH0117_20091025.rmhost.single.fq.gz	
ERR209746	PRJEB1220	SAMEA1963786	ERX184411	408170	human gut metagenome	ftp.sra.ebi.ac.uk/vol1/fastq/ERR209/ERR209746/ERR209746_1.fastq.gz;ftp.sra.ebi.ac.uk/vol1/fastq/ERR209/ERR209746/ERR209746_2.fastq.gz	ftp.sra.ebi.ac.uk/vol1/run/ERR209/ERR209746/V1.CD6-4_100527.rmhost.pair.1.fq.gz;ftp.sra.ebi.ac.uk/vol1/run/ERR209/ERR209746/V1.CD6-4_100527.rmhost.pair.2.fq.gz	
ERR210231	PRJEB1220	SAMEA2042499	ERX184896	408170	human gut metagenome	ftp.sra.ebi.ac.uk/vol1/fastq/ERR210/ERR210231/ERR210231.fastq.gz	ftp.sra.ebi.ac.uk/vol1/run/ERR210/ERR210231/MH0117_20100125L4.rmhost.single.fq.gz	
ERR209749	PRJEB1220	SAMEA2042399	ERX184414	408170	human gut metagenome	ftp.sra.ebi.ac.uk/vol1/fastq/ERR209/ERR209749/ERR209749_1.fastq.gz;ftp.sra.ebi.ac.uk/vol1/fastq/ERR209/ERR209749/ERR209749_2.fastq.gz	ftp.sra.ebi.ac.uk/vol1/run/ERR209/ERR209749/V1.CD7-4_100527.rmhost.pair.1.fq.gz;ftp.sra.ebi.ac.uk/vol1/run/ERR209/ERR209749/V1.CD7-4_100527.rmhost.pair.2.fq.gz	
ERR210234	PRJEB1220	SAMEA2042500	ERX184899	408170	human gut metagenome	ftp.sra.ebi.ac.uk/vol1/fastq/ERR210/ERR210234/ERR210234.fastq.gz	ftp.sra.ebi.ac.uk/vol1/run/ERR210/ERR210234/MH0118_20100124L5.rmhost.single.fq.gz	
ERR209754	PRJEB1220	SAMEA2042403	ERX184419	408170	human gut metagenome	ftp.sra.ebi.ac.uk/vol1/fastq/ERR209/ERR209754/ERR209754_1.fastq.gz;ftp.sra.ebi.ac.uk/vol1/fastq/ERR209/ERR209754/ERR209754_2.fastq.gz	ftp.sra.ebi.ac.uk/vol1/run/ERR209/ERR209754/V1.UC10-0_090110.rmhost.pair.1.fq.gz;ftp.sra.ebi.ac.uk/vol1/run/ERR209/ERR209754/V1.UC10-0_090110.rmhost.pair.2.fq.gz	
ERR210239	PRJEB1220	SAMEA2042501	ERX184904	408170	human gut metagenome	ftp.sra.ebi.ac.uk/vol1/fastq/ERR210/ERR210239/ERR210239.fastq.gz	ftp.sra.ebi.ac.uk/vol1/run/ERR210/ERR210239/MH0120_20100125L3.rmhost.single.fq.gz	
ERR209755	PRJEB1220	SAMEA2042403	ERX184420	408170	human gut metagenome	ftp.sra.ebi.ac.uk/vol1/fastq/ERR209/ERR209755/ERR209755_1.fastq.gz;ftp.sra.ebi.ac.uk/vol1/fastq/ERR209/ERR209755/ERR209755_2.fastq.gz	ftp.sra.ebi.ac.uk/vol1/run/ERR209/ERR209755/V1.UC10-0_090129.rmhost.pair.1.fq.gz;ftp.sra.ebi.ac.uk/vol1/run/ERR209/ERR209755/V1.UC10-0_090129.rmhost.pair.2.fq.gz	
ERR210240	PRJEB1220	SAMEA2042502	ERX184905	408170	human gut metagenome	ftp.sra.ebi.ac.uk/vol1/fastq/ERR210/ERR210240/ERR210240.fastq.gz	ftp.sra.ebi.ac.uk/vol1/run/ERR210/ERR210240/MH0121_20091105.rmhost.single.fq.gz	
ERR209758	PRJEB1220	SAMEA2042404	ERX184423	408170	human gut metagenome	ftp.sra.ebi.ac.uk/vol1/fastq/ERR209/ERR209758/ERR209758_1.fastq.gz;ftp.sra.ebi.ac.uk/vol1/fastq/ERR209/ERR209758/ERR209758_2.fastq.gz	ftp.sra.ebi.ac.uk/vol1/run/ERR209/ERR209758/V1.UC10-2_100525.rmhost.pair.1.fq.gz;ftp.sra.ebi.ac.uk/vol1/run/ERR209/ERR209758/V1.UC10-2_100525.rmhost.pair.2.fq.gz	
ERR209768	PRJEB1220	SAMEA2042440	ERX184433	408170	human gut metagenome	ftp.sra.ebi.ac.uk/vol1/fastq/ERR209/ERR209768/ERR209768_1.fastq.gz;ftp.sra.ebi.ac.uk/vol1/fastq/ERR209/ERR209768/ERR209768_2.fastq.gz	ftp.sra.ebi.ac.uk/vol1/run/ERR209/ERR209768/V1.UC13-3_100518.rmhost.pair.1.fq.gz;ftp.sra.ebi.ac.uk/vol1/run/ERR209/ERR209768/V1.UC13-3_100518.rmhost.pair.2.fq.gz	
ERR210246	PRJEB1220	SAMEA2042553	ERX184911	408170	human gut metagenome	ftp.sra.ebi.ac.uk/vol1/fastq/ERR210/ERR210246/ERR210246.fastq.gz	ftp.sra.ebi.ac.uk/vol1/run/ERR210/ERR210246/MH0123_20091023.rmhost.single.fq.gz	
ERR210247	PRJEB1220	SAMEA2042553	ERX184912	408170	human gut metagenome	ftp.sra.ebi.ac.uk/vol1/fastq/ERR210/ERR210247/ERR210247.fastq.gz	ftp.sra.ebi.ac.uk/vol1/run/ERR210/ERR210247/MH0123_20100124L8.rmhost.single.fq.gz	
ERR209057	PRJEB1220	SAMEA2042281	ERX183722	408170	human gut metagenome	ftp.sra.ebi.ac.uk/vol1/fastq/ERR209/ERR209057/ERR209057_1.fastq.gz;ftp.sra.ebi.ac.uk/vol1/fastq/ERR209/ERR209057/ERR209057_2.fastq.gz	ftp.sra.ebi.ac.uk/vol1/run/ERR209/ERR209057/MH0002_081203.rmhost.pair.1.fq.gz;ftp.sra.ebi.ac.uk/vol1/run/ERR209/ERR209057/MH0002_081203.rmhost.pair.2.fq.gz	
ERR209770	PRJEB1220	SAMEA2042441	ERX184435	408170	human gut metagenome	ftp.sra.ebi.ac.uk/vol1/fastq/ERR209/ERR209770/ERR209770_1.fastq.gz;ftp.sra.ebi.ac.uk/vol1/fastq/ERR209/ERR209770/ERR209770_2.fastq.gz	ftp.sra.ebi.ac.uk/vol1/run/ERR209/ERR209770/V1.UC14-0_090110.rmhost.pair.1.fq.gz;ftp.sra.ebi.ac.uk/vol1/run/ERR209/ERR209770/V1.UC14-0_090110.rmhost.pair.2.fq.gz	
ERR210252	PRJEB1220	SAMEA2042554	ERX184917	408170	human gut metagenome	ftp.sra.ebi.ac.uk/vol1/fastq/ERR210/ERR210252/ERR210252.fastq.gz	ftp.sra.ebi.ac.uk/vol1/run/ERR210/ERR210252/MH0124_20100129L2.rmhost.single.fq.gz	
ERR209058	PRJEB1220	SAMEA2042281	ERX183723	408170	human gut metagenome	ftp.sra.ebi.ac.uk/vol1/fastq/ERR209/ERR209058/ERR209058_1.fastq.gz;ftp.sra.ebi.ac.uk/vol1/fastq/ERR209/ERR209058/ERR209058_2.fastq.gz	ftp.sra.ebi.ac.uk/vol1/run/ERR209/ERR209058/MH0002_081224.rmhost.pair.1.fq.gz;ftp.sra.ebi.ac.uk/vol1/run/ERR209/ERR209058/MH0002_081224.rmhost.pair.2.fq.gz	
ERR210253	PRJEB1220	SAMEA2042554	ERX184918	408170	human gut metagenome	ftp.sra.ebi.ac.uk/vol1/fastq/ERR210/ERR210253/ERR210253.fastq.gz	ftp.sra.ebi.ac.uk/vol1/run/ERR210/ERR210253/MH0124_20100129L3.rmhost.single.fq.gz	
ERR209062	PRJEB1220	SAMEA2042282	ERX183727	408170	human gut metagenome	ftp.sra.ebi.ac.uk/vol1/fastq/ERR209/ERR209062/ERR209062_1.fastq.gz;ftp.sra.ebi.ac.uk/vol1/fastq/ERR209/ERR209062/ERR209062_2.fastq.gz	ftp.sra.ebi.ac.uk/vol1/run/ERR209/ERR209062/MH0003_090107.rmhost.pair.1.fq.gz;ftp.sra.ebi.ac.uk/vol1/run/ERR209/ERR209062/MH0003_090107.rmhost.pair.2.fq.gz	
ERR209774	PRJEB1220	SAMEA2042442	ERX184439	408170	human gut metagenome	ftp.sra.ebi.ac.uk/vol1/fastq/ERR209/ERR209774/ERR209774_1.fastq.gz;ftp.sra.ebi.ac.uk/vol1/fastq/ERR209/ERR209774/ERR209774_2.fastq.gz	ftp.sra.ebi.ac.uk/vol1/run/ERR209/ERR209774/V1.UC15-0_090110.rmhost.pair.1.fq.gz;ftp.sra.ebi.ac.uk/vol1/run/ERR209/ERR209774/V1.UC15-0_090110.rmhost.pair.2.fq.gz	
ERR210256	PRJEB1220	SAMEA2042555	ERX184921	408170	human gut metagenome	ftp.sra.ebi.ac.uk/vol1/fastq/ERR210/ERR210256/ERR210256.fastq.gz	ftp.sra.ebi.ac.uk/vol1/run/ERR210/ERR210256/MH0125_20100124L8.rmhost.single.fq.gz	
ERR209065	PRJEB1220	SAMEA2042284	ERX183730	408170	human gut metagenome	ftp.sra.ebi.ac.uk/vol1/fastq/ERR209/ERR209065/ERR209065_1.fastq.gz;ftp.sra.ebi.ac.uk/vol1/fastq/ERR209/ERR209065/ERR209065_2.fastq.gz	ftp.sra.ebi.ac.uk/vol1/run/ERR209/ERR209065/MH0005_081109.rmhost.pair.1.fq.gz;ftp.sra.ebi.ac.uk/vol1/run/ERR209/ERR209065/MH0005_081109.rmhost.pair.2.fq.gz	
ERR209780	PRJEB1220	SAMEA2042445	ERX184445	408170	human gut metagenome	ftp.sra.ebi.ac.uk/vol1/fastq/ERR209/ERR209780/ERR209780_1.fastq.gz;ftp.sra.ebi.ac.uk/vol1/fastq/ERR209/ERR209780/ERR209780_2.fastq.gz	ftp.sra.ebi.ac.uk/vol1/run/ERR209/ERR209780/V1.UC17-0_090110.rmhost.pair.1.fq.gz;ftp.sra.ebi.ac.uk/vol1/run/ERR209/ERR209780/V1.UC17-0_090110.rmhost.pair.2.fq.gz	
ERR210259	PRJEB1220	SAMEA2042556	ERX184924	408170	human gut metagenome	ftp.sra.ebi.ac.uk/vol1/fastq/ERR210/ERR210259/ERR210259.fastq.gz	ftp.sra.ebi.ac.uk/vol1/run/ERR210/ERR210259/MH0126_20091023.rmhost.single.fq.gz	
ERR209067	PRJEB1220	SAMEA2042285	ERX183732	408170	human gut metagenome	ftp.sra.ebi.ac.uk/vol1/fastq/ERR209/ERR209067/ERR209067_1.fastq.gz;ftp.sra.ebi.ac.uk/vol1/fastq/ERR209/ERR209067/ERR209067_2.fastq.gz	ftp.sra.ebi.ac.uk/vol1/run/ERR209/ERR209067/MH0006_081109.rmhost.pair.1.fq.gz;ftp.sra.ebi.ac.uk/vol1/run/ERR209/ERR209067/MH0006_081109.rmhost.pair.2.fq.gz	
ERR210261	PRJEB1220	SAMEA2042556	ERX184926	408170	human gut metagenome	ftp.sra.ebi.ac.uk/vol1/fastq/ERR210/ERR210261/ERR210261.fastq.gz	ftp.sra.ebi.ac.uk/vol1/run/ERR210/ERR210261/MH0126_20100129L2.rmhost.single.fq.gz	
ERR210262	PRJEB1220	SAMEA2042556	ERX184927	408170	human gut metagenome	ftp.sra.ebi.ac.uk/vol1/fastq/ERR210/ERR210262/ERR210262.fastq.gz	ftp.sra.ebi.ac.uk/vol1/run/ERR210/ERR210262/MH0126_20100129L3.rmhost.single.fq.gz	
ERR209781	PRJEB1220	SAMEA2042445	ERX184446	408170	human gut metagenome	ftp.sra.ebi.ac.uk/vol1/fastq/ERR209/ERR209781/ERR209781_1.fastq.gz;ftp.sra.ebi.ac.uk/vol1/fastq/ERR209/ERR209781/ERR209781_2.fastq.gz	ftp.sra.ebi.ac.uk/vol1/run/ERR209/ERR209781/V1.UC17-0_090127.rmhost.pair.1.fq.gz;ftp.sra.ebi.ac.uk/vol1/run/ERR209/ERR209781/V1.UC17-0_090127.rmhost.pair.2.fq.gz	
ERR210263	PRJEB1220	SAMEA2042557	ERX184928	408170	human gut metagenome	ftp.sra.ebi.ac.uk/vol1/fastq/ERR210/ERR210263/ERR210263.fastq.gz	ftp.sra.ebi.ac.uk/vol1/run/ERR210/ERR210263/MH0127_20091023.rmhost.single.fq.gz	
ERR209068	PRJEB1220	SAMEA2042285	ERX183733	408170	human gut metagenome	ftp.sra.ebi.ac.uk/vol1/fastq/ERR209/ERR209068/ERR209068_1.fastq.gz;ftp.sra.ebi.ac.uk/vol1/fastq/ERR209/ERR209068/ERR209068_2.fastq.gz	ftp.sra.ebi.ac.uk/vol1/run/ERR209/ERR209068/MH0006_081120.rmhost.pair.1.fq.gz;ftp.sra.ebi.ac.uk/vol1/run/ERR209/ERR209068/MH0006_081120.rmhost.pair.2.fq.gz	
ERR209783	PRJEB1220	SAMEA2042446	ERX184448	408170	human gut metagenome	ftp.sra.ebi.ac.uk/vol1/fastq/ERR209/ERR209783/ERR209783_1.fastq.gz;ftp.sra.ebi.ac.uk/vol1/fastq/ERR209/ERR209783/ERR209783_2.fastq.gz	ftp.sra.ebi.ac.uk/vol1/run/ERR209/ERR209783/V1.UC17-2_100525.rmhost.pair.1.fq.gz;ftp.sra.ebi.ac.uk/vol1/run/ERR209/ERR209783/V1.UC17-2_100525.rmhost.pair.2.fq.gz	
ERR210265	PRJEB1220	SAMEA2042557	ERX184930	408170	human gut metagenome	ftp.sra.ebi.ac.uk/vol1/fastq/ERR210/ERR210265/ERR210265.fastq.gz	ftp.sra.ebi.ac.uk/vol1/run/ERR210/ERR210265/MH0127_20100125L4.rmhost.single.fq.gz	
ERR209072	PRJEB1220	SAMEA2042285	ERX183737	408170	human gut metagenome	ftp.sra.ebi.ac.uk/vol1/fastq/ERR209/ERR209072/ERR209072_1.fastq.gz;ftp.sra.ebi.ac.uk/vol1/fastq/ERR209/ERR209072/ERR209072_2.fastq.gz	ftp.sra.ebi.ac.uk/vol1/run/ERR209/ERR209072/MH0006_lane8.rmhost.pair.1.fq.gz;ftp.sra.ebi.ac.uk/vol1/run/ERR209/ERR209072/MH0006_lane8.rmhost.pair.2.fq.gz	
ERR209786	PRJEB1220	SAMEA2042448	ERX184451	408170	human gut metagenome	ftp.sra.ebi.ac.uk/vol1/fastq/ERR209/ERR209786/ERR209786_1.fastq.gz;ftp.sra.ebi.ac.uk/vol1/fastq/ERR209/ERR209786/ERR209786_2.fastq.gz	ftp.sra.ebi.ac.uk/vol1/run/ERR209/ERR209786/V1.UC19-0_090112.rmhost.pair.1.fq.gz;ftp.sra.ebi.ac.uk/vol1/run/ERR209/ERR209786/V1.UC19-0_090112.rmhost.pair.2.fq.gz	
ERR210268	PRJEB1220	SAMEA2042558	ERX184933	408170	human gut metagenome	ftp.sra.ebi.ac.uk/vol1/fastq/ERR210/ERR210268/ERR210268.fastq.gz	ftp.sra.ebi.ac.uk/vol1/run/ERR210/ERR210268/MH0128_20100124L8.rmhost.single.fq.gz	
ERR209790	PRJEB1220	SAMEA2042451	ERX184455	408170	human gut metagenome	ftp.sra.ebi.ac.uk/vol1/fastq/ERR209/ERR209790/ERR209790_1.fastq.gz;ftp.sra.ebi.ac.uk/vol1/fastq/ERR209/ERR209790/ERR209790_2.fastq.gz	ftp.sra.ebi.ac.uk/vol1/run/ERR209/ERR209790/V1.UC21-0_090127.rmhost.pair.1.fq.gz;ftp.sra.ebi.ac.uk/vol1/run/ERR209/ERR209790/V1.UC21-0_090127.rmhost.pair.2.fq.gz	
ERR209074	PRJEB1220	SAMEA2042286	ERX183739	408170	human gut metagenome	ftp.sra.ebi.ac.uk/vol1/fastq/ERR209/ERR209074/ERR209074_1.fastq.gz;ftp.sra.ebi.ac.uk/vol1/fastq/ERR209/ERR209074/ERR209074_2.fastq.gz	ftp.sra.ebi.ac.uk/vol1/run/ERR209/ERR209074/MH0007_081123.rmhost.pair.1.fq.gz;ftp.sra.ebi.ac.uk/vol1/run/ERR209/ERR209074/MH0007_081123.rmhost.pair.2.fq.gz	
ERR210270	PRJEB1220	SAMEA2042558	ERX184935	408170	human gut metagenome	ftp.sra.ebi.ac.uk/vol1/fastq/ERR210/ERR210270/ERR210270.fastq.gz	ftp.sra.ebi.ac.uk/vol1/run/ERR210/ERR210270/MH0128_20100128L8.rmhost.single.fq.gz	
ERR209075	PRJEB1220	SAMEA1972794	ERX183740	408170	human gut metagenome	ftp.sra.ebi.ac.uk/vol1/fastq/ERR209/ERR209075/ERR209075_1.fastq.gz;ftp.sra.ebi.ac.uk/vol1/fastq/ERR209/ERR209075/ERR209075_2.fastq.gz	ftp.sra.ebi.ac.uk/vol1/run/ERR209/ERR209075/MH0008_081113.rmhost.pair.1.fq.gz;ftp.sra.ebi.ac.uk/vol1/run/ERR209/ERR209075/MH0008_081113.rmhost.pair.2.fq.gz	
ERR210272	PRJEB1220	SAMEA2042559	ERX184937	408170	human gut metagenome	ftp.sra.ebi.ac.uk/vol1/fastq/ERR210/ERR210272/ERR210272.fastq.gz	ftp.sra.ebi.ac.uk/vol1/run/ERR210/ERR210272/MH0129_20100124L7.rmhost.single.fq.gz	
ERR209792	PRJEB1220	SAMEA2042452	ERX184457	408170	human gut metagenome	ftp.sra.ebi.ac.uk/vol1/fastq/ERR209/ERR209792/ERR209792_1.fastq.gz;ftp.sra.ebi.ac.uk/vol1/fastq/ERR209/ERR209792/ERR209792_2.fastq.gz	ftp.sra.ebi.ac.uk/vol1/run/ERR209/ERR209792/V1.UC21-4_100525.rmhost.pair.1.fq.gz;ftp.sra.ebi.ac.uk/vol1/run/ERR209/ERR209792/V1.UC21-4_100525.rmhost.pair.2.fq.gz	
ERR209079	PRJEB1220	SAMEA2042360	ERX183744	408170	human gut metagenome	ftp.sra.ebi.ac.uk/vol1/fastq/ERR209/ERR209079/ERR209079_1.fastq.gz;ftp.sra.ebi.ac.uk/vol1/fastq/ERR209/ERR209079/ERR209079_2.fastq.gz	ftp.sra.ebi.ac.uk/vol1/run/ERR209/ERR209079/MH0009_090109.rmhost.pair.1.fq.gz;ftp.sra.ebi.ac.uk/vol1/run/ERR209/ERR209079/MH0009_090109.rmhost.pair.2.fq.gz	
ERR209795	PRJEB1220	SAMEA2042504	ERX184460	408170	human gut metagenome	ftp.sra.ebi.ac.uk/vol1/fastq/ERR209/ERR209795/ERR209795_1.fastq.gz;ftp.sra.ebi.ac.uk/vol1/fastq/ERR209/ERR209795/ERR209795_2.fastq.gz	ftp.sra.ebi.ac.uk/vol1/run/ERR209/ERR209795/V1.UC23-1_100515.rmhost.pair.1.fq.gz;ftp.sra.ebi.ac.uk/vol1/run/ERR209/ERR209795/V1.UC23-1_100515.rmhost.pair.2.fq.gz	
ERR210273	PRJEB1220	SAMEA2042559	ERX184938	408170	human gut metagenome	ftp.sra.ebi.ac.uk/vol1/fastq/ERR210/ERR210273/ERR210273.fastq.gz	ftp.sra.ebi.ac.uk/vol1/run/ERR210/ERR210273/MH0129_20100125L4.rmhost.single.fq.gz	
ERR209084	PRJEB1220	SAMEA2042362	ERX183749	408170	human gut metagenome	ftp.sra.ebi.ac.uk/vol1/fastq/ERR209/ERR209084/ERR209084_1.fastq.gz;ftp.sra.ebi.ac.uk/vol1/fastq/ERR209/ERR209084/ERR209084_2.fastq.gz	ftp.sra.ebi.ac.uk/vol1/run/ERR209/ERR209084/MH0011_090120.rmhost.pair.1.fq.gz;ftp.sra.ebi.ac.uk/vol1/run/ERR209/ERR209084/MH0011_090120.rmhost.pair.2.fq.gz	
ERR210277	PRJEB1220	SAMEA2042560	ERX184942	408170	human gut metagenome	ftp.sra.ebi.ac.uk/vol1/fastq/ERR210/ERR210277/ERR210277.fastq.gz	ftp.sra.ebi.ac.uk/vol1/run/ERR210/ERR210277/MH0130_20100129L2.rmhost.single.fq.gz	
ERR209087	PRJEB1220	SAMEA2042363	ERX183752	408170	human gut metagenome	ftp.sra.ebi.ac.uk/vol1/fastq/ERR209/ERR209087/ERR209087_1.fastq.gz;ftp.sra.ebi.ac.uk/vol1/fastq/ERR209/ERR209087/ERR209087_2.fastq.gz	ftp.sra.ebi.ac.uk/vol1/run/ERR209/ERR209087/MH0012_090120.rmhost.pair.1.fq.gz;ftp.sra.ebi.ac.uk/vol1/run/ERR209/ERR209087/MH0012_090120.rmhost.pair.2.fq.gz	
ERR209796	PRJEB1220	SAMEA2042504	ERX184461	408170	human gut metagenome	ftp.sra.ebi.ac.uk/vol1/fastq/ERR209/ERR209796/ERR209796_1.fastq.gz;ftp.sra.ebi.ac.uk/vol1/fastq/ERR209/ERR209796/ERR209796_2.fastq.gz	ftp.sra.ebi.ac.uk/vol1/run/ERR209/ERR209796/V1.UC23-1_100525.rmhost.pair.1.fq.gz;ftp.sra.ebi.ac.uk/vol1/run/ERR209/ERR209796/V1.UC23-1_100525.rmhost.pair.2.fq.gz	
ERR210279	PRJEB1220	SAMEA2042561	ERX184944	408170	human gut metagenome	ftp.sra.ebi.ac.uk/vol1/fastq/ERR210/ERR210279/ERR210279.fastq.gz	ftp.sra.ebi.ac.uk/vol1/run/ERR210/ERR210279/MH0132_20091028.rmhost.single.fq.gz	
ERR209090	PRJEB1220	SAMEA2042363	ERX183755	408170	human gut metagenome	ftp.sra.ebi.ac.uk/vol1/fastq/ERR209/ERR209090/ERR209090_1.fastq.gz;ftp.sra.ebi.ac.uk/vol1/fastq/ERR209/ERR209090/ERR209090_2.fastq.gz	ftp.sra.ebi.ac.uk/vol1/run/ERR209/ERR209090/MH0012_lane4.rmhost.pair.1.fq.gz;ftp.sra.ebi.ac.uk/vol1/run/ERR209/ERR209090/MH0012_lane4.rmhost.pair.2.fq.gz	
ERR209797	PRJEB1220	SAMEA2042505	ERX184462	408170	human gut metagenome	ftp.sra.ebi.ac.uk/vol1/fastq/ERR209/ERR209797/ERR209797_1.fastq.gz;ftp.sra.ebi.ac.uk/vol1/fastq/ERR209/ERR209797/ERR209797_2.fastq.gz	ftp.sra.ebi.ac.uk/vol1/run/ERR209/ERR209797/V1.UC24-0_20100205.rmhost.pair.1.fq.gz;ftp.sra.ebi.ac.uk/vol1/run/ERR209/ERR209797/V1.UC24-0_20100205.rmhost.pair.2.fq.gz	
ERR210280	PRJEB1220	SAMEA2042561	ERX184945	408170	human gut metagenome	ftp.sra.ebi.ac.uk/vol1/fastq/ERR210/ERR210280/ERR210280.fastq.gz	ftp.sra.ebi.ac.uk/vol1/run/ERR210/ERR210280/MH0132_20100124L7.rmhost.single.fq.gz	
ERR209094	PRJEB1220	SAMEA2042365	ERX183759	408170	human gut metagenome	ftp.sra.ebi.ac.uk/vol1/fastq/ERR209/ERR209094/ERR209094_1.fastq.gz;ftp.sra.ebi.ac.uk/vol1/fastq/ERR209/ERR209094/ERR209094_2.fastq.gz	ftp.sra.ebi.ac.uk/vol1/run/ERR209/ERR209094/MH0014_081203.rmhost.pair.1.fq.gz;ftp.sra.ebi.ac.uk/vol1/run/ERR209/ERR209094/MH0014_081203.rmhost.pair.2.fq.gz	
ERR209803	PRJEB1220	SAMEA2042507	ERX184468	408170	human gut metagenome	ftp.sra.ebi.ac.uk/vol1/fastq/ERR209/ERR209803/ERR209803_1.fastq.gz;ftp.sra.ebi.ac.uk/vol1/fastq/ERR209/ERR209803/ERR209803_2.fastq.gz	ftp.sra.ebi.ac.uk/vol1/run/ERR209/ERR209803/V1.UC25-1_100515.rmhost.pair.1.fq.gz;ftp.sra.ebi.ac.uk/vol1/run/ERR209/ERR209803/V1.UC25-1_100515.rmhost.pair.2.fq.gz	
ERR210285	PRJEB1220	SAMEA2042562	ERX184950	408170	human gut metagenome	ftp.sra.ebi.ac.uk/vol1/fastq/ERR210/ERR210285/ERR210285.fastq.gz	ftp.sra.ebi.ac.uk/vol1/run/ERR210/ERR210285/MH0133_20100125L4.rmhost.single.fq.gz	
ERR209095	PRJEB1220	SAMEA2042365	ERX183760	408170	human gut metagenome	ftp.sra.ebi.ac.uk/vol1/fastq/ERR209/ERR209095/ERR209095_1.fastq.gz;ftp.sra.ebi.ac.uk/vol1/fastq/ERR209/ERR209095/ERR209095_2.fastq.gz	ftp.sra.ebi.ac.uk/vol1/run/ERR209/ERR209095/MH0014_081224.rmhost.pair.1.fq.gz;ftp.sra.ebi.ac.uk/vol1/run/ERR209/ERR209095/MH0014_081224.rmhost.pair.2.fq.gz	
ERR209807	PRJEB1220	SAMEA2042509	ERX184472	408170	human gut metagenome	ftp.sra.ebi.ac.uk/vol1/fastq/ERR209/ERR209807/ERR209807_1.fastq.gz;ftp.sra.ebi.ac.uk/vol1/fastq/ERR209/ERR209807/ERR209807_2.fastq.gz	ftp.sra.ebi.ac.uk/vol1/run/ERR209/ERR209807/V1.UC26-4_100703.rmhost.pair.1.fq.gz;ftp.sra.ebi.ac.uk/vol1/run/ERR209/ERR209807/V1.UC26-4_100703.rmhost.pair.2.fq.gz	
ERR209102	PRJEB1220	SAMEA2042368	ERX183767	408170	human gut metagenome	ftp.sra.ebi.ac.uk/vol1/fastq/ERR209/ERR209102/ERR209102_1.fastq.gz;ftp.sra.ebi.ac.uk/vol1/fastq/ERR209/ERR209102/ERR209102_2.fastq.gz	ftp.sra.ebi.ac.uk/vol1/run/ERR209/ERR209102/MH0017_081108.rmhost.pair.1.fq.gz;ftp.sra.ebi.ac.uk/vol1/run/ERR209/ERR209102/MH0017_081108.rmhost.pair.2.fq.gz	
ERR209809	PRJEB1220	SAMEA2042510	ERX184474	408170	human gut metagenome	ftp.sra.ebi.ac.uk/vol1/fastq/ERR209/ERR209809/ERR209809_1.fastq.gz;ftp.sra.ebi.ac.uk/vol1/fastq/ERR209/ERR209809/ERR209809_2.fastq.gz	ftp.sra.ebi.ac.uk/vol1/run/ERR209/ERR209809/V1.UC27-0_2010123.rmhost.pair.1.fq.gz;ftp.sra.ebi.ac.uk/vol1/run/ERR209/ERR209809/V1.UC27-0_2010123.rmhost.pair.2.fq.gz	
ERR210288	PRJEB1220	SAMEA2042563	ERX184953	408170	human gut metagenome	ftp.sra.ebi.ac.uk/vol1/fastq/ERR210/ERR210288/ERR210288.fastq.gz	ftp.sra.ebi.ac.uk/vol1/run/ERR210/ERR210288/MH0134_20100124L6.rmhost.single.fq.gz	
ERR209810	PRJEB1220	SAMEA2042511	ERX184475	408170	human gut metagenome	ftp.sra.ebi.ac.uk/vol1/fastq/ERR209/ERR209810/ERR209810_1.fastq.gz;ftp.sra.ebi.ac.uk/vol1/fastq/ERR209/ERR209810/ERR209810_2.fastq.gz	ftp.sra.ebi.ac.uk/vol1/run/ERR209/ERR209810/V1.UC28-0_20100205.rmhost.pair.1.fq.gz;ftp.sra.ebi.ac.uk/vol1/run/ERR209/ERR209810/V1.UC28-0_20100205.rmhost.pair.2.fq.gz	
ERR209105	PRJEB1220	SAMEA2042369	ERX183770	408170	human gut metagenome	ftp.sra.ebi.ac.uk/vol1/fastq/ERR209/ERR209105/ERR209105_1.fastq.gz;ftp.sra.ebi.ac.uk/vol1/fastq/ERR209/ERR209105/ERR209105_2.fastq.gz	ftp.sra.ebi.ac.uk/vol1/run/ERR209/ERR209105/MH0018_081119.rmhost.pair.1.fq.gz;ftp.sra.ebi.ac.uk/vol1/run/ERR209/ERR209105/MH0018_081119.rmhost.pair.2.fq.gz	
ERR209816	PRJEB1220	SAMEA2042517	ERX184481	408170	human gut metagenome	ftp.sra.ebi.ac.uk/vol1/fastq/ERR209/ERR209816/ERR209816_1.fastq.gz;ftp.sra.ebi.ac.uk/vol1/fastq/ERR209/ERR209816/ERR209816_2.fastq.gz	ftp.sra.ebi.ac.uk/vol1/run/ERR209/ERR209816/V1.UC31-0_100204.rmhost.pair.1.fq.gz;ftp.sra.ebi.ac.uk/vol1/run/ERR209/ERR209816/V1.UC31-0_100204.rmhost.pair.2.fq.gz	
ERR209106	PRJEB1220	SAMEA2042371	ERX183771	408170	human gut metagenome	ftp.sra.ebi.ac.uk/vol1/fastq/ERR209/ERR209106/ERR209106_1.fastq.gz;ftp.sra.ebi.ac.uk/vol1/fastq/ERR209/ERR209106/ERR209106_2.fastq.gz	ftp.sra.ebi.ac.uk/vol1/run/ERR209/ERR209106/MH0019_081108.rmhost.pair.1.fq.gz;ftp.sra.ebi.ac.uk/vol1/run/ERR209/ERR209106/MH0019_081108.rmhost.pair.2.fq.gz	
ERR210291	PRJEB1220	SAMEA2042564	ERX184956	408170	human gut metagenome	ftp.sra.ebi.ac.uk/vol1/fastq/ERR210/ERR210291/ERR210291.fastq.gz	ftp.sra.ebi.ac.uk/vol1/run/ERR210/ERR210291/MH0135_20091028.rmhost.single.fq.gz	
ERR209818	PRJEB1220	SAMEA2042518	ERX184483	408170	human gut metagenome	ftp.sra.ebi.ac.uk/vol1/fastq/ERR209/ERR209818/ERR209818_1.fastq.gz;ftp.sra.ebi.ac.uk/vol1/fastq/ERR209/ERR209818/ERR209818_2.fastq.gz	ftp.sra.ebi.ac.uk/vol1/run/ERR209/ERR209818/V1.UC31-4_100715.rmhost.pair.1.fq.gz;ftp.sra.ebi.ac.uk/vol1/run/ERR209/ERR209818/V1.UC31-4_100715.rmhost.pair.2.fq.gz	
ERR209108	PRJEB1220	SAMEA2042372	ERX183773	408170	human gut metagenome	ftp.sra.ebi.ac.uk/vol1/fastq/ERR209/ERR209108/ERR209108_1.fastq.gz;ftp.sra.ebi.ac.uk/vol1/fastq/ERR209/ERR209108/ERR209108_2.fastq.gz	ftp.sra.ebi.ac.uk/vol1/run/ERR209/ERR209108/MH0020_081224.rmhost.pair.1.fq.gz;ftp.sra.ebi.ac.uk/vol1/run/ERR209/ERR209108/MH0020_081224.rmhost.pair.2.fq.gz	
ERR209110	PRJEB1220	SAMEA2042373	ERX183775	408170	human gut metagenome	ftp.sra.ebi.ac.uk/vol1/fastq/ERR209/ERR209110/ERR209110_1.fastq.gz;ftp.sra.ebi.ac.uk/vol1/fastq/ERR209/ERR209110/ERR209110_2.fastq.gz	ftp.sra.ebi.ac.uk/vol1/run/ERR209/ERR209110/MH0021_081224.rmhost.pair.1.fq.gz;ftp.sra.ebi.ac.uk/vol1/run/ERR209/ERR209110/MH0021_081224.rmhost.pair.2.fq.gz	
ERR209824	PRJEB1220	SAMEA2042520	ERX184489	408170	human gut metagenome	ftp.sra.ebi.ac.uk/vol1/fastq/ERR209/ERR209824/ERR209824_1.fastq.gz;ftp.sra.ebi.ac.uk/vol1/fastq/ERR209/ERR209824/ERR209824_2.fastq.gz	ftp.sra.ebi.ac.uk/vol1/run/ERR209/ERR209824/V1.UC33-0_100525.rmhost.pair.1.fq.gz;ftp.sra.ebi.ac.uk/vol1/run/ERR209/ERR209824/V1.UC33-0_100525.rmhost.pair.2.fq.gz	
ERR210296	PRJEB1220	SAMEA2042566	ERX184961	408170	human gut metagenome	ftp.sra.ebi.ac.uk/vol1/fastq/ERR210/ERR210296/ERR210296.fastq.gz	ftp.sra.ebi.ac.uk/vol1/run/ERR210/ERR210296/MH0136_20100128L6.rmhost.single.fq.gz	
ERR209116	PRJEB1220	SAMEA2042376	ERX183781	408170	human gut metagenome	ftp.sra.ebi.ac.uk/vol1/fastq/ERR209/ERR209116/ERR209116_1.fastq.gz;ftp.sra.ebi.ac.uk/vol1/fastq/ERR209/ERR209116/ERR209116_2.fastq.gz	ftp.sra.ebi.ac.uk/vol1/run/ERR209/ERR209116/MH0024_081224.rmhost.pair.1.fq.gz;ftp.sra.ebi.ac.uk/vol1/run/ERR209/ERR209116/MH0024_081224.rmhost.pair.2.fq.gz	
ERR209825	PRJEB1220	SAMEA2042570	ERX184490	408170	human gut metagenome	ftp.sra.ebi.ac.uk/vol1/fastq/ERR209/ERR209825/ERR209825_1.fastq.gz;ftp.sra.ebi.ac.uk/vol1/fastq/ERR209/ERR209825/ERR209825_2.fastq.gz	ftp.sra.ebi.ac.uk/vol1/run/ERR209/ERR209825/V1.UC34-0_100515.rmhost.pair.1.fq.gz;ftp.sra.ebi.ac.uk/vol1/run/ERR209/ERR209825/V1.UC34-0_100515.rmhost.pair.2.fq.gz	
ERR210297	PRJEB1220	SAMEA2042566	ERX184962	408170	human gut metagenome	ftp.sra.ebi.ac.uk/vol1/fastq/ERR210/ERR210297/ERR210297.fastq.gz	ftp.sra.ebi.ac.uk/vol1/run/ERR210/ERR210297/MH0136_20100129L2.rmhost.single.fq.gz	
ERR209826	PRJEB1220	SAMEA2042570	ERX184491	408170	human gut metagenome	ftp.sra.ebi.ac.uk/vol1/fastq/ERR209/ERR209826/ERR209826_1.fastq.gz;ftp.sra.ebi.ac.uk/vol1/fastq/ERR209/ERR209826/ERR209826_2.fastq.gz	ftp.sra.ebi.ac.uk/vol1/run/ERR209/ERR209826/V1.UC34-0_100525.rmhost.pair.1.fq.gz;ftp.sra.ebi.ac.uk/vol1/run/ERR209/ERR209826/V1.UC34-0_100525.rmhost.pair.2.fq.gz	
ERR209117	PRJEB1220	SAMEA2042376	ERX183782	408170	human gut metagenome	ftp.sra.ebi.ac.uk/vol1/fastq/ERR209/ERR209117/ERR209117_1.fastq.gz;ftp.sra.ebi.ac.uk/vol1/fastq/ERR209/ERR209117/ERR209117_2.fastq.gz	ftp.sra.ebi.ac.uk/vol1/run/ERR209/ERR209117/MH0024_090121.rmhost.pair.1.fq.gz;ftp.sra.ebi.ac.uk/vol1/run/ERR209/ERR209117/MH0024_090121.rmhost.pair.2.fq.gz	
ERR210298	PRJEB1220	SAMEA2042566	ERX184963	408170	human gut metagenome	ftp.sra.ebi.ac.uk/vol1/fastq/ERR210/ERR210298/ERR210298.fastq.gz	ftp.sra.ebi.ac.uk/vol1/run/ERR210/ERR210298/MH0136_20100129L3.rmhost.single.fq.gz	
ERR209119	PRJEB1220	SAMEA2042087	ERX183784	408170	human gut metagenome	ftp.sra.ebi.ac.uk/vol1/fastq/ERR209/ERR209119/ERR209119_1.fastq.gz;ftp.sra.ebi.ac.uk/vol1/fastq/ERR209/ERR209119/ERR209119_2.fastq.gz	ftp.sra.ebi.ac.uk/vol1/run/ERR209/ERR209119/MH0025_090121.rmhost.pair.1.fq.gz;ftp.sra.ebi.ac.uk/vol1/run/ERR209/ERR209119/MH0025_090121.rmhost.pair.2.fq.gz	
ERR210299	PRJEB1220	SAMEA2042567	ERX184964	408170	human gut metagenome	ftp.sra.ebi.ac.uk/vol1/fastq/ERR210/ERR210299/ERR210299.fastq.gz	ftp.sra.ebi.ac.uk/vol1/run/ERR210/ERR210299/MH0137_20091011.rmhost.single.fq.gz	
ERR210301	PRJEB1220	SAMEA2042567	ERX184966	408170	human gut metagenome	ftp.sra.ebi.ac.uk/vol1/fastq/ERR210/ERR210301/ERR210301.fastq.gz	ftp.sra.ebi.ac.uk/vol1/run/ERR210/ERR210301/MH0137_20100128L7.rmhost.single.fq.gz	
ERR209827	PRJEB1220	SAMEA2042571	ERX184492	408170	human gut metagenome	ftp.sra.ebi.ac.uk/vol1/fastq/ERR209/ERR209827/ERR209827_1.fastq.gz;ftp.sra.ebi.ac.uk/vol1/fastq/ERR209/ERR209827/ERR209827_2.fastq.gz	ftp.sra.ebi.ac.uk/vol1/run/ERR209/ERR209827/V1.UC35-0_100515.rmhost.pair.1.fq.gz;ftp.sra.ebi.ac.uk/vol1/run/ERR209/ERR209827/V1.UC35-0_100515.rmhost.pair.2.fq.gz	
ERR209120	PRJEB1220	SAMEA2042088	ERX183785	408170	human gut metagenome	ftp.sra.ebi.ac.uk/vol1/fastq/ERR209/ERR209120/ERR209120_1.fastq.gz;ftp.sra.ebi.ac.uk/vol1/fastq/ERR209/ERR209120/ERR209120_2.fastq.gz	ftp.sra.ebi.ac.uk/vol1/run/ERR209/ERR209120/MH0026_081224.rmhost.pair.1.fq.gz;ftp.sra.ebi.ac.uk/vol1/run/ERR209/ERR209120/MH0026_081224.rmhost.pair.2.fq.gz	
ERR210315	PRJEB1220	SAMEA2042609	ERX184980	408170	human gut metagenome	ftp.sra.ebi.ac.uk/vol1/fastq/ERR210/ERR210315/ERR210315.fastq.gz	ftp.sra.ebi.ac.uk/vol1/run/ERR210/ERR210315/MH0147_20100129L2.rmhost.single.fq.gz	
ERR209829	PRJEB1220	SAMEA2042572	ERX184494	408170	human gut metagenome	ftp.sra.ebi.ac.uk/vol1/fastq/ERR209/ERR209829/ERR209829_1.fastq.gz;ftp.sra.ebi.ac.uk/vol1/fastq/ERR209/ERR209829/ERR209829_2.fastq.gz	ftp.sra.ebi.ac.uk/vol1/run/ERR209/ERR209829/V1.UC35-4_100703.rmhost.pair.1.fq.gz;ftp.sra.ebi.ac.uk/vol1/run/ERR209/ERR209829/V1.UC35-4_100703.rmhost.pair.2.fq.gz	
ERR209122	PRJEB1220	SAMEA2042089	ERX183787	408170	human gut metagenome	ftp.sra.ebi.ac.uk/vol1/fastq/ERR209/ERR209122/ERR209122_1.fastq.gz;ftp.sra.ebi.ac.uk/vol1/fastq/ERR209/ERR209122/ERR209122_2.fastq.gz	ftp.sra.ebi.ac.uk/vol1/run/ERR209/ERR209122/MH0027_081108.rmhost.pair.1.fq.gz;ftp.sra.ebi.ac.uk/vol1/run/ERR209/ERR209122/MH0027_081108.rmhost.pair.2.fq.gz	
ERR210322	PRJEB1220	SAMEA1973207	ERX184987	408170	human gut metagenome	ftp.sra.ebi.ac.uk/vol1/fastq/ERR210/ERR210322/ERR210322.fastq.gz	ftp.sra.ebi.ac.uk/vol1/run/ERR210/ERR210322/MH0151_20091105.rmhost.single.fq.gz	
ERR209830	PRJEB1220	SAMEA2042572	ERX184495	408170	human gut metagenome	ftp.sra.ebi.ac.uk/vol1/fastq/ERR209/ERR209830/ERR209830_1.fastq.gz;ftp.sra.ebi.ac.uk/vol1/fastq/ERR209/ERR209830/ERR209830_2.fastq.gz	ftp.sra.ebi.ac.uk/vol1/run/ERR209/ERR209830/V1.UC35-4_100715.rmhost.pair.1.fq.gz;ftp.sra.ebi.ac.uk/vol1/run/ERR209/ERR209830/V1.UC35-4_100715.rmhost.pair.2.fq.gz	
ERR210323	PRJEB1220	SAMEA2042613	ERX184988	408170	human gut metagenome	ftp.sra.ebi.ac.uk/vol1/fastq/ERR210/ERR210323/ERR210323.fastq.gz	ftp.sra.ebi.ac.uk/vol1/run/ERR210/ERR210323/MH0152_20091105.rmhost.single.fq.gz	
ERR209836	PRJEB1220	SAMEA2042576	ERX184501	408170	human gut metagenome	ftp.sra.ebi.ac.uk/vol1/fastq/ERR209/ERR209836/ERR209836_1.fastq.gz;ftp.sra.ebi.ac.uk/vol1/fastq/ERR209/ERR209836/ERR209836_2.fastq.gz	ftp.sra.ebi.ac.uk/vol1/run/ERR209/ERR209836/V1.UC39-0_20100208.rmhost.pair.1.fq.gz;ftp.sra.ebi.ac.uk/vol1/run/ERR209/ERR209836/V1.UC39-0_20100208.rmhost.pair.2.fq.gz	
ERR209123	PRJEB1220	SAMEA2042089	ERX183788	408170	human gut metagenome	ftp.sra.ebi.ac.uk/vol1/fastq/ERR209/ERR209123/ERR209123_1.fastq.gz;ftp.sra.ebi.ac.uk/vol1/fastq/ERR209/ERR209123/ERR209123_2.fastq.gz	ftp.sra.ebi.ac.uk/vol1/run/ERR209/ERR209123/MH0027_081119.rmhost.pair.1.fq.gz;ftp.sra.ebi.ac.uk/vol1/run/ERR209/ERR209123/MH0027_081119.rmhost.pair.2.fq.gz	
ERR210332	PRJEB1220	SAMEA2042646	ERX184997	408170	human gut metagenome	ftp.sra.ebi.ac.uk/vol1/fastq/ERR210/ERR210332/ERR210332.fastq.gz	ftp.sra.ebi.ac.uk/vol1/run/ERR210/ERR210332/MH0162_20091115.rmhost.single.fq.gz	
ERR209126	PRJEB1220	SAMEA2042090	ERX183791	408170	human gut metagenome	ftp.sra.ebi.ac.uk/vol1/fastq/ERR209/ERR209126/ERR209126_1.fastq.gz;ftp.sra.ebi.ac.uk/vol1/fastq/ERR209/ERR209126/ERR209126_2.fastq.gz	ftp.sra.ebi.ac.uk/vol1/run/ERR209/ERR209126/MH0030_081224.rmhost.pair.1.fq.gz;ftp.sra.ebi.ac.uk/vol1/run/ERR209/ERR209126/MH0030_081224.rmhost.pair.2.fq.gz	
ERR209839	PRJEB1220	SAMEA2042579	ERX184504	408170	human gut metagenome	ftp.sra.ebi.ac.uk/vol1/fastq/ERR209/ERR209839/ERR209839_1.fastq.gz;ftp.sra.ebi.ac.uk/vol1/fastq/ERR209/ERR209839/ERR209839_2.fastq.gz	ftp.sra.ebi.ac.uk/vol1/run/ERR209/ERR209839/V1.UC40-0_2010121.rmhost.pair.1.fq.gz;ftp.sra.ebi.ac.uk/vol1/run/ERR209/ERR209839/V1.UC40-0_2010121.rmhost.pair.2.fq.gz	
ERR210333	PRJEB1220	SAMEA2042647	ERX184998	408170	human gut metagenome	ftp.sra.ebi.ac.uk/vol1/fastq/ERR210/ERR210333/ERR210333.fastq.gz	ftp.sra.ebi.ac.uk/vol1/run/ERR210/ERR210333/MH0163_20091103.rmhost.single.fq.gz	
ERR209129	PRJEB1220	SAMEA2042091	ERX183794	408170	human gut metagenome	ftp.sra.ebi.ac.uk/vol1/fastq/ERR209/ERR209129/ERR209129_1.fastq.gz;ftp.sra.ebi.ac.uk/vol1/fastq/ERR209/ERR209129/ERR209129_2.fastq.gz	ftp.sra.ebi.ac.uk/vol1/run/ERR209/ERR209129/MH0031_090121.rmhost.pair.1.fq.gz;ftp.sra.ebi.ac.uk/vol1/run/ERR209/ERR209129/MH0031_090121.rmhost.pair.2.fq.gz	
ERR210341	PRJEB1220	SAMEA2042650	ERX185006	408170	human gut metagenome	ftp.sra.ebi.ac.uk/vol1/fastq/ERR210/ERR210341/ERR210341.fastq.gz	ftp.sra.ebi.ac.uk/vol1/run/ERR210/ERR210341/MH0166_20091031.rmhost.single.fq.gz	
ERR209843	PRJEB1220	SAMEA2042581	ERX184508	408170	human gut metagenome	ftp.sra.ebi.ac.uk/vol1/fastq/ERR209/ERR209843/ERR209843_1.fastq.gz;ftp.sra.ebi.ac.uk/vol1/fastq/ERR209/ERR209843/ERR209843_2.fastq.gz	ftp.sra.ebi.ac.uk/vol1/run/ERR209/ERR209843/V1.UC42-0_2010121.rmhost.pair.1.fq.gz;ftp.sra.ebi.ac.uk/vol1/run/ERR209/ERR209843/V1.UC42-0_2010121.rmhost.pair.2.fq.gz	
ERR209133	PRJEB1220	SAMEA2042093	ERX183798	408170	human gut metagenome	ftp.sra.ebi.ac.uk/vol1/fastq/ERR209/ERR209133/ERR209133_1.fastq.gz;ftp.sra.ebi.ac.uk/vol1/fastq/ERR209/ERR209133/ERR209133_2.fastq.gz	ftp.sra.ebi.ac.uk/vol1/run/ERR209/ERR209133/MH0033_090122.rmhost.pair.1.fq.gz;ftp.sra.ebi.ac.uk/vol1/run/ERR209/ERR209133/MH0033_090122.rmhost.pair.2.fq.gz	
ERR210342	PRJEB1220	SAMEA2042650	ERX185007	408170	human gut metagenome	ftp.sra.ebi.ac.uk/vol1/fastq/ERR210/ERR210342/ERR210342.fastq.gz	ftp.sra.ebi.ac.uk/vol1/run/ERR210/ERR210342/MH0166_20100124L5.rmhost.single.fq.gz	
ERR209136	PRJEB1220	SAMEA2042096	ERX183801	408170	human gut metagenome	ftp.sra.ebi.ac.uk/vol1/fastq/ERR209/ERR209136/ERR209136_1.fastq.gz;ftp.sra.ebi.ac.uk/vol1/fastq/ERR209/ERR209136/ERR209136_2.fastq.gz	ftp.sra.ebi.ac.uk/vol1/run/ERR209/ERR209136/MH0035_081223.rmhost.pair.1.fq.gz;ftp.sra.ebi.ac.uk/vol1/run/ERR209/ERR209136/MH0035_081223.rmhost.pair.2.fq.gz	
ERR210343	PRJEB1220	SAMEA2042650	ERX185008	408170	human gut metagenome	ftp.sra.ebi.ac.uk/vol1/fastq/ERR210/ERR210343/ERR210343.fastq.gz	ftp.sra.ebi.ac.uk/vol1/run/ERR210/ERR210343/MH0166_20100305L3.rmhost.single.fq.gz	
ERR209846	PRJEB1220	SAMEA2042583	ERX184511	408170	human gut metagenome	ftp.sra.ebi.ac.uk/vol1/fastq/ERR209/ERR209846/ERR209846_1.fastq.gz;ftp.sra.ebi.ac.uk/vol1/fastq/ERR209/ERR209846/ERR209846_2.fastq.gz	ftp.sra.ebi.ac.uk/vol1/run/ERR209/ERR209846/V1.UC44-0_2010121.rmhost.pair.1.fq.gz;ftp.sra.ebi.ac.uk/vol1/run/ERR209/ERR209846/V1.UC44-0_2010121.rmhost.pair.2.fq.gz	
ERR209141	PRJEB1220	SAMEA2042098	ERX183806	408170	human gut metagenome	ftp.sra.ebi.ac.uk/vol1/fastq/ERR209/ERR209141/ERR209141_1.fastq.gz;ftp.sra.ebi.ac.uk/vol1/fastq/ERR209/ERR209141/ERR209141_2.fastq.gz	ftp.sra.ebi.ac.uk/vol1/run/ERR209/ERR209141/MH0037_090122.rmhost.pair.1.fq.gz;ftp.sra.ebi.ac.uk/vol1/run/ERR209/ERR209141/MH0037_090122.rmhost.pair.2.fq.gz	
ERR210347	PRJEB1220	SAMEA2042651	ERX185012	408170	human gut metagenome	ftp.sra.ebi.ac.uk/vol1/fastq/ERR210/ERR210347/ERR210347.fastq.gz	ftp.sra.ebi.ac.uk/vol1/run/ERR210/ERR210347/MH0167_20100125L3.rmhost.single.fq.gz	
ERR209852	PRJEB1220	SAMEA2042585	ERX184517	408170	human gut metagenome	ftp.sra.ebi.ac.uk/vol1/fastq/ERR209/ERR209852/ERR209852_1.fastq.gz;ftp.sra.ebi.ac.uk/vol1/fastq/ERR209/ERR209852/ERR209852_2.fastq.gz	ftp.sra.ebi.ac.uk/vol1/run/ERR209/ERR209852/V1.UC46-0_2010121.rmhost.pair.1.fq.gz;ftp.sra.ebi.ac.uk/vol1/run/ERR209/ERR209852/V1.UC46-0_2010121.rmhost.pair.2.fq.gz	
ERR209142	PRJEB1220	SAMEA2042099	ERX183807	408170	human gut metagenome	ftp.sra.ebi.ac.uk/vol1/fastq/ERR209/ERR209142/ERR209142_1.fastq.gz;ftp.sra.ebi.ac.uk/vol1/fastq/ERR209/ERR209142/ERR209142_2.fastq.gz	ftp.sra.ebi.ac.uk/vol1/run/ERR209/ERR209142/MH0038_081226.rmhost.pair.1.fq.gz;ftp.sra.ebi.ac.uk/vol1/run/ERR209/ERR209142/MH0038_081226.rmhost.pair.2.fq.gz	
ERR210350	PRJEB1220	SAMEA2042653	ERX185015	408170	human gut metagenome	ftp.sra.ebi.ac.uk/vol1/fastq/ERR210/ERR210350/ERR210350.fastq.gz	ftp.sra.ebi.ac.uk/vol1/run/ERR210/ERR210350/MH0168_20100125L2.rmhost.single.fq.gz	
ERR209143	PRJEB1220	SAMEA2042099	ERX183808	408170	human gut metagenome	ftp.sra.ebi.ac.uk/vol1/fastq/ERR209/ERR209143/ERR209143_1.fastq.gz;ftp.sra.ebi.ac.uk/vol1/fastq/ERR209/ERR209143/ERR209143_2.fastq.gz	ftp.sra.ebi.ac.uk/vol1/run/ERR209/ERR209143/MH0038_090122.rmhost.pair.1.fq.gz;ftp.sra.ebi.ac.uk/vol1/run/ERR209/ERR209143/MH0038_090122.rmhost.pair.2.fq.gz	
ERR209854	PRJEB1220	SAMEA2042619	ERX184519	408170	human gut metagenome	ftp.sra.ebi.ac.uk/vol1/fastq/ERR209/ERR209854/ERR209854_1.fastq.gz;ftp.sra.ebi.ac.uk/vol1/fastq/ERR209/ERR209854/ERR209854_2.fastq.gz	ftp.sra.ebi.ac.uk/vol1/run/ERR209/ERR209854/V1.UC48-0_100515.rmhost.pair.1.fq.gz;ftp.sra.ebi.ac.uk/vol1/run/ERR209/ERR209854/V1.UC48-0_100515.rmhost.pair.2.fq.gz	
ERR210354	PRJEB1220	SAMEA2042655	ERX185019	408170	human gut metagenome	ftp.sra.ebi.ac.uk/vol1/fastq/ERR210/ERR210354/ERR210354.fastq.gz	ftp.sra.ebi.ac.uk/vol1/run/ERR210/ERR210354/MH0170_20091116.rmhost.single.fq.gz	
ERR209144	PRJEB1220	SAMEA2042100	ERX183809	408170	human gut metagenome	ftp.sra.ebi.ac.uk/vol1/fastq/ERR209/ERR209144/ERR209144_1.fastq.gz;ftp.sra.ebi.ac.uk/vol1/fastq/ERR209/ERR209144/ERR209144_2.fastq.gz	ftp.sra.ebi.ac.uk/vol1/run/ERR209/ERR209144/MH0039_081226.rmhost.pair.1.fq.gz;ftp.sra.ebi.ac.uk/vol1/run/ERR209/ERR209144/MH0039_081226.rmhost.pair.2.fq.gz	
ERR209859	PRJEB1220	SAMEA2042621	ERX184524	408170	human gut metagenome	ftp.sra.ebi.ac.uk/vol1/fastq/ERR209/ERR209859/ERR209859_1.fastq.gz;ftp.sra.ebi.ac.uk/vol1/fastq/ERR209/ERR209859/ERR209859_2.fastq.gz	ftp.sra.ebi.ac.uk/vol1/run/ERR209/ERR209859/V1.UC49-1_100525.rmhost.pair.1.fq.gz;ftp.sra.ebi.ac.uk/vol1/run/ERR209/ERR209859/V1.UC49-1_100525.rmhost.pair.2.fq.gz	
ERR209148	PRJEB1220	SAMEA2042192	ERX183813	408170	human gut metagenome	ftp.sra.ebi.ac.uk/vol1/fastq/ERR209/ERR209148/ERR209148_1.fastq.gz;ftp.sra.ebi.ac.uk/vol1/fastq/ERR209/ERR209148/ERR209148_2.fastq.gz	ftp.sra.ebi.ac.uk/vol1/run/ERR209/ERR209148/MH0041_081222.rmhost.pair.1.fq.gz;ftp.sra.ebi.ac.uk/vol1/run/ERR209/ERR209148/MH0041_081222.rmhost.pair.2.fq.gz	
ERR209860	PRJEB1220	SAMEA2042622	ERX184525	408170	human gut metagenome	ftp.sra.ebi.ac.uk/vol1/fastq/ERR209/ERR209860/ERR209860_1.fastq.gz;ftp.sra.ebi.ac.uk/vol1/fastq/ERR209/ERR209860/ERR209860_2.fastq.gz	ftp.sra.ebi.ac.uk/vol1/run/ERR209/ERR209860/V1.UC5-0_100130.rmhost.pair.1.fq.gz;ftp.sra.ebi.ac.uk/vol1/run/ERR209/ERR209860/V1.UC5-0_100130.rmhost.pair.2.fq.gz	
ERR210355	PRJEB1220	SAMEA2042655	ERX185020	408170	human gut metagenome	ftp.sra.ebi.ac.uk/vol1/fastq/ERR210/ERR210355/ERR210355.fastq.gz	ftp.sra.ebi.ac.uk/vol1/run/ERR210/ERR210355/MH0170_20100124L6.rmhost.single.fq.gz	
ERR209149	PRJEB1220	SAMEA2042192	ERX183814	408170	human gut metagenome	ftp.sra.ebi.ac.uk/vol1/fastq/ERR209/ERR209149/ERR209149_1.fastq.gz;ftp.sra.ebi.ac.uk/vol1/fastq/ERR209/ERR209149/ERR209149_2.fastq.gz	ftp.sra.ebi.ac.uk/vol1/run/ERR209/ERR209149/MH0041_090125.rmhost.pair.1.fq.gz;ftp.sra.ebi.ac.uk/vol1/run/ERR209/ERR209149/MH0041_090125.rmhost.pair.2.fq.gz	
ERR209862	PRJEB1220	SAMEA2042624	ERX184527	408170	human gut metagenome	ftp.sra.ebi.ac.uk/vol1/fastq/ERR209/ERR209862/ERR209862_1.fastq.gz;ftp.sra.ebi.ac.uk/vol1/fastq/ERR209/ERR209862/ERR209862_2.fastq.gz	ftp.sra.ebi.ac.uk/vol1/run/ERR209/ERR209862/V1.UC50-1_100525.rmhost.pair.1.fq.gz;ftp.sra.ebi.ac.uk/vol1/run/ERR209/ERR209862/V1.UC50-1_100525.rmhost.pair.2.fq.gz	
ERR210356	PRJEB1220	SAMEA2042655	ERX185021	408170	human gut metagenome	ftp.sra.ebi.ac.uk/vol1/fastq/ERR210/ERR210356/ERR210356.fastq.gz	ftp.sra.ebi.ac.uk/vol1/run/ERR210/ERR210356/MH0170_20100125L2.rmhost.single.fq.gz	
ERR209151	PRJEB1220	SAMEA2042193	ERX183816	408170	human gut metagenome	ftp.sra.ebi.ac.uk/vol1/fastq/ERR209/ERR209151/ERR209151_1.fastq.gz;ftp.sra.ebi.ac.uk/vol1/fastq/ERR209/ERR209151/ERR209151_2.fastq.gz	ftp.sra.ebi.ac.uk/vol1/run/ERR209/ERR209151/MH0042_090125.rmhost.pair.1.fq.gz;ftp.sra.ebi.ac.uk/vol1/run/ERR209/ERR209151/MH0042_090125.rmhost.pair.2.fq.gz	
ERR210357	PRJEB1220	SAMEA2042655	ERX185022	408170	human gut metagenome	ftp.sra.ebi.ac.uk/vol1/fastq/ERR210/ERR210357/ERR210357.fastq.gz	ftp.sra.ebi.ac.uk/vol1/run/ERR210/ERR210357/MH0170_20100125L3.rmhost.single.fq.gz	
ERR209868	PRJEB1220	SAMEA2042627	ERX184533	408170	human gut metagenome	ftp.sra.ebi.ac.uk/vol1/fastq/ERR209/ERR209868/ERR209868_1.fastq.gz;ftp.sra.ebi.ac.uk/vol1/fastq/ERR209/ERR209868/ERR209868_2.fastq.gz	ftp.sra.ebi.ac.uk/vol1/run/ERR209/ERR209868/V1.UC52-0_100525.rmhost.pair.1.fq.gz;ftp.sra.ebi.ac.uk/vol1/run/ERR209/ERR209868/V1.UC52-0_100525.rmhost.pair.2.fq.gz	
ERR210368	PRJEB1220	SAMEA2042733	ERX185033	408170	human gut metagenome	ftp.sra.ebi.ac.uk/vol1/fastq/ERR210/ERR210368/ERR210368.fastq.gz	ftp.sra.ebi.ac.uk/vol1/run/ERR210/ERR210368/MH0180_20091110.rmhost.single.fq.gz	
ERR209152	PRJEB1220	SAMEA2042194	ERX183817	408170	human gut metagenome	ftp.sra.ebi.ac.uk/vol1/fastq/ERR209/ERR209152/ERR209152_1.fastq.gz;ftp.sra.ebi.ac.uk/vol1/fastq/ERR209/ERR209152/ERR209152_2.fastq.gz	ftp.sra.ebi.ac.uk/vol1/run/ERR209/ERR209152/MH0043_081214.rmhost.pair.1.fq.gz;ftp.sra.ebi.ac.uk/vol1/run/ERR209/ERR209152/MH0043_081214.rmhost.pair.2.fq.gz	
ERR210371	PRJEB1220	SAMEA2042737	ERX185036	408170	human gut metagenome	ftp.sra.ebi.ac.uk/vol1/fastq/ERR210/ERR210371/ERR210371.fastq.gz	ftp.sra.ebi.ac.uk/vol1/run/ERR210/ERR210371/MH0183_20091117.rmhost.single.fq.gz	
ERR209873	PRJEB1220	SAMEA1965191	ERX184538	408170	human gut metagenome	ftp.sra.ebi.ac.uk/vol1/fastq/ERR209/ERR209873/ERR209873_1.fastq.gz;ftp.sra.ebi.ac.uk/vol1/fastq/ERR209/ERR209873/ERR209873_2.fastq.gz	ftp.sra.ebi.ac.uk/vol1/run/ERR209/ERR209873/V1.UC53-0_100525.rmhost.pair.1.fq.gz;ftp.sra.ebi.ac.uk/vol1/run/ERR209/ERR209873/V1.UC53-0_100525.rmhost.pair.2.fq.gz	
ERR210374	PRJEB1220	SAMEA2042737	ERX185039	408170	human gut metagenome	ftp.sra.ebi.ac.uk/vol1/fastq/ERR210/ERR210374/ERR210374.fastq.gz	ftp.sra.ebi.ac.uk/vol1/run/ERR210/ERR210374/MH0183_20100125L3.rmhost.single.fq.gz	
ERR209158	PRJEB1220	SAMEA2042197	ERX183823	408170	human gut metagenome	ftp.sra.ebi.ac.uk/vol1/fastq/ERR209/ERR209158/ERR209158_1.fastq.gz;ftp.sra.ebi.ac.uk/vol1/fastq/ERR209/ERR209158/ERR209158_2.fastq.gz	ftp.sra.ebi.ac.uk/vol1/run/ERR209/ERR209158/MH0046_081230.rmhost.pair.1.fq.gz;ftp.sra.ebi.ac.uk/vol1/run/ERR209/ERR209158/MH0046_081230.rmhost.pair.2.fq.gz	
ERR209875	PRJEB1220	SAMEA2042623	ERX184540	408170	human gut metagenome	ftp.sra.ebi.ac.uk/vol1/fastq/ERR209/ERR209875/ERR209875_1.fastq.gz;ftp.sra.ebi.ac.uk/vol1/fastq/ERR209/ERR209875/ERR209875_2.fastq.gz	ftp.sra.ebi.ac.uk/vol1/run/ERR209/ERR209875/V1.UC5-3_100703.rmhost.pair.1.fq.gz;ftp.sra.ebi.ac.uk/vol1/run/ERR209/ERR209875/V1.UC5-3_100703.rmhost.pair.2.fq.gz	
ERR210375	PRJEB1220	SAMEA2042738	ERX185040	408170	human gut metagenome	ftp.sra.ebi.ac.uk/vol1/fastq/ERR210/ERR210375/ERR210375.fastq.gz	ftp.sra.ebi.ac.uk/vol1/run/ERR210/ERR210375/MH0184_20091116.rmhost.single.fq.gz	
ERR209160	PRJEB1220	SAMEA2042198	ERX183825	408170	human gut metagenome	ftp.sra.ebi.ac.uk/vol1/fastq/ERR209/ERR209160/ERR209160_1.fastq.gz;ftp.sra.ebi.ac.uk/vol1/fastq/ERR209/ERR209160/ERR209160_2.fastq.gz	ftp.sra.ebi.ac.uk/vol1/run/ERR209/ERR209160/MH0047_081223.rmhost.pair.1.fq.gz;ftp.sra.ebi.ac.uk/vol1/run/ERR209/ERR209160/MH0047_081223.rmhost.pair.2.fq.gz	
ERR209876	PRJEB1220	SAMEA2042623	ERX184541	408170	human gut metagenome	ftp.sra.ebi.ac.uk/vol1/fastq/ERR209/ERR209876/ERR209876_1.fastq.gz;ftp.sra.ebi.ac.uk/vol1/fastq/ERR209/ERR209876/ERR209876_2.fastq.gz	ftp.sra.ebi.ac.uk/vol1/run/ERR209/ERR209876/V1.UC5-3_100715.rmhost.pair.1.fq.gz;ftp.sra.ebi.ac.uk/vol1/run/ERR209/ERR209876/V1.UC5-3_100715.rmhost.pair.2.fq.gz	
ERR210378	PRJEB1220	SAMEA2042738	ERX185043	408170	human gut metagenome	ftp.sra.ebi.ac.uk/vol1/fastq/ERR210/ERR210378/ERR210378.fastq.gz	ftp.sra.ebi.ac.uk/vol1/run/ERR210/ERR210378/MH0184_20100129L3.rmhost.single.fq.gz	
ERR209163	PRJEB1220	SAMEA2042199	ERX183828	408170	human gut metagenome	ftp.sra.ebi.ac.uk/vol1/fastq/ERR209/ERR209163/ERR209163_1.fastq.gz;ftp.sra.ebi.ac.uk/vol1/fastq/ERR209/ERR209163/ERR209163_2.fastq.gz	ftp.sra.ebi.ac.uk/vol1/run/ERR209/ERR209163/MH0048_090201.rmhost.pair.1.fq.gz;ftp.sra.ebi.ac.uk/vol1/run/ERR209/ERR209163/MH0048_090201.rmhost.pair.2.fq.gz	
ERR209878	PRJEB1220	SAMEA2042629	ERX184543	408170	human gut metagenome	ftp.sra.ebi.ac.uk/vol1/fastq/ERR209/ERR209878/ERR209878_1.fastq.gz;ftp.sra.ebi.ac.uk/vol1/fastq/ERR209/ERR209878/ERR209878_2.fastq.gz	ftp.sra.ebi.ac.uk/vol1/run/ERR209/ERR209878/V1.UC53-4_100525.rmhost.pair.1.fq.gz;ftp.sra.ebi.ac.uk/vol1/run/ERR209/ERR209878/V1.UC53-4_100525.rmhost.pair.2.fq.gz	
ERR209167	PRJEB1220	SAMEA2042201	ERX183832	408170	human gut metagenome	ftp.sra.ebi.ac.uk/vol1/fastq/ERR209/ERR209167/ERR209167_1.fastq.gz;ftp.sra.ebi.ac.uk/vol1/fastq/ERR209/ERR209167/ERR209167_2.fastq.gz	ftp.sra.ebi.ac.uk/vol1/run/ERR209/ERR209167/MH0050_090201.rmhost.pair.1.fq.gz;ftp.sra.ebi.ac.uk/vol1/run/ERR209/ERR209167/MH0050_090201.rmhost.pair.2.fq.gz	
ERR210381	PRJEB1220	SAMEA2042741	ERX185046	408170	human gut metagenome	ftp.sra.ebi.ac.uk/vol1/fastq/ERR210/ERR210381/ERR210381.fastq.gz	ftp.sra.ebi.ac.uk/vol1/run/ERR210/ERR210381/O2.UC1-0_090112.rmhost.single.fq.gz	
ERR209879	PRJEB1220	SAMEA2042629	ERX184544	408170	human gut metagenome	ftp.sra.ebi.ac.uk/vol1/fastq/ERR209/ERR209879/ERR209879_1.fastq.gz;ftp.sra.ebi.ac.uk/vol1/fastq/ERR209/ERR209879/ERR209879_2.fastq.gz	ftp.sra.ebi.ac.uk/vol1/run/ERR209/ERR209879/V1.UC53-4_100529.rmhost.pair.1.fq.gz;ftp.sra.ebi.ac.uk/vol1/run/ERR209/ERR209879/V1.UC53-4_100529.rmhost.pair.2.fq.gz	
ERR209168	PRJEB1220	SAMEA2042202	ERX183833	408170	human gut metagenome	ftp.sra.ebi.ac.uk/vol1/fastq/ERR209/ERR209168/ERR209168_1.fastq.gz;ftp.sra.ebi.ac.uk/vol1/fastq/ERR209/ERR209168/ERR209168_2.fastq.gz	ftp.sra.ebi.ac.uk/vol1/run/ERR209/ERR209168/MH0051_081226.rmhost.pair.1.fq.gz;ftp.sra.ebi.ac.uk/vol1/run/ERR209/ERR209168/MH0051_081226.rmhost.pair.2.fq.gz	
ERR210382	PRJEB1220	SAMEA2042741	ERX185047	408170	human gut metagenome	ftp.sra.ebi.ac.uk/vol1/fastq/ERR210/ERR210382/ERR210382.fastq.gz	ftp.sra.ebi.ac.uk/vol1/run/ERR210/ERR210382/O2.UC1-0_090127.rmhost.single.fq.gz	
ERR209881	PRJEB1220	SAMEA2042630	ERX184546	408170	human gut metagenome	ftp.sra.ebi.ac.uk/vol1/fastq/ERR209/ERR209881/ERR209881_1.fastq.gz;ftp.sra.ebi.ac.uk/vol1/fastq/ERR209/ERR209881/ERR209881_2.fastq.gz	ftp.sra.ebi.ac.uk/vol1/run/ERR209/ERR209881/V1.UC54-0_100527.rmhost.pair.1.fq.gz;ftp.sra.ebi.ac.uk/vol1/run/ERR209/ERR209881/V1.UC54-0_100527.rmhost.pair.2.fq.gz	
ERR210386	PRJEB1220	SAMEA2042745	ERX185051	408170	human gut metagenome	ftp.sra.ebi.ac.uk/vol1/fastq/ERR210/ERR210386/ERR210386.fastq.gz	ftp.sra.ebi.ac.uk/vol1/run/ERR210/ERR210386/O2.UC12-0_090112.rmhost.single.fq.gz	
ERR209882	PRJEB1220	SAMEA2042630	ERX184547	408170	human gut metagenome	ftp.sra.ebi.ac.uk/vol1/fastq/ERR209/ERR209882/ERR209882_1.fastq.gz;ftp.sra.ebi.ac.uk/vol1/fastq/ERR209/ERR209882/ERR209882_2.fastq.gz	ftp.sra.ebi.ac.uk/vol1/run/ERR209/ERR209882/V1.UC54-0_100529.rmhost.pair.1.fq.gz;ftp.sra.ebi.ac.uk/vol1/run/ERR209/ERR209882/V1.UC54-0_100529.rmhost.pair.2.fq.gz	
ERR209174	PRJEB1220	SAMEA2042205	ERX183839	408170	human gut metagenome	ftp.sra.ebi.ac.uk/vol1/fastq/ERR209/ERR209174/ERR209174_1.fastq.gz;ftp.sra.ebi.ac.uk/vol1/fastq/ERR209/ERR209174/ERR209174_2.fastq.gz	ftp.sra.ebi.ac.uk/vol1/run/ERR209/ERR209174/MH0054_081222.rmhost.pair.1.fq.gz;ftp.sra.ebi.ac.uk/vol1/run/ERR209/ERR209174/MH0054_081222.rmhost.pair.2.fq.gz	
ERR210391	PRJEB1220	SAMEA2042829	ERX185056	408170	human gut metagenome	ftp.sra.ebi.ac.uk/vol1/fastq/ERR210/ERR210391/ERR210391.fastq.gz	ftp.sra.ebi.ac.uk/vol1/run/ERR210/ERR210391/O2.UC13-0_090127.rmhost.single.fq.gz	
ERR210392	PRJEB1220	SAMEA2042832	ERX185057	408170	human gut metagenome	ftp.sra.ebi.ac.uk/vol1/fastq/ERR210/ERR210392/ERR210392.fastq.gz	ftp.sra.ebi.ac.uk/vol1/run/ERR210/ERR210392/O2.UC13-2_20091130.rmhost.single.fq.gz	
ERR209178	PRJEB1220	SAMEA2042287	ERX183843	408170	human gut metagenome	ftp.sra.ebi.ac.uk/vol1/fastq/ERR209/ERR209178/ERR209178_1.fastq.gz;ftp.sra.ebi.ac.uk/vol1/fastq/ERR209/ERR209178/ERR209178_2.fastq.gz	ftp.sra.ebi.ac.uk/vol1/run/ERR209/ERR209178/MH0056_081230.rmhost.pair.1.fq.gz;ftp.sra.ebi.ac.uk/vol1/run/ERR209/ERR209178/MH0056_081230.rmhost.pair.2.fq.gz	
ERR209183	PRJEB1220	SAMEA2042289	ERX183848	408170	human gut metagenome	ftp.sra.ebi.ac.uk/vol1/fastq/ERR209/ERR209183/ERR209183_1.fastq.gz;ftp.sra.ebi.ac.uk/vol1/fastq/ERR209/ERR209183/ERR209183_2.fastq.gz	ftp.sra.ebi.ac.uk/vol1/run/ERR209/ERR209183/MH0058_090125.rmhost.pair.1.fq.gz;ftp.sra.ebi.ac.uk/vol1/run/ERR209/ERR209183/MH0058_090125.rmhost.pair.2.fq.gz	
ERR209883	PRJEB1220	SAMEA2042632	ERX184548	408170	human gut metagenome	ftp.sra.ebi.ac.uk/vol1/fastq/ERR209/ERR209883/ERR209883_1.fastq.gz;ftp.sra.ebi.ac.uk/vol1/fastq/ERR209/ERR209883/ERR209883_2.fastq.gz	ftp.sra.ebi.ac.uk/vol1/run/ERR209/ERR209883/V1.UC55-0_100515.rmhost.pair.1.fq.gz;ftp.sra.ebi.ac.uk/vol1/run/ERR209/ERR209883/V1.UC55-0_100515.rmhost.pair.2.fq.gz	
ERR210394	PRJEB1220	SAMEA2042831	ERX185059	408170	human gut metagenome	ftp.sra.ebi.ac.uk/vol1/fastq/ERR210/ERR210394/ERR210394.fastq.gz	ftp.sra.ebi.ac.uk/vol1/run/ERR210/ERR210394/O2.UC14-0_090127.rmhost.single.fq.gz	
ERR209891	PRJEB1220	SAMEA2042661	ERX184556	408170	human gut metagenome	ftp.sra.ebi.ac.uk/vol1/fastq/ERR209/ERR209891/ERR209891_1.fastq.gz;ftp.sra.ebi.ac.uk/vol1/fastq/ERR209/ERR209891/ERR209891_2.fastq.gz	ftp.sra.ebi.ac.uk/vol1/run/ERR209/ERR209891/V1.UC57-0_100518.rmhost.pair.1.fq.gz;ftp.sra.ebi.ac.uk/vol1/run/ERR209/ERR209891/V1.UC57-0_100518.rmhost.pair.2.fq.gz	
ERR209188	PRJEB1220	SAMEA2042293	ERX183853	408170	human gut metagenome	ftp.sra.ebi.ac.uk/vol1/fastq/ERR209/ERR209188/ERR209188_1.fastq.gz;ftp.sra.ebi.ac.uk/vol1/fastq/ERR209/ERR209188/ERR209188_2.fastq.gz	ftp.sra.ebi.ac.uk/vol1/run/ERR209/ERR209188/MH0061_090103.rmhost.pair.1.fq.gz;ftp.sra.ebi.ac.uk/vol1/run/ERR209/ERR209188/MH0061_090103.rmhost.pair.2.fq.gz	
ERR210396	PRJEB1220	SAMEA2042833	ERX185061	408170	human gut metagenome	ftp.sra.ebi.ac.uk/vol1/fastq/ERR210/ERR210396/ERR210396.fastq.gz	ftp.sra.ebi.ac.uk/vol1/run/ERR210/ERR210396/O2.UC16-0_090114.rmhost.single.fq.gz	
ERR210398	PRJEB1220	SAMEA2042834	ERX185063	408170	human gut metagenome	ftp.sra.ebi.ac.uk/vol1/fastq/ERR210/ERR210398/ERR210398.fastq.gz	ftp.sra.ebi.ac.uk/vol1/run/ERR210/ERR210398/O2.UC16-2_20091130.rmhost.single.fq.gz	
ERR209194	PRJEB1220	SAMEA2042296	ERX183859	408170	human gut metagenome	ftp.sra.ebi.ac.uk/vol1/fastq/ERR209/ERR209194/ERR209194_1.fastq.gz;ftp.sra.ebi.ac.uk/vol1/fastq/ERR209/ERR209194/ERR209194_2.fastq.gz	ftp.sra.ebi.ac.uk/vol1/run/ERR209/ERR209194/MH0064_081223.rmhost.pair.1.fq.gz;ftp.sra.ebi.ac.uk/vol1/run/ERR209/ERR209194/MH0064_081223.rmhost.pair.2.fq.gz	
ERR210399	PRJEB1220	SAMEA2042835	ERX185064	408170	human gut metagenome	ftp.sra.ebi.ac.uk/vol1/fastq/ERR210/ERR210399/ERR210399.fastq.gz	ftp.sra.ebi.ac.uk/vol1/run/ERR210/ERR210399/O2.UC17-0_090114.rmhost.single.fq.gz	
ERR209195	PRJEB1220	SAMEA2042296	ERX183860	408170	human gut metagenome	ftp.sra.ebi.ac.uk/vol1/fastq/ERR209/ERR209195/ERR209195_1.fastq.gz;ftp.sra.ebi.ac.uk/vol1/fastq/ERR209/ERR209195/ERR209195_2.fastq.gz	ftp.sra.ebi.ac.uk/vol1/run/ERR209/ERR209195/MH0064_090126.rmhost.pair.1.fq.gz;ftp.sra.ebi.ac.uk/vol1/run/ERR209/ERR209195/MH0064_090126.rmhost.pair.2.fq.gz	
ERR209901	PRJEB1220	SAMEA2042663	ERX184566	408170	human gut metagenome	ftp.sra.ebi.ac.uk/vol1/fastq/ERR209/ERR209901/ERR209901_1.fastq.gz;ftp.sra.ebi.ac.uk/vol1/fastq/ERR209/ERR209901/ERR209901_2.fastq.gz	ftp.sra.ebi.ac.uk/vol1/run/ERR209/ERR209901/V1.UC7-0_090129.rmhost.pair.1.fq.gz;ftp.sra.ebi.ac.uk/vol1/run/ERR209/ERR209901/V1.UC7-0_090129.rmhost.pair.2.fq.gz	
ERR210400	PRJEB1220	SAMEA2042835	ERX185065	408170	human gut metagenome	ftp.sra.ebi.ac.uk/vol1/fastq/ERR210/ERR210400/ERR210400.fastq.gz	ftp.sra.ebi.ac.uk/vol1/run/ERR210/ERR210400/O2.UC17-0_090127.rmhost.single.fq.gz	
ERR209199	PRJEB1220	SAMEA2042298	ERX183864	408170	human gut metagenome	ftp.sra.ebi.ac.uk/vol1/fastq/ERR209/ERR209199/ERR209199_1.fastq.gz;ftp.sra.ebi.ac.uk/vol1/fastq/ERR209/ERR209199/ERR209199_2.fastq.gz	ftp.sra.ebi.ac.uk/vol1/run/ERR209/ERR209199/MH0066_090126.rmhost.pair.1.fq.gz;ftp.sra.ebi.ac.uk/vol1/run/ERR209/ERR209199/MH0066_090126.rmhost.pair.2.fq.gz	
ERR209902	PRJEB1220	SAMEA2042663	ERX184567	408170	human gut metagenome	ftp.sra.ebi.ac.uk/vol1/fastq/ERR209/ERR209902/ERR209902_1.fastq.gz;ftp.sra.ebi.ac.uk/vol1/fastq/ERR209/ERR209902/ERR209902_2.fastq.gz	ftp.sra.ebi.ac.uk/vol1/run/ERR209/ERR209902/V1.UC7-0_090325.rmhost.pair.1.fq.gz;ftp.sra.ebi.ac.uk/vol1/run/ERR209/ERR209902/V1.UC7-0_090325.rmhost.pair.2.fq.gz	
ERR209203	PRJEB1220	SAMEA2042300	ERX183868	408170	human gut metagenome	ftp.sra.ebi.ac.uk/vol1/fastq/ERR209/ERR209203/ERR209203_1.fastq.gz;ftp.sra.ebi.ac.uk/vol1/fastq/ERR209/ERR209203/ERR209203_2.fastq.gz	ftp.sra.ebi.ac.uk/vol1/run/ERR209/ERR209203/MH0068_090126.rmhost.pair.1.fq.gz;ftp.sra.ebi.ac.uk/vol1/run/ERR209/ERR209203/MH0068_090126.rmhost.pair.2.fq.gz	
ERR210401	PRJEB1220	SAMEA2042836	ERX185066	408170	human gut metagenome	ftp.sra.ebi.ac.uk/vol1/fastq/ERR210/ERR210401/ERR210401.fastq.gz	ftp.sra.ebi.ac.uk/vol1/run/ERR210/ERR210401/O2.UC17-2_100409.rmhost.single.fq.gz	
ERR209903	PRJEB1220	SAMEA2042664	ERX184568	408170	human gut metagenome	ftp.sra.ebi.ac.uk/vol1/fastq/ERR209/ERR209903/ERR209903_1.fastq.gz;ftp.sra.ebi.ac.uk/vol1/fastq/ERR209/ERR209903/ERR209903_2.fastq.gz	ftp.sra.ebi.ac.uk/vol1/run/ERR209/ERR209903/V1.UC8-0_090110.rmhost.pair.1.fq.gz;ftp.sra.ebi.ac.uk/vol1/run/ERR209/ERR209903/V1.UC8-0_090110.rmhost.pair.2.fq.gz	
ERR209209	PRJEB1220	SAMEA2042303	ERX183874	408170	human gut metagenome	ftp.sra.ebi.ac.uk/vol1/fastq/ERR209/ERR209209/ERR209209_1.fastq.gz;ftp.sra.ebi.ac.uk/vol1/fastq/ERR209/ERR209209/ERR209209_2.fastq.gz	ftp.sra.ebi.ac.uk/vol1/run/ERR209/ERR209209/MH0071_090104.rmhost.pair.1.fq.gz;ftp.sra.ebi.ac.uk/vol1/run/ERR209/ERR209209/MH0071_090104.rmhost.pair.2.fq.gz	
ERR210408	PRJEB1220	SAMEA1972440	ERX185073	408170	human gut metagenome	ftp.sra.ebi.ac.uk/vol1/fastq/ERR210/ERR210408/ERR210408.fastq.gz	ftp.sra.ebi.ac.uk/vol1/run/ERR210/ERR210408/O2.UC19-2_100409.rmhost.single.fq.gz	
ERR209210	PRJEB1220	SAMEA2042303	ERX183875	408170	human gut metagenome	ftp.sra.ebi.ac.uk/vol1/fastq/ERR209/ERR209210/ERR209210_1.fastq.gz;ftp.sra.ebi.ac.uk/vol1/fastq/ERR209/ERR209210/ERR209210_2.fastq.gz	ftp.sra.ebi.ac.uk/vol1/run/ERR209/ERR209210/MH0071_090125.rmhost.pair.1.fq.gz;ftp.sra.ebi.ac.uk/vol1/run/ERR209/ERR209210/MH0071_090125.rmhost.pair.2.fq.gz	
ERR209904	PRJEB1220	SAMEA2042664	ERX184569	408170	human gut metagenome	ftp.sra.ebi.ac.uk/vol1/fastq/ERR209/ERR209904/ERR209904_1.fastq.gz;ftp.sra.ebi.ac.uk/vol1/fastq/ERR209/ERR209904/ERR209904_2.fastq.gz	ftp.sra.ebi.ac.uk/vol1/run/ERR209/ERR209904/V1.UC8-0_090129.rmhost.pair.1.fq.gz;ftp.sra.ebi.ac.uk/vol1/run/ERR209/ERR209904/V1.UC8-0_090129.rmhost.pair.2.fq.gz	
ERR209212	PRJEB1220	SAMEA2042377	ERX183877	408170	human gut metagenome	ftp.sra.ebi.ac.uk/vol1/fastq/ERR209/ERR209212/ERR209212_1.fastq.gz;ftp.sra.ebi.ac.uk/vol1/fastq/ERR209/ERR209212/ERR209212_2.fastq.gz	ftp.sra.ebi.ac.uk/vol1/run/ERR209/ERR209212/MH0072_090125.rmhost.pair.1.fq.gz;ftp.sra.ebi.ac.uk/vol1/run/ERR209/ERR209212/MH0072_090125.rmhost.pair.2.fq.gz	
ERR209905	PRJEB1220	SAMEA2042665	ERX184570	408170	human gut metagenome	ftp.sra.ebi.ac.uk/vol1/fastq/ERR209/ERR209905/ERR209905_1.fastq.gz;ftp.sra.ebi.ac.uk/vol1/fastq/ERR209/ERR209905/ERR209905_2.fastq.gz	ftp.sra.ebi.ac.uk/vol1/run/ERR209/ERR209905/V1.UC9-0_090110.rmhost.pair.1.fq.gz;ftp.sra.ebi.ac.uk/vol1/run/ERR209/ERR209905/V1.UC9-0_090110.rmhost.pair.2.fq.gz	
ERR210409	PRJEB1220	SAMEA1972440	ERX185074	408170	human gut metagenome	ftp.sra.ebi.ac.uk/vol1/fastq/ERR210/ERR210409/ERR210409.fastq.gz	ftp.sra.ebi.ac.uk/vol1/run/ERR210/ERR210409/O2.UC19-2_100423.rmhost.single.fq.gz	
ERR209213	PRJEB1220	SAMEA2042378	ERX183878	408170	human gut metagenome	ftp.sra.ebi.ac.uk/vol1/fastq/ERR209/ERR209213/ERR209213_1.fastq.gz;ftp.sra.ebi.ac.uk/vol1/fastq/ERR209/ERR209213/ERR209213_2.fastq.gz	ftp.sra.ebi.ac.uk/vol1/run/ERR209/ERR209213/MH0073_081223.rmhost.pair.1.fq.gz;ftp.sra.ebi.ac.uk/vol1/run/ERR209/ERR209213/MH0073_081223.rmhost.pair.2.fq.gz	
ERR209906	PRJEB1220	SAMEA2042665	ERX184571	408170	human gut metagenome	ftp.sra.ebi.ac.uk/vol1/fastq/ERR209/ERR209906/ERR209906_1.fastq.gz;ftp.sra.ebi.ac.uk/vol1/fastq/ERR209/ERR209906/ERR209906_2.fastq.gz	ftp.sra.ebi.ac.uk/vol1/run/ERR209/ERR209906/V1.UC9-0_090129.rmhost.pair.1.fq.gz;ftp.sra.ebi.ac.uk/vol1/run/ERR209/ERR209906/V1.UC9-0_090129.rmhost.pair.2.fq.gz	
ERR210410	PRJEB1220	SAMEA2042842	ERX185075	408170	human gut metagenome	ftp.sra.ebi.ac.uk/vol1/fastq/ERR210/ERR210410/ERR210410.fastq.gz	ftp.sra.ebi.ac.uk/vol1/run/ERR210/ERR210410/O2.UC20-0_090117.rmhost.single.fq.gz	
ERR209214	PRJEB1220	SAMEA2042378	ERX183879	408170	human gut metagenome	ftp.sra.ebi.ac.uk/vol1/fastq/ERR209/ERR209214/ERR209214_1.fastq.gz;ftp.sra.ebi.ac.uk/vol1/fastq/ERR209/ERR209214/ERR209214_2.fastq.gz	ftp.sra.ebi.ac.uk/vol1/run/ERR209/ERR209214/MH0073_090125.rmhost.pair.1.fq.gz;ftp.sra.ebi.ac.uk/vol1/run/ERR209/ERR209214/MH0073_090125.rmhost.pair.2.fq.gz	
ERR209908	PRJEB1220	SAMEA2042280	ERX184573	408170	human gut metagenome	ftp.sra.ebi.ac.uk/vol1/fastq/ERR209/ERR209908/ERR209908.fastq.gz	ftp.sra.ebi.ac.uk/vol1/run/ERR209/ERR209908/MH0001_081123.rmhost.single.fq.gz	
ERR210412	PRJEB1220	SAMEA2042840	ERX185077	408170	human gut metagenome	ftp.sra.ebi.ac.uk/vol1/fastq/ERR210/ERR210412/ERR210412.fastq.gz	ftp.sra.ebi.ac.uk/vol1/run/ERR210/ERR210412/O2.UC2-0_20091117.rmhost.single.fq.gz	
ERR209910	PRJEB1220	SAMEA2042281	ERX184575	408170	human gut metagenome	ftp.sra.ebi.ac.uk/vol1/fastq/ERR209/ERR209910/ERR209910.fastq.gz	ftp.sra.ebi.ac.uk/vol1/run/ERR209/ERR209910/MH0002_081224.rmhost.single.fq.gz	
ERR209215	PRJEB1220	SAMEA2042379	ERX183880	408170	human gut metagenome	ftp.sra.ebi.ac.uk/vol1/fastq/ERR209/ERR209215/ERR209215_1.fastq.gz;ftp.sra.ebi.ac.uk/vol1/fastq/ERR209/ERR209215/ERR209215_2.fastq.gz	ftp.sra.ebi.ac.uk/vol1/run/ERR209/ERR209215/MH0074_081223.rmhost.pair.1.fq.gz;ftp.sra.ebi.ac.uk/vol1/run/ERR209/ERR209215/MH0074_081223.rmhost.pair.2.fq.gz	
ERR210413	PRJEB1220	SAMEA2042840	ERX185078	408170	human gut metagenome	ftp.sra.ebi.ac.uk/vol1/fastq/ERR210/ERR210413/ERR210413.fastq.gz	ftp.sra.ebi.ac.uk/vol1/run/ERR210/ERR210413/O2.UC2-0_20100130.rmhost.single.fq.gz	
ERR209218	PRJEB1220	SAMEA2042380	ERX183883	408170	human gut metagenome	ftp.sra.ebi.ac.uk/vol1/fastq/ERR209/ERR209218/ERR209218_1.fastq.gz;ftp.sra.ebi.ac.uk/vol1/fastq/ERR209/ERR209218/ERR209218_2.fastq.gz	ftp.sra.ebi.ac.uk/vol1/run/ERR209/ERR209218/MH0075_090125.rmhost.pair.1.fq.gz;ftp.sra.ebi.ac.uk/vol1/run/ERR209/ERR209218/MH0075_090125.rmhost.pair.2.fq.gz	
ERR210418	PRJEB1220	SAMEA2042913	ERX185083	408170	human gut metagenome	ftp.sra.ebi.ac.uk/vol1/fastq/ERR210/ERR210418/ERR210418.fastq.gz	ftp.sra.ebi.ac.uk/vol1/run/ERR210/ERR210418/O2.UC21-2_20100106.rmhost.single.fq.gz	
ERR209913	PRJEB1220	SAMEA2042282	ERX184578	408170	human gut metagenome	ftp.sra.ebi.ac.uk/vol1/fastq/ERR209/ERR209913/ERR209913.fastq.gz	ftp.sra.ebi.ac.uk/vol1/run/ERR209/ERR209913/MH0003_081224.rmhost.single.fq.gz	
ERR209220	PRJEB1220	SAMEA2042381	ERX183885	408170	human gut metagenome	ftp.sra.ebi.ac.uk/vol1/fastq/ERR209/ERR209220/ERR209220_1.fastq.gz;ftp.sra.ebi.ac.uk/vol1/fastq/ERR209/ERR209220/ERR209220_2.fastq.gz	ftp.sra.ebi.ac.uk/vol1/run/ERR209/ERR209220/MH0076_090130.rmhost.pair.1.fq.gz;ftp.sra.ebi.ac.uk/vol1/run/ERR209/ERR209220/MH0076_090130.rmhost.pair.2.fq.gz	
ERR209914	PRJEB1220	SAMEA2042282	ERX184579	408170	human gut metagenome	ftp.sra.ebi.ac.uk/vol1/fastq/ERR209/ERR209914/ERR209914.fastq.gz	ftp.sra.ebi.ac.uk/vol1/run/ERR209/ERR209914/MH0003_090107.rmhost.single.fq.gz	
ERR210427	PRJEB1220	SAMEA2042916	ERX185092	408170	human gut metagenome	ftp.sra.ebi.ac.uk/vol1/fastq/ERR210/ERR210427/ERR210427.fastq.gz	ftp.sra.ebi.ac.uk/vol1/run/ERR210/ERR210427/O2.UC23-2_100423.rmhost.single.fq.gz	
ERR209227	PRJEB1220	SAMEA2042385	ERX183892	408170	human gut metagenome	ftp.sra.ebi.ac.uk/vol1/fastq/ERR209/ERR209227/ERR209227_1.fastq.gz;ftp.sra.ebi.ac.uk/vol1/fastq/ERR209/ERR209227/ERR209227_2.fastq.gz	ftp.sra.ebi.ac.uk/vol1/run/ERR209/ERR209227/MH0080_090109.rmhost.pair.1.fq.gz;ftp.sra.ebi.ac.uk/vol1/run/ERR209/ERR209227/MH0080_090109.rmhost.pair.2.fq.gz	
ERR210430	PRJEB1220	SAMEA2042918	ERX185095	408170	human gut metagenome	ftp.sra.ebi.ac.uk/vol1/fastq/ERR210/ERR210430/ERR210430.fastq.gz	ftp.sra.ebi.ac.uk/vol1/run/ERR210/ERR210430/O2.UC24-2_20100106.rmhost.single.fq.gz	
ERR209228	PRJEB1220	SAMEA2042385	ERX183893	408170	human gut metagenome	ftp.sra.ebi.ac.uk/vol1/fastq/ERR209/ERR209228/ERR209228_1.fastq.gz;ftp.sra.ebi.ac.uk/vol1/fastq/ERR209/ERR209228/ERR209228_2.fastq.gz	ftp.sra.ebi.ac.uk/vol1/run/ERR209/ERR209228/MH0080_090130.rmhost.pair.1.fq.gz;ftp.sra.ebi.ac.uk/vol1/run/ERR209/ERR209228/MH0080_090130.rmhost.pair.2.fq.gz	
ERR209920	PRJEB1220	SAMEA2042285	ERX184585	408170	human gut metagenome	ftp.sra.ebi.ac.uk/vol1/fastq/ERR209/ERR209920/ERR209920.fastq.gz	ftp.sra.ebi.ac.uk/vol1/run/ERR209/ERR209920/MH0006_081120.rmhost.single.fq.gz	
ERR210433	PRJEB1220	SAMEA2042921	ERX185098	408170	human gut metagenome	ftp.sra.ebi.ac.uk/vol1/fastq/ERR210/ERR210433/ERR210433.fastq.gz	ftp.sra.ebi.ac.uk/vol1/run/ERR210/ERR210433/O2.UC27-0_20091130.rmhost.single.fq.gz	
ERR209230	PRJEB1220	SAMEA2042386	ERX183895	408170	human gut metagenome	ftp.sra.ebi.ac.uk/vol1/fastq/ERR209/ERR209230/ERR209230_1.fastq.gz;ftp.sra.ebi.ac.uk/vol1/fastq/ERR209/ERR209230/ERR209230_2.fastq.gz	ftp.sra.ebi.ac.uk/vol1/run/ERR209/ERR209230/MH0081_090130.rmhost.pair.1.fq.gz;ftp.sra.ebi.ac.uk/vol1/run/ERR209/ERR209230/MH0081_090130.rmhost.pair.2.fq.gz	
ERR210434	PRJEB1220	SAMEA1972463	ERX185099	408170	human gut metagenome	ftp.sra.ebi.ac.uk/vol1/fastq/ERR210/ERR210434/ERR210434.fastq.gz	ftp.sra.ebi.ac.uk/vol1/run/ERR210/ERR210434/O2.UC27-2_20091229.rmhost.single.fq.gz	
ERR209233	PRJEB1220	SAMEA2042388	ERX183898	408170	human gut metagenome	ftp.sra.ebi.ac.uk/vol1/fastq/ERR209/ERR209233/ERR209233_1.fastq.gz;ftp.sra.ebi.ac.uk/vol1/fastq/ERR209/ERR209233/ERR209233_2.fastq.gz	ftp.sra.ebi.ac.uk/vol1/run/ERR209/ERR209233/MH0083_090105.rmhost.pair.1.fq.gz;ftp.sra.ebi.ac.uk/vol1/run/ERR209/ERR209233/MH0083_090105.rmhost.pair.2.fq.gz	
ERR209921	PRJEB1220	SAMEA2042285	ERX184586	408170	human gut metagenome	ftp.sra.ebi.ac.uk/vol1/fastq/ERR209/ERR209921/ERR209921.fastq.gz	ftp.sra.ebi.ac.uk/vol1/run/ERR209/ERR209921/MH0006_lane2.rmhost.single.fq.gz	
ERR210436	PRJEB1220	SAMEA2042923	ERX185101	408170	human gut metagenome	ftp.sra.ebi.ac.uk/vol1/fastq/ERR210/ERR210436/ERR210436.fastq.gz	ftp.sra.ebi.ac.uk/vol1/run/ERR210/ERR210436/O2.UC29-2_100409.rmhost.single.fq.gz	
ERR209234	PRJEB1220	SAMEA2042388	ERX183899	408170	human gut metagenome	ftp.sra.ebi.ac.uk/vol1/fastq/ERR209/ERR209234/ERR209234_1.fastq.gz;ftp.sra.ebi.ac.uk/vol1/fastq/ERR209/ERR209234/ERR209234_2.fastq.gz	ftp.sra.ebi.ac.uk/vol1/run/ERR209/ERR209234/MH0083_090126.rmhost.pair.1.fq.gz;ftp.sra.ebi.ac.uk/vol1/run/ERR209/ERR209234/MH0083_090126.rmhost.pair.2.fq.gz	
ERR209924	PRJEB1220	SAMEA2042285	ERX184589	408170	human gut metagenome	ftp.sra.ebi.ac.uk/vol1/fastq/ERR209/ERR209924/ERR209924.fastq.gz	ftp.sra.ebi.ac.uk/vol1/run/ERR209/ERR209924/MH0006_lane8.rmhost.single.fq.gz	
ERR209235	PRJEB1220	SAMEA2042389	ERX183900	408170	human gut metagenome	ftp.sra.ebi.ac.uk/vol1/fastq/ERR209/ERR209235/ERR209235_1.fastq.gz;ftp.sra.ebi.ac.uk/vol1/fastq/ERR209/ERR209235/ERR209235_2.fastq.gz	ftp.sra.ebi.ac.uk/vol1/run/ERR209/ERR209235/MH0084_090109.rmhost.pair.1.fq.gz;ftp.sra.ebi.ac.uk/vol1/run/ERR209/ERR209235/MH0084_090109.rmhost.pair.2.fq.gz	
ERR210439	PRJEB1220	SAMEA2042981	ERX185104	408170	human gut metagenome	ftp.sra.ebi.ac.uk/vol1/fastq/ERR210/ERR210439/ERR210439.fastq.gz	ftp.sra.ebi.ac.uk/vol1/run/ERR210/ERR210439/O2.UC30-0_2010122.rmhost.single.fq.gz	
ERR209930	PRJEB1220	SAMEA2042360	ERX184595	408170	human gut metagenome	ftp.sra.ebi.ac.uk/vol1/fastq/ERR209/ERR209930/ERR209930.fastq.gz	ftp.sra.ebi.ac.uk/vol1/run/ERR209/ERR209930/MH0009_081224.rmhost.single.fq.gz	
ERR210441	PRJEB1220	SAMEA2042924	ERX185106	408170	human gut metagenome	ftp.sra.ebi.ac.uk/vol1/fastq/ERR210/ERR210441/ERR210441.fastq.gz	ftp.sra.ebi.ac.uk/vol1/run/ERR210/ERR210441/O2.UC3-0_2010121.rmhost.single.fq.gz	
ERR209932	PRJEB1220	SAMEA2042361	ERX184597	408170	human gut metagenome	ftp.sra.ebi.ac.uk/vol1/fastq/ERR209/ERR209932/ERR209932.fastq.gz	ftp.sra.ebi.ac.uk/vol1/run/ERR209/ERR209932/MH0010_081113.rmhost.single.fq.gz	
ERR209236	PRJEB1220	SAMEA2042389	ERX183901	408170	human gut metagenome	ftp.sra.ebi.ac.uk/vol1/fastq/ERR209/ERR209236/ERR209236_1.fastq.gz;ftp.sra.ebi.ac.uk/vol1/fastq/ERR209/ERR209236/ERR209236_2.fastq.gz	ftp.sra.ebi.ac.uk/vol1/run/ERR209/ERR209236/MH0084_090126.rmhost.pair.1.fq.gz;ftp.sra.ebi.ac.uk/vol1/run/ERR209/ERR209236/MH0084_090126.rmhost.pair.2.fq.gz	
ERR209935	PRJEB1220	SAMEA2042362	ERX184600	408170	human gut metagenome	ftp.sra.ebi.ac.uk/vol1/fastq/ERR209/ERR209935/ERR209935.fastq.gz	ftp.sra.ebi.ac.uk/vol1/run/ERR209/ERR209935/MH0011_081224.rmhost.single.fq.gz	
ERR209237	PRJEB1220	SAMEA2042391	ERX183902	408170	human gut metagenome	ftp.sra.ebi.ac.uk/vol1/fastq/ERR209/ERR209237/ERR209237_1.fastq.gz;ftp.sra.ebi.ac.uk/vol1/fastq/ERR209/ERR209237/ERR209237_2.fastq.gz	ftp.sra.ebi.ac.uk/vol1/run/ERR209/ERR209237/MH0085_081223.rmhost.pair.1.fq.gz;ftp.sra.ebi.ac.uk/vol1/run/ERR209/ERR209237/MH0085_081223.rmhost.pair.2.fq.gz	
ERR210447	PRJEB1220	SAMEA2042983	ERX185112	408170	human gut metagenome	ftp.sra.ebi.ac.uk/vol1/fastq/ERR210/ERR210447/ERR210447.fastq.gz	ftp.sra.ebi.ac.uk/vol1/run/ERR210/ERR210447/O2.UC31-0_20100204.rmhost.single.fq.gz	
ERR209938	PRJEB1220	SAMEA2042363	ERX184603	408170	human gut metagenome	ftp.sra.ebi.ac.uk/vol1/fastq/ERR209/ERR209938/ERR209938.fastq.gz	ftp.sra.ebi.ac.uk/vol1/run/ERR209/ERR209938/MH0012_081224.rmhost.single.fq.gz	
ERR209245	PRJEB1220	SAMEA1972159	ERX183910	408170	human gut metagenome	ftp.sra.ebi.ac.uk/vol1/fastq/ERR209/ERR209245/ERR209245_1.fastq.gz;ftp.sra.ebi.ac.uk/vol1/fastq/ERR209/ERR209245/ERR209245_2.fastq.gz	ftp.sra.ebi.ac.uk/vol1/run/ERR209/ERR209245/MH0088_20091105.rmhost.pair.1.fq.gz;ftp.sra.ebi.ac.uk/vol1/run/ERR209/ERR209245/MH0088_20091105.rmhost.pair.2.fq.gz	
ERR210453	PRJEB1220	SAMEA2042986	ERX185118	408170	human gut metagenome	ftp.sra.ebi.ac.uk/vol1/fastq/ERR210/ERR210453/ERR210453.fastq.gz	ftp.sra.ebi.ac.uk/vol1/run/ERR210/ERR210453/O2.UC32-2_100403.rmhost.single.fq.gz	
ERR209940	PRJEB1220	SAMEA2042363	ERX184605	408170	human gut metagenome	ftp.sra.ebi.ac.uk/vol1/fastq/ERR209/ERR209940/ERR209940.fastq.gz	ftp.sra.ebi.ac.uk/vol1/run/ERR209/ERR209940/MH0012_lane2.rmhost.single.fq.gz	
ERR210460	PRJEB1220	SAMEA2042992	ERX185125	408170	human gut metagenome	ftp.sra.ebi.ac.uk/vol1/fastq/ERR210/ERR210460/ERR210460.fastq.gz	ftp.sra.ebi.ac.uk/vol1/run/ERR210/ERR210460/O2.UC37-0_20100106.rmhost.single.fq.gz	
ERR209249	PRJEB1220	SAMEA2042425	ERX183914	408170	human gut metagenome	ftp.sra.ebi.ac.uk/vol1/fastq/ERR209/ERR209249/ERR209249_1.fastq.gz;ftp.sra.ebi.ac.uk/vol1/fastq/ERR209/ERR209249/ERR209249_2.fastq.gz	ftp.sra.ebi.ac.uk/vol1/run/ERR209/ERR209249/MH0089_20100125L5.rmhost.pair.1.fq.gz;ftp.sra.ebi.ac.uk/vol1/run/ERR209/ERR209249/MH0089_20100125L5.rmhost.pair.2.fq.gz	
ERR209941	PRJEB1220	SAMEA2042363	ERX184606	408170	human gut metagenome	ftp.sra.ebi.ac.uk/vol1/fastq/ERR209/ERR209941/ERR209941.fastq.gz	ftp.sra.ebi.ac.uk/vol1/run/ERR209/ERR209941/MH0012_lane3.rmhost.single.fq.gz	
ERR210464	PRJEB1220	SAMEA2042995	ERX185129	408170	human gut metagenome	ftp.sra.ebi.ac.uk/vol1/fastq/ERR210/ERR210464/ERR210464.fastq.gz	ftp.sra.ebi.ac.uk/vol1/run/ERR210/ERR210464/O2.UC38-2_20100106.rmhost.single.fq.gz	
ERR209253	PRJEB1220	SAMEA2042426	ERX183918	408170	human gut metagenome	ftp.sra.ebi.ac.uk/vol1/fastq/ERR209/ERR209253/ERR209253_1.fastq.gz;ftp.sra.ebi.ac.uk/vol1/fastq/ERR209/ERR209253/ERR209253_2.fastq.gz	ftp.sra.ebi.ac.uk/vol1/run/ERR209/ERR209253/MH0090_20100129L3.rmhost.pair.1.fq.gz;ftp.sra.ebi.ac.uk/vol1/run/ERR209/ERR209253/MH0090_20100129L3.rmhost.pair.2.fq.gz	
ERR209943	PRJEB1220	SAMEA2042363	ERX184608	408170	human gut metagenome	ftp.sra.ebi.ac.uk/vol1/fastq/ERR209/ERR209943/ERR209943.fastq.gz	ftp.sra.ebi.ac.uk/vol1/run/ERR209/ERR209943/MH0012_lane5.rmhost.single.fq.gz	
ERR209945	PRJEB1220	SAMEA2042364	ERX184610	408170	human gut metagenome	ftp.sra.ebi.ac.uk/vol1/fastq/ERR209/ERR209945/ERR209945.fastq.gz	ftp.sra.ebi.ac.uk/vol1/run/ERR209/ERR209945/MH0013_081120.rmhost.single.fq.gz	
ERR209947	PRJEB1220	SAMEA2042365	ERX184612	408170	human gut metagenome	ftp.sra.ebi.ac.uk/vol1/fastq/ERR209/ERR209947/ERR209947.fastq.gz	ftp.sra.ebi.ac.uk/vol1/run/ERR209/ERR209947/MH0014_081224.rmhost.single.fq.gz	
ERR209952	PRJEB1220	SAMEA2042367	ERX184617	408170	human gut metagenome	ftp.sra.ebi.ac.uk/vol1/fastq/ERR209/ERR209952/ERR209952.fastq.gz	ftp.sra.ebi.ac.uk/vol1/run/ERR209/ERR209952/MH0016_081224.rmhost.single.fq.gz	
ERR209955	PRJEB1220	SAMEA2042368	ERX184620	408170	human gut metagenome	ftp.sra.ebi.ac.uk/vol1/fastq/ERR209/ERR209955/ERR209955.fastq.gz	ftp.sra.ebi.ac.uk/vol1/run/ERR209/ERR209955/MH0017_081119.rmhost.single.fq.gz	
ERR209956	PRJEB1220	SAMEA2042369	ERX184621	408170	human gut metagenome	ftp.sra.ebi.ac.uk/vol1/fastq/ERR209/ERR209956/ERR209956.fastq.gz	ftp.sra.ebi.ac.uk/vol1/run/ERR209/ERR209956/MH0018_081108.rmhost.single.fq.gz	
ERR209960	PRJEB1220	SAMEA2042372	ERX184625	408170	human gut metagenome	ftp.sra.ebi.ac.uk/vol1/fastq/ERR209/ERR209960/ERR209960.fastq.gz	ftp.sra.ebi.ac.uk/vol1/run/ERR209/ERR209960/MH0020_081224.rmhost.single.fq.gz	
ERR209966	PRJEB1220	SAMEA2042375	ERX184631	408170	human gut metagenome	ftp.sra.ebi.ac.uk/vol1/fastq/ERR209/ERR209966/ERR209966.fastq.gz	ftp.sra.ebi.ac.uk/vol1/run/ERR209/ERR209966/MH0023_081108.rmhost.single.fq.gz	
ERR209967	PRJEB1220	SAMEA2042375	ERX184632	408170	human gut metagenome	ftp.sra.ebi.ac.uk/vol1/fastq/ERR209/ERR209967/ERR209967.fastq.gz	ftp.sra.ebi.ac.uk/vol1/run/ERR209/ERR209967/MH0023_081119.rmhost.single.fq.gz	
ERR209969	PRJEB1220	SAMEA2042376	ERX184634	408170	human gut metagenome	ftp.sra.ebi.ac.uk/vol1/fastq/ERR209/ERR209969/ERR209969.fastq.gz	ftp.sra.ebi.ac.uk/vol1/run/ERR209/ERR209969/MH0024_090121.rmhost.single.fq.gz	
ERR209974	PRJEB1220	SAMEA2042089	ERX184639	408170	human gut metagenome	ftp.sra.ebi.ac.uk/vol1/fastq/ERR209/ERR209974/ERR209974.fastq.gz	ftp.sra.ebi.ac.uk/vol1/run/ERR209/ERR209974/MH0027_081108.rmhost.single.fq.gz	
ERR209976	PRJEB1220	SAMEA1965033	ERX184641	408170	human gut metagenome	ftp.sra.ebi.ac.uk/vol1/fastq/ERR209/ERR209976/ERR209976.fastq.gz	ftp.sra.ebi.ac.uk/vol1/run/ERR209/ERR209976/MH0028_081223.rmhost.single.fq.gz	
ERR209977	PRJEB1220	SAMEA1965033	ERX184642	408170	human gut metagenome	ftp.sra.ebi.ac.uk/vol1/fastq/ERR209/ERR209977/ERR209977.fastq.gz	ftp.sra.ebi.ac.uk/vol1/run/ERR209/ERR209977/MH0028_090121.rmhost.single.fq.gz	
ERR209978	PRJEB1220	SAMEA2042090	ERX184643	408170	human gut metagenome	ftp.sra.ebi.ac.uk/vol1/fastq/ERR209/ERR209978/ERR209978.fastq.gz	ftp.sra.ebi.ac.uk/vol1/run/ERR209/ERR209978/MH0030_081224.rmhost.single.fq.gz	
ERR209980	PRJEB1220	SAMEA2042091	ERX184645	408170	human gut metagenome	ftp.sra.ebi.ac.uk/vol1/fastq/ERR209/ERR209980/ERR209980.fastq.gz	ftp.sra.ebi.ac.uk/vol1/run/ERR209/ERR209980/MH0031_081223.rmhost.single.fq.gz	
ERR209983	PRJEB1220	SAMEA2042092	ERX184648	408170	human gut metagenome	ftp.sra.ebi.ac.uk/vol1/fastq/ERR209/ERR209983/ERR209983.fastq.gz	ftp.sra.ebi.ac.uk/vol1/run/ERR209/ERR209983/MH0032_090121.rmhost.single.fq.gz	
ERR209984	PRJEB1220	SAMEA2042093	ERX184649	408170	human gut metagenome	ftp.sra.ebi.ac.uk/vol1/fastq/ERR209/ERR209984/ERR209984.fastq.gz	ftp.sra.ebi.ac.uk/vol1/run/ERR209/ERR209984/MH0033_081224.rmhost.single.fq.gz	
ERR209987	PRJEB1220	SAMEA2042095	ERX184652	408170	human gut metagenome	ftp.sra.ebi.ac.uk/vol1/fastq/ERR209/ERR209987/ERR209987.fastq.gz	ftp.sra.ebi.ac.uk/vol1/run/ERR209/ERR209987/MH0034_090122.rmhost.single.fq.gz	
ERR209995	PRJEB1220	SAMEA2042099	ERX184660	408170	human gut metagenome	ftp.sra.ebi.ac.uk/vol1/fastq/ERR209/ERR209995/ERR209995.fastq.gz	ftp.sra.ebi.ac.uk/vol1/run/ERR209/ERR209995/MH0038_090122.rmhost.single.fq.gz	
ERR209998	PRJEB1220	SAMEA2042191	ERX184663	408170	human gut metagenome	ftp.sra.ebi.ac.uk/vol1/fastq/ERR209/ERR209998/ERR209998.fastq.gz	ftp.sra.ebi.ac.uk/vol1/run/ERR209/ERR209998/MH0040_081223.rmhost.single.fq.gz	
ERR209999	PRJEB1220	SAMEA2042191	ERX184664	408170	human gut metagenome	ftp.sra.ebi.ac.uk/vol1/fastq/ERR209/ERR209999/ERR209999.fastq.gz	ftp.sra.ebi.ac.uk/vol1/run/ERR209/ERR209999/MH0040_090125.rmhost.single.fq.gz	
ERR210009	PRJEB1220	SAMEA2042196	ERX184674	408170	human gut metagenome	ftp.sra.ebi.ac.uk/vol1/fastq/ERR210/ERR210009/ERR210009.fastq.gz	ftp.sra.ebi.ac.uk/vol1/run/ERR210/ERR210009/MH0045_090125.rmhost.single.fq.gz	
ERR210012	PRJEB1220	SAMEA2042198	ERX184677	408170	human gut metagenome	ftp.sra.ebi.ac.uk/vol1/fastq/ERR210/ERR210012/ERR210012.fastq.gz	ftp.sra.ebi.ac.uk/vol1/run/ERR210/ERR210012/MH0047_081223.rmhost.single.fq.gz	
ERR210014	PRJEB1220	SAMEA2042199	ERX184679	408170	human gut metagenome	ftp.sra.ebi.ac.uk/vol1/fastq/ERR210/ERR210014/ERR210014.fastq.gz	ftp.sra.ebi.ac.uk/vol1/run/ERR210/ERR210014/MH0048_081226.rmhost.single.fq.gz	
ERR210016	PRJEB1220	SAMEA2042200	ERX184681	408170	human gut metagenome	ftp.sra.ebi.ac.uk/vol1/fastq/ERR210/ERR210016/ERR210016.fastq.gz	ftp.sra.ebi.ac.uk/vol1/run/ERR210/ERR210016/MH0049_081223.rmhost.single.fq.gz	
ERR210021	PRJEB1220	SAMEA2042202	ERX184686	408170	human gut metagenome	ftp.sra.ebi.ac.uk/vol1/fastq/ERR210/ERR210021/ERR210021.fastq.gz	ftp.sra.ebi.ac.uk/vol1/run/ERR210/ERR210021/MH0051_090201.rmhost.single.fq.gz	
ERR210028	PRJEB1220	SAMEA2042206	ERX184693	408170	human gut metagenome	ftp.sra.ebi.ac.uk/vol1/fastq/ERR210/ERR210028/ERR210028.fastq.gz	ftp.sra.ebi.ac.uk/vol1/run/ERR210/ERR210028/MH0055_081223.rmhost.single.fq.gz	
ERR210029	PRJEB1220	SAMEA2042206	ERX184694	408170	human gut metagenome	ftp.sra.ebi.ac.uk/vol1/fastq/ERR210/ERR210029/ERR210029.fastq.gz	ftp.sra.ebi.ac.uk/vol1/run/ERR210/ERR210029/MH0055_090125.rmhost.single.fq.gz	
ERR210033	PRJEB1220	SAMEA2042288	ERX184698	408170	human gut metagenome	ftp.sra.ebi.ac.uk/vol1/fastq/ERR210/ERR210033/ERR210033.fastq.gz	ftp.sra.ebi.ac.uk/vol1/run/ERR210/ERR210033/MH0057_090125.rmhost.single.fq.gz	
ERR210034	PRJEB1220	SAMEA2042289	ERX184699	408170	human gut metagenome	ftp.sra.ebi.ac.uk/vol1/fastq/ERR210/ERR210034/ERR210034.fastq.gz	ftp.sra.ebi.ac.uk/vol1/run/ERR210/ERR210034/MH0058_081230.rmhost.single.fq.gz	
ERR210042	PRJEB1220	SAMEA2042294	ERX184707	408170	human gut metagenome	ftp.sra.ebi.ac.uk/vol1/fastq/ERR210/ERR210042/ERR210042.fastq.gz	ftp.sra.ebi.ac.uk/vol1/run/ERR210/ERR210042/MH0062_081223.rmhost.single.fq.gz	
ERR210046	PRJEB1220	SAMEA2042296	ERX184711	408170	human gut metagenome	ftp.sra.ebi.ac.uk/vol1/fastq/ERR210/ERR210046/ERR210046.fastq.gz	ftp.sra.ebi.ac.uk/vol1/run/ERR210/ERR210046/MH0064_081223.rmhost.single.fq.gz	
ERR210047	PRJEB1220	SAMEA2042296	ERX184712	408170	human gut metagenome	ftp.sra.ebi.ac.uk/vol1/fastq/ERR210/ERR210047/ERR210047.fastq.gz	ftp.sra.ebi.ac.uk/vol1/run/ERR210/ERR210047/MH0064_090126.rmhost.single.fq.gz	
ERR210048	PRJEB1220	SAMEA2042297	ERX184713	408170	human gut metagenome	ftp.sra.ebi.ac.uk/vol1/fastq/ERR210/ERR210048/ERR210048.fastq.gz	ftp.sra.ebi.ac.uk/vol1/run/ERR210/ERR210048/MH0065_081223.rmhost.single.fq.gz	
ERR210050	PRJEB1220	SAMEA2042298	ERX184715	408170	human gut metagenome	ftp.sra.ebi.ac.uk/vol1/fastq/ERR210/ERR210050/ERR210050.fastq.gz	ftp.sra.ebi.ac.uk/vol1/run/ERR210/ERR210050/MH0066_081223.rmhost.single.fq.gz	
ERR210053	PRJEB1220	SAMEA2042299	ERX184718	408170	human gut metagenome	ftp.sra.ebi.ac.uk/vol1/fastq/ERR210/ERR210053/ERR210053.fastq.gz	ftp.sra.ebi.ac.uk/vol1/run/ERR210/ERR210053/MH0067_090126.rmhost.single.fq.gz	
ERR210060	PRJEB1220	SAMEA2042302	ERX184725	408170	human gut metagenome	ftp.sra.ebi.ac.uk/vol1/fastq/ERR210/ERR210060/ERR210060.fastq.gz	ftp.sra.ebi.ac.uk/vol1/run/ERR210/ERR210060/MH0070_090125.rmhost.single.fq.gz	
ERR210064	PRJEB1220	SAMEA2042377	ERX184729	408170	human gut metagenome	ftp.sra.ebi.ac.uk/vol1/fastq/ERR210/ERR210064/ERR210064.fastq.gz	ftp.sra.ebi.ac.uk/vol1/run/ERR210/ERR210064/MH0072_090125.rmhost.single.fq.gz	
ERR210080	PRJEB1220	SAMEA2042385	ERX184745	408170	human gut metagenome	ftp.sra.ebi.ac.uk/vol1/fastq/ERR210/ERR210080/ERR210080.fastq.gz	ftp.sra.ebi.ac.uk/vol1/run/ERR210/ERR210080/MH0080_090130.rmhost.single.fq.gz	
ERR210085	PRJEB1220	SAMEA2042388	ERX184750	408170	human gut metagenome	ftp.sra.ebi.ac.uk/vol1/fastq/ERR210/ERR210085/ERR210085.fastq.gz	ftp.sra.ebi.ac.uk/vol1/run/ERR210/ERR210085/MH0083_090105.rmhost.single.fq.gz	
ERR210092	PRJEB1220	SAMEA2042392	ERX184757	408170	human gut metagenome	ftp.sra.ebi.ac.uk/vol1/fastq/ERR210/ERR210092/ERR210092.fastq.gz	ftp.sra.ebi.ac.uk/vol1/run/ERR210/ERR210092/MH0086_090325.rmhost.single.fq.gz	
ERR210095	PRJEB1220	SAMEA2042393	ERX184760	408170	human gut metagenome	ftp.sra.ebi.ac.uk/vol1/fastq/ERR210/ERR210095/ERR210095.fastq.gz	ftp.sra.ebi.ac.uk/vol1/run/ERR210/ERR210095/MH0087_20100128L7.rmhost.single.fq.gz	
ERR210096	PRJEB1220	SAMEA2042393	ERX184761	408170	human gut metagenome	ftp.sra.ebi.ac.uk/vol1/fastq/ERR210/ERR210096/ERR210096.fastq.gz	ftp.sra.ebi.ac.uk/vol1/run/ERR210/ERR210096/MH0087_20100128L8.rmhost.single.fq.gz	
ERR210097	PRJEB1220	SAMEA1972159	ERX184762	408170	human gut metagenome	ftp.sra.ebi.ac.uk/vol1/fastq/ERR210/ERR210097/ERR210097.fastq.gz	ftp.sra.ebi.ac.uk/vol1/run/ERR210/ERR210097/MH0088_20091105.rmhost.single.fq.gz	
ERR210109	PRJEB1220	SAMEA1969296	ERX184774	408170	human gut metagenome	ftp.sra.ebi.ac.uk/vol1/fastq/ERR210/ERR210109/ERR210109.fastq.gz	ftp.sra.ebi.ac.uk/vol1/run/ERR210/ERR210109/MH0092_20091124L4.rmhost.single.fq.gz	
ERR210111	PRJEB1220	SAMEA1969296	ERX184776	408170	human gut metagenome	ftp.sra.ebi.ac.uk/vol1/fastq/ERR210/ERR210111/ERR210111.fastq.gz	ftp.sra.ebi.ac.uk/vol1/run/ERR210/ERR210111/MH0092_20091126L5.rmhost.single.fq.gz	
ERR210116	PRJEB1220	SAMEA2042428	ERX184781	408170	human gut metagenome	ftp.sra.ebi.ac.uk/vol1/fastq/ERR210/ERR210116/ERR210116.fastq.gz	ftp.sra.ebi.ac.uk/vol1/run/ERR210/ERR210116/MH0093_20091126L6.rmhost.single.fq.gz	
ERR210117	PRJEB1220	SAMEA2042428	ERX184782	408170	human gut metagenome	ftp.sra.ebi.ac.uk/vol1/fastq/ERR210/ERR210117/ERR210117.fastq.gz	ftp.sra.ebi.ac.uk/vol1/run/ERR210/ERR210117/MH0093_20091126L7.rmhost.single.fq.gz	
ERR210118	PRJEB1220	SAMEA2042428	ERX184783	408170	human gut metagenome	ftp.sra.ebi.ac.uk/vol1/fastq/ERR210/ERR210118/ERR210118.fastq.gz	ftp.sra.ebi.ac.uk/vol1/run/ERR210/ERR210118/MH0093_20091126L8.rmhost.single.fq.gz	
ERR210123	PRJEB1220	SAMEA2042429	ERX184788	408170	human gut metagenome	ftp.sra.ebi.ac.uk/vol1/fastq/ERR210/ERR210123/ERR210123.fastq.gz	ftp.sra.ebi.ac.uk/vol1/run/ERR210/ERR210123/MH0094_20091126L5.rmhost.single.fq.gz	
ERR210125	PRJEB1220	SAMEA2042429	ERX184790	408170	human gut metagenome	ftp.sra.ebi.ac.uk/vol1/fastq/ERR210/ERR210125/ERR210125.fastq.gz	ftp.sra.ebi.ac.uk/vol1/run/ERR210/ERR210125/MH0094_20091212L4.rmhost.single.fq.gz	
ERR210130	PRJEB1220	SAMEA2042430	ERX184795	408170	human gut metagenome	ftp.sra.ebi.ac.uk/vol1/fastq/ERR210/ERR210130/ERR210130.fastq.gz	ftp.sra.ebi.ac.uk/vol1/run/ERR210/ERR210130/MH0095_20091126L8.rmhost.single.fq.gz	
ERR210131	PRJEB1220	SAMEA2042430	ERX184796	408170	human gut metagenome	ftp.sra.ebi.ac.uk/vol1/fastq/ERR210/ERR210131/ERR210131.fastq.gz	ftp.sra.ebi.ac.uk/vol1/run/ERR210/ERR210131/MH0095_20091212L5.rmhost.single.fq.gz	
ERR210132	PRJEB1220	SAMEA2042431	ERX184797	408170	human gut metagenome	ftp.sra.ebi.ac.uk/vol1/fastq/ERR210/ERR210132/ERR210132.fastq.gz	ftp.sra.ebi.ac.uk/vol1/run/ERR210/ERR210132/MH0096_20091014.rmhost.single.fq.gz	
ERR210135	PRJEB1220	SAMEA2042431	ERX184800	408170	human gut metagenome	ftp.sra.ebi.ac.uk/vol1/fastq/ERR210/ERR210135/ERR210135.fastq.gz	ftp.sra.ebi.ac.uk/vol1/run/ERR210/ERR210135/MH0096_20091126L5.rmhost.single.fq.gz	
ERR210137	PRJEB1220	SAMEA2042431	ERX184802	408170	human gut metagenome	ftp.sra.ebi.ac.uk/vol1/fastq/ERR210/ERR210137/ERR210137.fastq.gz	ftp.sra.ebi.ac.uk/vol1/run/ERR210/ERR210137/MH0096_20091212L4.rmhost.single.fq.gz	
ERR210140	PRJEB1220	SAMEA2042433	ERX184805	408170	human gut metagenome	ftp.sra.ebi.ac.uk/vol1/fastq/ERR210/ERR210140/ERR210140.fastq.gz	ftp.sra.ebi.ac.uk/vol1/run/ERR210/ERR210140/MH0097_20091126L6.rmhost.single.fq.gz	
ERR210146	PRJEB1220	SAMEA2042434	ERX184811	408170	human gut metagenome	ftp.sra.ebi.ac.uk/vol1/fastq/ERR210/ERR210146/ERR210146.fastq.gz	ftp.sra.ebi.ac.uk/vol1/run/ERR210/ERR210146/MH0098_20091124L8.rmhost.single.fq.gz	
ERR210466	PRJEB1220	SAMEA2043040	ERX185131	408170	human gut metagenome	ftp.sra.ebi.ac.uk/vol1/fastq/ERR210/ERR210466/ERR210466.fastq.gz	ftp.sra.ebi.ac.uk/vol1/run/ERR210/ERR210466/O2.UC4-0_090112.rmhost.single.fq.gz	
ERR210467	PRJEB1220	SAMEA2043040	ERX185132	408170	human gut metagenome	ftp.sra.ebi.ac.uk/vol1/fastq/ERR210/ERR210467/ERR210467.fastq.gz	ftp.sra.ebi.ac.uk/vol1/run/ERR210/ERR210467/O2.UC4-0_090127.rmhost.single.fq.gz	
ERR210468	PRJEB1220	SAMEA2043043	ERX185133	408170	human gut metagenome	ftp.sra.ebi.ac.uk/vol1/fastq/ERR210/ERR210468/ERR210468.fastq.gz	ftp.sra.ebi.ac.uk/vol1/run/ERR210/ERR210468/O2.UC40-2_20100112.rmhost.single.fq.gz	
ERR210472	PRJEB1220	SAMEA1971886	ERX185137	408170	human gut metagenome	ftp.sra.ebi.ac.uk/vol1/fastq/ERR210/ERR210472/ERR210472.fastq.gz	ftp.sra.ebi.ac.uk/vol1/run/ERR210/ERR210472/O2.UC43-0_20100114.rmhost.single.fq.gz	
ERR210474	PRJEB1220	SAMEA2043048	ERX185139	408170	human gut metagenome	ftp.sra.ebi.ac.uk/vol1/fastq/ERR210/ERR210474/ERR210474.fastq.gz	ftp.sra.ebi.ac.uk/vol1/run/ERR210/ERR210474/O2.UC44-0_20100208.rmhost.single.fq.gz	
ERR210475	PRJEB1220	SAMEA2043048	ERX185140	408170	human gut metagenome	ftp.sra.ebi.ac.uk/vol1/fastq/ERR210/ERR210475/ERR210475.fastq.gz	ftp.sra.ebi.ac.uk/vol1/run/ERR210/ERR210475/O2.UC44-0_2010122.rmhost.single.fq.gz	
ERR210477	PRJEB1220	SAMEA2043050	ERX185142	408170	human gut metagenome	ftp.sra.ebi.ac.uk/vol1/fastq/ERR210/ERR210477/ERR210477.fastq.gz	ftp.sra.ebi.ac.uk/vol1/run/ERR210/ERR210477/O2.UC46-0_20100114.rmhost.single.fq.gz	
ERR210480	PRJEB1220	SAMEA1965906	ERX185145	408170	human gut metagenome	ftp.sra.ebi.ac.uk/vol1/fastq/ERR210/ERR210480/ERR210480.fastq.gz	ftp.sra.ebi.ac.uk/vol1/run/ERR210/ERR210480/O2.UC46-2_20100204.rmhost.single.fq.gz	
ERR210484	PRJEB1220	SAMEA1964914	ERX185149	408170	human gut metagenome	ftp.sra.ebi.ac.uk/vol1/fastq/ERR210/ERR210484/ERR210484.fastq.gz	ftp.sra.ebi.ac.uk/vol1/run/ERR210/ERR210484/O2.UC47-2_20100112.rmhost.single.fq.gz	
ERR210487	PRJEB1220	SAMEA2043052	ERX185152	408170	human gut metagenome	ftp.sra.ebi.ac.uk/vol1/fastq/ERR210/ERR210487/ERR210487.fastq.gz	ftp.sra.ebi.ac.uk/vol1/run/ERR210/ERR210487/O2.UC48-0_100403.rmhost.single.fq.gz	
ERR210495	PRJEB1220	SAMEA2041924	ERX185160	408170	human gut metagenome	ftp.sra.ebi.ac.uk/vol1/fastq/ERR210/ERR210495/ERR210495.fastq.gz	ftp.sra.ebi.ac.uk/vol1/run/ERR210/ERR210495/O2.UC49-2_2010122.rmhost.single.fq.gz	
ERR210496	PRJEB1220	SAMEA2041927	ERX185161	408170	human gut metagenome	ftp.sra.ebi.ac.uk/vol1/fastq/ERR210/ERR210496/ERR210496.fastq.gz	ftp.sra.ebi.ac.uk/vol1/run/ERR210/ERR210496/O2.UC50-0_100403.rmhost.single.fq.gz	
ERR210499	PRJEB1220	SAMEA2041925	ERX185164	408170	human gut metagenome	ftp.sra.ebi.ac.uk/vol1/fastq/ERR210/ERR210499/ERR210499.fastq.gz	ftp.sra.ebi.ac.uk/vol1/run/ERR210/ERR210499/O2.UC5-0_100423.rmhost.single.fq.gz	
ERR210502	PRJEB1220	SAMEA2041930	ERX185167	408170	human gut metagenome	ftp.sra.ebi.ac.uk/vol1/fastq/ERR210/ERR210502/ERR210502.fastq.gz	ftp.sra.ebi.ac.uk/vol1/run/ERR210/ERR210502/O2.UC51-0_2010122.rmhost.single.fq.gz	
ERR210505	PRJEB1220	SAMEA2041931	ERX185170	408170	human gut metagenome	ftp.sra.ebi.ac.uk/vol1/fastq/ERR210/ERR210505/ERR210505.fastq.gz	ftp.sra.ebi.ac.uk/vol1/run/ERR210/ERR210505/O2.UC51-2_2010122.rmhost.single.fq.gz	
ERR210506	PRJEB1220	SAMEA2041932	ERX185171	408170	human gut metagenome	ftp.sra.ebi.ac.uk/vol1/fastq/ERR210/ERR210506/ERR210506.fastq.gz	ftp.sra.ebi.ac.uk/vol1/run/ERR210/ERR210506/O2.UC52-0_20100113.rmhost.single.fq.gz	
ERR210508	PRJEB1220	SAMEA2041933	ERX185173	408170	human gut metagenome	ftp.sra.ebi.ac.uk/vol1/fastq/ERR210/ERR210508/ERR210508.fastq.gz	ftp.sra.ebi.ac.uk/vol1/run/ERR210/ERR210508/O2.UC52-2_20100113.rmhost.single.fq.gz	
ERR210510	PRJEB1220	SAMEA2041934	ERX185175	408170	human gut metagenome	ftp.sra.ebi.ac.uk/vol1/fastq/ERR210/ERR210510/ERR210510.fastq.gz	ftp.sra.ebi.ac.uk/vol1/run/ERR210/ERR210510/O2.UC53-0_100423.rmhost.single.fq.gz	
ERR210511	PRJEB1220	SAMEA2041935	ERX185176	408170	human gut metagenome	ftp.sra.ebi.ac.uk/vol1/fastq/ERR210/ERR210511/ERR210511.fastq.gz	ftp.sra.ebi.ac.uk/vol1/run/ERR210/ERR210511/O2.UC53-2_20100113.rmhost.single.fq.gz	
ERR210513	PRJEB1220	SAMEA2041937	ERX185178	408170	human gut metagenome	ftp.sra.ebi.ac.uk/vol1/fastq/ERR210/ERR210513/ERR210513.fastq.gz	ftp.sra.ebi.ac.uk/vol1/run/ERR210/ERR210513/O2.UC54-2_20100114.rmhost.single.fq.gz	
ERR210516	PRJEB1220	SAMEA1964895	ERX185181	408170	human gut metagenome	ftp.sra.ebi.ac.uk/vol1/fastq/ERR210/ERR210516/ERR210516.fastq.gz	ftp.sra.ebi.ac.uk/vol1/run/ERR210/ERR210516/O2.UC56-0_20100114.rmhost.single.fq.gz	
ERR210517	PRJEB1220	SAMEA2042000	ERX185182	408170	human gut metagenome	ftp.sra.ebi.ac.uk/vol1/fastq/ERR210/ERR210517/ERR210517.fastq.gz	ftp.sra.ebi.ac.uk/vol1/run/ERR210/ERR210517/O2.UC56-2_20100114.rmhost.single.fq.gz	
ERR210523	PRJEB1220	SAMEA2042006	ERX185188	408170	human gut metagenome	ftp.sra.ebi.ac.uk/vol1/fastq/ERR210/ERR210523/ERR210523.fastq.gz	ftp.sra.ebi.ac.uk/vol1/run/ERR210/ERR210523/O2.UC59-2_20100114.rmhost.single.fq.gz	
ERR210524	PRJEB1220	SAMEA2042007	ERX185189	408170	human gut metagenome	ftp.sra.ebi.ac.uk/vol1/fastq/ERR210/ERR210524/ERR210524.fastq.gz	ftp.sra.ebi.ac.uk/vol1/run/ERR210/ERR210524/O2.UC60-0_20100204.rmhost.single.fq.gz	
ERR210526	PRJEB1220	SAMEA2042009	ERX185191	408170	human gut metagenome	ftp.sra.ebi.ac.uk/vol1/fastq/ERR210/ERR210526/ERR210526.fastq.gz	ftp.sra.ebi.ac.uk/vol1/run/ERR210/ERR210526/O2.UC60-2_20100114.rmhost.single.fq.gz	
ERR210528	PRJEB1220	SAMEA2042010	ERX185193	408170	human gut metagenome	ftp.sra.ebi.ac.uk/vol1/fastq/ERR210/ERR210528/ERR210528.fastq.gz	ftp.sra.ebi.ac.uk/vol1/run/ERR210/ERR210528/O2.UC9-0_100423.rmhost.single.fq.gz	
ERR210534	PRJEB1220	SAMEA2042013	ERX185199	408170	human gut metagenome	ftp.sra.ebi.ac.uk/vol1/fastq/ERR210/ERR210534/ERR210534.fastq.gz	ftp.sra.ebi.ac.uk/vol1/run/ERR210/ERR210534/V1.CD11-0_090109.rmhost.single.fq.gz	
ERR210537	PRJEB1220	SAMEA2042014	ERX185202	408170	human gut metagenome	ftp.sra.ebi.ac.uk/vol1/fastq/ERR210/ERR210537/ERR210537.fastq.gz	ftp.sra.ebi.ac.uk/vol1/run/ERR210/ERR210537/V1.CD12-0_090127.rmhost.single.fq.gz	
ERR210539	PRJEB1220	SAMEA2042101	ERX185204	408170	human gut metagenome	ftp.sra.ebi.ac.uk/vol1/fastq/ERR210/ERR210539/ERR210539.fastq.gz	ftp.sra.ebi.ac.uk/vol1/run/ERR210/ERR210539/V1.CD13-0_090127.rmhost.single.fq.gz	
ERR210542	PRJEB1220	SAMEA1965852	ERX185207	408170	human gut metagenome	ftp.sra.ebi.ac.uk/vol1/fastq/ERR210/ERR210542/ERR210542.fastq.gz	ftp.sra.ebi.ac.uk/vol1/run/ERR210/ERR210542/V1.CD15-0_090105.rmhost.single.fq.gz	
ERR210543	PRJEB1220	SAMEA1965852	ERX185208	408170	human gut metagenome	ftp.sra.ebi.ac.uk/vol1/fastq/ERR210/ERR210543/ERR210543.fastq.gz	ftp.sra.ebi.ac.uk/vol1/run/ERR210/ERR210543/V1.CD15-0_090129.rmhost.single.fq.gz	
ERR210547	PRJEB1220	SAMEA2042105	ERX185212	408170	human gut metagenome	ftp.sra.ebi.ac.uk/vol1/fastq/ERR210/ERR210547/ERR210547.fastq.gz	ftp.sra.ebi.ac.uk/vol1/run/ERR210/ERR210547/V1.CD17-0_2010122.rmhost.single.fq.gz	
ERR210549	PRJEB1220	SAMEA2042106	ERX185214	408170	human gut metagenome	ftp.sra.ebi.ac.uk/vol1/fastq/ERR210/ERR210549/ERR210549.fastq.gz	ftp.sra.ebi.ac.uk/vol1/run/ERR210/ERR210549/V1.CD17-4_100527.rmhost.single.fq.gz	
ERR210551	PRJEB1220	SAMEA2042107	ERX185216	408170	human gut metagenome	ftp.sra.ebi.ac.uk/vol1/fastq/ERR210/ERR210551/ERR210551.fastq.gz	ftp.sra.ebi.ac.uk/vol1/run/ERR210/ERR210551/V1.CD18-0_100527.rmhost.single.fq.gz	
ERR210554	PRJEB1220	SAMEA2042109	ERX185219	408170	human gut metagenome	ftp.sra.ebi.ac.uk/vol1/fastq/ERR210/ERR210554/ERR210554.fastq.gz	ftp.sra.ebi.ac.uk/vol1/run/ERR210/ERR210554/V1.CD19-0_100518.rmhost.single.fq.gz	
ERR210559	PRJEB1220	SAMEA2042111	ERX185224	408170	human gut metagenome	ftp.sra.ebi.ac.uk/vol1/fastq/ERR210/ERR210559/ERR210559.fastq.gz	ftp.sra.ebi.ac.uk/vol1/run/ERR210/ERR210559/V1.CD20-4_100715.rmhost.single.fq.gz	
ERR210562	PRJEB1220	SAMEA2042113	ERX185227	408170	human gut metagenome	ftp.sra.ebi.ac.uk/vol1/fastq/ERR210/ERR210562/ERR210562.fastq.gz	ftp.sra.ebi.ac.uk/vol1/run/ERR210/ERR210562/V1.CD21-4_100518.rmhost.single.fq.gz	
ERR210563	PRJEB1220	SAMEA2042113	ERX185228	408170	human gut metagenome	ftp.sra.ebi.ac.uk/vol1/fastq/ERR210/ERR210563/ERR210563.fastq.gz	ftp.sra.ebi.ac.uk/vol1/run/ERR210/ERR210563/V1.CD21-4_100527.rmhost.single.fq.gz	
ERR210565	PRJEB1220	SAMEA2042114	ERX185230	408170	human gut metagenome	ftp.sra.ebi.ac.uk/vol1/fastq/ERR210/ERR210565/ERR210565.fastq.gz	ftp.sra.ebi.ac.uk/vol1/run/ERR210/ERR210565/V1.CD22-0_100527.rmhost.single.fq.gz	
ERR210566	PRJEB1220	SAMEA2042115	ERX185231	408170	human gut metagenome	ftp.sra.ebi.ac.uk/vol1/fastq/ERR210/ERR210566/ERR210566.fastq.gz	ftp.sra.ebi.ac.uk/vol1/run/ERR210/ERR210566/V1.CD24-0_2010122.rmhost.single.fq.gz	
ERR210567	PRJEB1220	SAMEA2042215	ERX185232	408170	human gut metagenome	ftp.sra.ebi.ac.uk/vol1/fastq/ERR210/ERR210567/ERR210567.fastq.gz	ftp.sra.ebi.ac.uk/vol1/run/ERR210/ERR210567/V1.CD25-0_2010122.rmhost.single.fq.gz	
ERR210568	PRJEB1220	SAMEA2042216	ERX185233	408170	human gut metagenome	ftp.sra.ebi.ac.uk/vol1/fastq/ERR210/ERR210568/ERR210568.fastq.gz	ftp.sra.ebi.ac.uk/vol1/run/ERR210/ERR210568/V1.CD25-4_100703.rmhost.single.fq.gz	
ERR210569	PRJEB1220	SAMEA2042216	ERX185234	408170	human gut metagenome	ftp.sra.ebi.ac.uk/vol1/fastq/ERR210/ERR210569/ERR210569.fastq.gz	ftp.sra.ebi.ac.uk/vol1/run/ERR210/ERR210569/V1.CD25-4_100715.rmhost.single.fq.gz	
ERR210572	PRJEB1220	SAMEA2042218	ERX185237	408170	human gut metagenome	ftp.sra.ebi.ac.uk/vol1/fastq/ERR210/ERR210572/ERR210572.fastq.gz	ftp.sra.ebi.ac.uk/vol1/run/ERR210/ERR210572/V1.CD28-0_100527.rmhost.single.fq.gz	
ERR210574	PRJEB1220	SAMEA2042221	ERX185239	408170	human gut metagenome	ftp.sra.ebi.ac.uk/vol1/fastq/ERR210/ERR210574/ERR210574.fastq.gz	ftp.sra.ebi.ac.uk/vol1/run/ERR210/ERR210574/V1.CD30-0_2010122.rmhost.single.fq.gz	
ERR210576	PRJEB1220	SAMEA2042220	ERX185241	408170	human gut metagenome	ftp.sra.ebi.ac.uk/vol1/fastq/ERR210/ERR210576/ERR210576.fastq.gz	ftp.sra.ebi.ac.uk/vol1/run/ERR210/ERR210576/V1.CD3-0_090126.rmhost.single.fq.gz	
ERR210577	PRJEB1220	SAMEA2042222	ERX185242	408170	human gut metagenome	ftp.sra.ebi.ac.uk/vol1/fastq/ERR210/ERR210577/ERR210577.fastq.gz	ftp.sra.ebi.ac.uk/vol1/run/ERR210/ERR210577/V1.CD31-0_20100208.rmhost.single.fq.gz	
ERR210581	PRJEB1220	SAMEA2042224	ERX185246	408170	human gut metagenome	ftp.sra.ebi.ac.uk/vol1/fastq/ERR210/ERR210581/ERR210581.fastq.gz	ftp.sra.ebi.ac.uk/vol1/run/ERR210/ERR210581/V1.CD35-0_100515.rmhost.single.fq.gz	
ERR210582	PRJEB1220	SAMEA2042224	ERX185247	408170	human gut metagenome	ftp.sra.ebi.ac.uk/vol1/fastq/ERR210/ERR210582/ERR210582.fastq.gz	ftp.sra.ebi.ac.uk/vol1/run/ERR210/ERR210582/V1.CD35-0_100525.rmhost.single.fq.gz	
ERR210584	PRJEB1220	SAMEA2042225	ERX185249	408170	human gut metagenome	ftp.sra.ebi.ac.uk/vol1/fastq/ERR210/ERR210584/ERR210584.fastq.gz	ftp.sra.ebi.ac.uk/vol1/run/ERR210/ERR210584/V1.CD35-1_100527.rmhost.single.fq.gz	
ERR210588	PRJEB1220	SAMEA2042304	ERX185253	408170	human gut metagenome	ftp.sra.ebi.ac.uk/vol1/fastq/ERR210/ERR210588/ERR210588.fastq.gz	ftp.sra.ebi.ac.uk/vol1/run/ERR210/ERR210588/V1.CD38-0_100527.rmhost.single.fq.gz	
ERR210590	PRJEB1220	SAMEA2042394	ERX185255	408170	human gut metagenome	ftp.sra.ebi.ac.uk/vol1/fastq/ERR210/ERR210590/ERR210590.fastq.gz	ftp.sra.ebi.ac.uk/vol1/run/ERR210/ERR210590/V1.CD4-0_090126.rmhost.single.fq.gz	
ERR210591	PRJEB1220	SAMEA2042395	ERX185256	408170	human gut metagenome	ftp.sra.ebi.ac.uk/vol1/fastq/ERR210/ERR210591/ERR210591.fastq.gz	ftp.sra.ebi.ac.uk/vol1/run/ERR210/ERR210591/V1.CD41-0_100704.rmhost.single.fq.gz	
ERR210592	PRJEB1220	SAMEA2042395	ERX185257	408170	human gut metagenome	ftp.sra.ebi.ac.uk/vol1/fastq/ERR210/ERR210592/ERR210592.fastq.gz	ftp.sra.ebi.ac.uk/vol1/run/ERR210/ERR210592/V1.CD41-0_100712.rmhost.single.fq.gz	
ERR210593	PRJEB1220	SAMEA2042396	ERX185258	408170	human gut metagenome	ftp.sra.ebi.ac.uk/vol1/fastq/ERR210/ERR210593/ERR210593.fastq.gz	ftp.sra.ebi.ac.uk/vol1/run/ERR210/ERR210593/V1.CD42-0_100704.rmhost.single.fq.gz	
ERR210594	PRJEB1220	SAMEA2042396	ERX185259	408170	human gut metagenome	ftp.sra.ebi.ac.uk/vol1/fastq/ERR210/ERR210594/ERR210594.fastq.gz	ftp.sra.ebi.ac.uk/vol1/run/ERR210/ERR210594/V1.CD42-0_100712.rmhost.single.fq.gz	
ERR210596	PRJEB1220	SAMEA2042397	ERX185261	408170	human gut metagenome	ftp.sra.ebi.ac.uk/vol1/fastq/ERR210/ERR210596/ERR210596.fastq.gz	ftp.sra.ebi.ac.uk/vol1/run/ERR210/ERR210596/V1.CD6-0_090127.rmhost.single.fq.gz	
ERR210598	PRJEB1220	SAMEA1963786	ERX185263	408170	human gut metagenome	ftp.sra.ebi.ac.uk/vol1/fastq/ERR210/ERR210598/ERR210598.fastq.gz	ftp.sra.ebi.ac.uk/vol1/run/ERR210/ERR210598/V1.CD6-4_100527.rmhost.single.fq.gz	
ERR210601	PRJEB1220	SAMEA2042399	ERX185266	408170	human gut metagenome	ftp.sra.ebi.ac.uk/vol1/fastq/ERR210/ERR210601/ERR210601.fastq.gz	ftp.sra.ebi.ac.uk/vol1/run/ERR210/ERR210601/V1.CD7-4_100527.rmhost.single.fq.gz	
ERR210604	PRJEB1220	SAMEA2042401	ERX185269	408170	human gut metagenome	ftp.sra.ebi.ac.uk/vol1/fastq/ERR210/ERR210604/ERR210604.fastq.gz	ftp.sra.ebi.ac.uk/vol1/run/ERR210/ERR210604/V1.CD9-0_090109.rmhost.single.fq.gz	
ERR210611	PRJEB1220	SAMEA2042405	ERX185276	408170	human gut metagenome	ftp.sra.ebi.ac.uk/vol1/fastq/ERR210/ERR210611/ERR210611.fastq.gz	ftp.sra.ebi.ac.uk/vol1/run/ERR210/ERR210611/V1.UC11-0_20100130.rmhost.single.fq.gz	
ERR210612	PRJEB1220	SAMEA2042405	ERX185277	408170	human gut metagenome	ftp.sra.ebi.ac.uk/vol1/fastq/ERR210/ERR210612/ERR210612.fastq.gz	ftp.sra.ebi.ac.uk/vol1/run/ERR210/ERR210612/V1.UC11-0_20100305.rmhost.single.fq.gz	
ERR210617	PRJEB1220	SAMEA2042408	ERX185282	408170	human gut metagenome	ftp.sra.ebi.ac.uk/vol1/fastq/ERR210/ERR210617/ERR210617.fastq.gz	ftp.sra.ebi.ac.uk/vol1/run/ERR210/ERR210617/V1.UC12-4_100525.rmhost.single.fq.gz	
ERR210630	PRJEB1220	SAMEA2042444	ERX185295	408170	human gut metagenome	ftp.sra.ebi.ac.uk/vol1/fastq/ERR210/ERR210630/ERR210630.fastq.gz	ftp.sra.ebi.ac.uk/vol1/run/ERR210/ERR210630/V1.UC16-0_20100205.rmhost.single.fq.gz	
ERR210631	PRJEB1220	SAMEA2042444	ERX185296	408170	human gut metagenome	ftp.sra.ebi.ac.uk/vol1/fastq/ERR210/ERR210631/ERR210631.fastq.gz	ftp.sra.ebi.ac.uk/vol1/run/ERR210/ERR210631/V1.UC16-0_20100305.rmhost.single.fq.gz	
ERR210636	PRJEB1220	SAMEA2042447	ERX185301	408170	human gut metagenome	ftp.sra.ebi.ac.uk/vol1/fastq/ERR210/ERR210636/ERR210636.fastq.gz	ftp.sra.ebi.ac.uk/vol1/run/ERR210/ERR210636/V1.UC18-0_090112.rmhost.single.fq.gz	
ERR210638	PRJEB1220	SAMEA2042448	ERX185303	408170	human gut metagenome	ftp.sra.ebi.ac.uk/vol1/fastq/ERR210/ERR210638/ERR210638.fastq.gz	ftp.sra.ebi.ac.uk/vol1/run/ERR210/ERR210638/V1.UC19-0_090112.rmhost.single.fq.gz	
ERR210148	PRJEB1220	SAMEA2042435	ERX184813	408170	human gut metagenome	ftp.sra.ebi.ac.uk/vol1/fastq/ERR210/ERR210148/ERR210148.fastq.gz	ftp.sra.ebi.ac.uk/vol1/run/ERR210/ERR210148/MH0099_20091014.rmhost.single.fq.gz	
ERR210151	PRJEB1220	SAMEA2042435	ERX184816	408170	human gut metagenome	ftp.sra.ebi.ac.uk/vol1/fastq/ERR210/ERR210151/ERR210151.fastq.gz	ftp.sra.ebi.ac.uk/vol1/run/ERR210/ERR210151/MH0099_20091124L4.rmhost.single.fq.gz	
ERR210152	PRJEB1220	SAMEA2042435	ERX184817	408170	human gut metagenome	ftp.sra.ebi.ac.uk/vol1/fastq/ERR210/ERR210152/ERR210152.fastq.gz	ftp.sra.ebi.ac.uk/vol1/run/ERR210/ERR210152/MH0099_20091212L2.rmhost.single.fq.gz	
ERR210155	PRJEB1220	SAMEA1965384	ERX184820	408170	human gut metagenome	ftp.sra.ebi.ac.uk/vol1/fastq/ERR210/ERR210155/ERR210155.fastq.gz	ftp.sra.ebi.ac.uk/vol1/run/ERR210/ERR210155/MH0100_20091124L8.rmhost.single.fq.gz	
ERR210160	PRJEB1220	SAMEA2042436	ERX184825	408170	human gut metagenome	ftp.sra.ebi.ac.uk/vol1/fastq/ERR210/ERR210160/ERR210160.fastq.gz	ftp.sra.ebi.ac.uk/vol1/run/ERR210/ERR210160/MH0101_20091124L7.rmhost.single.fq.gz	
ERR210161	PRJEB1220	SAMEA2042436	ERX184826	408170	human gut metagenome	ftp.sra.ebi.ac.uk/vol1/fastq/ERR210/ERR210161/ERR210161.fastq.gz	ftp.sra.ebi.ac.uk/vol1/run/ERR210/ERR210161/MH0101_20091212L3.rmhost.single.fq.gz	
ERR210162	PRJEB1220	SAMEA2042437	ERX184827	408170	human gut metagenome	ftp.sra.ebi.ac.uk/vol1/fastq/ERR210/ERR210162/ERR210162.fastq.gz	ftp.sra.ebi.ac.uk/vol1/run/ERR210/ERR210162/MH0102_20091014.rmhost.single.fq.gz	
ERR210163	PRJEB1220	SAMEA2042437	ERX184828	408170	human gut metagenome	ftp.sra.ebi.ac.uk/vol1/fastq/ERR210/ERR210163/ERR210163.fastq.gz	ftp.sra.ebi.ac.uk/vol1/run/ERR210/ERR210163/MH0102_20091124L5.rmhost.single.fq.gz	
ERR210165	PRJEB1220	SAMEA2042437	ERX184830	408170	human gut metagenome	ftp.sra.ebi.ac.uk/vol1/fastq/ERR210/ERR210165/ERR210165.fastq.gz	ftp.sra.ebi.ac.uk/vol1/run/ERR210/ERR210165/MH0102_20091124L7.rmhost.single.fq.gz	
ERR210167	PRJEB1220	SAMEA2042438	ERX184832	408170	human gut metagenome	ftp.sra.ebi.ac.uk/vol1/fastq/ERR210/ERR210167/ERR210167.fastq.gz	ftp.sra.ebi.ac.uk/vol1/run/ERR210/ERR210167/MH0103_20091014.rmhost.single.fq.gz	
ERR210171	PRJEB1220	SAMEA2042438	ERX184836	408170	human gut metagenome	ftp.sra.ebi.ac.uk/vol1/fastq/ERR210/ERR210171/ERR210171.fastq.gz	ftp.sra.ebi.ac.uk/vol1/run/ERR210/ERR210171/MH0103_20091212L3.rmhost.single.fq.gz	
ERR210172	PRJEB1220	SAMEA2042488	ERX184837	408170	human gut metagenome	ftp.sra.ebi.ac.uk/vol1/fastq/ERR210/ERR210172/ERR210172.fastq.gz	ftp.sra.ebi.ac.uk/vol1/run/ERR210/ERR210172/MH0104_20091014.rmhost.single.fq.gz	
ERR210177	PRJEB1220	SAMEA2042488	ERX184842	408170	human gut metagenome	ftp.sra.ebi.ac.uk/vol1/fastq/ERR210/ERR210177/ERR210177.fastq.gz	ftp.sra.ebi.ac.uk/vol1/run/ERR210/ERR210177/MH0104_20091126L8.rmhost.single.fq.gz	
ERR210179	PRJEB1220	SAMEA2042489	ERX184844	408170	human gut metagenome	ftp.sra.ebi.ac.uk/vol1/fastq/ERR210/ERR210179/ERR210179.fastq.gz	ftp.sra.ebi.ac.uk/vol1/run/ERR210/ERR210179/MH0105_20091015.rmhost.single.fq.gz	
ERR210180	PRJEB1220	SAMEA2042489	ERX184845	408170	human gut metagenome	ftp.sra.ebi.ac.uk/vol1/fastq/ERR210/ERR210180/ERR210180.fastq.gz	ftp.sra.ebi.ac.uk/vol1/run/ERR210/ERR210180/MH0105_20091124L2.rmhost.single.fq.gz	
ERR210182	PRJEB1220	SAMEA2042489	ERX184847	408170	human gut metagenome	ftp.sra.ebi.ac.uk/vol1/fastq/ERR210/ERR210182/ERR210182.fastq.gz	ftp.sra.ebi.ac.uk/vol1/run/ERR210/ERR210182/MH0105_20091124L4.rmhost.single.fq.gz	
ERR210184	PRJEB1220	SAMEA2042490	ERX184849	408170	human gut metagenome	ftp.sra.ebi.ac.uk/vol1/fastq/ERR210/ERR210184/ERR210184.fastq.gz	ftp.sra.ebi.ac.uk/vol1/run/ERR210/ERR210184/MH0106_20091015.rmhost.single.fq.gz	
ERR210190	PRJEB1220	SAMEA2042490	ERX184855	408170	human gut metagenome	ftp.sra.ebi.ac.uk/vol1/fastq/ERR210/ERR210190/ERR210190.fastq.gz	ftp.sra.ebi.ac.uk/vol1/run/ERR210/ERR210190/MH0106_20091212L5.rmhost.single.fq.gz	
ERR210193	PRJEB1220	SAMEA2042491	ERX184858	408170	human gut metagenome	ftp.sra.ebi.ac.uk/vol1/fastq/ERR210/ERR210193/ERR210193.fastq.gz	ftp.sra.ebi.ac.uk/vol1/run/ERR210/ERR210193/MH0107_20091124L5.rmhost.single.fq.gz	
ERR210201	PRJEB1220	SAMEA2042492	ERX184866	408170	human gut metagenome	ftp.sra.ebi.ac.uk/vol1/fastq/ERR210/ERR210201/ERR210201.fastq.gz	ftp.sra.ebi.ac.uk/vol1/run/ERR210/ERR210201/MH0109_20091212L2.rmhost.single.fq.gz	
ERR210202	PRJEB1220	SAMEA2042493	ERX184867	408170	human gut metagenome	ftp.sra.ebi.ac.uk/vol1/fastq/ERR210/ERR210202/ERR210202.fastq.gz	ftp.sra.ebi.ac.uk/vol1/run/ERR210/ERR210202/MH0110_20091014.rmhost.single.fq.gz	
ERR210205	PRJEB1220	SAMEA2042493	ERX184870	408170	human gut metagenome	ftp.sra.ebi.ac.uk/vol1/fastq/ERR210/ERR210205/ERR210205.fastq.gz	ftp.sra.ebi.ac.uk/vol1/run/ERR210/ERR210205/MH0110_20091126L5.rmhost.single.fq.gz	
ERR210208	PRJEB1220	SAMEA1965112	ERX184873	408170	human gut metagenome	ftp.sra.ebi.ac.uk/vol1/fastq/ERR210/ERR210208/ERR210208.fastq.gz	ftp.sra.ebi.ac.uk/vol1/run/ERR210/ERR210208/MH0111_20091031.rmhost.single.fq.gz	
ERR210215	PRJEB1220	SAMEA2042496	ERX184880	408170	human gut metagenome	ftp.sra.ebi.ac.uk/vol1/fastq/ERR210/ERR210215/ERR210215.fastq.gz	ftp.sra.ebi.ac.uk/vol1/run/ERR210/ERR210215/MH0114_20091023.rmhost.single.fq.gz	
ERR210217	PRJEB1220	SAMEA2042496	ERX184882	408170	human gut metagenome	ftp.sra.ebi.ac.uk/vol1/fastq/ERR210/ERR210217/ERR210217.fastq.gz	ftp.sra.ebi.ac.uk/vol1/run/ERR210/ERR210217/MH0114_20091124L3.rmhost.single.fq.gz	
ERR210219	PRJEB1220	SAMEA2042496	ERX184884	408170	human gut metagenome	ftp.sra.ebi.ac.uk/vol1/fastq/ERR210/ERR210219/ERR210219.fastq.gz	ftp.sra.ebi.ac.uk/vol1/run/ERR210/ERR210219/MH0114_20091212L2.rmhost.single.fq.gz	
ERR210222	PRJEB1220	SAMEA2042497	ERX184887	408170	human gut metagenome	ftp.sra.ebi.ac.uk/vol1/fastq/ERR210/ERR210222/ERR210222.fastq.gz	ftp.sra.ebi.ac.uk/vol1/run/ERR210/ERR210222/MH0115_20091126L3.rmhost.single.fq.gz	
ERR210226	PRJEB1220	SAMEA2042498	ERX184891	408170	human gut metagenome	ftp.sra.ebi.ac.uk/vol1/fastq/ERR210/ERR210226/ERR210226.fastq.gz	ftp.sra.ebi.ac.uk/vol1/run/ERR210/ERR210226/MH0116_20091126L5.rmhost.single.fq.gz	
ERR210236	PRJEB1220	SAMEA2042501	ERX184901	408170	human gut metagenome	ftp.sra.ebi.ac.uk/vol1/fastq/ERR210/ERR210236/ERR210236.fastq.gz	ftp.sra.ebi.ac.uk/vol1/run/ERR210/ERR210236/MH0120_20091025.rmhost.single.fq.gz	
ERR210242	PRJEB1220	SAMEA2042503	ERX184907	408170	human gut metagenome	ftp.sra.ebi.ac.uk/vol1/fastq/ERR210/ERR210242/ERR210242.fastq.gz	ftp.sra.ebi.ac.uk/vol1/run/ERR210/ERR210242/MH0122_20100124L8.rmhost.single.fq.gz	
ERR210243	PRJEB1220	SAMEA2042503	ERX184908	408170	human gut metagenome	ftp.sra.ebi.ac.uk/vol1/fastq/ERR210/ERR210243/ERR210243.fastq.gz	ftp.sra.ebi.ac.uk/vol1/run/ERR210/ERR210243/MH0122_20100128L7.rmhost.single.fq.gz	
ERR210244	PRJEB1220	SAMEA2042503	ERX184909	408170	human gut metagenome	ftp.sra.ebi.ac.uk/vol1/fastq/ERR210/ERR210244/ERR210244.fastq.gz	ftp.sra.ebi.ac.uk/vol1/run/ERR210/ERR210244/MH0122_20100128L8.rmhost.single.fq.gz	
ERR210245	PRJEB1220	SAMEA2042503	ERX184910	408170	human gut metagenome	ftp.sra.ebi.ac.uk/vol1/fastq/ERR210/ERR210245/ERR210245.fastq.gz	ftp.sra.ebi.ac.uk/vol1/run/ERR210/ERR210245/MH0122_20100305L3.rmhost.single.fq.gz	
ERR210248	PRJEB1220	SAMEA2042553	ERX184913	408170	human gut metagenome	ftp.sra.ebi.ac.uk/vol1/fastq/ERR210/ERR210248/ERR210248.fastq.gz	ftp.sra.ebi.ac.uk/vol1/run/ERR210/ERR210248/MH0123_20100128L7.rmhost.single.fq.gz	
ERR210249	PRJEB1220	SAMEA2042553	ERX184914	408170	human gut metagenome	ftp.sra.ebi.ac.uk/vol1/fastq/ERR210/ERR210249/ERR210249.fastq.gz	ftp.sra.ebi.ac.uk/vol1/run/ERR210/ERR210249/MH0123_20100128L8.rmhost.single.fq.gz	
ERR210250	PRJEB1220	SAMEA2042554	ERX184915	408170	human gut metagenome	ftp.sra.ebi.ac.uk/vol1/fastq/ERR210/ERR210250/ERR210250.fastq.gz	ftp.sra.ebi.ac.uk/vol1/run/ERR210/ERR210250/MH0124_20091023.rmhost.single.fq.gz	
ERR210254	PRJEB1220	SAMEA2042554	ERX184919	408170	human gut metagenome	ftp.sra.ebi.ac.uk/vol1/fastq/ERR210/ERR210254/ERR210254.fastq.gz	ftp.sra.ebi.ac.uk/vol1/run/ERR210/ERR210254/MH0124_20100305L3.rmhost.single.fq.gz	
ERR210260	PRJEB1220	SAMEA2042556	ERX184925	408170	human gut metagenome	ftp.sra.ebi.ac.uk/vol1/fastq/ERR210/ERR210260/ERR210260.fastq.gz	ftp.sra.ebi.ac.uk/vol1/run/ERR210/ERR210260/MH0126_20100128L6.rmhost.single.fq.gz	
ERR210266	PRJEB1220	SAMEA2042557	ERX184931	408170	human gut metagenome	ftp.sra.ebi.ac.uk/vol1/fastq/ERR210/ERR210266/ERR210266.fastq.gz	ftp.sra.ebi.ac.uk/vol1/run/ERR210/ERR210266/MH0127_20100125L5.rmhost.single.fq.gz	
ERR210269	PRJEB1220	SAMEA2042558	ERX184934	408170	human gut metagenome	ftp.sra.ebi.ac.uk/vol1/fastq/ERR210/ERR210269/ERR210269.fastq.gz	ftp.sra.ebi.ac.uk/vol1/run/ERR210/ERR210269/MH0128_20100128L7.rmhost.single.fq.gz	
ERR210274	PRJEB1220	SAMEA2042559	ERX184939	408170	human gut metagenome	ftp.sra.ebi.ac.uk/vol1/fastq/ERR210/ERR210274/ERR210274.fastq.gz	ftp.sra.ebi.ac.uk/vol1/run/ERR210/ERR210274/MH0129_20100125L5.rmhost.single.fq.gz	
ERR210275	PRJEB1220	SAMEA2042560	ERX184940	408170	human gut metagenome	ftp.sra.ebi.ac.uk/vol1/fastq/ERR210/ERR210275/ERR210275.fastq.gz	ftp.sra.ebi.ac.uk/vol1/run/ERR210/ERR210275/MH0130_20091028.rmhost.single.fq.gz	
ERR210276	PRJEB1220	SAMEA2042560	ERX184941	408170	human gut metagenome	ftp.sra.ebi.ac.uk/vol1/fastq/ERR210/ERR210276/ERR210276.fastq.gz	ftp.sra.ebi.ac.uk/vol1/run/ERR210/ERR210276/MH0130_20100128L6.rmhost.single.fq.gz	
ERR210287	PRJEB1220	SAMEA2042563	ERX184952	408170	human gut metagenome	ftp.sra.ebi.ac.uk/vol1/fastq/ERR210/ERR210287/ERR210287.fastq.gz	ftp.sra.ebi.ac.uk/vol1/run/ERR210/ERR210287/MH0134_20091028.rmhost.single.fq.gz	
ERR210290	PRJEB1220	SAMEA2042563	ERX184955	408170	human gut metagenome	ftp.sra.ebi.ac.uk/vol1/fastq/ERR210/ERR210290/ERR210290.fastq.gz	ftp.sra.ebi.ac.uk/vol1/run/ERR210/ERR210290/MH0134_20100125L3.rmhost.single.fq.gz	
ERR210295	PRJEB1220	SAMEA2042566	ERX184960	408170	human gut metagenome	ftp.sra.ebi.ac.uk/vol1/fastq/ERR210/ERR210295/ERR210295.fastq.gz	ftp.sra.ebi.ac.uk/vol1/run/ERR210/ERR210295/MH0136_20091028.rmhost.single.fq.gz	
ERR210306	PRJEB1220	SAMEA2042603	ERX184971	408170	human gut metagenome	ftp.sra.ebi.ac.uk/vol1/fastq/ERR210/ERR210306/ERR210306.fastq.gz	ftp.sra.ebi.ac.uk/vol1/run/ERR210/ERR210306/MH0141_20091115.rmhost.single.fq.gz	
ERR210307	PRJEB1220	SAMEA2042604	ERX184972	408170	human gut metagenome	ftp.sra.ebi.ac.uk/vol1/fastq/ERR210/ERR210307/ERR210307.fastq.gz	ftp.sra.ebi.ac.uk/vol1/run/ERR210/ERR210307/MH0142_20091115.rmhost.single.fq.gz	
ERR210640	PRJEB1220	SAMEA2042449	ERX185305	408170	human gut metagenome	ftp.sra.ebi.ac.uk/vol1/fastq/ERR210/ERR210640/ERR210640.fastq.gz	ftp.sra.ebi.ac.uk/vol1/run/ERR210/ERR210640/V1.UC2-0_100130.rmhost.single.fq.gz	
ERR210308	PRJEB1220	SAMEA2042605	ERX184973	408170	human gut metagenome	ftp.sra.ebi.ac.uk/vol1/fastq/ERR210/ERR210308/ERR210308.fastq.gz	ftp.sra.ebi.ac.uk/vol1/run/ERR210/ERR210308/MH0143_20091115.rmhost.single.fq.gz	
ERR210309	PRJEB1220	SAMEA2042606	ERX184974	408170	human gut metagenome	ftp.sra.ebi.ac.uk/vol1/fastq/ERR210/ERR210309/ERR210309.fastq.gz	ftp.sra.ebi.ac.uk/vol1/run/ERR210/ERR210309/MH0144_20091115.rmhost.single.fq.gz	
ERR210310	PRJEB1220	SAMEA2042607	ERX184975	408170	human gut metagenome	ftp.sra.ebi.ac.uk/vol1/fastq/ERR210/ERR210310/ERR210310.fastq.gz	ftp.sra.ebi.ac.uk/vol1/run/ERR210/ERR210310/MH0145_20091116.rmhost.single.fq.gz	
ERR210314	PRJEB1220	SAMEA2042609	ERX184979	408170	human gut metagenome	ftp.sra.ebi.ac.uk/vol1/fastq/ERR210/ERR210314/ERR210314.fastq.gz	ftp.sra.ebi.ac.uk/vol1/run/ERR210/ERR210314/MH0147_20100128L6.rmhost.single.fq.gz	
ERR210656	PRJEB1220	SAMEA2042507	ERX185321	408170	human gut metagenome	ftp.sra.ebi.ac.uk/vol1/fastq/ERR210/ERR210656/ERR210656.fastq.gz	ftp.sra.ebi.ac.uk/vol1/run/ERR210/ERR210656/V1.UC25-1_100525.rmhost.single.fq.gz	
ERR210317	PRJEB1220	SAMEA2042611	ERX184982	408170	human gut metagenome	ftp.sra.ebi.ac.uk/vol1/fastq/ERR210/ERR210317/ERR210317.fastq.gz	ftp.sra.ebi.ac.uk/vol1/run/ERR210/ERR210317/MH0148_20091116.rmhost.single.fq.gz	
ERR210321	PRJEB1220	SAMEA2042612	ERX184986	408170	human gut metagenome	ftp.sra.ebi.ac.uk/vol1/fastq/ERR210/ERR210321/ERR210321.fastq.gz	ftp.sra.ebi.ac.uk/vol1/run/ERR210/ERR210321/MH0149_20091105.rmhost.single.fq.gz	
ERR210659	PRJEB1220	SAMEA2042509	ERX185324	408170	human gut metagenome	ftp.sra.ebi.ac.uk/vol1/fastq/ERR210/ERR210659/ERR210659.fastq.gz	ftp.sra.ebi.ac.uk/vol1/run/ERR210/ERR210659/V1.UC26-4_100703.rmhost.single.fq.gz	
ERR210324	PRJEB1220	SAMEA2042614	ERX184989	408170	human gut metagenome	ftp.sra.ebi.ac.uk/vol1/fastq/ERR210/ERR210324/ERR210324.fastq.gz	ftp.sra.ebi.ac.uk/vol1/run/ERR210/ERR210324/MH0153_20091105.rmhost.single.fq.gz	
ERR210661	PRJEB1220	SAMEA2042510	ERX185326	408170	human gut metagenome	ftp.sra.ebi.ac.uk/vol1/fastq/ERR210/ERR210661/ERR210661.fastq.gz	ftp.sra.ebi.ac.uk/vol1/run/ERR210/ERR210661/V1.UC27-0_2010123.rmhost.single.fq.gz	
ERR210662	PRJEB1220	SAMEA2042511	ERX185327	408170	human gut metagenome	ftp.sra.ebi.ac.uk/vol1/fastq/ERR210/ERR210662/ERR210662.fastq.gz	ftp.sra.ebi.ac.uk/vol1/run/ERR210/ERR210662/V1.UC28-0_20100205.rmhost.single.fq.gz	
ERR210325	PRJEB1220	SAMEA2042615	ERX184990	408170	human gut metagenome	ftp.sra.ebi.ac.uk/vol1/fastq/ERR210/ERR210325/ERR210325.fastq.gz	ftp.sra.ebi.ac.uk/vol1/run/ERR210/ERR210325/MH0154_20091105.rmhost.single.fq.gz	
ERR210666	PRJEB1220	SAMEA2042516	ERX185331	408170	human gut metagenome	ftp.sra.ebi.ac.uk/vol1/fastq/ERR210/ERR210666/ERR210666.fastq.gz	ftp.sra.ebi.ac.uk/vol1/run/ERR210/ERR210666/V1.UC30-0_100206.rmhost.single.fq.gz	
ERR210326	PRJEB1220	SAMEA2042616	ERX184991	408170	human gut metagenome	ftp.sra.ebi.ac.uk/vol1/fastq/ERR210/ERR210326/ERR210326.fastq.gz	ftp.sra.ebi.ac.uk/vol1/run/ERR210/ERR210326/MH0155_20091111.rmhost.single.fq.gz	
ERR210667	PRJEB1220	SAMEA2042513	ERX185332	408170	human gut metagenome	ftp.sra.ebi.ac.uk/vol1/fastq/ERR210/ERR210667/ERR210667.fastq.gz	ftp.sra.ebi.ac.uk/vol1/run/ERR210/ERR210667/V1.UC3-0_100130.rmhost.single.fq.gz	
ERR210668	PRJEB1220	SAMEA2042517	ERX185333	408170	human gut metagenome	ftp.sra.ebi.ac.uk/vol1/fastq/ERR210/ERR210668/ERR210668.fastq.gz	ftp.sra.ebi.ac.uk/vol1/run/ERR210/ERR210668/V1.UC31-0_100204.rmhost.single.fq.gz	
ERR210329	PRJEB1220	SAMEA1965767	ERX184994	408170	human gut metagenome	ftp.sra.ebi.ac.uk/vol1/fastq/ERR210/ERR210329/ERR210329.fastq.gz	ftp.sra.ebi.ac.uk/vol1/run/ERR210/ERR210329/MH0158_20091111.rmhost.single.fq.gz	
ERR210335	PRJEB1220	SAMEA2042648	ERX185000	408170	human gut metagenome	ftp.sra.ebi.ac.uk/vol1/fastq/ERR210/ERR210335/ERR210335.fastq.gz	ftp.sra.ebi.ac.uk/vol1/run/ERR210/ERR210335/MH0164_20091103.rmhost.single.fq.gz	
ERR210670	PRJEB1220	SAMEA2042518	ERX185335	408170	human gut metagenome	ftp.sra.ebi.ac.uk/vol1/fastq/ERR210/ERR210670/ERR210670.fastq.gz	ftp.sra.ebi.ac.uk/vol1/run/ERR210/ERR210670/V1.UC31-4_100715.rmhost.single.fq.gz	
ERR210673	PRJEB1220	SAMEA2042515	ERX185338	408170	human gut metagenome	ftp.sra.ebi.ac.uk/vol1/fastq/ERR210/ERR210673/ERR210673.fastq.gz	ftp.sra.ebi.ac.uk/vol1/run/ERR210/ERR210673/V1.UC3-2_100518.rmhost.single.fq.gz	
ERR210337	PRJEB1220	SAMEA2042649	ERX185002	408170	human gut metagenome	ftp.sra.ebi.ac.uk/vol1/fastq/ERR210/ERR210337/ERR210337.fastq.gz	ftp.sra.ebi.ac.uk/vol1/run/ERR210/ERR210337/MH0165_20100124L6.rmhost.single.fq.gz	
ERR210676	PRJEB1220	SAMEA2042520	ERX185341	408170	human gut metagenome	ftp.sra.ebi.ac.uk/vol1/fastq/ERR210/ERR210676/ERR210676.fastq.gz	ftp.sra.ebi.ac.uk/vol1/run/ERR210/ERR210676/V1.UC33-0_100525.rmhost.single.fq.gz	
ERR210338	PRJEB1220	SAMEA2042649	ERX185003	408170	human gut metagenome	ftp.sra.ebi.ac.uk/vol1/fastq/ERR210/ERR210338/ERR210338.fastq.gz	ftp.sra.ebi.ac.uk/vol1/run/ERR210/ERR210338/MH0165_20100125L2.rmhost.single.fq.gz	
ERR210677	PRJEB1220	SAMEA2042570	ERX185342	408170	human gut metagenome	ftp.sra.ebi.ac.uk/vol1/fastq/ERR210/ERR210677/ERR210677.fastq.gz	ftp.sra.ebi.ac.uk/vol1/run/ERR210/ERR210677/V1.UC34-0_100515.rmhost.single.fq.gz	
ERR210678	PRJEB1220	SAMEA2042570	ERX185343	408170	human gut metagenome	ftp.sra.ebi.ac.uk/vol1/fastq/ERR210/ERR210678/ERR210678.fastq.gz	ftp.sra.ebi.ac.uk/vol1/run/ERR210/ERR210678/V1.UC34-0_100525.rmhost.single.fq.gz	
ERR210345	PRJEB1220	SAMEA2042651	ERX185010	408170	human gut metagenome	ftp.sra.ebi.ac.uk/vol1/fastq/ERR210/ERR210345/ERR210345.fastq.gz	ftp.sra.ebi.ac.uk/vol1/run/ERR210/ERR210345/MH0167_20100124L6.rmhost.single.fq.gz	
ERR210681	PRJEB1220	SAMEA2042572	ERX185346	408170	human gut metagenome	ftp.sra.ebi.ac.uk/vol1/fastq/ERR210/ERR210681/ERR210681.fastq.gz	ftp.sra.ebi.ac.uk/vol1/run/ERR210/ERR210681/V1.UC35-4_100703.rmhost.single.fq.gz	
ERR209254	PRJEB1220	SAMEA2042427	ERX183919	408170	human gut metagenome	ftp.sra.ebi.ac.uk/vol1/fastq/ERR209/ERR209254/ERR209254_1.fastq.gz;ftp.sra.ebi.ac.uk/vol1/fastq/ERR209/ERR209254/ERR209254_2.fastq.gz	ftp.sra.ebi.ac.uk/vol1/run/ERR209/ERR209254/MH0091_20091103.rmhost.pair.1.fq.gz;ftp.sra.ebi.ac.uk/vol1/run/ERR209/ERR209254/MH0091_20091103.rmhost.pair.2.fq.gz	
ERR210688	PRJEB1220	SAMEA2042576	ERX185353	408170	human gut metagenome	ftp.sra.ebi.ac.uk/vol1/fastq/ERR210/ERR210688/ERR210688.fastq.gz	ftp.sra.ebi.ac.uk/vol1/run/ERR210/ERR210688/V1.UC39-0_20100208.rmhost.single.fq.gz	
ERR210346	PRJEB1220	SAMEA2042651	ERX185011	408170	human gut metagenome	ftp.sra.ebi.ac.uk/vol1/fastq/ERR210/ERR210346/ERR210346.fastq.gz	ftp.sra.ebi.ac.uk/vol1/run/ERR210/ERR210346/MH0167_20100125L2.rmhost.single.fq.gz	
ERR210694	PRJEB1220	SAMEA2042580	ERX185359	408170	human gut metagenome	ftp.sra.ebi.ac.uk/vol1/fastq/ERR210/ERR210694/ERR210694.fastq.gz	ftp.sra.ebi.ac.uk/vol1/run/ERR210/ERR210694/V1.UC41-0_100525.rmhost.single.fq.gz	
ERR210348	PRJEB1220	SAMEA2042653	ERX185013	408170	human gut metagenome	ftp.sra.ebi.ac.uk/vol1/fastq/ERR210/ERR210348/ERR210348.fastq.gz	ftp.sra.ebi.ac.uk/vol1/run/ERR210/ERR210348/MH0168_20091031.rmhost.single.fq.gz	
ERR210352	PRJEB1220	SAMEA2042654	ERX185017	408170	human gut metagenome	ftp.sra.ebi.ac.uk/vol1/fastq/ERR210/ERR210352/ERR210352.fastq.gz	ftp.sra.ebi.ac.uk/vol1/run/ERR210/ERR210352/MH0169_20091116.rmhost.single.fq.gz	
ERR210695	PRJEB1220	SAMEA2042581	ERX185360	408170	human gut metagenome	ftp.sra.ebi.ac.uk/vol1/fastq/ERR210/ERR210695/ERR210695.fastq.gz	ftp.sra.ebi.ac.uk/vol1/run/ERR210/ERR210695/V1.UC42-0_2010121.rmhost.single.fq.gz	
ERR210698	PRJEB1220	SAMEA2042583	ERX185363	408170	human gut metagenome	ftp.sra.ebi.ac.uk/vol1/fastq/ERR210/ERR210698/ERR210698.fastq.gz	ftp.sra.ebi.ac.uk/vol1/run/ERR210/ERR210698/V1.UC44-0_2010121.rmhost.single.fq.gz	
ERR210358	PRJEB1220	SAMEA2042656	ERX185023	408170	human gut metagenome	ftp.sra.ebi.ac.uk/vol1/fastq/ERR210/ERR210358/ERR210358.fastq.gz	ftp.sra.ebi.ac.uk/vol1/run/ERR210/ERR210358/MH0172_20091110.rmhost.single.fq.gz	
ERR210699	PRJEB1220	SAMEA2042584	ERX185364	408170	human gut metagenome	ftp.sra.ebi.ac.uk/vol1/fastq/ERR210/ERR210699/ERR210699.fastq.gz	ftp.sra.ebi.ac.uk/vol1/run/ERR210/ERR210699/V1.UC45-0_20100204.rmhost.single.fq.gz	
ERR210359	PRJEB1220	SAMEA2042657	ERX185024	408170	human gut metagenome	ftp.sra.ebi.ac.uk/vol1/fastq/ERR210/ERR210359/ERR210359.fastq.gz	ftp.sra.ebi.ac.uk/vol1/run/ERR210/ERR210359/MH0173_20091110.rmhost.single.fq.gz	
ERR210361	PRJEB1220	SAMEA2042729	ERX185026	408170	human gut metagenome	ftp.sra.ebi.ac.uk/vol1/fastq/ERR210/ERR210361/ERR210361.fastq.gz	ftp.sra.ebi.ac.uk/vol1/run/ERR210/ERR210361/MH0175_20091110.rmhost.single.fq.gz	
ERR210704	PRJEB1220	SAMEA2042585	ERX185369	408170	human gut metagenome	ftp.sra.ebi.ac.uk/vol1/fastq/ERR210/ERR210704/ERR210704.fastq.gz	ftp.sra.ebi.ac.uk/vol1/run/ERR210/ERR210704/V1.UC46-0_2010121.rmhost.single.fq.gz	
ERR210362	PRJEB1220	SAMEA2042730	ERX185027	408170	human gut metagenome	ftp.sra.ebi.ac.uk/vol1/fastq/ERR210/ERR210362/ERR210362.fastq.gz	ftp.sra.ebi.ac.uk/vol1/run/ERR210/ERR210362/MH0177_20091031.rmhost.single.fq.gz	
ERR209256	PRJEB1220	SAMEA1969296	ERX183921	408170	human gut metagenome	ftp.sra.ebi.ac.uk/vol1/fastq/ERR209/ERR209256/ERR209256_1.fastq.gz;ftp.sra.ebi.ac.uk/vol1/fastq/ERR209/ERR209256/ERR209256_2.fastq.gz	ftp.sra.ebi.ac.uk/vol1/run/ERR209/ERR209256/MH0092_20091107L6.rmhost.pair.1.fq.gz;ftp.sra.ebi.ac.uk/vol1/run/ERR209/ERR209256/MH0092_20091107L6.rmhost.pair.2.fq.gz	
ERR210712	PRJEB1220	SAMEA2042622	ERX185377	408170	human gut metagenome	ftp.sra.ebi.ac.uk/vol1/fastq/ERR210/ERR210712/ERR210712.fastq.gz	ftp.sra.ebi.ac.uk/vol1/run/ERR210/ERR210712/V1.UC5-0_100130.rmhost.single.fq.gz	
ERR210363	PRJEB1220	SAMEA2042730	ERX185028	408170	human gut metagenome	ftp.sra.ebi.ac.uk/vol1/fastq/ERR210/ERR210363/ERR210363.fastq.gz	ftp.sra.ebi.ac.uk/vol1/run/ERR210/ERR210363/MH0177_20100124L6.rmhost.single.fq.gz	
ERR209257	PRJEB1220	SAMEA1969296	ERX183922	408170	human gut metagenome	ftp.sra.ebi.ac.uk/vol1/fastq/ERR209/ERR209257/ERR209257_1.fastq.gz;ftp.sra.ebi.ac.uk/vol1/fastq/ERR209/ERR209257/ERR209257_2.fastq.gz	ftp.sra.ebi.ac.uk/vol1/run/ERR209/ERR209257/MH0092_20091124L4.rmhost.pair.1.fq.gz;ftp.sra.ebi.ac.uk/vol1/run/ERR209/ERR209257/MH0092_20091124L4.rmhost.pair.2.fq.gz	
ERR210714	PRJEB1220	SAMEA2042624	ERX185379	408170	human gut metagenome	ftp.sra.ebi.ac.uk/vol1/fastq/ERR210/ERR210714/ERR210714.fastq.gz	ftp.sra.ebi.ac.uk/vol1/run/ERR210/ERR210714/V1.UC50-1_100525.rmhost.single.fq.gz	
ERR210365	PRJEB1220	SAMEA2042730	ERX185030	408170	human gut metagenome	ftp.sra.ebi.ac.uk/vol1/fastq/ERR210/ERR210365/ERR210365.fastq.gz	ftp.sra.ebi.ac.uk/vol1/run/ERR210/ERR210365/MH0177_20100125L3.rmhost.single.fq.gz	
ERR209260	PRJEB1220	SAMEA1969296	ERX183925	408170	human gut metagenome	ftp.sra.ebi.ac.uk/vol1/fastq/ERR209/ERR209260/ERR209260_1.fastq.gz;ftp.sra.ebi.ac.uk/vol1/fastq/ERR209/ERR209260/ERR209260_2.fastq.gz	ftp.sra.ebi.ac.uk/vol1/run/ERR209/ERR209260/MH0092_20091128L4.rmhost.pair.1.fq.gz;ftp.sra.ebi.ac.uk/vol1/run/ERR209/ERR209260/MH0092_20091128L4.rmhost.pair.2.fq.gz	
ERR210730	PRJEB1220	SAMEA2042629	ERX185395	408170	human gut metagenome	ftp.sra.ebi.ac.uk/vol1/fastq/ERR210/ERR210730/ERR210730.fastq.gz	ftp.sra.ebi.ac.uk/vol1/run/ERR210/ERR210730/V1.UC53-4_100525.rmhost.single.fq.gz	
ERR210367	PRJEB1220	SAMEA2042732	ERX185032	408170	human gut metagenome	ftp.sra.ebi.ac.uk/vol1/fastq/ERR210/ERR210367/ERR210367.fastq.gz	ftp.sra.ebi.ac.uk/vol1/run/ERR210/ERR210367/MH0179_20091110.rmhost.single.fq.gz	
ERR210732	PRJEB1220	SAMEA2042630	ERX185397	408170	human gut metagenome	ftp.sra.ebi.ac.uk/vol1/fastq/ERR210/ERR210732/ERR210732.fastq.gz	ftp.sra.ebi.ac.uk/vol1/run/ERR210/ERR210732/V1.UC54-0_100515.rmhost.single.fq.gz	
ERR209263	PRJEB1220	SAMEA2042428	ERX183928	408170	human gut metagenome	ftp.sra.ebi.ac.uk/vol1/fastq/ERR209/ERR209263/ERR209263_1.fastq.gz;ftp.sra.ebi.ac.uk/vol1/fastq/ERR209/ERR209263/ERR209263_2.fastq.gz	ftp.sra.ebi.ac.uk/vol1/run/ERR209/ERR209263/MH0093_20091124L3.rmhost.pair.1.fq.gz;ftp.sra.ebi.ac.uk/vol1/run/ERR209/ERR209263/MH0093_20091124L3.rmhost.pair.2.fq.gz	
ERR209266	PRJEB1220	SAMEA2042428	ERX183931	408170	human gut metagenome	ftp.sra.ebi.ac.uk/vol1/fastq/ERR209/ERR209266/ERR209266_1.fastq.gz;ftp.sra.ebi.ac.uk/vol1/fastq/ERR209/ERR209266/ERR209266_2.fastq.gz	ftp.sra.ebi.ac.uk/vol1/run/ERR209/ERR209266/MH0093_20091126L8.rmhost.pair.1.fq.gz;ftp.sra.ebi.ac.uk/vol1/run/ERR209/ERR209266/MH0093_20091126L8.rmhost.pair.2.fq.gz	
ERR210736	PRJEB1220	SAMEA2042632	ERX185401	408170	human gut metagenome	ftp.sra.ebi.ac.uk/vol1/fastq/ERR210/ERR210736/ERR210736.fastq.gz	ftp.sra.ebi.ac.uk/vol1/run/ERR210/ERR210736/V1.UC55-0_100527.rmhost.single.fq.gz	
ERR210370	PRJEB1220	SAMEA2042736	ERX185035	408170	human gut metagenome	ftp.sra.ebi.ac.uk/vol1/fastq/ERR210/ERR210370/ERR210370.fastq.gz	ftp.sra.ebi.ac.uk/vol1/run/ERR210/ERR210370/MH0182_20091117.rmhost.single.fq.gz	
ERR209269	PRJEB1220	SAMEA2042429	ERX183934	408170	human gut metagenome	ftp.sra.ebi.ac.uk/vol1/fastq/ERR209/ERR209269/ERR209269_1.fastq.gz;ftp.sra.ebi.ac.uk/vol1/fastq/ERR209/ERR209269/ERR209269_2.fastq.gz	ftp.sra.ebi.ac.uk/vol1/run/ERR209/ERR209269/MH0094_20091124L4.rmhost.pair.1.fq.gz;ftp.sra.ebi.ac.uk/vol1/run/ERR209/ERR209269/MH0094_20091124L4.rmhost.pair.2.fq.gz	
ERR210373	PRJEB1220	SAMEA2042737	ERX185038	408170	human gut metagenome	ftp.sra.ebi.ac.uk/vol1/fastq/ERR210/ERR210373/ERR210373.fastq.gz	ftp.sra.ebi.ac.uk/vol1/run/ERR210/ERR210373/MH0183_20100125L2.rmhost.single.fq.gz	
ERR210737	PRJEB1220	SAMEA2042632	ERX185402	408170	human gut metagenome	ftp.sra.ebi.ac.uk/vol1/fastq/ERR210/ERR210737/ERR210737.fastq.gz	ftp.sra.ebi.ac.uk/vol1/run/ERR210/ERR210737/V1.UC55-0_100529.rmhost.single.fq.gz	
ERR209270	PRJEB1220	SAMEA2042429	ERX183935	408170	human gut metagenome	ftp.sra.ebi.ac.uk/vol1/fastq/ERR209/ERR209270/ERR209270_1.fastq.gz;ftp.sra.ebi.ac.uk/vol1/fastq/ERR209/ERR209270/ERR209270_2.fastq.gz	ftp.sra.ebi.ac.uk/vol1/run/ERR209/ERR209270/MH0094_20091126L4.rmhost.pair.1.fq.gz;ftp.sra.ebi.ac.uk/vol1/run/ERR209/ERR209270/MH0094_20091126L4.rmhost.pair.2.fq.gz	
ERR210379	PRJEB1220	SAMEA2042739	ERX185044	408170	human gut metagenome	ftp.sra.ebi.ac.uk/vol1/fastq/ERR210/ERR210379/ERR210379.fastq.gz	ftp.sra.ebi.ac.uk/vol1/run/ERR210/ERR210379/MH0185_20091117.rmhost.single.fq.gz	
ERR210741	PRJEB1220	SAMEA2042659	ERX185406	408170	human gut metagenome	ftp.sra.ebi.ac.uk/vol1/fastq/ERR210/ERR210741/ERR210741.fastq.gz	ftp.sra.ebi.ac.uk/vol1/run/ERR210/ERR210741/V1.UC56-0_100518.rmhost.single.fq.gz	
ERR210380	PRJEB1220	SAMEA2042740	ERX185045	408170	human gut metagenome	ftp.sra.ebi.ac.uk/vol1/fastq/ERR210/ERR210380/ERR210380.fastq.gz	ftp.sra.ebi.ac.uk/vol1/run/ERR210/ERR210380/MH0186_20091117.rmhost.single.fq.gz	
ERR210743	PRJEB1220	SAMEA2042661	ERX185408	408170	human gut metagenome	ftp.sra.ebi.ac.uk/vol1/fastq/ERR210/ERR210743/ERR210743.fastq.gz	ftp.sra.ebi.ac.uk/vol1/run/ERR210/ERR210743/V1.UC57-0_100518.rmhost.single.fq.gz	
ERR209271	PRJEB1220	SAMEA2042429	ERX183936	408170	human gut metagenome	ftp.sra.ebi.ac.uk/vol1/fastq/ERR209/ERR209271/ERR209271_1.fastq.gz;ftp.sra.ebi.ac.uk/vol1/fastq/ERR209/ERR209271/ERR209271_2.fastq.gz	ftp.sra.ebi.ac.uk/vol1/run/ERR209/ERR209271/MH0094_20091126L5.rmhost.pair.1.fq.gz;ftp.sra.ebi.ac.uk/vol1/run/ERR209/ERR209271/MH0094_20091126L5.rmhost.pair.2.fq.gz	
ERR210384	PRJEB1220	SAMEA2042743	ERX185049	408170	human gut metagenome	ftp.sra.ebi.ac.uk/vol1/fastq/ERR210/ERR210384/ERR210384.fastq.gz	ftp.sra.ebi.ac.uk/vol1/run/ERR210/ERR210384/O2.UC11-0_090127.rmhost.single.fq.gz	
ERR210749	PRJEB1220	SAMEA1967055	ERX185414	408170	human gut metagenome	ftp.sra.ebi.ac.uk/vol1/fastq/ERR210/ERR210749/ERR210749.fastq.gz	ftp.sra.ebi.ac.uk/vol1/run/ERR210/ERR210749/V1.UC61-0_100518.rmhost.single.fq.gz	
ERR210385	PRJEB1220	SAMEA2042744	ERX185050	408170	human gut metagenome	ftp.sra.ebi.ac.uk/vol1/fastq/ERR210/ERR210385/ERR210385.fastq.gz	ftp.sra.ebi.ac.uk/vol1/run/ERR210/ERR210385/O2.UC11-2_20091125.rmhost.single.fq.gz	
ERR210754	PRJEB1220	SAMEA2042663	ERX185419	408170	human gut metagenome	ftp.sra.ebi.ac.uk/vol1/fastq/ERR210/ERR210754/ERR210754.fastq.gz	ftp.sra.ebi.ac.uk/vol1/run/ERR210/ERR210754/V1.UC7-0_090325.rmhost.single.fq.gz	
ERR209276	PRJEB1220	SAMEA2042430	ERX183941	408170	human gut metagenome	ftp.sra.ebi.ac.uk/vol1/fastq/ERR209/ERR209276/ERR209276_1.fastq.gz;ftp.sra.ebi.ac.uk/vol1/fastq/ERR209/ERR209276/ERR209276_2.fastq.gz	ftp.sra.ebi.ac.uk/vol1/run/ERR209/ERR209276/MH0095_20091126L6.rmhost.pair.1.fq.gz;ftp.sra.ebi.ac.uk/vol1/run/ERR209/ERR209276/MH0095_20091126L6.rmhost.pair.2.fq.gz	
ERR210388	PRJEB1220	SAMEA2042742	ERX185053	408170	human gut metagenome	ftp.sra.ebi.ac.uk/vol1/fastq/ERR210/ERR210388/ERR210388.fastq.gz	ftp.sra.ebi.ac.uk/vol1/run/ERR210/ERR210388/O2.UC1-2_20091117.rmhost.single.fq.gz	
ERR209277	PRJEB1220	SAMEA2042430	ERX183942	408170	human gut metagenome	ftp.sra.ebi.ac.uk/vol1/fastq/ERR209/ERR209277/ERR209277_1.fastq.gz;ftp.sra.ebi.ac.uk/vol1/fastq/ERR209/ERR209277/ERR209277_2.fastq.gz	ftp.sra.ebi.ac.uk/vol1/run/ERR209/ERR209277/MH0095_20091126L7.rmhost.pair.1.fq.gz;ftp.sra.ebi.ac.uk/vol1/run/ERR209/ERR209277/MH0095_20091126L7.rmhost.pair.2.fq.gz	
ERR210755	PRJEB1220	SAMEA2042664	ERX185420	408170	human gut metagenome	ftp.sra.ebi.ac.uk/vol1/fastq/ERR210/ERR210755/ERR210755.fastq.gz	ftp.sra.ebi.ac.uk/vol1/run/ERR210/ERR210755/V1.UC8-0_090110.rmhost.single.fq.gz	
ERR210389	PRJEB1220	SAMEA2042828	ERX185054	408170	human gut metagenome	ftp.sra.ebi.ac.uk/vol1/fastq/ERR210/ERR210389/ERR210389.fastq.gz	ftp.sra.ebi.ac.uk/vol1/run/ERR210/ERR210389/O2.UC12-2_20091125.rmhost.single.fq.gz	
ERR210756	PRJEB1220	SAMEA2042664	ERX185421	408170	human gut metagenome	ftp.sra.ebi.ac.uk/vol1/fastq/ERR210/ERR210756/ERR210756.fastq.gz	ftp.sra.ebi.ac.uk/vol1/run/ERR210/ERR210756/V1.UC8-0_090129.rmhost.single.fq.gz	
ERR209278	PRJEB1220	SAMEA2042430	ERX183943	408170	human gut metagenome	ftp.sra.ebi.ac.uk/vol1/fastq/ERR209/ERR209278/ERR209278_1.fastq.gz;ftp.sra.ebi.ac.uk/vol1/fastq/ERR209/ERR209278/ERR209278_2.fastq.gz	ftp.sra.ebi.ac.uk/vol1/run/ERR209/ERR209278/MH0095_20091126L8.rmhost.pair.1.fq.gz;ftp.sra.ebi.ac.uk/vol1/run/ERR209/ERR209278/MH0095_20091126L8.rmhost.pair.2.fq.gz	
ERR210393	PRJEB1220	SAMEA2042831	ERX185058	408170	human gut metagenome	ftp.sra.ebi.ac.uk/vol1/fastq/ERR210/ERR210393/ERR210393.fastq.gz	ftp.sra.ebi.ac.uk/vol1/run/ERR210/ERR210393/O2.UC14-0_090114.rmhost.single.fq.gz	
ERR210758	PRJEB1220	SAMEA2042665	ERX185423	408170	human gut metagenome	ftp.sra.ebi.ac.uk/vol1/fastq/ERR210/ERR210758/ERR210758.fastq.gz	ftp.sra.ebi.ac.uk/vol1/run/ERR210/ERR210758/V1.UC9-0_090129.rmhost.single.fq.gz	
ERR210397	PRJEB1220	SAMEA2042833	ERX185062	408170	human gut metagenome	ftp.sra.ebi.ac.uk/vol1/fastq/ERR210/ERR210397/ERR210397.fastq.gz	ftp.sra.ebi.ac.uk/vol1/run/ERR210/ERR210397/O2.UC16-0_090127.rmhost.single.fq.gz	
ERR210403	PRJEB1220	SAMEA2042839	ERX185068	408170	human gut metagenome	ftp.sra.ebi.ac.uk/vol1/fastq/ERR210/ERR210403/ERR210403.fastq.gz	ftp.sra.ebi.ac.uk/vol1/run/ERR210/ERR210403/O2.UC18-0_090129.rmhost.single.fq.gz	
ERR209280	PRJEB1220	SAMEA2042431	ERX183945	408170	human gut metagenome	ftp.sra.ebi.ac.uk/vol1/fastq/ERR209/ERR209280/ERR209280_1.fastq.gz;ftp.sra.ebi.ac.uk/vol1/fastq/ERR209/ERR209280/ERR209280_2.fastq.gz	ftp.sra.ebi.ac.uk/vol1/run/ERR209/ERR209280/MH0096_20091014.rmhost.pair.1.fq.gz;ftp.sra.ebi.ac.uk/vol1/run/ERR209/ERR209280/MH0096_20091014.rmhost.pair.2.fq.gz	
ERR210404	PRJEB1220	SAMEA2042838	ERX185069	408170	human gut metagenome	ftp.sra.ebi.ac.uk/vol1/fastq/ERR210/ERR210404/ERR210404.fastq.gz	ftp.sra.ebi.ac.uk/vol1/run/ERR210/ERR210404/O2.UC18-2_20100204.rmhost.single.fq.gz	
ERR209286	PRJEB1220	SAMEA2042433	ERX183951	408170	human gut metagenome	ftp.sra.ebi.ac.uk/vol1/fastq/ERR209/ERR209286/ERR209286_1.fastq.gz;ftp.sra.ebi.ac.uk/vol1/fastq/ERR209/ERR209286/ERR209286_2.fastq.gz	ftp.sra.ebi.ac.uk/vol1/run/ERR209/ERR209286/MH0097_20091014.rmhost.pair.1.fq.gz;ftp.sra.ebi.ac.uk/vol1/run/ERR209/ERR209286/MH0097_20091014.rmhost.pair.2.fq.gz	
ERR209288	PRJEB1220	SAMEA2042433	ERX183953	408170	human gut metagenome	ftp.sra.ebi.ac.uk/vol1/fastq/ERR209/ERR209288/ERR209288_1.fastq.gz;ftp.sra.ebi.ac.uk/vol1/fastq/ERR209/ERR209288/ERR209288_2.fastq.gz	ftp.sra.ebi.ac.uk/vol1/run/ERR209/ERR209288/MH0097_20091126L6.rmhost.pair.1.fq.gz;ftp.sra.ebi.ac.uk/vol1/run/ERR209/ERR209288/MH0097_20091126L6.rmhost.pair.2.fq.gz	
ERR210406	PRJEB1220	SAMEA2042837	ERX185071	408170	human gut metagenome	ftp.sra.ebi.ac.uk/vol1/fastq/ERR210/ERR210406/ERR210406.fastq.gz	ftp.sra.ebi.ac.uk/vol1/run/ERR210/ERR210406/O2.UC19-0_090114.rmhost.single.fq.gz	
ERR210411	PRJEB1220	SAMEA2042842	ERX185076	408170	human gut metagenome	ftp.sra.ebi.ac.uk/vol1/fastq/ERR210/ERR210411/ERR210411.fastq.gz	ftp.sra.ebi.ac.uk/vol1/run/ERR210/ERR210411/O2.UC20-0_090129.rmhost.single.fq.gz	
ERR209289	PRJEB1220	SAMEA2042433	ERX183954	408170	human gut metagenome	ftp.sra.ebi.ac.uk/vol1/fastq/ERR209/ERR209289/ERR209289_1.fastq.gz;ftp.sra.ebi.ac.uk/vol1/fastq/ERR209/ERR209289/ERR209289_2.fastq.gz	ftp.sra.ebi.ac.uk/vol1/run/ERR209/ERR209289/MH0097_20091126L7.rmhost.pair.1.fq.gz;ftp.sra.ebi.ac.uk/vol1/run/ERR209/ERR209289/MH0097_20091126L7.rmhost.pair.2.fq.gz	
ERR210414	PRJEB1220	SAMEA2042840	ERX185079	408170	human gut metagenome	ftp.sra.ebi.ac.uk/vol1/fastq/ERR210/ERR210414/ERR210414.fastq.gz	ftp.sra.ebi.ac.uk/vol1/run/ERR210/ERR210414/O2.UC2-0_20100204.rmhost.single.fq.gz	
ERR209290	PRJEB1220	SAMEA2042433	ERX183955	408170	human gut metagenome	ftp.sra.ebi.ac.uk/vol1/fastq/ERR209/ERR209290/ERR209290_1.fastq.gz;ftp.sra.ebi.ac.uk/vol1/fastq/ERR209/ERR209290/ERR209290_2.fastq.gz	ftp.sra.ebi.ac.uk/vol1/run/ERR209/ERR209290/MH0097_20091126L8.rmhost.pair.1.fq.gz;ftp.sra.ebi.ac.uk/vol1/run/ERR209/ERR209290/MH0097_20091126L8.rmhost.pair.2.fq.gz	
ERR209297	PRJEB1220	SAMEA2042435	ERX183962	408170	human gut metagenome	ftp.sra.ebi.ac.uk/vol1/fastq/ERR209/ERR209297/ERR209297_1.fastq.gz;ftp.sra.ebi.ac.uk/vol1/fastq/ERR209/ERR209297/ERR209297_2.fastq.gz	ftp.sra.ebi.ac.uk/vol1/run/ERR209/ERR209297/MH0099_20091124L2.rmhost.pair.1.fq.gz;ftp.sra.ebi.ac.uk/vol1/run/ERR209/ERR209297/MH0099_20091124L2.rmhost.pair.2.fq.gz	
ERR210416	PRJEB1220	SAMEA2042912	ERX185081	408170	human gut metagenome	ftp.sra.ebi.ac.uk/vol1/fastq/ERR210/ERR210416/ERR210416.fastq.gz	ftp.sra.ebi.ac.uk/vol1/run/ERR210/ERR210416/O2.UC21-0_090117.rmhost.single.fq.gz	
ERR210417	PRJEB1220	SAMEA2042912	ERX185082	408170	human gut metagenome	ftp.sra.ebi.ac.uk/vol1/fastq/ERR210/ERR210417/ERR210417.fastq.gz	ftp.sra.ebi.ac.uk/vol1/run/ERR210/ERR210417/O2.UC21-0_090129.rmhost.single.fq.gz	
ERR209306	PRJEB1220	SAMEA2042436	ERX183971	408170	human gut metagenome	ftp.sra.ebi.ac.uk/vol1/fastq/ERR209/ERR209306/ERR209306_1.fastq.gz;ftp.sra.ebi.ac.uk/vol1/fastq/ERR209/ERR209306/ERR209306_2.fastq.gz	ftp.sra.ebi.ac.uk/vol1/run/ERR209/ERR209306/MH0101_20091124L5.rmhost.pair.1.fq.gz;ftp.sra.ebi.ac.uk/vol1/run/ERR209/ERR209306/MH0101_20091124L5.rmhost.pair.2.fq.gz	
ERR210423	PRJEB1220	SAMEA1968361	ERX185088	408170	human gut metagenome	ftp.sra.ebi.ac.uk/vol1/fastq/ERR210/ERR210423/ERR210423.fastq.gz	ftp.sra.ebi.ac.uk/vol1/run/ERR210/ERR210423/O2.UC22-2_100423.rmhost.single.fq.gz	
ERR210425	PRJEB1220	SAMEA2042915	ERX185090	408170	human gut metagenome	ftp.sra.ebi.ac.uk/vol1/fastq/ERR210/ERR210425/ERR210425.fastq.gz	ftp.sra.ebi.ac.uk/vol1/run/ERR210/ERR210425/O2.UC23-0_090325.rmhost.single.fq.gz	
ERR209309	PRJEB1220	SAMEA2042436	ERX183974	408170	human gut metagenome	ftp.sra.ebi.ac.uk/vol1/fastq/ERR209/ERR209309/ERR209309_1.fastq.gz;ftp.sra.ebi.ac.uk/vol1/fastq/ERR209/ERR209309/ERR209309_2.fastq.gz	ftp.sra.ebi.ac.uk/vol1/run/ERR209/ERR209309/MH0101_20091212L3.rmhost.pair.1.fq.gz;ftp.sra.ebi.ac.uk/vol1/run/ERR209/ERR209309/MH0101_20091212L3.rmhost.pair.2.fq.gz	
ERR210426	PRJEB1220	SAMEA2042916	ERX185091	408170	human gut metagenome	ftp.sra.ebi.ac.uk/vol1/fastq/ERR210/ERR210426/ERR210426.fastq.gz	ftp.sra.ebi.ac.uk/vol1/run/ERR210/ERR210426/O2.UC23-2_100409.rmhost.single.fq.gz	
ERR209310	PRJEB1220	SAMEA2042437	ERX183975	408170	human gut metagenome	ftp.sra.ebi.ac.uk/vol1/fastq/ERR209/ERR209310/ERR209310_1.fastq.gz;ftp.sra.ebi.ac.uk/vol1/fastq/ERR209/ERR209310/ERR209310_2.fastq.gz	ftp.sra.ebi.ac.uk/vol1/run/ERR209/ERR209310/MH0102_20091014.rmhost.pair.1.fq.gz;ftp.sra.ebi.ac.uk/vol1/run/ERR209/ERR209310/MH0102_20091014.rmhost.pair.2.fq.gz	
ERR209311	PRJEB1220	SAMEA2042437	ERX183976	408170	human gut metagenome	ftp.sra.ebi.ac.uk/vol1/fastq/ERR209/ERR209311/ERR209311_1.fastq.gz;ftp.sra.ebi.ac.uk/vol1/fastq/ERR209/ERR209311/ERR209311_2.fastq.gz	ftp.sra.ebi.ac.uk/vol1/run/ERR209/ERR209311/MH0102_20091124L5.rmhost.pair.1.fq.gz;ftp.sra.ebi.ac.uk/vol1/run/ERR209/ERR209311/MH0102_20091124L5.rmhost.pair.2.fq.gz	
ERR210429	PRJEB1220	SAMEA2042917	ERX185094	408170	human gut metagenome	ftp.sra.ebi.ac.uk/vol1/fastq/ERR210/ERR210429/ERR210429.fastq.gz	ftp.sra.ebi.ac.uk/vol1/run/ERR210/ERR210429/O2.UC24-0_090129.rmhost.single.fq.gz	
ERR209322	PRJEB1220	SAMEA2042488	ERX183987	408170	human gut metagenome	ftp.sra.ebi.ac.uk/vol1/fastq/ERR209/ERR209322/ERR209322_1.fastq.gz;ftp.sra.ebi.ac.uk/vol1/fastq/ERR209/ERR209322/ERR209322_2.fastq.gz	ftp.sra.ebi.ac.uk/vol1/run/ERR209/ERR209322/MH0104_20091124L3.rmhost.pair.1.fq.gz;ftp.sra.ebi.ac.uk/vol1/run/ERR209/ERR209322/MH0104_20091124L3.rmhost.pair.2.fq.gz	
ERR209323	PRJEB1220	SAMEA2042488	ERX183988	408170	human gut metagenome	ftp.sra.ebi.ac.uk/vol1/fastq/ERR209/ERR209323/ERR209323_1.fastq.gz;ftp.sra.ebi.ac.uk/vol1/fastq/ERR209/ERR209323/ERR209323_2.fastq.gz	ftp.sra.ebi.ac.uk/vol1/run/ERR209/ERR209323/MH0104_20091126L6.rmhost.pair.1.fq.gz;ftp.sra.ebi.ac.uk/vol1/run/ERR209/ERR209323/MH0104_20091126L6.rmhost.pair.2.fq.gz	
ERR209325	PRJEB1220	SAMEA2042488	ERX183990	408170	human gut metagenome	ftp.sra.ebi.ac.uk/vol1/fastq/ERR209/ERR209325/ERR209325_1.fastq.gz;ftp.sra.ebi.ac.uk/vol1/fastq/ERR209/ERR209325/ERR209325_2.fastq.gz	ftp.sra.ebi.ac.uk/vol1/run/ERR209/ERR209325/MH0104_20091126L8.rmhost.pair.1.fq.gz;ftp.sra.ebi.ac.uk/vol1/run/ERR209/ERR209325/MH0104_20091126L8.rmhost.pair.2.fq.gz	
ERR210431	PRJEB1220	SAMEA2042919	ERX185096	408170	human gut metagenome	ftp.sra.ebi.ac.uk/vol1/fastq/ERR210/ERR210431/ERR210431.fastq.gz	ftp.sra.ebi.ac.uk/vol1/run/ERR210/ERR210431/O2.UC26-0_20091130.rmhost.single.fq.gz	
ERR209327	PRJEB1220	SAMEA2042489	ERX183992	408170	human gut metagenome	ftp.sra.ebi.ac.uk/vol1/fastq/ERR209/ERR209327/ERR209327_1.fastq.gz;ftp.sra.ebi.ac.uk/vol1/fastq/ERR209/ERR209327/ERR209327_2.fastq.gz	ftp.sra.ebi.ac.uk/vol1/run/ERR209/ERR209327/MH0105_20091015.rmhost.pair.1.fq.gz;ftp.sra.ebi.ac.uk/vol1/run/ERR209/ERR209327/MH0105_20091015.rmhost.pair.2.fq.gz	
ERR210435	PRJEB1220	SAMEA2042922	ERX185100	408170	human gut metagenome	ftp.sra.ebi.ac.uk/vol1/fastq/ERR210/ERR210435/ERR210435.fastq.gz	ftp.sra.ebi.ac.uk/vol1/run/ERR210/ERR210435/O2.UC29-0_20091229.rmhost.single.fq.gz	
ERR209328	PRJEB1220	SAMEA2042489	ERX183993	408170	human gut metagenome	ftp.sra.ebi.ac.uk/vol1/fastq/ERR209/ERR209328/ERR209328_1.fastq.gz;ftp.sra.ebi.ac.uk/vol1/fastq/ERR209/ERR209328/ERR209328_2.fastq.gz	ftp.sra.ebi.ac.uk/vol1/run/ERR209/ERR209328/MH0105_20091124L2.rmhost.pair.1.fq.gz;ftp.sra.ebi.ac.uk/vol1/run/ERR209/ERR209328/MH0105_20091124L2.rmhost.pair.2.fq.gz	
ERR210438	PRJEB1220	SAMEA2042981	ERX185103	408170	human gut metagenome	ftp.sra.ebi.ac.uk/vol1/fastq/ERR210/ERR210438/ERR210438.fastq.gz	ftp.sra.ebi.ac.uk/vol1/run/ERR210/ERR210438/O2.UC30-0_20100204.rmhost.single.fq.gz	
ERR209329	PRJEB1220	SAMEA2042489	ERX183994	408170	human gut metagenome	ftp.sra.ebi.ac.uk/vol1/fastq/ERR209/ERR209329/ERR209329_1.fastq.gz;ftp.sra.ebi.ac.uk/vol1/fastq/ERR209/ERR209329/ERR209329_2.fastq.gz	ftp.sra.ebi.ac.uk/vol1/run/ERR209/ERR209329/MH0105_20091124L3.rmhost.pair.1.fq.gz;ftp.sra.ebi.ac.uk/vol1/run/ERR209/ERR209329/MH0105_20091124L3.rmhost.pair.2.fq.gz	
ERR210442	PRJEB1220	SAMEA2042982	ERX185107	408170	human gut metagenome	ftp.sra.ebi.ac.uk/vol1/fastq/ERR210/ERR210442/ERR210442.fastq.gz	ftp.sra.ebi.ac.uk/vol1/run/ERR210/ERR210442/O2.UC30-2_20100112.rmhost.single.fq.gz	
ERR209333	PRJEB1220	SAMEA2042490	ERX183998	408170	human gut metagenome	ftp.sra.ebi.ac.uk/vol1/fastq/ERR209/ERR209333/ERR209333_1.fastq.gz;ftp.sra.ebi.ac.uk/vol1/fastq/ERR209/ERR209333/ERR209333_2.fastq.gz	ftp.sra.ebi.ac.uk/vol1/run/ERR209/ERR209333/MH0106_20091107L8.rmhost.pair.1.fq.gz;ftp.sra.ebi.ac.uk/vol1/run/ERR209/ERR209333/MH0106_20091107L8.rmhost.pair.2.fq.gz	
ERR210445	PRJEB1220	SAMEA2042983	ERX185110	408170	human gut metagenome	ftp.sra.ebi.ac.uk/vol1/fastq/ERR210/ERR210445/ERR210445.fastq.gz	ftp.sra.ebi.ac.uk/vol1/run/ERR210/ERR210445/O2.UC31-0_20100112.rmhost.single.fq.gz	
ERR209334	PRJEB1220	SAMEA2042490	ERX183999	408170	human gut metagenome	ftp.sra.ebi.ac.uk/vol1/fastq/ERR209/ERR209334/ERR209334_1.fastq.gz;ftp.sra.ebi.ac.uk/vol1/fastq/ERR209/ERR209334/ERR209334_2.fastq.gz	ftp.sra.ebi.ac.uk/vol1/run/ERR209/ERR209334/MH0106_20091124L3.rmhost.pair.1.fq.gz;ftp.sra.ebi.ac.uk/vol1/run/ERR209/ERR209334/MH0106_20091124L3.rmhost.pair.2.fq.gz	
ERR210450	PRJEB1220	SAMEA2042984	ERX185115	408170	human gut metagenome	ftp.sra.ebi.ac.uk/vol1/fastq/ERR210/ERR210450/ERR210450.fastq.gz	ftp.sra.ebi.ac.uk/vol1/run/ERR210/ERR210450/O2.UC31-2_20100204.rmhost.single.fq.gz	
ERR209336	PRJEB1220	SAMEA2042490	ERX184001	408170	human gut metagenome	ftp.sra.ebi.ac.uk/vol1/fastq/ERR209/ERR209336/ERR209336_1.fastq.gz;ftp.sra.ebi.ac.uk/vol1/fastq/ERR209/ERR209336/ERR209336_2.fastq.gz	ftp.sra.ebi.ac.uk/vol1/run/ERR209/ERR209336/MH0106_20091126L7.rmhost.pair.1.fq.gz;ftp.sra.ebi.ac.uk/vol1/run/ERR209/ERR209336/MH0106_20091126L7.rmhost.pair.2.fq.gz	
ERR209337	PRJEB1220	SAMEA2042490	ERX184002	408170	human gut metagenome	ftp.sra.ebi.ac.uk/vol1/fastq/ERR209/ERR209337/ERR209337_1.fastq.gz;ftp.sra.ebi.ac.uk/vol1/fastq/ERR209/ERR209337/ERR209337_2.fastq.gz	ftp.sra.ebi.ac.uk/vol1/run/ERR209/ERR209337/MH0106_20091126L8.rmhost.pair.1.fq.gz;ftp.sra.ebi.ac.uk/vol1/run/ERR209/ERR209337/MH0106_20091126L8.rmhost.pair.2.fq.gz	
ERR210451	PRJEB1220	SAMEA2042985	ERX185116	408170	human gut metagenome	ftp.sra.ebi.ac.uk/vol1/fastq/ERR210/ERR210451/ERR210451.fastq.gz	ftp.sra.ebi.ac.uk/vol1/run/ERR210/ERR210451/O2.UC32-0_20100113.rmhost.single.fq.gz	
ERR209342	PRJEB1220	SAMEA2042491	ERX184007	408170	human gut metagenome	ftp.sra.ebi.ac.uk/vol1/fastq/ERR209/ERR209342/ERR209342_1.fastq.gz;ftp.sra.ebi.ac.uk/vol1/fastq/ERR209/ERR209342/ERR209342_2.fastq.gz	ftp.sra.ebi.ac.uk/vol1/run/ERR209/ERR209342/MH0107_20091124L6.rmhost.pair.1.fq.gz;ftp.sra.ebi.ac.uk/vol1/run/ERR209/ERR209342/MH0107_20091124L6.rmhost.pair.2.fq.gz	
ERR210456	PRJEB1220	SAMEA2042988	ERX185121	408170	human gut metagenome	ftp.sra.ebi.ac.uk/vol1/fastq/ERR210/ERR210456/ERR210456.fastq.gz	ftp.sra.ebi.ac.uk/vol1/run/ERR210/ERR210456/O2.UC34-2_20100113.rmhost.single.fq.gz	
ERR209343	PRJEB1220	SAMEA2042491	ERX184008	408170	human gut metagenome	ftp.sra.ebi.ac.uk/vol1/fastq/ERR209/ERR209343/ERR209343_1.fastq.gz;ftp.sra.ebi.ac.uk/vol1/fastq/ERR209/ERR209343/ERR209343_2.fastq.gz	ftp.sra.ebi.ac.uk/vol1/run/ERR209/ERR209343/MH0107_20091124L7.rmhost.pair.1.fq.gz;ftp.sra.ebi.ac.uk/vol1/run/ERR209/ERR209343/MH0107_20091124L7.rmhost.pair.2.fq.gz	
ERR209344	PRJEB1220	SAMEA2042491	ERX184009	408170	human gut metagenome	ftp.sra.ebi.ac.uk/vol1/fastq/ERR209/ERR209344/ERR209344_1.fastq.gz;ftp.sra.ebi.ac.uk/vol1/fastq/ERR209/ERR209344/ERR209344_2.fastq.gz	ftp.sra.ebi.ac.uk/vol1/run/ERR209/ERR209344/MH0107_20091212L3.rmhost.pair.1.fq.gz;ftp.sra.ebi.ac.uk/vol1/run/ERR209/ERR209344/MH0107_20091212L3.rmhost.pair.2.fq.gz	
ERR210457	PRJEB1220	SAMEA1964348	ERX185122	408170	human gut metagenome	ftp.sra.ebi.ac.uk/vol1/fastq/ERR210/ERR210457/ERR210457.fastq.gz	ftp.sra.ebi.ac.uk/vol1/run/ERR210/ERR210457/O2.UC35-0_20091229.rmhost.single.fq.gz	
ERR209351	PRJEB1220	SAMEA2042493	ERX184016	408170	human gut metagenome	ftp.sra.ebi.ac.uk/vol1/fastq/ERR209/ERR209351/ERR209351_1.fastq.gz;ftp.sra.ebi.ac.uk/vol1/fastq/ERR209/ERR209351/ERR209351_2.fastq.gz	ftp.sra.ebi.ac.uk/vol1/run/ERR209/ERR209351/MH0110_20091124L4.rmhost.pair.1.fq.gz;ftp.sra.ebi.ac.uk/vol1/run/ERR209/ERR209351/MH0110_20091124L4.rmhost.pair.2.fq.gz	
ERR209358	PRJEB1220	SAMEA1965112	ERX184023	408170	human gut metagenome	ftp.sra.ebi.ac.uk/vol1/fastq/ERR209/ERR209358/ERR209358_1.fastq.gz;ftp.sra.ebi.ac.uk/vol1/fastq/ERR209/ERR209358/ERR209358_2.fastq.gz	ftp.sra.ebi.ac.uk/vol1/run/ERR209/ERR209358/MH0111_20100305L3.rmhost.pair.1.fq.gz;ftp.sra.ebi.ac.uk/vol1/run/ERR209/ERR209358/MH0111_20100305L3.rmhost.pair.2.fq.gz	
ERR210459	PRJEB1220	SAMEA2042991	ERX185124	408170	human gut metagenome	ftp.sra.ebi.ac.uk/vol1/fastq/ERR210/ERR210459/ERR210459.fastq.gz	ftp.sra.ebi.ac.uk/vol1/run/ERR210/ERR210459/O2.UC36-2_20100106.rmhost.single.fq.gz	
ERR210461	PRJEB1220	SAMEA2042993	ERX185126	408170	human gut metagenome	ftp.sra.ebi.ac.uk/vol1/fastq/ERR210/ERR210461/ERR210461.fastq.gz	ftp.sra.ebi.ac.uk/vol1/run/ERR210/ERR210461/O2.UC37-2_100403.rmhost.single.fq.gz	
ERR209359	PRJEB1220	SAMEA2042495	ERX184024	408170	human gut metagenome	ftp.sra.ebi.ac.uk/vol1/fastq/ERR209/ERR209359/ERR209359_1.fastq.gz;ftp.sra.ebi.ac.uk/vol1/fastq/ERR209/ERR209359/ERR209359_2.fastq.gz	ftp.sra.ebi.ac.uk/vol1/run/ERR209/ERR209359/MH0113_20091031.rmhost.pair.1.fq.gz;ftp.sra.ebi.ac.uk/vol1/run/ERR209/ERR209359/MH0113_20091031.rmhost.pair.2.fq.gz	
ERR210462	PRJEB1220	SAMEA2042993	ERX185127	408170	human gut metagenome	ftp.sra.ebi.ac.uk/vol1/fastq/ERR210/ERR210462/ERR210462.fastq.gz	ftp.sra.ebi.ac.uk/vol1/run/ERR210/ERR210462/O2.UC37-2_100423.rmhost.single.fq.gz	
ERR210463	PRJEB1220	SAMEA2042994	ERX185128	408170	human gut metagenome	ftp.sra.ebi.ac.uk/vol1/fastq/ERR210/ERR210463/ERR210463.fastq.gz	ftp.sra.ebi.ac.uk/vol1/run/ERR210/ERR210463/O2.UC38-0_20100106.rmhost.single.fq.gz	
ERR209362	PRJEB1220	SAMEA2042495	ERX184027	408170	human gut metagenome	ftp.sra.ebi.ac.uk/vol1/fastq/ERR209/ERR209362/ERR209362_1.fastq.gz;ftp.sra.ebi.ac.uk/vol1/fastq/ERR209/ERR209362/ERR209362_2.fastq.gz	ftp.sra.ebi.ac.uk/vol1/run/ERR209/ERR209362/MH0113_20100125L5.rmhost.pair.1.fq.gz;ftp.sra.ebi.ac.uk/vol1/run/ERR209/ERR209362/MH0113_20100125L5.rmhost.pair.2.fq.gz	
ERR210465	PRJEB1220	SAMEA2043042	ERX185130	408170	human gut metagenome	ftp.sra.ebi.ac.uk/vol1/fastq/ERR210/ERR210465/ERR210465.fastq.gz	ftp.sra.ebi.ac.uk/vol1/run/ERR210/ERR210465/O2.UC40-0_20100106.rmhost.single.fq.gz	
ERR209365	PRJEB1220	SAMEA2042496	ERX184030	408170	human gut metagenome	ftp.sra.ebi.ac.uk/vol1/fastq/ERR209/ERR209365/ERR209365_1.fastq.gz;ftp.sra.ebi.ac.uk/vol1/fastq/ERR209/ERR209365/ERR209365_2.fastq.gz	ftp.sra.ebi.ac.uk/vol1/run/ERR209/ERR209365/MH0114_20091124L3.rmhost.pair.1.fq.gz;ftp.sra.ebi.ac.uk/vol1/run/ERR209/ERR209365/MH0114_20091124L3.rmhost.pair.2.fq.gz	
ERR210469	PRJEB1220	SAMEA2043044	ERX185134	408170	human gut metagenome	ftp.sra.ebi.ac.uk/vol1/fastq/ERR210/ERR210469/ERR210469.fastq.gz	ftp.sra.ebi.ac.uk/vol1/run/ERR210/ERR210469/O2.UC41-0_20100112.rmhost.single.fq.gz	
ERR209371	PRJEB1220	SAMEA2042498	ERX184036	408170	human gut metagenome	ftp.sra.ebi.ac.uk/vol1/fastq/ERR209/ERR209371/ERR209371_1.fastq.gz;ftp.sra.ebi.ac.uk/vol1/fastq/ERR209/ERR209371/ERR209371_2.fastq.gz	ftp.sra.ebi.ac.uk/vol1/run/ERR209/ERR209371/MH0116_20091023.rmhost.pair.1.fq.gz;ftp.sra.ebi.ac.uk/vol1/run/ERR209/ERR209371/MH0116_20091023.rmhost.pair.2.fq.gz	
ERR210470	PRJEB1220	SAMEA2043045	ERX185135	408170	human gut metagenome	ftp.sra.ebi.ac.uk/vol1/fastq/ERR210/ERR210470/ERR210470.fastq.gz	ftp.sra.ebi.ac.uk/vol1/run/ERR210/ERR210470/O2.UC41-2_20100112.rmhost.single.fq.gz	
ERR210471	PRJEB1220	SAMEA2043041	ERX185136	408170	human gut metagenome	ftp.sra.ebi.ac.uk/vol1/fastq/ERR210/ERR210471/ERR210471.fastq.gz	ftp.sra.ebi.ac.uk/vol1/run/ERR210/ERR210471/O2.UC4-2_20091125.rmhost.single.fq.gz	
ERR209376	PRJEB1220	SAMEA2042498	ERX184041	408170	human gut metagenome	ftp.sra.ebi.ac.uk/vol1/fastq/ERR209/ERR209376/ERR209376_1.fastq.gz;ftp.sra.ebi.ac.uk/vol1/fastq/ERR209/ERR209376/ERR209376_2.fastq.gz	ftp.sra.ebi.ac.uk/vol1/run/ERR209/ERR209376/MH0116_20091212L4.rmhost.pair.1.fq.gz;ftp.sra.ebi.ac.uk/vol1/run/ERR209/ERR209376/MH0116_20091212L4.rmhost.pair.2.fq.gz	
ERR209382	PRJEB1220	SAMEA2042500	ERX184047	408170	human gut metagenome	ftp.sra.ebi.ac.uk/vol1/fastq/ERR209/ERR209382/ERR209382_1.fastq.gz;ftp.sra.ebi.ac.uk/vol1/fastq/ERR209/ERR209382/ERR209382_2.fastq.gz	ftp.sra.ebi.ac.uk/vol1/run/ERR209/ERR209382/MH0118_20100124L5.rmhost.pair.1.fq.gz;ftp.sra.ebi.ac.uk/vol1/run/ERR209/ERR209382/MH0118_20100124L5.rmhost.pair.2.fq.gz	
ERR210476	PRJEB1220	SAMEA2043049	ERX185141	408170	human gut metagenome	ftp.sra.ebi.ac.uk/vol1/fastq/ERR210/ERR210476/ERR210476.fastq.gz	ftp.sra.ebi.ac.uk/vol1/run/ERR210/ERR210476/O2.UC44-2_20100114.rmhost.single.fq.gz	
ERR209387	PRJEB1220	SAMEA2042501	ERX184052	408170	human gut metagenome	ftp.sra.ebi.ac.uk/vol1/fastq/ERR209/ERR209387/ERR209387_1.fastq.gz;ftp.sra.ebi.ac.uk/vol1/fastq/ERR209/ERR209387/ERR209387_2.fastq.gz	ftp.sra.ebi.ac.uk/vol1/run/ERR209/ERR209387/MH0120_20100125L3.rmhost.pair.1.fq.gz;ftp.sra.ebi.ac.uk/vol1/run/ERR209/ERR209387/MH0120_20100125L3.rmhost.pair.2.fq.gz	
ERR210478	PRJEB1220	SAMEA1965906	ERX185143	408170	human gut metagenome	ftp.sra.ebi.ac.uk/vol1/fastq/ERR210/ERR210478/ERR210478.fastq.gz	ftp.sra.ebi.ac.uk/vol1/run/ERR210/ERR210478/O2.UC46-2_20100112.rmhost.single.fq.gz	
ERR209388	PRJEB1220	SAMEA2042502	ERX184053	408170	human gut metagenome	ftp.sra.ebi.ac.uk/vol1/fastq/ERR209/ERR209388/ERR209388_1.fastq.gz;ftp.sra.ebi.ac.uk/vol1/fastq/ERR209/ERR209388/ERR209388_2.fastq.gz	ftp.sra.ebi.ac.uk/vol1/run/ERR209/ERR209388/MH0121_20091105.rmhost.pair.1.fq.gz;ftp.sra.ebi.ac.uk/vol1/run/ERR209/ERR209388/MH0121_20091105.rmhost.pair.2.fq.gz	
ERR209389	PRJEB1220	SAMEA2042503	ERX184054	408170	human gut metagenome	ftp.sra.ebi.ac.uk/vol1/fastq/ERR209/ERR209389/ERR209389_1.fastq.gz;ftp.sra.ebi.ac.uk/vol1/fastq/ERR209/ERR209389/ERR209389_2.fastq.gz	ftp.sra.ebi.ac.uk/vol1/run/ERR209/ERR209389/MH0122_20091023.rmhost.pair.1.fq.gz;ftp.sra.ebi.ac.uk/vol1/run/ERR209/ERR209389/MH0122_20091023.rmhost.pair.2.fq.gz	
ERR210479	PRJEB1220	SAMEA1965906	ERX185144	408170	human gut metagenome	ftp.sra.ebi.ac.uk/vol1/fastq/ERR210/ERR210479/ERR210479.fastq.gz	ftp.sra.ebi.ac.uk/vol1/run/ERR210/ERR210479/O2.UC46-2_20100130.rmhost.single.fq.gz	
ERR209390	PRJEB1220	SAMEA2042503	ERX184055	408170	human gut metagenome	ftp.sra.ebi.ac.uk/vol1/fastq/ERR209/ERR209390/ERR209390_1.fastq.gz;ftp.sra.ebi.ac.uk/vol1/fastq/ERR209/ERR209390/ERR209390_2.fastq.gz	ftp.sra.ebi.ac.uk/vol1/run/ERR209/ERR209390/MH0122_20100124L8.rmhost.pair.1.fq.gz;ftp.sra.ebi.ac.uk/vol1/run/ERR209/ERR209390/MH0122_20100124L8.rmhost.pair.2.fq.gz	
ERR210481	PRJEB1220	SAMEA2043051	ERX185146	408170	human gut metagenome	ftp.sra.ebi.ac.uk/vol1/fastq/ERR210/ERR210481/ERR210481.fastq.gz	ftp.sra.ebi.ac.uk/vol1/run/ERR210/ERR210481/O2.UC47-0_20100112.rmhost.single.fq.gz	
ERR209393	PRJEB1220	SAMEA2042503	ERX184058	408170	human gut metagenome	ftp.sra.ebi.ac.uk/vol1/fastq/ERR209/ERR209393/ERR209393_1.fastq.gz;ftp.sra.ebi.ac.uk/vol1/fastq/ERR209/ERR209393/ERR209393_2.fastq.gz	ftp.sra.ebi.ac.uk/vol1/run/ERR209/ERR209393/MH0122_20100305L3.rmhost.pair.1.fq.gz;ftp.sra.ebi.ac.uk/vol1/run/ERR209/ERR209393/MH0122_20100305L3.rmhost.pair.2.fq.gz	
ERR209397	PRJEB1220	SAMEA2042553	ERX184062	408170	human gut metagenome	ftp.sra.ebi.ac.uk/vol1/fastq/ERR209/ERR209397/ERR209397_1.fastq.gz;ftp.sra.ebi.ac.uk/vol1/fastq/ERR209/ERR209397/ERR209397_2.fastq.gz	ftp.sra.ebi.ac.uk/vol1/run/ERR209/ERR209397/MH0123_20100128L8.rmhost.pair.1.fq.gz;ftp.sra.ebi.ac.uk/vol1/run/ERR209/ERR209397/MH0123_20100128L8.rmhost.pair.2.fq.gz	
ERR210485	PRJEB1220	SAMEA1964914	ERX185150	408170	human gut metagenome	ftp.sra.ebi.ac.uk/vol1/fastq/ERR210/ERR210485/ERR210485.fastq.gz	ftp.sra.ebi.ac.uk/vol1/run/ERR210/ERR210485/O2.UC47-2_20100130.rmhost.single.fq.gz	
ERR209403	PRJEB1220	SAMEA2042555	ERX184068	408170	human gut metagenome	ftp.sra.ebi.ac.uk/vol1/fastq/ERR209/ERR209403/ERR209403_1.fastq.gz;ftp.sra.ebi.ac.uk/vol1/fastq/ERR209/ERR209403/ERR209403_2.fastq.gz	ftp.sra.ebi.ac.uk/vol1/run/ERR209/ERR209403/MH0125_20091011.rmhost.pair.1.fq.gz;ftp.sra.ebi.ac.uk/vol1/run/ERR209/ERR209403/MH0125_20091011.rmhost.pair.2.fq.gz	
ERR209408	PRJEB1220	SAMEA2042556	ERX184073	408170	human gut metagenome	ftp.sra.ebi.ac.uk/vol1/fastq/ERR209/ERR209408/ERR209408_1.fastq.gz;ftp.sra.ebi.ac.uk/vol1/fastq/ERR209/ERR209408/ERR209408_2.fastq.gz	ftp.sra.ebi.ac.uk/vol1/run/ERR209/ERR209408/MH0126_20100128L6.rmhost.pair.1.fq.gz;ftp.sra.ebi.ac.uk/vol1/run/ERR209/ERR209408/MH0126_20100128L6.rmhost.pair.2.fq.gz	
ERR210488	PRJEB1220	SAMEA2043052	ERX185153	408170	human gut metagenome	ftp.sra.ebi.ac.uk/vol1/fastq/ERR210/ERR210488/ERR210488.fastq.gz	ftp.sra.ebi.ac.uk/vol1/run/ERR210/ERR210488/O2.UC48-0_100423.rmhost.single.fq.gz	
ERR209414	PRJEB1220	SAMEA2042557	ERX184079	408170	human gut metagenome	ftp.sra.ebi.ac.uk/vol1/fastq/ERR209/ERR209414/ERR209414_1.fastq.gz;ftp.sra.ebi.ac.uk/vol1/fastq/ERR209/ERR209414/ERR209414_2.fastq.gz	ftp.sra.ebi.ac.uk/vol1/run/ERR209/ERR209414/MH0127_20100125L5.rmhost.pair.1.fq.gz;ftp.sra.ebi.ac.uk/vol1/run/ERR209/ERR209414/MH0127_20100125L5.rmhost.pair.2.fq.gz	
ERR210489	PRJEB1220	SAMEA1968035	ERX185154	408170	human gut metagenome	ftp.sra.ebi.ac.uk/vol1/fastq/ERR210/ERR210489/ERR210489.fastq.gz	ftp.sra.ebi.ac.uk/vol1/run/ERR210/ERR210489/O2.UC48-2_20100112.rmhost.single.fq.gz	
ERR209427	PRJEB1220	SAMEA2042561	ERX184092	408170	human gut metagenome	ftp.sra.ebi.ac.uk/vol1/fastq/ERR209/ERR209427/ERR209427_1.fastq.gz;ftp.sra.ebi.ac.uk/vol1/fastq/ERR209/ERR209427/ERR209427_2.fastq.gz	ftp.sra.ebi.ac.uk/vol1/run/ERR209/ERR209427/MH0132_20091028.rmhost.pair.1.fq.gz;ftp.sra.ebi.ac.uk/vol1/run/ERR209/ERR209427/MH0132_20091028.rmhost.pair.2.fq.gz	
ERR209428	PRJEB1220	SAMEA2042561	ERX184093	408170	human gut metagenome	ftp.sra.ebi.ac.uk/vol1/fastq/ERR209/ERR209428/ERR209428_1.fastq.gz;ftp.sra.ebi.ac.uk/vol1/fastq/ERR209/ERR209428/ERR209428_2.fastq.gz	ftp.sra.ebi.ac.uk/vol1/run/ERR209/ERR209428/MH0132_20100124L7.rmhost.pair.1.fq.gz;ftp.sra.ebi.ac.uk/vol1/run/ERR209/ERR209428/MH0132_20100124L7.rmhost.pair.2.fq.gz	
ERR210492	PRJEB1220	SAMEA2041923	ERX185157	408170	human gut metagenome	ftp.sra.ebi.ac.uk/vol1/fastq/ERR210/ERR210492/ERR210492.fastq.gz	ftp.sra.ebi.ac.uk/vol1/run/ERR210/ERR210492/O2.UC49-0_100403.rmhost.single.fq.gz	
ERR209430	PRJEB1220	SAMEA2042561	ERX184095	408170	human gut metagenome	ftp.sra.ebi.ac.uk/vol1/fastq/ERR209/ERR209430/ERR209430_1.fastq.gz;ftp.sra.ebi.ac.uk/vol1/fastq/ERR209/ERR209430/ERR209430_2.fastq.gz	ftp.sra.ebi.ac.uk/vol1/run/ERR209/ERR209430/MH0132_20100125L5.rmhost.pair.1.fq.gz;ftp.sra.ebi.ac.uk/vol1/run/ERR209/ERR209430/MH0132_20100125L5.rmhost.pair.2.fq.gz	
ERR210494	PRJEB1220	SAMEA2041924	ERX185159	408170	human gut metagenome	ftp.sra.ebi.ac.uk/vol1/fastq/ERR210/ERR210494/ERR210494.fastq.gz	ftp.sra.ebi.ac.uk/vol1/run/ERR210/ERR210494/O2.UC49-2_20100208.rmhost.single.fq.gz	
ERR209434	PRJEB1220	SAMEA2042562	ERX184099	408170	human gut metagenome	ftp.sra.ebi.ac.uk/vol1/fastq/ERR209/ERR209434/ERR209434_1.fastq.gz;ftp.sra.ebi.ac.uk/vol1/fastq/ERR209/ERR209434/ERR209434_2.fastq.gz	ftp.sra.ebi.ac.uk/vol1/run/ERR209/ERR209434/MH0133_20100125L5.rmhost.pair.1.fq.gz;ftp.sra.ebi.ac.uk/vol1/run/ERR209/ERR209434/MH0133_20100125L5.rmhost.pair.2.fq.gz	
ERR210498	PRJEB1220	SAMEA2041925	ERX185163	408170	human gut metagenome	ftp.sra.ebi.ac.uk/vol1/fastq/ERR210/ERR210498/ERR210498.fastq.gz	ftp.sra.ebi.ac.uk/vol1/run/ERR210/ERR210498/O2.UC5-0_100409.rmhost.single.fq.gz	
ERR210503	PRJEB1220	SAMEA2041931	ERX185168	408170	human gut metagenome	ftp.sra.ebi.ac.uk/vol1/fastq/ERR210/ERR210503/ERR210503.fastq.gz	ftp.sra.ebi.ac.uk/vol1/run/ERR210/ERR210503/O2.UC51-2_20100113.rmhost.single.fq.gz	
ERR209437	PRJEB1220	SAMEA2042563	ERX184102	408170	human gut metagenome	ftp.sra.ebi.ac.uk/vol1/fastq/ERR209/ERR209437/ERR209437_1.fastq.gz;ftp.sra.ebi.ac.uk/vol1/fastq/ERR209/ERR209437/ERR209437_2.fastq.gz	ftp.sra.ebi.ac.uk/vol1/run/ERR209/ERR209437/MH0134_20100125L2.rmhost.pair.1.fq.gz;ftp.sra.ebi.ac.uk/vol1/run/ERR209/ERR209437/MH0134_20100125L2.rmhost.pair.2.fq.gz	
ERR209439	PRJEB1220	SAMEA2042564	ERX184104	408170	human gut metagenome	ftp.sra.ebi.ac.uk/vol1/fastq/ERR209/ERR209439/ERR209439_1.fastq.gz;ftp.sra.ebi.ac.uk/vol1/fastq/ERR209/ERR209439/ERR209439_2.fastq.gz	ftp.sra.ebi.ac.uk/vol1/run/ERR209/ERR209439/MH0135_20091028.rmhost.pair.1.fq.gz;ftp.sra.ebi.ac.uk/vol1/run/ERR209/ERR209439/MH0135_20091028.rmhost.pair.2.fq.gz	
ERR210504	PRJEB1220	SAMEA2041931	ERX185169	408170	human gut metagenome	ftp.sra.ebi.ac.uk/vol1/fastq/ERR210/ERR210504/ERR210504.fastq.gz	ftp.sra.ebi.ac.uk/vol1/run/ERR210/ERR210504/O2.UC51-2_20100208.rmhost.single.fq.gz	
ERR209442	PRJEB1220	SAMEA2042564	ERX184107	408170	human gut metagenome	ftp.sra.ebi.ac.uk/vol1/fastq/ERR209/ERR209442/ERR209442_1.fastq.gz;ftp.sra.ebi.ac.uk/vol1/fastq/ERR209/ERR209442/ERR209442_2.fastq.gz	ftp.sra.ebi.ac.uk/vol1/run/ERR209/ERR209442/MH0135_20100125L3.rmhost.pair.1.fq.gz;ftp.sra.ebi.ac.uk/vol1/run/ERR209/ERR209442/MH0135_20100125L3.rmhost.pair.2.fq.gz	
ERR210507	PRJEB1220	SAMEA2041926	ERX185172	408170	human gut metagenome	ftp.sra.ebi.ac.uk/vol1/fastq/ERR210/ERR210507/ERR210507.fastq.gz	ftp.sra.ebi.ac.uk/vol1/run/ERR210/ERR210507/O2.UC5-2_20091125.rmhost.single.fq.gz	
ERR210509	PRJEB1220	SAMEA2041934	ERX185174	408170	human gut metagenome	ftp.sra.ebi.ac.uk/vol1/fastq/ERR210/ERR210509/ERR210509.fastq.gz	ftp.sra.ebi.ac.uk/vol1/run/ERR210/ERR210509/O2.UC53-0_100403.rmhost.single.fq.gz	
ERR209445	PRJEB1220	SAMEA2042566	ERX184110	408170	human gut metagenome	ftp.sra.ebi.ac.uk/vol1/fastq/ERR209/ERR209445/ERR209445_1.fastq.gz;ftp.sra.ebi.ac.uk/vol1/fastq/ERR209/ERR209445/ERR209445_2.fastq.gz	ftp.sra.ebi.ac.uk/vol1/run/ERR209/ERR209445/MH0136_20100129L2.rmhost.pair.1.fq.gz;ftp.sra.ebi.ac.uk/vol1/run/ERR209/ERR209445/MH0136_20100129L2.rmhost.pair.2.fq.gz	
ERR209462	PRJEB1220	SAMEA2042609	ERX184127	408170	human gut metagenome	ftp.sra.ebi.ac.uk/vol1/fastq/ERR209/ERR209462/ERR209462_1.fastq.gz;ftp.sra.ebi.ac.uk/vol1/fastq/ERR209/ERR209462/ERR209462_2.fastq.gz	ftp.sra.ebi.ac.uk/vol1/run/ERR209/ERR209462/MH0147_20100128L6.rmhost.pair.1.fq.gz;ftp.sra.ebi.ac.uk/vol1/run/ERR209/ERR209462/MH0147_20100128L6.rmhost.pair.2.fq.gz	
ERR210515	PRJEB1220	SAMEA2041939	ERX185180	408170	human gut metagenome	ftp.sra.ebi.ac.uk/vol1/fastq/ERR210/ERR210515/ERR210515.fastq.gz	ftp.sra.ebi.ac.uk/vol1/run/ERR210/ERR210515/O2.UC55-2_20100114.rmhost.single.fq.gz	
ERR209468	PRJEB1220	SAMEA2042611	ERX184133	408170	human gut metagenome	ftp.sra.ebi.ac.uk/vol1/fastq/ERR209/ERR209468/ERR209468_1.fastq.gz;ftp.sra.ebi.ac.uk/vol1/fastq/ERR209/ERR209468/ERR209468_2.fastq.gz	ftp.sra.ebi.ac.uk/vol1/run/ERR209/ERR209468/MH0148_20100125L5.rmhost.pair.1.fq.gz;ftp.sra.ebi.ac.uk/vol1/run/ERR209/ERR209468/MH0148_20100125L5.rmhost.pair.2.fq.gz	
ERR209470	PRJEB1220	SAMEA1973207	ERX184135	408170	human gut metagenome	ftp.sra.ebi.ac.uk/vol1/fastq/ERR209/ERR209470/ERR209470_1.fastq.gz;ftp.sra.ebi.ac.uk/vol1/fastq/ERR209/ERR209470/ERR209470_2.fastq.gz	ftp.sra.ebi.ac.uk/vol1/run/ERR209/ERR209470/MH0151_20091105.rmhost.pair.1.fq.gz;ftp.sra.ebi.ac.uk/vol1/run/ERR209/ERR209470/MH0151_20091105.rmhost.pair.2.fq.gz	
ERR210520	PRJEB1220	SAMEA2042003	ERX185185	408170	human gut metagenome	ftp.sra.ebi.ac.uk/vol1/fastq/ERR210/ERR210520/ERR210520.fastq.gz	ftp.sra.ebi.ac.uk/vol1/run/ERR210/ERR210520/O2.UC58-0_20100114.rmhost.single.fq.gz	
ERR209473	PRJEB1220	SAMEA2042615	ERX184138	408170	human gut metagenome	ftp.sra.ebi.ac.uk/vol1/fastq/ERR209/ERR209473/ERR209473_1.fastq.gz;ftp.sra.ebi.ac.uk/vol1/fastq/ERR209/ERR209473/ERR209473_2.fastq.gz	ftp.sra.ebi.ac.uk/vol1/run/ERR209/ERR209473/MH0154_20091105.rmhost.pair.1.fq.gz;ftp.sra.ebi.ac.uk/vol1/run/ERR209/ERR209473/MH0154_20091105.rmhost.pair.2.fq.gz	
ERR210521	PRJEB1220	SAMEA2042004	ERX185186	408170	human gut metagenome	ftp.sra.ebi.ac.uk/vol1/fastq/ERR210/ERR210521/ERR210521.fastq.gz	ftp.sra.ebi.ac.uk/vol1/run/ERR210/ERR210521/O2.UC58-2_20100114.rmhost.single.fq.gz	
ERR209475	PRJEB1220	SAMEA2042617	ERX184140	408170	human gut metagenome	ftp.sra.ebi.ac.uk/vol1/fastq/ERR209/ERR209475/ERR209475_1.fastq.gz;ftp.sra.ebi.ac.uk/vol1/fastq/ERR209/ERR209475/ERR209475_2.fastq.gz	ftp.sra.ebi.ac.uk/vol1/run/ERR209/ERR209475/MH0156_20091111.rmhost.pair.1.fq.gz;ftp.sra.ebi.ac.uk/vol1/run/ERR209/ERR209475/MH0156_20091111.rmhost.pair.2.fq.gz	
ERR209476	PRJEB1220	SAMEA2042643	ERX184141	408170	human gut metagenome	ftp.sra.ebi.ac.uk/vol1/fastq/ERR209/ERR209476/ERR209476_1.fastq.gz;ftp.sra.ebi.ac.uk/vol1/fastq/ERR209/ERR209476/ERR209476_2.fastq.gz	ftp.sra.ebi.ac.uk/vol1/run/ERR209/ERR209476/MH0157_20091111.rmhost.pair.1.fq.gz;ftp.sra.ebi.ac.uk/vol1/run/ERR209/ERR209476/MH0157_20091111.rmhost.pair.2.fq.gz	
ERR210533	PRJEB1220	SAMEA2042012	ERX185198	408170	human gut metagenome	ftp.sra.ebi.ac.uk/vol1/fastq/ERR210/ERR210533/ERR210533.fastq.gz	ftp.sra.ebi.ac.uk/vol1/run/ERR210/ERR210533/V1.CD1-0_090126.rmhost.single.fq.gz	
ERR209478	PRJEB1220	SAMEA2042644	ERX184143	408170	human gut metagenome	ftp.sra.ebi.ac.uk/vol1/fastq/ERR209/ERR209478/ERR209478_1.fastq.gz;ftp.sra.ebi.ac.uk/vol1/fastq/ERR209/ERR209478/ERR209478_2.fastq.gz	ftp.sra.ebi.ac.uk/vol1/run/ERR209/ERR209478/MH0159_20091111.rmhost.pair.1.fq.gz;ftp.sra.ebi.ac.uk/vol1/run/ERR209/ERR209478/MH0159_20091111.rmhost.pair.2.fq.gz	
ERR209489	PRJEB1220	SAMEA2042650	ERX184154	408170	human gut metagenome	ftp.sra.ebi.ac.uk/vol1/fastq/ERR209/ERR209489/ERR209489_1.fastq.gz;ftp.sra.ebi.ac.uk/vol1/fastq/ERR209/ERR209489/ERR209489_2.fastq.gz	ftp.sra.ebi.ac.uk/vol1/run/ERR209/ERR209489/MH0166_20091031.rmhost.pair.1.fq.gz;ftp.sra.ebi.ac.uk/vol1/run/ERR209/ERR209489/MH0166_20091031.rmhost.pair.2.fq.gz	
ERR210540	PRJEB1220	SAMEA2042102	ERX185205	408170	human gut metagenome	ftp.sra.ebi.ac.uk/vol1/fastq/ERR210/ERR210540/ERR210540.fastq.gz	ftp.sra.ebi.ac.uk/vol1/run/ERR210/ERR210540/V1.CD14-0_090103.rmhost.single.fq.gz	
ERR210544	PRJEB1220	SAMEA2042103	ERX185209	408170	human gut metagenome	ftp.sra.ebi.ac.uk/vol1/fastq/ERR210/ERR210544/ERR210544.fastq.gz	ftp.sra.ebi.ac.uk/vol1/run/ERR210/ERR210544/V1.CD15-3_100703.rmhost.single.fq.gz	
ERR209492	PRJEB1220	SAMEA2042651	ERX184157	408170	human gut metagenome	ftp.sra.ebi.ac.uk/vol1/fastq/ERR209/ERR209492/ERR209492_1.fastq.gz;ftp.sra.ebi.ac.uk/vol1/fastq/ERR209/ERR209492/ERR209492_2.fastq.gz	ftp.sra.ebi.ac.uk/vol1/run/ERR209/ERR209492/MH0167_20091031.rmhost.pair.1.fq.gz;ftp.sra.ebi.ac.uk/vol1/run/ERR209/ERR209492/MH0167_20091031.rmhost.pair.2.fq.gz	
ERR210550	PRJEB1220	SAMEA2042107	ERX185215	408170	human gut metagenome	ftp.sra.ebi.ac.uk/vol1/fastq/ERR210/ERR210550/ERR210550.fastq.gz	ftp.sra.ebi.ac.uk/vol1/run/ERR210/ERR210550/V1.CD18-0_100518.rmhost.single.fq.gz	
ERR209494	PRJEB1220	SAMEA2042651	ERX184159	408170	human gut metagenome	ftp.sra.ebi.ac.uk/vol1/fastq/ERR209/ERR209494/ERR209494_1.fastq.gz;ftp.sra.ebi.ac.uk/vol1/fastq/ERR209/ERR209494/ERR209494_2.fastq.gz	ftp.sra.ebi.ac.uk/vol1/run/ERR209/ERR209494/MH0167_20100125L2.rmhost.pair.1.fq.gz;ftp.sra.ebi.ac.uk/vol1/run/ERR209/ERR209494/MH0167_20100125L2.rmhost.pair.2.fq.gz	
ERR210553	PRJEB1220	SAMEA2042108	ERX185218	408170	human gut metagenome	ftp.sra.ebi.ac.uk/vol1/fastq/ERR210/ERR210553/ERR210553.fastq.gz	ftp.sra.ebi.ac.uk/vol1/run/ERR210/ERR210553/V1.CD18-3_100527.rmhost.single.fq.gz	
ERR209495	PRJEB1220	SAMEA2042651	ERX184160	408170	human gut metagenome	ftp.sra.ebi.ac.uk/vol1/fastq/ERR209/ERR209495/ERR209495_1.fastq.gz;ftp.sra.ebi.ac.uk/vol1/fastq/ERR209/ERR209495/ERR209495_2.fastq.gz	ftp.sra.ebi.ac.uk/vol1/run/ERR209/ERR209495/MH0167_20100125L3.rmhost.pair.1.fq.gz;ftp.sra.ebi.ac.uk/vol1/run/ERR209/ERR209495/MH0167_20100125L3.rmhost.pair.2.fq.gz	
ERR210556	PRJEB1220	SAMEA2042110	ERX185221	408170	human gut metagenome	ftp.sra.ebi.ac.uk/vol1/fastq/ERR210/ERR210556/ERR210556.fastq.gz	ftp.sra.ebi.ac.uk/vol1/run/ERR210/ERR210556/V1.CD2-0_090107.rmhost.single.fq.gz	
ERR209505	PRJEB1220	SAMEA2042655	ERX184170	408170	human gut metagenome	ftp.sra.ebi.ac.uk/vol1/fastq/ERR209/ERR209505/ERR209505_1.fastq.gz;ftp.sra.ebi.ac.uk/vol1/fastq/ERR209/ERR209505/ERR209505_2.fastq.gz	ftp.sra.ebi.ac.uk/vol1/run/ERR209/ERR209505/MH0170_20100125L3.rmhost.pair.1.fq.gz;ftp.sra.ebi.ac.uk/vol1/run/ERR209/ERR209505/MH0170_20100125L3.rmhost.pair.2.fq.gz	
ERR209506	PRJEB1220	SAMEA2042656	ERX184171	408170	human gut metagenome	ftp.sra.ebi.ac.uk/vol1/fastq/ERR209/ERR209506/ERR209506_1.fastq.gz;ftp.sra.ebi.ac.uk/vol1/fastq/ERR209/ERR209506/ERR209506_2.fastq.gz	ftp.sra.ebi.ac.uk/vol1/run/ERR209/ERR209506/MH0172_20091110.rmhost.pair.1.fq.gz;ftp.sra.ebi.ac.uk/vol1/run/ERR209/ERR209506/MH0172_20091110.rmhost.pair.2.fq.gz	
ERR210558	PRJEB1220	SAMEA2042111	ERX185223	408170	human gut metagenome	ftp.sra.ebi.ac.uk/vol1/fastq/ERR210/ERR210558/ERR210558.fastq.gz	ftp.sra.ebi.ac.uk/vol1/run/ERR210/ERR210558/V1.CD20-4_100703.rmhost.single.fq.gz	
ERR209507	PRJEB1220	SAMEA2042657	ERX184172	408170	human gut metagenome	ftp.sra.ebi.ac.uk/vol1/fastq/ERR209/ERR209507/ERR209507_1.fastq.gz;ftp.sra.ebi.ac.uk/vol1/fastq/ERR209/ERR209507/ERR209507_2.fastq.gz	ftp.sra.ebi.ac.uk/vol1/run/ERR209/ERR209507/MH0173_20091110.rmhost.pair.1.fq.gz;ftp.sra.ebi.ac.uk/vol1/run/ERR209/ERR209507/MH0173_20091110.rmhost.pair.2.fq.gz	
ERR209513	PRJEB1220	SAMEA2042730	ERX184178	408170	human gut metagenome	ftp.sra.ebi.ac.uk/vol1/fastq/ERR209/ERR209513/ERR209513_1.fastq.gz;ftp.sra.ebi.ac.uk/vol1/fastq/ERR209/ERR209513/ERR209513_2.fastq.gz	ftp.sra.ebi.ac.uk/vol1/run/ERR209/ERR209513/MH0177_20100125L3.rmhost.pair.1.fq.gz;ftp.sra.ebi.ac.uk/vol1/run/ERR209/ERR209513/MH0177_20100125L3.rmhost.pair.2.fq.gz	
ERR210560	PRJEB1220	SAMEA2042112	ERX185225	408170	human gut metagenome	ftp.sra.ebi.ac.uk/vol1/fastq/ERR210/ERR210560/ERR210560.fastq.gz	ftp.sra.ebi.ac.uk/vol1/run/ERR210/ERR210560/V1.CD21-0_100518.rmhost.single.fq.gz	
ERR209515	PRJEB1220	SAMEA2042732	ERX184180	408170	human gut metagenome	ftp.sra.ebi.ac.uk/vol1/fastq/ERR209/ERR209515/ERR209515_1.fastq.gz;ftp.sra.ebi.ac.uk/vol1/fastq/ERR209/ERR209515/ERR209515_2.fastq.gz	ftp.sra.ebi.ac.uk/vol1/run/ERR209/ERR209515/MH0179_20091110.rmhost.pair.1.fq.gz;ftp.sra.ebi.ac.uk/vol1/run/ERR209/ERR209515/MH0179_20091110.rmhost.pair.2.fq.gz	
ERR210561	PRJEB1220	SAMEA2042112	ERX185226	408170	human gut metagenome	ftp.sra.ebi.ac.uk/vol1/fastq/ERR210/ERR210561/ERR210561.fastq.gz	ftp.sra.ebi.ac.uk/vol1/run/ERR210/ERR210561/V1.CD21-0_100527.rmhost.single.fq.gz	
ERR209517	PRJEB1220	SAMEA2042734	ERX184182	408170	human gut metagenome	ftp.sra.ebi.ac.uk/vol1/fastq/ERR209/ERR209517/ERR209517_1.fastq.gz;ftp.sra.ebi.ac.uk/vol1/fastq/ERR209/ERR209517/ERR209517_2.fastq.gz	ftp.sra.ebi.ac.uk/vol1/run/ERR209/ERR209517/MH0181_20091117.rmhost.pair.1.fq.gz;ftp.sra.ebi.ac.uk/vol1/run/ERR209/ERR209517/MH0181_20091117.rmhost.pair.2.fq.gz	
ERR210564	PRJEB1220	SAMEA2042114	ERX185229	408170	human gut metagenome	ftp.sra.ebi.ac.uk/vol1/fastq/ERR210/ERR210564/ERR210564.fastq.gz	ftp.sra.ebi.ac.uk/vol1/run/ERR210/ERR210564/V1.CD22-0_100518.rmhost.single.fq.gz	
ERR209518	PRJEB1220	SAMEA2042736	ERX184183	408170	human gut metagenome	ftp.sra.ebi.ac.uk/vol1/fastq/ERR209/ERR209518/ERR209518_1.fastq.gz;ftp.sra.ebi.ac.uk/vol1/fastq/ERR209/ERR209518/ERR209518_2.fastq.gz	ftp.sra.ebi.ac.uk/vol1/run/ERR209/ERR209518/MH0182_20091117.rmhost.pair.1.fq.gz;ftp.sra.ebi.ac.uk/vol1/run/ERR209/ERR209518/MH0182_20091117.rmhost.pair.2.fq.gz	
ERR210571	PRJEB1220	SAMEA2042218	ERX185236	408170	human gut metagenome	ftp.sra.ebi.ac.uk/vol1/fastq/ERR210/ERR210571/ERR210571.fastq.gz	ftp.sra.ebi.ac.uk/vol1/run/ERR210/ERR210571/V1.CD28-0_100518.rmhost.single.fq.gz	
ERR209524	PRJEB1220	SAMEA2042738	ERX184189	408170	human gut metagenome	ftp.sra.ebi.ac.uk/vol1/fastq/ERR209/ERR209524/ERR209524_1.fastq.gz;ftp.sra.ebi.ac.uk/vol1/fastq/ERR209/ERR209524/ERR209524_2.fastq.gz	ftp.sra.ebi.ac.uk/vol1/run/ERR209/ERR209524/MH0184_20100128L6.rmhost.pair.1.fq.gz;ftp.sra.ebi.ac.uk/vol1/run/ERR209/ERR209524/MH0184_20100128L6.rmhost.pair.2.fq.gz	
ERR209527	PRJEB1220	SAMEA2042739	ERX184192	408170	human gut metagenome	ftp.sra.ebi.ac.uk/vol1/fastq/ERR209/ERR209527/ERR209527_1.fastq.gz;ftp.sra.ebi.ac.uk/vol1/fastq/ERR209/ERR209527/ERR209527_2.fastq.gz	ftp.sra.ebi.ac.uk/vol1/run/ERR209/ERR209527/MH0185_20091117.rmhost.pair.1.fq.gz;ftp.sra.ebi.ac.uk/vol1/run/ERR209/ERR209527/MH0185_20091117.rmhost.pair.2.fq.gz	
ERR210589	PRJEB1220	SAMEA2042394	ERX185254	408170	human gut metagenome	ftp.sra.ebi.ac.uk/vol1/fastq/ERR210/ERR210589/ERR210589.fastq.gz	ftp.sra.ebi.ac.uk/vol1/run/ERR210/ERR210589/V1.CD4-0_090107.rmhost.single.fq.gz	
ERR209530	PRJEB1220	SAMEA2042741	ERX184195	408170	human gut metagenome	ftp.sra.ebi.ac.uk/vol1/fastq/ERR209/ERR209530/ERR209530_1.fastq.gz;ftp.sra.ebi.ac.uk/vol1/fastq/ERR209/ERR209530/ERR209530_2.fastq.gz	ftp.sra.ebi.ac.uk/vol1/run/ERR209/ERR209530/O2.UC1-0_090127.rmhost.pair.1.fq.gz;ftp.sra.ebi.ac.uk/vol1/run/ERR209/ERR209530/O2.UC1-0_090127.rmhost.pair.2.fq.gz	
ERR210595	PRJEB1220	SAMEA2042397	ERX185260	408170	human gut metagenome	ftp.sra.ebi.ac.uk/vol1/fastq/ERR210/ERR210595/ERR210595.fastq.gz	ftp.sra.ebi.ac.uk/vol1/run/ERR210/ERR210595/V1.CD6-0_090107.rmhost.single.fq.gz	
ERR210600	PRJEB1220	SAMEA2042399	ERX185265	408170	human gut metagenome	ftp.sra.ebi.ac.uk/vol1/fastq/ERR210/ERR210600/ERR210600.fastq.gz	ftp.sra.ebi.ac.uk/vol1/run/ERR210/ERR210600/V1.CD7-4_100518.rmhost.single.fq.gz	
ERR210602	PRJEB1220	SAMEA2042400	ERX185267	408170	human gut metagenome	ftp.sra.ebi.ac.uk/vol1/fastq/ERR210/ERR210602/ERR210602.fastq.gz	ftp.sra.ebi.ac.uk/vol1/run/ERR210/ERR210602/V1.CD8-0_090109.rmhost.single.fq.gz	
ERR209535	PRJEB1220	SAMEA2042745	ERX184200	408170	human gut metagenome	ftp.sra.ebi.ac.uk/vol1/fastq/ERR209/ERR209535/ERR209535_1.fastq.gz;ftp.sra.ebi.ac.uk/vol1/fastq/ERR209/ERR209535/ERR209535_2.fastq.gz	ftp.sra.ebi.ac.uk/vol1/run/ERR209/ERR209535/O2.UC12-0_090127.rmhost.pair.1.fq.gz;ftp.sra.ebi.ac.uk/vol1/run/ERR209/ERR209535/O2.UC12-0_090127.rmhost.pair.2.fq.gz	
ERR209540	PRJEB1220	SAMEA2042832	ERX184205	408170	human gut metagenome	ftp.sra.ebi.ac.uk/vol1/fastq/ERR209/ERR209540/ERR209540_1.fastq.gz;ftp.sra.ebi.ac.uk/vol1/fastq/ERR209/ERR209540/ERR209540_2.fastq.gz	ftp.sra.ebi.ac.uk/vol1/run/ERR209/ERR209540/O2.UC13-2_20091130.rmhost.pair.1.fq.gz;ftp.sra.ebi.ac.uk/vol1/run/ERR209/ERR209540/O2.UC13-2_20091130.rmhost.pair.2.fq.gz	
ERR210605	PRJEB1220	SAMEA2042401	ERX185270	408170	human gut metagenome	ftp.sra.ebi.ac.uk/vol1/fastq/ERR210/ERR210605/ERR210605.fastq.gz	ftp.sra.ebi.ac.uk/vol1/run/ERR210/ERR210605/V1.CD9-0_090127.rmhost.single.fq.gz	
ERR210609	PRJEB1220	SAMEA2042404	ERX185274	408170	human gut metagenome	ftp.sra.ebi.ac.uk/vol1/fastq/ERR210/ERR210609/ERR210609.fastq.gz	ftp.sra.ebi.ac.uk/vol1/run/ERR210/ERR210609/V1.UC10-2_100518.rmhost.single.fq.gz	
ERR210610	PRJEB1220	SAMEA2042404	ERX185275	408170	human gut metagenome	ftp.sra.ebi.ac.uk/vol1/fastq/ERR210/ERR210610/ERR210610.fastq.gz	ftp.sra.ebi.ac.uk/vol1/run/ERR210/ERR210610/V1.UC10-2_100525.rmhost.single.fq.gz	
ERR209542	PRJEB1220	SAMEA2042831	ERX184207	408170	human gut metagenome	ftp.sra.ebi.ac.uk/vol1/fastq/ERR209/ERR209542/ERR209542_1.fastq.gz;ftp.sra.ebi.ac.uk/vol1/fastq/ERR209/ERR209542/ERR209542_2.fastq.gz	ftp.sra.ebi.ac.uk/vol1/run/ERR209/ERR209542/O2.UC14-0_090127.rmhost.pair.1.fq.gz;ftp.sra.ebi.ac.uk/vol1/run/ERR209/ERR209542/O2.UC14-0_090127.rmhost.pair.2.fq.gz	
ERR210613	PRJEB1220	SAMEA2042406	ERX185278	408170	human gut metagenome	ftp.sra.ebi.ac.uk/vol1/fastq/ERR210/ERR210613/ERR210613.fastq.gz	ftp.sra.ebi.ac.uk/vol1/run/ERR210/ERR210613/V1.UC11-5_100703.rmhost.single.fq.gz	
ERR209543	PRJEB1220	SAMEA2042830	ERX184208	408170	human gut metagenome	ftp.sra.ebi.ac.uk/vol1/fastq/ERR209/ERR209543/ERR209543_1.fastq.gz;ftp.sra.ebi.ac.uk/vol1/fastq/ERR209/ERR209543/ERR209543_2.fastq.gz	ftp.sra.ebi.ac.uk/vol1/run/ERR209/ERR209543/O2.UC14-2_20091130.rmhost.pair.1.fq.gz;ftp.sra.ebi.ac.uk/vol1/run/ERR209/ERR209543/O2.UC14-2_20091130.rmhost.pair.2.fq.gz	
ERR209545	PRJEB1220	SAMEA2042833	ERX184210	408170	human gut metagenome	ftp.sra.ebi.ac.uk/vol1/fastq/ERR209/ERR209545/ERR209545_1.fastq.gz;ftp.sra.ebi.ac.uk/vol1/fastq/ERR209/ERR209545/ERR209545_2.fastq.gz	ftp.sra.ebi.ac.uk/vol1/run/ERR209/ERR209545/O2.UC16-0_090127.rmhost.pair.1.fq.gz;ftp.sra.ebi.ac.uk/vol1/run/ERR209/ERR209545/O2.UC16-0_090127.rmhost.pair.2.fq.gz	
ERR210615	PRJEB1220	SAMEA2042407	ERX185280	408170	human gut metagenome	ftp.sra.ebi.ac.uk/vol1/fastq/ERR210/ERR210615/ERR210615.fastq.gz	ftp.sra.ebi.ac.uk/vol1/run/ERR210/ERR210615/V1.UC12-0_100205.rmhost.single.fq.gz	
ERR210616	PRJEB1220	SAMEA2042408	ERX185281	408170	human gut metagenome	ftp.sra.ebi.ac.uk/vol1/fastq/ERR210/ERR210616/ERR210616.fastq.gz	ftp.sra.ebi.ac.uk/vol1/run/ERR210/ERR210616/V1.UC12-4_100518.rmhost.single.fq.gz	
ERR209548	PRJEB1220	SAMEA2042835	ERX184213	408170	human gut metagenome	ftp.sra.ebi.ac.uk/vol1/fastq/ERR209/ERR209548/ERR209548_1.fastq.gz;ftp.sra.ebi.ac.uk/vol1/fastq/ERR209/ERR209548/ERR209548_2.fastq.gz	ftp.sra.ebi.ac.uk/vol1/run/ERR209/ERR209548/O2.UC17-0_090127.rmhost.pair.1.fq.gz;ftp.sra.ebi.ac.uk/vol1/run/ERR209/ERR209548/O2.UC17-0_090127.rmhost.pair.2.fq.gz	
ERR210618	PRJEB1220	SAMEA2042439	ERX185283	408170	human gut metagenome	ftp.sra.ebi.ac.uk/vol1/fastq/ERR210/ERR210618/ERR210618.fastq.gz	ftp.sra.ebi.ac.uk/vol1/run/ERR210/ERR210618/V1.UC13-0_090110.rmhost.single.fq.gz	
ERR209551	PRJEB1220	SAMEA2042839	ERX184216	408170	human gut metagenome	ftp.sra.ebi.ac.uk/vol1/fastq/ERR209/ERR209551/ERR209551_1.fastq.gz;ftp.sra.ebi.ac.uk/vol1/fastq/ERR209/ERR209551/ERR209551_2.fastq.gz	ftp.sra.ebi.ac.uk/vol1/run/ERR209/ERR209551/O2.UC18-0_090129.rmhost.pair.1.fq.gz;ftp.sra.ebi.ac.uk/vol1/run/ERR209/ERR209551/O2.UC18-0_090129.rmhost.pair.2.fq.gz	
ERR209552	PRJEB1220	SAMEA2042838	ERX184217	408170	human gut metagenome	ftp.sra.ebi.ac.uk/vol1/fastq/ERR209/ERR209552/ERR209552_1.fastq.gz;ftp.sra.ebi.ac.uk/vol1/fastq/ERR209/ERR209552/ERR209552_2.fastq.gz	ftp.sra.ebi.ac.uk/vol1/run/ERR209/ERR209552/O2.UC18-2_20100204.rmhost.pair.1.fq.gz;ftp.sra.ebi.ac.uk/vol1/run/ERR209/ERR209552/O2.UC18-2_20100204.rmhost.pair.2.fq.gz	
ERR210620	PRJEB1220	SAMEA2042440	ERX185285	408170	human gut metagenome	ftp.sra.ebi.ac.uk/vol1/fastq/ERR210/ERR210620/ERR210620.fastq.gz	ftp.sra.ebi.ac.uk/vol1/run/ERR210/ERR210620/V1.UC13-3_100518.rmhost.single.fq.gz	
ERR209553	PRJEB1220	SAMEA2042838	ERX184218	408170	human gut metagenome	ftp.sra.ebi.ac.uk/vol1/fastq/ERR209/ERR209553/ERR209553_1.fastq.gz;ftp.sra.ebi.ac.uk/vol1/fastq/ERR209/ERR209553/ERR209553_2.fastq.gz	ftp.sra.ebi.ac.uk/vol1/run/ERR209/ERR209553/O2.UC18-2_2010122.rmhost.pair.1.fq.gz;ftp.sra.ebi.ac.uk/vol1/run/ERR209/ERR209553/O2.UC18-2_2010122.rmhost.pair.2.fq.gz	
ERR210621	PRJEB1220	SAMEA2042440	ERX185286	408170	human gut metagenome	ftp.sra.ebi.ac.uk/vol1/fastq/ERR210/ERR210621/ERR210621.fastq.gz	ftp.sra.ebi.ac.uk/vol1/run/ERR210/ERR210621/V1.UC13-3_100525.rmhost.single.fq.gz	
ERR209560	PRJEB1220	SAMEA2042840	ERX184225	408170	human gut metagenome	ftp.sra.ebi.ac.uk/vol1/fastq/ERR209/ERR209560/ERR209560_1.fastq.gz;ftp.sra.ebi.ac.uk/vol1/fastq/ERR209/ERR209560/ERR209560_2.fastq.gz	ftp.sra.ebi.ac.uk/vol1/run/ERR209/ERR209560/O2.UC2-0_20091117.rmhost.pair.1.fq.gz;ftp.sra.ebi.ac.uk/vol1/run/ERR209/ERR209560/O2.UC2-0_20091117.rmhost.pair.2.fq.gz	
ERR209565	PRJEB1220	SAMEA2042912	ERX184230	408170	human gut metagenome	ftp.sra.ebi.ac.uk/vol1/fastq/ERR209/ERR209565/ERR209565_1.fastq.gz;ftp.sra.ebi.ac.uk/vol1/fastq/ERR209/ERR209565/ERR209565_2.fastq.gz	ftp.sra.ebi.ac.uk/vol1/run/ERR209/ERR209565/O2.UC21-0_090129.rmhost.pair.1.fq.gz;ftp.sra.ebi.ac.uk/vol1/run/ERR209/ERR209565/O2.UC21-0_090129.rmhost.pair.2.fq.gz	
ERR210624	PRJEB1220	SAMEA1966253	ERX185289	408170	human gut metagenome	ftp.sra.ebi.ac.uk/vol1/fastq/ERR210/ERR210624/ERR210624.fastq.gz	ftp.sra.ebi.ac.uk/vol1/run/ERR210/ERR210624/V1.UC14-1_100515.rmhost.single.fq.gz	
ERR209572	PRJEB1220	SAMEA2042915	ERX184237	408170	human gut metagenome	ftp.sra.ebi.ac.uk/vol1/fastq/ERR209/ERR209572/ERR209572_1.fastq.gz;ftp.sra.ebi.ac.uk/vol1/fastq/ERR209/ERR209572/ERR209572_2.fastq.gz	ftp.sra.ebi.ac.uk/vol1/run/ERR209/ERR209572/O2.UC23-0_090129.rmhost.pair.1.fq.gz;ftp.sra.ebi.ac.uk/vol1/run/ERR209/ERR209572/O2.UC23-0_090129.rmhost.pair.2.fq.gz	
ERR210627	PRJEB1220	SAMEA2042442	ERX185292	408170	human gut metagenome	ftp.sra.ebi.ac.uk/vol1/fastq/ERR210/ERR210627/ERR210627.fastq.gz	ftp.sra.ebi.ac.uk/vol1/run/ERR210/ERR210627/V1.UC15-0_090127.rmhost.single.fq.gz	
ERR209577	PRJEB1220	SAMEA2042917	ERX184242	408170	human gut metagenome	ftp.sra.ebi.ac.uk/vol1/fastq/ERR209/ERR209577/ERR209577_1.fastq.gz;ftp.sra.ebi.ac.uk/vol1/fastq/ERR209/ERR209577/ERR209577_2.fastq.gz	ftp.sra.ebi.ac.uk/vol1/run/ERR209/ERR209577/O2.UC24-0_090129.rmhost.pair.1.fq.gz;ftp.sra.ebi.ac.uk/vol1/run/ERR209/ERR209577/O2.UC24-0_090129.rmhost.pair.2.fq.gz	
ERR209579	PRJEB1220	SAMEA2042919	ERX184244	408170	human gut metagenome	ftp.sra.ebi.ac.uk/vol1/fastq/ERR209/ERR209579/ERR209579_1.fastq.gz;ftp.sra.ebi.ac.uk/vol1/fastq/ERR209/ERR209579/ERR209579_2.fastq.gz	ftp.sra.ebi.ac.uk/vol1/run/ERR209/ERR209579/O2.UC26-0_20091130.rmhost.pair.1.fq.gz;ftp.sra.ebi.ac.uk/vol1/run/ERR209/ERR209579/O2.UC26-0_20091130.rmhost.pair.2.fq.gz	
ERR210628	PRJEB1220	SAMEA2042443	ERX185293	408170	human gut metagenome	ftp.sra.ebi.ac.uk/vol1/fastq/ERR210/ERR210628/ERR210628.fastq.gz	ftp.sra.ebi.ac.uk/vol1/run/ERR210/ERR210628/V1.UC15-3_100515.rmhost.single.fq.gz	
ERR209583	PRJEB1220	SAMEA2042922	ERX184248	408170	human gut metagenome	ftp.sra.ebi.ac.uk/vol1/fastq/ERR209/ERR209583/ERR209583_1.fastq.gz;ftp.sra.ebi.ac.uk/vol1/fastq/ERR209/ERR209583/ERR209583_2.fastq.gz	ftp.sra.ebi.ac.uk/vol1/run/ERR209/ERR209583/O2.UC29-0_20091229.rmhost.pair.1.fq.gz;ftp.sra.ebi.ac.uk/vol1/run/ERR209/ERR209583/O2.UC29-0_20091229.rmhost.pair.2.fq.gz	
ERR209584	PRJEB1220	SAMEA2042923	ERX184249	408170	human gut metagenome	ftp.sra.ebi.ac.uk/vol1/fastq/ERR209/ERR209584/ERR209584_1.fastq.gz;ftp.sra.ebi.ac.uk/vol1/fastq/ERR209/ERR209584/ERR209584_2.fastq.gz	ftp.sra.ebi.ac.uk/vol1/run/ERR209/ERR209584/O2.UC29-2_100409.rmhost.pair.1.fq.gz;ftp.sra.ebi.ac.uk/vol1/run/ERR209/ERR209584/O2.UC29-2_100409.rmhost.pair.2.fq.gz	
ERR210632	PRJEB1220	SAMEA2042445	ERX185297	408170	human gut metagenome	ftp.sra.ebi.ac.uk/vol1/fastq/ERR210/ERR210632/ERR210632.fastq.gz	ftp.sra.ebi.ac.uk/vol1/run/ERR210/ERR210632/V1.UC17-0_090110.rmhost.single.fq.gz	
ERR209591	PRJEB1220	SAMEA2042982	ERX184256	408170	human gut metagenome	ftp.sra.ebi.ac.uk/vol1/fastq/ERR209/ERR209591/ERR209591_1.fastq.gz;ftp.sra.ebi.ac.uk/vol1/fastq/ERR209/ERR209591/ERR209591_2.fastq.gz	ftp.sra.ebi.ac.uk/vol1/run/ERR209/ERR209591/O2.UC30-2_20100130.rmhost.pair.1.fq.gz;ftp.sra.ebi.ac.uk/vol1/run/ERR209/ERR209591/O2.UC30-2_20100130.rmhost.pair.2.fq.gz	
ERR210637	PRJEB1220	SAMEA2042447	ERX185302	408170	human gut metagenome	ftp.sra.ebi.ac.uk/vol1/fastq/ERR210/ERR210637/ERR210637.fastq.gz	ftp.sra.ebi.ac.uk/vol1/run/ERR210/ERR210637/V1.UC18-0_090127.rmhost.single.fq.gz	
ERR209592	PRJEB1220	SAMEA2042982	ERX184257	408170	human gut metagenome	ftp.sra.ebi.ac.uk/vol1/fastq/ERR209/ERR209592/ERR209592_1.fastq.gz;ftp.sra.ebi.ac.uk/vol1/fastq/ERR209/ERR209592/ERR209592_2.fastq.gz	ftp.sra.ebi.ac.uk/vol1/run/ERR209/ERR209592/O2.UC30-2_20100204.rmhost.pair.1.fq.gz;ftp.sra.ebi.ac.uk/vol1/run/ERR209/ERR209592/O2.UC30-2_20100204.rmhost.pair.2.fq.gz	
ERR210639	PRJEB1220	SAMEA2042448	ERX185304	408170	human gut metagenome	ftp.sra.ebi.ac.uk/vol1/fastq/ERR210/ERR210639/ERR210639.fastq.gz	ftp.sra.ebi.ac.uk/vol1/run/ERR210/ERR210639/V1.UC19-0_090127.rmhost.single.fq.gz	
ERR209595	PRJEB1220	SAMEA2042983	ERX184260	408170	human gut metagenome	ftp.sra.ebi.ac.uk/vol1/fastq/ERR209/ERR209595/ERR209595_1.fastq.gz;ftp.sra.ebi.ac.uk/vol1/fastq/ERR209/ERR209595/ERR209595_2.fastq.gz	ftp.sra.ebi.ac.uk/vol1/run/ERR209/ERR209595/O2.UC31-0_20100204.rmhost.pair.1.fq.gz;ftp.sra.ebi.ac.uk/vol1/run/ERR209/ERR209595/O2.UC31-0_20100204.rmhost.pair.2.fq.gz	
ERR210641	PRJEB1220	SAMEA2042451	ERX185306	408170	human gut metagenome	ftp.sra.ebi.ac.uk/vol1/fastq/ERR210/ERR210641/ERR210641.fastq.gz	ftp.sra.ebi.ac.uk/vol1/run/ERR210/ERR210641/V1.UC21-0_090112.rmhost.single.fq.gz	
ERR209599	PRJEB1220	SAMEA2042985	ERX184264	408170	human gut metagenome	ftp.sra.ebi.ac.uk/vol1/fastq/ERR209/ERR209599/ERR209599_1.fastq.gz;ftp.sra.ebi.ac.uk/vol1/fastq/ERR209/ERR209599/ERR209599_2.fastq.gz	ftp.sra.ebi.ac.uk/vol1/run/ERR209/ERR209599/O2.UC32-0_20100113.rmhost.pair.1.fq.gz;ftp.sra.ebi.ac.uk/vol1/run/ERR209/ERR209599/O2.UC32-0_20100113.rmhost.pair.2.fq.gz	
ERR209602	PRJEB1220	SAMEA2042986	ERX184267	408170	human gut metagenome	ftp.sra.ebi.ac.uk/vol1/fastq/ERR209/ERR209602/ERR209602_1.fastq.gz;ftp.sra.ebi.ac.uk/vol1/fastq/ERR209/ERR209602/ERR209602_2.fastq.gz	ftp.sra.ebi.ac.uk/vol1/run/ERR209/ERR209602/O2.UC32-2_100423.rmhost.pair.1.fq.gz;ftp.sra.ebi.ac.uk/vol1/run/ERR209/ERR209602/O2.UC32-2_100423.rmhost.pair.2.fq.gz	
ERR210642	PRJEB1220	SAMEA2042451	ERX185307	408170	human gut metagenome	ftp.sra.ebi.ac.uk/vol1/fastq/ERR210/ERR210642/ERR210642.fastq.gz	ftp.sra.ebi.ac.uk/vol1/run/ERR210/ERR210642/V1.UC21-0_090127.rmhost.single.fq.gz	
ERR209603	PRJEB1220	SAMEA2042987	ERX184268	408170	human gut metagenome	ftp.sra.ebi.ac.uk/vol1/fastq/ERR209/ERR209603/ERR209603_1.fastq.gz;ftp.sra.ebi.ac.uk/vol1/fastq/ERR209/ERR209603/ERR209603_2.fastq.gz	ftp.sra.ebi.ac.uk/vol1/run/ERR209/ERR209603/O2.UC34-0_20100113.rmhost.pair.1.fq.gz;ftp.sra.ebi.ac.uk/vol1/run/ERR209/ERR209603/O2.UC34-0_20100113.rmhost.pair.2.fq.gz	
ERR210643	PRJEB1220	SAMEA2042452	ERX185308	408170	human gut metagenome	ftp.sra.ebi.ac.uk/vol1/fastq/ERR210/ERR210643/ERR210643.fastq.gz	ftp.sra.ebi.ac.uk/vol1/run/ERR210/ERR210643/V1.UC21-4_100515.rmhost.single.fq.gz	
ERR210647	PRJEB1220	SAMEA2042504	ERX185312	408170	human gut metagenome	ftp.sra.ebi.ac.uk/vol1/fastq/ERR210/ERR210647/ERR210647.fastq.gz	ftp.sra.ebi.ac.uk/vol1/run/ERR210/ERR210647/V1.UC23-1_100515.rmhost.single.fq.gz	
ERR209605	PRJEB1220	SAMEA1964348	ERX184270	408170	human gut metagenome	ftp.sra.ebi.ac.uk/vol1/fastq/ERR209/ERR209605/ERR209605_1.fastq.gz;ftp.sra.ebi.ac.uk/vol1/fastq/ERR209/ERR209605/ERR209605_2.fastq.gz	ftp.sra.ebi.ac.uk/vol1/run/ERR209/ERR209605/O2.UC35-0_20091229.rmhost.pair.1.fq.gz;ftp.sra.ebi.ac.uk/vol1/run/ERR209/ERR209605/O2.UC35-0_20091229.rmhost.pair.2.fq.gz	
ERR210650	PRJEB1220	SAMEA2042505	ERX185315	408170	human gut metagenome	ftp.sra.ebi.ac.uk/vol1/fastq/ERR210/ERR210650/ERR210650.fastq.gz	ftp.sra.ebi.ac.uk/vol1/run/ERR210/ERR210650/V1.UC24-0_20100305.rmhost.single.fq.gz	
ERR209606	PRJEB1220	SAMEA2042990	ERX184271	408170	human gut metagenome	ftp.sra.ebi.ac.uk/vol1/fastq/ERR209/ERR209606/ERR209606_1.fastq.gz;ftp.sra.ebi.ac.uk/vol1/fastq/ERR209/ERR209606/ERR209606_2.fastq.gz	ftp.sra.ebi.ac.uk/vol1/run/ERR209/ERR209606/O2.UC35-2_20100114.rmhost.pair.1.fq.gz;ftp.sra.ebi.ac.uk/vol1/run/ERR209/ERR209606/O2.UC35-2_20100114.rmhost.pair.2.fq.gz	
ERR209607	PRJEB1220	SAMEA2042991	ERX184272	408170	human gut metagenome	ftp.sra.ebi.ac.uk/vol1/fastq/ERR209/ERR209607/ERR209607_1.fastq.gz;ftp.sra.ebi.ac.uk/vol1/fastq/ERR209/ERR209607/ERR209607_2.fastq.gz	ftp.sra.ebi.ac.uk/vol1/run/ERR209/ERR209607/O2.UC36-2_20100106.rmhost.pair.1.fq.gz;ftp.sra.ebi.ac.uk/vol1/run/ERR209/ERR209607/O2.UC36-2_20100106.rmhost.pair.2.fq.gz	
ERR210655	PRJEB1220	SAMEA2042507	ERX185320	408170	human gut metagenome	ftp.sra.ebi.ac.uk/vol1/fastq/ERR210/ERR210655/ERR210655.fastq.gz	ftp.sra.ebi.ac.uk/vol1/run/ERR210/ERR210655/V1.UC25-1_100515.rmhost.single.fq.gz	
ERR210657	PRJEB1220	SAMEA2042508	ERX185322	408170	human gut metagenome	ftp.sra.ebi.ac.uk/vol1/fastq/ERR210/ERR210657/ERR210657.fastq.gz	ftp.sra.ebi.ac.uk/vol1/run/ERR210/ERR210657/V1.UC26-0_20100208.rmhost.single.fq.gz	
ERR209611	PRJEB1220	SAMEA2042994	ERX184276	408170	human gut metagenome	ftp.sra.ebi.ac.uk/vol1/fastq/ERR209/ERR209611/ERR209611_1.fastq.gz;ftp.sra.ebi.ac.uk/vol1/fastq/ERR209/ERR209611/ERR209611_2.fastq.gz	ftp.sra.ebi.ac.uk/vol1/run/ERR209/ERR209611/O2.UC38-0_20100106.rmhost.pair.1.fq.gz;ftp.sra.ebi.ac.uk/vol1/run/ERR209/ERR209611/O2.UC38-0_20100106.rmhost.pair.2.fq.gz	
ERR210663	PRJEB1220	SAMEA2042511	ERX185328	408170	human gut metagenome	ftp.sra.ebi.ac.uk/vol1/fastq/ERR210/ERR210663/ERR210663.fastq.gz	ftp.sra.ebi.ac.uk/vol1/run/ERR210/ERR210663/V1.UC28-0_20100305.rmhost.single.fq.gz	
ERR210669	PRJEB1220	SAMEA2042518	ERX185334	408170	human gut metagenome	ftp.sra.ebi.ac.uk/vol1/fastq/ERR210/ERR210669/ERR210669.fastq.gz	ftp.sra.ebi.ac.uk/vol1/run/ERR210/ERR210669/V1.UC31-4_100703.rmhost.single.fq.gz	
ERR209612	PRJEB1220	SAMEA2042995	ERX184277	408170	human gut metagenome	ftp.sra.ebi.ac.uk/vol1/fastq/ERR209/ERR209612/ERR209612_1.fastq.gz;ftp.sra.ebi.ac.uk/vol1/fastq/ERR209/ERR209612/ERR209612_2.fastq.gz	ftp.sra.ebi.ac.uk/vol1/run/ERR209/ERR209612/O2.UC38-2_20100106.rmhost.pair.1.fq.gz;ftp.sra.ebi.ac.uk/vol1/run/ERR209/ERR209612/O2.UC38-2_20100106.rmhost.pair.2.fq.gz	
ERR210675	PRJEB1220	SAMEA2042520	ERX185340	408170	human gut metagenome	ftp.sra.ebi.ac.uk/vol1/fastq/ERR210/ERR210675/ERR210675.fastq.gz	ftp.sra.ebi.ac.uk/vol1/run/ERR210/ERR210675/V1.UC33-0_100515.rmhost.single.fq.gz	
ERR210683	PRJEB1220	SAMEA2042573	ERX185348	408170	human gut metagenome	ftp.sra.ebi.ac.uk/vol1/fastq/ERR210/ERR210683/ERR210683.fastq.gz	ftp.sra.ebi.ac.uk/vol1/run/ERR210/ERR210683/V1.UC36-0_20100208.rmhost.single.fq.gz	
ERR209614	PRJEB1220	SAMEA2043040	ERX184279	408170	human gut metagenome	ftp.sra.ebi.ac.uk/vol1/fastq/ERR209/ERR209614/ERR209614_1.fastq.gz;ftp.sra.ebi.ac.uk/vol1/fastq/ERR209/ERR209614/ERR209614_2.fastq.gz	ftp.sra.ebi.ac.uk/vol1/run/ERR209/ERR209614/O2.UC4-0_090112.rmhost.pair.1.fq.gz;ftp.sra.ebi.ac.uk/vol1/run/ERR209/ERR209614/O2.UC4-0_090112.rmhost.pair.2.fq.gz	
ERR209616	PRJEB1220	SAMEA2043043	ERX184281	408170	human gut metagenome	ftp.sra.ebi.ac.uk/vol1/fastq/ERR209/ERR209616/ERR209616_1.fastq.gz;ftp.sra.ebi.ac.uk/vol1/fastq/ERR209/ERR209616/ERR209616_2.fastq.gz	ftp.sra.ebi.ac.uk/vol1/run/ERR209/ERR209616/O2.UC40-2_20100112.rmhost.pair.1.fq.gz;ftp.sra.ebi.ac.uk/vol1/run/ERR209/ERR209616/O2.UC40-2_20100112.rmhost.pair.2.fq.gz	
ERR210685	PRJEB1220	SAMEA2042574	ERX185350	408170	human gut metagenome	ftp.sra.ebi.ac.uk/vol1/fastq/ERR210/ERR210685/ERR210685.fastq.gz	ftp.sra.ebi.ac.uk/vol1/run/ERR210/ERR210685/V1.UC37-0_2010123.rmhost.single.fq.gz	
ERR209618	PRJEB1220	SAMEA2043045	ERX184283	408170	human gut metagenome	ftp.sra.ebi.ac.uk/vol1/fastq/ERR209/ERR209618/ERR209618_1.fastq.gz;ftp.sra.ebi.ac.uk/vol1/fastq/ERR209/ERR209618/ERR209618_2.fastq.gz	ftp.sra.ebi.ac.uk/vol1/run/ERR209/ERR209618/O2.UC41-2_20100112.rmhost.pair.1.fq.gz;ftp.sra.ebi.ac.uk/vol1/run/ERR209/ERR209618/O2.UC41-2_20100112.rmhost.pair.2.fq.gz	
ERR210690	PRJEB1220	SAMEA2042579	ERX185355	408170	human gut metagenome	ftp.sra.ebi.ac.uk/vol1/fastq/ERR210/ERR210690/ERR210690.fastq.gz	ftp.sra.ebi.ac.uk/vol1/run/ERR210/ERR210690/V1.UC40-0_20100204.rmhost.single.fq.gz	
ERR209623	PRJEB1220	SAMEA2043048	ERX184288	408170	human gut metagenome	ftp.sra.ebi.ac.uk/vol1/fastq/ERR209/ERR209623/ERR209623_1.fastq.gz;ftp.sra.ebi.ac.uk/vol1/fastq/ERR209/ERR209623/ERR209623_2.fastq.gz	ftp.sra.ebi.ac.uk/vol1/run/ERR209/ERR209623/O2.UC44-0_2010122.rmhost.pair.1.fq.gz;ftp.sra.ebi.ac.uk/vol1/run/ERR209/ERR209623/O2.UC44-0_2010122.rmhost.pair.2.fq.gz	
ERR210692	PRJEB1220	SAMEA2042577	ERX185357	408170	human gut metagenome	ftp.sra.ebi.ac.uk/vol1/fastq/ERR210/ERR210692/ERR210692.fastq.gz	ftp.sra.ebi.ac.uk/vol1/run/ERR210/ERR210692/V1.UC4-0_100130.rmhost.single.fq.gz	
ERR209628	PRJEB1220	SAMEA1965906	ERX184293	408170	human gut metagenome	ftp.sra.ebi.ac.uk/vol1/fastq/ERR209/ERR209628/ERR209628_1.fastq.gz;ftp.sra.ebi.ac.uk/vol1/fastq/ERR209/ERR209628/ERR209628_2.fastq.gz	ftp.sra.ebi.ac.uk/vol1/run/ERR209/ERR209628/O2.UC46-2_20100204.rmhost.pair.1.fq.gz;ftp.sra.ebi.ac.uk/vol1/run/ERR209/ERR209628/O2.UC46-2_20100204.rmhost.pair.2.fq.gz	
ERR210693	PRJEB1220	SAMEA2042580	ERX185358	408170	human gut metagenome	ftp.sra.ebi.ac.uk/vol1/fastq/ERR210/ERR210693/ERR210693.fastq.gz	ftp.sra.ebi.ac.uk/vol1/run/ERR210/ERR210693/V1.UC41-0_100515.rmhost.single.fq.gz	
ERR209629	PRJEB1220	SAMEA2043051	ERX184294	408170	human gut metagenome	ftp.sra.ebi.ac.uk/vol1/fastq/ERR209/ERR209629/ERR209629_1.fastq.gz;ftp.sra.ebi.ac.uk/vol1/fastq/ERR209/ERR209629/ERR209629_2.fastq.gz	ftp.sra.ebi.ac.uk/vol1/run/ERR209/ERR209629/O2.UC47-0_20100112.rmhost.pair.1.fq.gz;ftp.sra.ebi.ac.uk/vol1/run/ERR209/ERR209629/O2.UC47-0_20100112.rmhost.pair.2.fq.gz	
ERR210700	PRJEB1220	SAMEA2042584	ERX185365	408170	human gut metagenome	ftp.sra.ebi.ac.uk/vol1/fastq/ERR210/ERR210700/ERR210700.fastq.gz	ftp.sra.ebi.ac.uk/vol1/run/ERR210/ERR210700/V1.UC45-0_2010121.rmhost.single.fq.gz	
ERR209631	PRJEB1220	SAMEA2043051	ERX184296	408170	human gut metagenome	ftp.sra.ebi.ac.uk/vol1/fastq/ERR209/ERR209631/ERR209631_1.fastq.gz;ftp.sra.ebi.ac.uk/vol1/fastq/ERR209/ERR209631/ERR209631_2.fastq.gz	ftp.sra.ebi.ac.uk/vol1/run/ERR209/ERR209631/O2.UC47-0_20100204.rmhost.pair.1.fq.gz;ftp.sra.ebi.ac.uk/vol1/run/ERR209/ERR209631/O2.UC47-0_20100204.rmhost.pair.2.fq.gz	
ERR210707	PRJEB1220	SAMEA2042619	ERX185372	408170	human gut metagenome	ftp.sra.ebi.ac.uk/vol1/fastq/ERR210/ERR210707/ERR210707.fastq.gz	ftp.sra.ebi.ac.uk/vol1/run/ERR210/ERR210707/V1.UC48-0_100525.rmhost.single.fq.gz	
ERR210708	PRJEB1220	SAMEA2042620	ERX185373	408170	human gut metagenome	ftp.sra.ebi.ac.uk/vol1/fastq/ERR210/ERR210708/ERR210708.fastq.gz	ftp.sra.ebi.ac.uk/vol1/run/ERR210/ERR210708/V1.UC49-0_100522.rmhost.single.fq.gz	
ERR209632	PRJEB1220	SAMEA1964914	ERX184297	408170	human gut metagenome	ftp.sra.ebi.ac.uk/vol1/fastq/ERR209/ERR209632/ERR209632_1.fastq.gz;ftp.sra.ebi.ac.uk/vol1/fastq/ERR209/ERR209632/ERR209632_2.fastq.gz	ftp.sra.ebi.ac.uk/vol1/run/ERR209/ERR209632/O2.UC47-2_20100112.rmhost.pair.1.fq.gz;ftp.sra.ebi.ac.uk/vol1/run/ERR209/ERR209632/O2.UC47-2_20100112.rmhost.pair.2.fq.gz	
ERR210710	PRJEB1220	SAMEA2042621	ERX185375	408170	human gut metagenome	ftp.sra.ebi.ac.uk/vol1/fastq/ERR210/ERR210710/ERR210710.fastq.gz	ftp.sra.ebi.ac.uk/vol1/run/ERR210/ERR210710/V1.UC49-1_100522.rmhost.single.fq.gz	
ERR209633	PRJEB1220	SAMEA1964914	ERX184298	408170	human gut metagenome	ftp.sra.ebi.ac.uk/vol1/fastq/ERR209/ERR209633/ERR209633_1.fastq.gz;ftp.sra.ebi.ac.uk/vol1/fastq/ERR209/ERR209633/ERR209633_2.fastq.gz	ftp.sra.ebi.ac.uk/vol1/run/ERR209/ERR209633/O2.UC47-2_20100130.rmhost.pair.1.fq.gz;ftp.sra.ebi.ac.uk/vol1/run/ERR209/ERR209633/O2.UC47-2_20100130.rmhost.pair.2.fq.gz	
ERR210711	PRJEB1220	SAMEA2042621	ERX185376	408170	human gut metagenome	ftp.sra.ebi.ac.uk/vol1/fastq/ERR210/ERR210711/ERR210711.fastq.gz	ftp.sra.ebi.ac.uk/vol1/run/ERR210/ERR210711/V1.UC49-1_100525.rmhost.single.fq.gz	
ERR209634	PRJEB1220	SAMEA1964914	ERX184299	408170	human gut metagenome	ftp.sra.ebi.ac.uk/vol1/fastq/ERR209/ERR209634/ERR209634_1.fastq.gz;ftp.sra.ebi.ac.uk/vol1/fastq/ERR209/ERR209634/ERR209634_2.fastq.gz	ftp.sra.ebi.ac.uk/vol1/run/ERR209/ERR209634/O2.UC47-2_20100204.rmhost.pair.1.fq.gz;ftp.sra.ebi.ac.uk/vol1/run/ERR209/ERR209634/O2.UC47-2_20100204.rmhost.pair.2.fq.gz	
ERR209636	PRJEB1220	SAMEA2043052	ERX184301	408170	human gut metagenome	ftp.sra.ebi.ac.uk/vol1/fastq/ERR209/ERR209636/ERR209636_1.fastq.gz;ftp.sra.ebi.ac.uk/vol1/fastq/ERR209/ERR209636/ERR209636_2.fastq.gz	ftp.sra.ebi.ac.uk/vol1/run/ERR209/ERR209636/O2.UC48-0_100423.rmhost.pair.1.fq.gz;ftp.sra.ebi.ac.uk/vol1/run/ERR209/ERR209636/O2.UC48-0_100423.rmhost.pair.2.fq.gz	
ERR209637	PRJEB1220	SAMEA1968035	ERX184302	408170	human gut metagenome	ftp.sra.ebi.ac.uk/vol1/fastq/ERR209/ERR209637/ERR209637_1.fastq.gz;ftp.sra.ebi.ac.uk/vol1/fastq/ERR209/ERR209637/ERR209637_2.fastq.gz	ftp.sra.ebi.ac.uk/vol1/run/ERR209/ERR209637/O2.UC48-2_20100112.rmhost.pair.1.fq.gz;ftp.sra.ebi.ac.uk/vol1/run/ERR209/ERR209637/O2.UC48-2_20100112.rmhost.pair.2.fq.gz	
ERR210720	PRJEB1220	SAMEA2042627	ERX185385	408170	human gut metagenome	ftp.sra.ebi.ac.uk/vol1/fastq/ERR210/ERR210720/ERR210720.fastq.gz	ftp.sra.ebi.ac.uk/vol1/run/ERR210/ERR210720/V1.UC52-0_100525.rmhost.single.fq.gz	
ERR210722	PRJEB1220	SAMEA2042628	ERX185387	408170	human gut metagenome	ftp.sra.ebi.ac.uk/vol1/fastq/ERR210/ERR210722/ERR210722.fastq.gz	ftp.sra.ebi.ac.uk/vol1/run/ERR210/ERR210722/V1.UC52-1_100525.rmhost.single.fq.gz	
ERR209640	PRJEB1220	SAMEA2041923	ERX184305	408170	human gut metagenome	ftp.sra.ebi.ac.uk/vol1/fastq/ERR209/ERR209640/ERR209640_1.fastq.gz;ftp.sra.ebi.ac.uk/vol1/fastq/ERR209/ERR209640/ERR209640_2.fastq.gz	ftp.sra.ebi.ac.uk/vol1/run/ERR209/ERR209640/O2.UC49-0_100403.rmhost.pair.1.fq.gz;ftp.sra.ebi.ac.uk/vol1/run/ERR209/ERR209640/O2.UC49-0_100403.rmhost.pair.2.fq.gz	
ERR210725	PRJEB1220	SAMEA1965191	ERX185390	408170	human gut metagenome	ftp.sra.ebi.ac.uk/vol1/fastq/ERR210/ERR210725/ERR210725.fastq.gz	ftp.sra.ebi.ac.uk/vol1/run/ERR210/ERR210725/V1.UC53-0_100525.rmhost.single.fq.gz	
ERR209648	PRJEB1220	SAMEA2041928	ERX184313	408170	human gut metagenome	ftp.sra.ebi.ac.uk/vol1/fastq/ERR209/ERR209648/ERR209648_1.fastq.gz;ftp.sra.ebi.ac.uk/vol1/fastq/ERR209/ERR209648/ERR209648_2.fastq.gz	ftp.sra.ebi.ac.uk/vol1/run/ERR209/ERR209648/O2.UC50-2_100403.rmhost.pair.1.fq.gz;ftp.sra.ebi.ac.uk/vol1/run/ERR209/ERR209648/O2.UC50-2_100403.rmhost.pair.2.fq.gz	
ERR210726	PRJEB1220	SAMEA1965191	ERX185391	408170	human gut metagenome	ftp.sra.ebi.ac.uk/vol1/fastq/ERR210/ERR210726/ERR210726.fastq.gz	ftp.sra.ebi.ac.uk/vol1/run/ERR210/ERR210726/V1.UC53-0_100529.rmhost.single.fq.gz	
ERR209653	PRJEB1220	SAMEA2041931	ERX184318	408170	human gut metagenome	ftp.sra.ebi.ac.uk/vol1/fastq/ERR209/ERR209653/ERR209653_1.fastq.gz;ftp.sra.ebi.ac.uk/vol1/fastq/ERR209/ERR209653/ERR209653_2.fastq.gz	ftp.sra.ebi.ac.uk/vol1/run/ERR209/ERR209653/O2.UC51-2_2010122.rmhost.pair.1.fq.gz;ftp.sra.ebi.ac.uk/vol1/run/ERR209/ERR209653/O2.UC51-2_2010122.rmhost.pair.2.fq.gz	
ERR209654	PRJEB1220	SAMEA2041932	ERX184319	408170	human gut metagenome	ftp.sra.ebi.ac.uk/vol1/fastq/ERR209/ERR209654/ERR209654_1.fastq.gz;ftp.sra.ebi.ac.uk/vol1/fastq/ERR209/ERR209654/ERR209654_2.fastq.gz	ftp.sra.ebi.ac.uk/vol1/run/ERR209/ERR209654/O2.UC52-0_20100113.rmhost.pair.1.fq.gz;ftp.sra.ebi.ac.uk/vol1/run/ERR209/ERR209654/O2.UC52-0_20100113.rmhost.pair.2.fq.gz	
ERR210727	PRJEB1220	SAMEA2042623	ERX185392	408170	human gut metagenome	ftp.sra.ebi.ac.uk/vol1/fastq/ERR210/ERR210727/ERR210727.fastq.gz	ftp.sra.ebi.ac.uk/vol1/run/ERR210/ERR210727/V1.UC5-3_100703.rmhost.single.fq.gz	
ERR209655	PRJEB1220	SAMEA2041926	ERX184320	408170	human gut metagenome	ftp.sra.ebi.ac.uk/vol1/fastq/ERR209/ERR209655/ERR209655_1.fastq.gz;ftp.sra.ebi.ac.uk/vol1/fastq/ERR209/ERR209655/ERR209655_2.fastq.gz	ftp.sra.ebi.ac.uk/vol1/run/ERR209/ERR209655/O2.UC5-2_20091125.rmhost.pair.1.fq.gz;ftp.sra.ebi.ac.uk/vol1/run/ERR209/ERR209655/O2.UC5-2_20091125.rmhost.pair.2.fq.gz	
ERR210731	PRJEB1220	SAMEA2042629	ERX185396	408170	human gut metagenome	ftp.sra.ebi.ac.uk/vol1/fastq/ERR210/ERR210731/ERR210731.fastq.gz	ftp.sra.ebi.ac.uk/vol1/run/ERR210/ERR210731/V1.UC53-4_100529.rmhost.single.fq.gz	
ERR209657	PRJEB1220	SAMEA2041934	ERX184322	408170	human gut metagenome	ftp.sra.ebi.ac.uk/vol1/fastq/ERR209/ERR209657/ERR209657_1.fastq.gz;ftp.sra.ebi.ac.uk/vol1/fastq/ERR209/ERR209657/ERR209657_2.fastq.gz	ftp.sra.ebi.ac.uk/vol1/run/ERR209/ERR209657/O2.UC53-0_100403.rmhost.pair.1.fq.gz;ftp.sra.ebi.ac.uk/vol1/run/ERR209/ERR209657/O2.UC53-0_100403.rmhost.pair.2.fq.gz	
ERR209659	PRJEB1220	SAMEA2041935	ERX184324	408170	human gut metagenome	ftp.sra.ebi.ac.uk/vol1/fastq/ERR209/ERR209659/ERR209659_1.fastq.gz;ftp.sra.ebi.ac.uk/vol1/fastq/ERR209/ERR209659/ERR209659_2.fastq.gz	ftp.sra.ebi.ac.uk/vol1/run/ERR209/ERR209659/O2.UC53-2_20100113.rmhost.pair.1.fq.gz;ftp.sra.ebi.ac.uk/vol1/run/ERR209/ERR209659/O2.UC53-2_20100113.rmhost.pair.2.fq.gz	
ERR210733	PRJEB1220	SAMEA2042630	ERX185398	408170	human gut metagenome	ftp.sra.ebi.ac.uk/vol1/fastq/ERR210/ERR210733/ERR210733.fastq.gz	ftp.sra.ebi.ac.uk/vol1/run/ERR210/ERR210733/V1.UC54-0_100527.rmhost.single.fq.gz	
ERR209662	PRJEB1220	SAMEA2041938	ERX184327	408170	human gut metagenome	ftp.sra.ebi.ac.uk/vol1/fastq/ERR209/ERR209662/ERR209662_1.fastq.gz;ftp.sra.ebi.ac.uk/vol1/fastq/ERR209/ERR209662/ERR209662_2.fastq.gz	ftp.sra.ebi.ac.uk/vol1/run/ERR209/ERR209662/O2.UC55-0_20100114.rmhost.pair.1.fq.gz;ftp.sra.ebi.ac.uk/vol1/run/ERR209/ERR209662/O2.UC55-0_20100114.rmhost.pair.2.fq.gz	
ERR210735	PRJEB1220	SAMEA2042632	ERX185400	408170	human gut metagenome	ftp.sra.ebi.ac.uk/vol1/fastq/ERR210/ERR210735/ERR210735.fastq.gz	ftp.sra.ebi.ac.uk/vol1/run/ERR210/ERR210735/V1.UC55-0_100515.rmhost.single.fq.gz	
ERR209672	PRJEB1220	SAMEA2042007	ERX184337	408170	human gut metagenome	ftp.sra.ebi.ac.uk/vol1/fastq/ERR209/ERR209672/ERR209672_1.fastq.gz;ftp.sra.ebi.ac.uk/vol1/fastq/ERR209/ERR209672/ERR209672_2.fastq.gz	ftp.sra.ebi.ac.uk/vol1/run/ERR209/ERR209672/O2.UC60-0_20100204.rmhost.pair.1.fq.gz;ftp.sra.ebi.ac.uk/vol1/run/ERR209/ERR209672/O2.UC60-0_20100204.rmhost.pair.2.fq.gz	
ERR210739	PRJEB1220	SAMEA2042633	ERX185404	408170	human gut metagenome	ftp.sra.ebi.ac.uk/vol1/fastq/ERR210/ERR210739/ERR210739.fastq.gz	ftp.sra.ebi.ac.uk/vol1/run/ERR210/ERR210739/V1.UC55-4_100527.rmhost.single.fq.gz	
ERR210740	PRJEB1220	SAMEA2042633	ERX185405	408170	human gut metagenome	ftp.sra.ebi.ac.uk/vol1/fastq/ERR210/ERR210740/ERR210740.fastq.gz	ftp.sra.ebi.ac.uk/vol1/run/ERR210/ERR210740/V1.UC55-4_100529.rmhost.single.fq.gz	
ERR209674	PRJEB1220	SAMEA2042009	ERX184339	408170	human gut metagenome	ftp.sra.ebi.ac.uk/vol1/fastq/ERR209/ERR209674/ERR209674_1.fastq.gz;ftp.sra.ebi.ac.uk/vol1/fastq/ERR209/ERR209674/ERR209674_2.fastq.gz	ftp.sra.ebi.ac.uk/vol1/run/ERR209/ERR209674/O2.UC60-2_20100114.rmhost.pair.1.fq.gz;ftp.sra.ebi.ac.uk/vol1/run/ERR209/ERR209674/O2.UC60-2_20100114.rmhost.pair.2.fq.gz	
ERR210744	PRJEB1220	SAMEA2042661	ERX185409	408170	human gut metagenome	ftp.sra.ebi.ac.uk/vol1/fastq/ERR210/ERR210744/ERR210744.fastq.gz	ftp.sra.ebi.ac.uk/vol1/run/ERR210/ERR210744/V1.UC57-0_100527.rmhost.single.fq.gz	
ERR209675	PRJEB1220	SAMEA2042010	ERX184340	408170	human gut metagenome	ftp.sra.ebi.ac.uk/vol1/fastq/ERR209/ERR209675/ERR209675_1.fastq.gz;ftp.sra.ebi.ac.uk/vol1/fastq/ERR209/ERR209675/ERR209675_2.fastq.gz	ftp.sra.ebi.ac.uk/vol1/run/ERR209/ERR209675/O2.UC9-0_100409.rmhost.pair.1.fq.gz;ftp.sra.ebi.ac.uk/vol1/run/ERR209/ERR209675/O2.UC9-0_100409.rmhost.pair.2.fq.gz	
ERR209676	PRJEB1220	SAMEA2042010	ERX184341	408170	human gut metagenome	ftp.sra.ebi.ac.uk/vol1/fastq/ERR209/ERR209676/ERR209676_1.fastq.gz;ftp.sra.ebi.ac.uk/vol1/fastq/ERR209/ERR209676/ERR209676_2.fastq.gz	ftp.sra.ebi.ac.uk/vol1/run/ERR209/ERR209676/O2.UC9-0_100423.rmhost.pair.1.fq.gz;ftp.sra.ebi.ac.uk/vol1/run/ERR209/ERR209676/O2.UC9-0_100423.rmhost.pair.2.fq.gz	
ERR210750	PRJEB1220	SAMEA1967055	ERX185415	408170	human gut metagenome	ftp.sra.ebi.ac.uk/vol1/fastq/ERR210/ERR210750/ERR210750.fastq.gz	ftp.sra.ebi.ac.uk/vol1/run/ERR210/ERR210750/V1.UC61-0_100527.rmhost.single.fq.gz	
ERR209681	PRJEB1220	SAMEA2042012	ERX184346	408170	human gut metagenome	ftp.sra.ebi.ac.uk/vol1/fastq/ERR209/ERR209681/ERR209681_1.fastq.gz;ftp.sra.ebi.ac.uk/vol1/fastq/ERR209/ERR209681/ERR209681_2.fastq.gz	ftp.sra.ebi.ac.uk/vol1/run/ERR209/ERR209681/V1.CD1-0_090126.rmhost.pair.1.fq.gz;ftp.sra.ebi.ac.uk/vol1/run/ERR209/ERR209681/V1.CD1-0_090126.rmhost.pair.2.fq.gz	
ERR210751	PRJEB1220	SAMEA1972229	ERX185416	408170	human gut metagenome	ftp.sra.ebi.ac.uk/vol1/fastq/ERR210/ERR210751/ERR210751.fastq.gz	ftp.sra.ebi.ac.uk/vol1/run/ERR210/ERR210751/V1.UC62-0_100518.rmhost.single.fq.gz	
ERR210752	PRJEB1220	SAMEA1972229	ERX185417	408170	human gut metagenome	ftp.sra.ebi.ac.uk/vol1/fastq/ERR210/ERR210752/ERR210752.fastq.gz	ftp.sra.ebi.ac.uk/vol1/run/ERR210/ERR210752/V1.UC62-0_100527.rmhost.single.fq.gz	
ERR209682	PRJEB1220	SAMEA2042013	ERX184347	408170	human gut metagenome	ftp.sra.ebi.ac.uk/vol1/fastq/ERR209/ERR209682/ERR209682_1.fastq.gz;ftp.sra.ebi.ac.uk/vol1/fastq/ERR209/ERR209682/ERR209682_2.fastq.gz	ftp.sra.ebi.ac.uk/vol1/run/ERR209/ERR209682/V1.CD11-0_090109.rmhost.pair.1.fq.gz;ftp.sra.ebi.ac.uk/vol1/run/ERR209/ERR209682/V1.CD11-0_090109.rmhost.pair.2.fq.gz	
ERR209683	PRJEB1220	SAMEA2042013	ERX184348	408170	human gut metagenome	ftp.sra.ebi.ac.uk/vol1/fastq/ERR209/ERR209683/ERR209683_1.fastq.gz;ftp.sra.ebi.ac.uk/vol1/fastq/ERR209/ERR209683/ERR209683_2.fastq.gz	ftp.sra.ebi.ac.uk/vol1/run/ERR209/ERR209683/V1.CD11-0_090127.rmhost.pair.1.fq.gz;ftp.sra.ebi.ac.uk/vol1/run/ERR209/ERR209683/V1.CD11-0_090127.rmhost.pair.2.fq.gz	
ERR210753	PRJEB1220	SAMEA2042663	ERX185418	408170	human gut metagenome	ftp.sra.ebi.ac.uk/vol1/fastq/ERR210/ERR210753/ERR210753.fastq.gz	ftp.sra.ebi.ac.uk/vol1/run/ERR210/ERR210753/V1.UC7-0_090129.rmhost.single.fq.gz	
ERR209684	PRJEB1220	SAMEA2042014	ERX184349	408170	human gut metagenome	ftp.sra.ebi.ac.uk/vol1/fastq/ERR209/ERR209684/ERR209684_1.fastq.gz;ftp.sra.ebi.ac.uk/vol1/fastq/ERR209/ERR209684/ERR209684_2.fastq.gz	ftp.sra.ebi.ac.uk/vol1/run/ERR209/ERR209684/V1.CD12-0_090105.rmhost.pair.1.fq.gz;ftp.sra.ebi.ac.uk/vol1/run/ERR209/ERR209684/V1.CD12-0_090105.rmhost.pair.2.fq.gz	
ERR209685	PRJEB1220	SAMEA2042014	ERX184350	408170	human gut metagenome	ftp.sra.ebi.ac.uk/vol1/fastq/ERR209/ERR209685/ERR209685_1.fastq.gz;ftp.sra.ebi.ac.uk/vol1/fastq/ERR209/ERR209685/ERR209685_2.fastq.gz	ftp.sra.ebi.ac.uk/vol1/run/ERR209/ERR209685/V1.CD12-0_090127.rmhost.pair.1.fq.gz;ftp.sra.ebi.ac.uk/vol1/run/ERR209/ERR209685/V1.CD12-0_090127.rmhost.pair.2.fq.gz	
ERR209689	PRJEB1220	SAMEA2042102	ERX184354	408170	human gut metagenome	ftp.sra.ebi.ac.uk/vol1/fastq/ERR209/ERR209689/ERR209689_1.fastq.gz;ftp.sra.ebi.ac.uk/vol1/fastq/ERR209/ERR209689/ERR209689_2.fastq.gz	ftp.sra.ebi.ac.uk/vol1/run/ERR209/ERR209689/V1.CD14-0_090127.rmhost.pair.1.fq.gz;ftp.sra.ebi.ac.uk/vol1/run/ERR209/ERR209689/V1.CD14-0_090127.rmhost.pair.2.fq.gz	
ERR209690	PRJEB1220	SAMEA1965852	ERX184355	408170	human gut metagenome	ftp.sra.ebi.ac.uk/vol1/fastq/ERR209/ERR209690/ERR209690_1.fastq.gz;ftp.sra.ebi.ac.uk/vol1/fastq/ERR209/ERR209690/ERR209690_2.fastq.gz	ftp.sra.ebi.ac.uk/vol1/run/ERR209/ERR209690/V1.CD15-0_090105.rmhost.pair.1.fq.gz;ftp.sra.ebi.ac.uk/vol1/run/ERR209/ERR209690/V1.CD15-0_090105.rmhost.pair.2.fq.gz	
ERR209691	PRJEB1220	SAMEA1965852	ERX184356	408170	human gut metagenome	ftp.sra.ebi.ac.uk/vol1/fastq/ERR209/ERR209691/ERR209691_1.fastq.gz;ftp.sra.ebi.ac.uk/vol1/fastq/ERR209/ERR209691/ERR209691_2.fastq.gz	ftp.sra.ebi.ac.uk/vol1/run/ERR209/ERR209691/V1.CD15-0_090129.rmhost.pair.1.fq.gz;ftp.sra.ebi.ac.uk/vol1/run/ERR209/ERR209691/V1.CD15-0_090129.rmhost.pair.2.fq.gz	
ERR209700	PRJEB1220	SAMEA2042108	ERX184365	408170	human gut metagenome	ftp.sra.ebi.ac.uk/vol1/fastq/ERR209/ERR209700/ERR209700_1.fastq.gz;ftp.sra.ebi.ac.uk/vol1/fastq/ERR209/ERR209700/ERR209700_2.fastq.gz	ftp.sra.ebi.ac.uk/vol1/run/ERR209/ERR209700/V1.CD18-3_100518.rmhost.pair.1.fq.gz;ftp.sra.ebi.ac.uk/vol1/run/ERR209/ERR209700/V1.CD18-3_100518.rmhost.pair.2.fq.gz	
ERR209708	PRJEB1220	SAMEA2042112	ERX184373	408170	human gut metagenome	ftp.sra.ebi.ac.uk/vol1/fastq/ERR209/ERR209708/ERR209708_1.fastq.gz;ftp.sra.ebi.ac.uk/vol1/fastq/ERR209/ERR209708/ERR209708_2.fastq.gz	ftp.sra.ebi.ac.uk/vol1/run/ERR209/ERR209708/V1.CD21-0_100518.rmhost.pair.1.fq.gz;ftp.sra.ebi.ac.uk/vol1/run/ERR209/ERR209708/V1.CD21-0_100518.rmhost.pair.2.fq.gz	
ERR209709	PRJEB1220	SAMEA2042112	ERX184374	408170	human gut metagenome	ftp.sra.ebi.ac.uk/vol1/fastq/ERR209/ERR209709/ERR209709_1.fastq.gz;ftp.sra.ebi.ac.uk/vol1/fastq/ERR209/ERR209709/ERR209709_2.fastq.gz	ftp.sra.ebi.ac.uk/vol1/run/ERR209/ERR209709/V1.CD21-0_100527.rmhost.pair.1.fq.gz;ftp.sra.ebi.ac.uk/vol1/run/ERR209/ERR209709/V1.CD21-0_100527.rmhost.pair.2.fq.gz	
ERR209711	PRJEB1220	SAMEA2042113	ERX184376	408170	human gut metagenome	ftp.sra.ebi.ac.uk/vol1/fastq/ERR209/ERR209711/ERR209711_1.fastq.gz;ftp.sra.ebi.ac.uk/vol1/fastq/ERR209/ERR209711/ERR209711_2.fastq.gz	ftp.sra.ebi.ac.uk/vol1/run/ERR209/ERR209711/V1.CD21-4_100527.rmhost.pair.1.fq.gz;ftp.sra.ebi.ac.uk/vol1/run/ERR209/ERR209711/V1.CD21-4_100527.rmhost.pair.2.fq.gz	
ERR209712	PRJEB1220	SAMEA2042114	ERX184377	408170	human gut metagenome	ftp.sra.ebi.ac.uk/vol1/fastq/ERR209/ERR209712/ERR209712_1.fastq.gz;ftp.sra.ebi.ac.uk/vol1/fastq/ERR209/ERR209712/ERR209712_2.fastq.gz	ftp.sra.ebi.ac.uk/vol1/run/ERR209/ERR209712/V1.CD22-0_100518.rmhost.pair.1.fq.gz;ftp.sra.ebi.ac.uk/vol1/run/ERR209/ERR209712/V1.CD22-0_100518.rmhost.pair.2.fq.gz	
ERR209717	PRJEB1220	SAMEA2042216	ERX184382	408170	human gut metagenome	ftp.sra.ebi.ac.uk/vol1/fastq/ERR209/ERR209717/ERR209717_1.fastq.gz;ftp.sra.ebi.ac.uk/vol1/fastq/ERR209/ERR209717/ERR209717_2.fastq.gz	ftp.sra.ebi.ac.uk/vol1/run/ERR209/ERR209717/V1.CD25-4_100715.rmhost.pair.1.fq.gz;ftp.sra.ebi.ac.uk/vol1/run/ERR209/ERR209717/V1.CD25-4_100715.rmhost.pair.2.fq.gz	
ERR209718	PRJEB1220	SAMEA2042217	ERX184383	408170	human gut metagenome	ftp.sra.ebi.ac.uk/vol1/fastq/ERR209/ERR209718/ERR209718_1.fastq.gz;ftp.sra.ebi.ac.uk/vol1/fastq/ERR209/ERR209718/ERR209718_2.fastq.gz	ftp.sra.ebi.ac.uk/vol1/run/ERR209/ERR209718/V1.CD27-0_2010122.rmhost.pair.1.fq.gz;ftp.sra.ebi.ac.uk/vol1/run/ERR209/ERR209718/V1.CD27-0_2010122.rmhost.pair.2.fq.gz	
ERR209728	PRJEB1220	SAMEA2042223	ERX184393	408170	human gut metagenome	ftp.sra.ebi.ac.uk/vol1/fastq/ERR209/ERR209728/ERR209728_1.fastq.gz;ftp.sra.ebi.ac.uk/vol1/fastq/ERR209/ERR209728/ERR209728_2.fastq.gz	ftp.sra.ebi.ac.uk/vol1/run/ERR209/ERR209728/V1.CD34-0_100527.rmhost.pair.1.fq.gz;ftp.sra.ebi.ac.uk/vol1/run/ERR209/ERR209728/V1.CD34-0_100527.rmhost.pair.2.fq.gz	
ERR209733	PRJEB1220	SAMEA2042226	ERX184398	408170	human gut metagenome	ftp.sra.ebi.ac.uk/vol1/fastq/ERR209/ERR209733/ERR209733_1.fastq.gz;ftp.sra.ebi.ac.uk/vol1/fastq/ERR209/ERR209733/ERR209733_2.fastq.gz	ftp.sra.ebi.ac.uk/vol1/run/ERR209/ERR209733/V1.CD36-0_100518.rmhost.pair.1.fq.gz;ftp.sra.ebi.ac.uk/vol1/run/ERR209/ERR209733/V1.CD36-0_100518.rmhost.pair.2.fq.gz	
ERR209734	PRJEB1220	SAMEA2042226	ERX184399	408170	human gut metagenome	ftp.sra.ebi.ac.uk/vol1/fastq/ERR209/ERR209734/ERR209734_1.fastq.gz;ftp.sra.ebi.ac.uk/vol1/fastq/ERR209/ERR209734/ERR209734_2.fastq.gz	ftp.sra.ebi.ac.uk/vol1/run/ERR209/ERR209734/V1.CD36-0_100527.rmhost.pair.1.fq.gz;ftp.sra.ebi.ac.uk/vol1/run/ERR209/ERR209734/V1.CD36-0_100527.rmhost.pair.2.fq.gz	
ERR209742	PRJEB1220	SAMEA2042396	ERX184407	408170	human gut metagenome	ftp.sra.ebi.ac.uk/vol1/fastq/ERR209/ERR209742/ERR209742_1.fastq.gz;ftp.sra.ebi.ac.uk/vol1/fastq/ERR209/ERR209742/ERR209742_2.fastq.gz	ftp.sra.ebi.ac.uk/vol1/run/ERR209/ERR209742/V1.CD42-0_100712.rmhost.pair.1.fq.gz;ftp.sra.ebi.ac.uk/vol1/run/ERR209/ERR209742/V1.CD42-0_100712.rmhost.pair.2.fq.gz	
ERR209744	PRJEB1220	SAMEA2042397	ERX184409	408170	human gut metagenome	ftp.sra.ebi.ac.uk/vol1/fastq/ERR209/ERR209744/ERR209744_1.fastq.gz;ftp.sra.ebi.ac.uk/vol1/fastq/ERR209/ERR209744/ERR209744_2.fastq.gz	ftp.sra.ebi.ac.uk/vol1/run/ERR209/ERR209744/V1.CD6-0_090127.rmhost.pair.1.fq.gz;ftp.sra.ebi.ac.uk/vol1/run/ERR209/ERR209744/V1.CD6-0_090127.rmhost.pair.2.fq.gz	
ERR209747	PRJEB1220	SAMEA2042398	ERX184412	408170	human gut metagenome	ftp.sra.ebi.ac.uk/vol1/fastq/ERR209/ERR209747/ERR209747_1.fastq.gz;ftp.sra.ebi.ac.uk/vol1/fastq/ERR209/ERR209747/ERR209747_2.fastq.gz	ftp.sra.ebi.ac.uk/vol1/run/ERR209/ERR209747/V1.CD7-0_2010122.rmhost.pair.1.fq.gz;ftp.sra.ebi.ac.uk/vol1/run/ERR209/ERR209747/V1.CD7-0_2010122.rmhost.pair.2.fq.gz	
ERR209748	PRJEB1220	SAMEA2042399	ERX184413	408170	human gut metagenome	ftp.sra.ebi.ac.uk/vol1/fastq/ERR209/ERR209748/ERR209748_1.fastq.gz;ftp.sra.ebi.ac.uk/vol1/fastq/ERR209/ERR209748/ERR209748_2.fastq.gz	ftp.sra.ebi.ac.uk/vol1/run/ERR209/ERR209748/V1.CD7-4_100518.rmhost.pair.1.fq.gz;ftp.sra.ebi.ac.uk/vol1/run/ERR209/ERR209748/V1.CD7-4_100518.rmhost.pair.2.fq.gz	
ERR209750	PRJEB1220	SAMEA2042400	ERX184415	408170	human gut metagenome	ftp.sra.ebi.ac.uk/vol1/fastq/ERR209/ERR209750/ERR209750_1.fastq.gz;ftp.sra.ebi.ac.uk/vol1/fastq/ERR209/ERR209750/ERR209750_2.fastq.gz	ftp.sra.ebi.ac.uk/vol1/run/ERR209/ERR209750/V1.CD8-0_090109.rmhost.pair.1.fq.gz;ftp.sra.ebi.ac.uk/vol1/run/ERR209/ERR209750/V1.CD8-0_090109.rmhost.pair.2.fq.gz	
ERR209751	PRJEB1220	SAMEA2042400	ERX184416	408170	human gut metagenome	ftp.sra.ebi.ac.uk/vol1/fastq/ERR209/ERR209751/ERR209751_1.fastq.gz;ftp.sra.ebi.ac.uk/vol1/fastq/ERR209/ERR209751/ERR209751_2.fastq.gz	ftp.sra.ebi.ac.uk/vol1/run/ERR209/ERR209751/V1.CD8-0_090127.rmhost.pair.1.fq.gz;ftp.sra.ebi.ac.uk/vol1/run/ERR209/ERR209751/V1.CD8-0_090127.rmhost.pair.2.fq.gz	
ERR209752	PRJEB1220	SAMEA2042401	ERX184417	408170	human gut metagenome	ftp.sra.ebi.ac.uk/vol1/fastq/ERR209/ERR209752/ERR209752_1.fastq.gz;ftp.sra.ebi.ac.uk/vol1/fastq/ERR209/ERR209752/ERR209752_2.fastq.gz	ftp.sra.ebi.ac.uk/vol1/run/ERR209/ERR209752/V1.CD9-0_090109.rmhost.pair.1.fq.gz;ftp.sra.ebi.ac.uk/vol1/run/ERR209/ERR209752/V1.CD9-0_090109.rmhost.pair.2.fq.gz	
ERR209757	PRJEB1220	SAMEA2042404	ERX184422	408170	human gut metagenome	ftp.sra.ebi.ac.uk/vol1/fastq/ERR209/ERR209757/ERR209757_1.fastq.gz;ftp.sra.ebi.ac.uk/vol1/fastq/ERR209/ERR209757/ERR209757_2.fastq.gz	ftp.sra.ebi.ac.uk/vol1/run/ERR209/ERR209757/V1.UC10-2_100518.rmhost.pair.1.fq.gz;ftp.sra.ebi.ac.uk/vol1/run/ERR209/ERR209757/V1.UC10-2_100518.rmhost.pair.2.fq.gz	
ERR209759	PRJEB1220	SAMEA2042405	ERX184424	408170	human gut metagenome	ftp.sra.ebi.ac.uk/vol1/fastq/ERR209/ERR209759/ERR209759_1.fastq.gz;ftp.sra.ebi.ac.uk/vol1/fastq/ERR209/ERR209759/ERR209759_2.fastq.gz	ftp.sra.ebi.ac.uk/vol1/run/ERR209/ERR209759/V1.UC11-0_20100130.rmhost.pair.1.fq.gz;ftp.sra.ebi.ac.uk/vol1/run/ERR209/ERR209759/V1.UC11-0_20100130.rmhost.pair.2.fq.gz	
ERR209761	PRJEB1220	SAMEA2042406	ERX184426	408170	human gut metagenome	ftp.sra.ebi.ac.uk/vol1/fastq/ERR209/ERR209761/ERR209761_1.fastq.gz;ftp.sra.ebi.ac.uk/vol1/fastq/ERR209/ERR209761/ERR209761_2.fastq.gz	ftp.sra.ebi.ac.uk/vol1/run/ERR209/ERR209761/V1.UC11-5_100703.rmhost.pair.1.fq.gz;ftp.sra.ebi.ac.uk/vol1/run/ERR209/ERR209761/V1.UC11-5_100703.rmhost.pair.2.fq.gz	
ERR209762	PRJEB1220	SAMEA2042406	ERX184427	408170	human gut metagenome	ftp.sra.ebi.ac.uk/vol1/fastq/ERR209/ERR209762/ERR209762_1.fastq.gz;ftp.sra.ebi.ac.uk/vol1/fastq/ERR209/ERR209762/ERR209762_2.fastq.gz	ftp.sra.ebi.ac.uk/vol1/run/ERR209/ERR209762/V1.UC11-5_100715.rmhost.pair.1.fq.gz;ftp.sra.ebi.ac.uk/vol1/run/ERR209/ERR209762/V1.UC11-5_100715.rmhost.pair.2.fq.gz	
ERR209764	PRJEB1220	SAMEA2042408	ERX184429	408170	human gut metagenome	ftp.sra.ebi.ac.uk/vol1/fastq/ERR209/ERR209764/ERR209764_1.fastq.gz;ftp.sra.ebi.ac.uk/vol1/fastq/ERR209/ERR209764/ERR209764_2.fastq.gz	ftp.sra.ebi.ac.uk/vol1/run/ERR209/ERR209764/V1.UC12-4_100518.rmhost.pair.1.fq.gz;ftp.sra.ebi.ac.uk/vol1/run/ERR209/ERR209764/V1.UC12-4_100518.rmhost.pair.2.fq.gz	
ERR209769	PRJEB1220	SAMEA2042440	ERX184434	408170	human gut metagenome	ftp.sra.ebi.ac.uk/vol1/fastq/ERR209/ERR209769/ERR209769_1.fastq.gz;ftp.sra.ebi.ac.uk/vol1/fastq/ERR209/ERR209769/ERR209769_2.fastq.gz	ftp.sra.ebi.ac.uk/vol1/run/ERR209/ERR209769/V1.UC13-3_100525.rmhost.pair.1.fq.gz;ftp.sra.ebi.ac.uk/vol1/run/ERR209/ERR209769/V1.UC13-3_100525.rmhost.pair.2.fq.gz	
ERR209771	PRJEB1220	SAMEA2042441	ERX184436	408170	human gut metagenome	ftp.sra.ebi.ac.uk/vol1/fastq/ERR209/ERR209771/ERR209771_1.fastq.gz;ftp.sra.ebi.ac.uk/vol1/fastq/ERR209/ERR209771/ERR209771_2.fastq.gz	ftp.sra.ebi.ac.uk/vol1/run/ERR209/ERR209771/V1.UC14-0_090127.rmhost.pair.1.fq.gz;ftp.sra.ebi.ac.uk/vol1/run/ERR209/ERR209771/V1.UC14-0_090127.rmhost.pair.2.fq.gz	
ERR209775	PRJEB1220	SAMEA2042442	ERX184440	408170	human gut metagenome	ftp.sra.ebi.ac.uk/vol1/fastq/ERR209/ERR209775/ERR209775_1.fastq.gz;ftp.sra.ebi.ac.uk/vol1/fastq/ERR209/ERR209775/ERR209775_2.fastq.gz	ftp.sra.ebi.ac.uk/vol1/run/ERR209/ERR209775/V1.UC15-0_090127.rmhost.pair.1.fq.gz;ftp.sra.ebi.ac.uk/vol1/run/ERR209/ERR209775/V1.UC15-0_090127.rmhost.pair.2.fq.gz	
ERR209778	PRJEB1220	SAMEA2042444	ERX184443	408170	human gut metagenome	ftp.sra.ebi.ac.uk/vol1/fastq/ERR209/ERR209778/ERR209778_1.fastq.gz;ftp.sra.ebi.ac.uk/vol1/fastq/ERR209/ERR209778/ERR209778_2.fastq.gz	ftp.sra.ebi.ac.uk/vol1/run/ERR209/ERR209778/V1.UC16-0_20100205.rmhost.pair.1.fq.gz;ftp.sra.ebi.ac.uk/vol1/run/ERR209/ERR209778/V1.UC16-0_20100205.rmhost.pair.2.fq.gz	
ERR209782	PRJEB1220	SAMEA2042446	ERX184447	408170	human gut metagenome	ftp.sra.ebi.ac.uk/vol1/fastq/ERR209/ERR209782/ERR209782_1.fastq.gz;ftp.sra.ebi.ac.uk/vol1/fastq/ERR209/ERR209782/ERR209782_2.fastq.gz	ftp.sra.ebi.ac.uk/vol1/run/ERR209/ERR209782/V1.UC17-2_100515.rmhost.pair.1.fq.gz;ftp.sra.ebi.ac.uk/vol1/run/ERR209/ERR209782/V1.UC17-2_100515.rmhost.pair.2.fq.gz	
ERR209784	PRJEB1220	SAMEA2042447	ERX184449	408170	human gut metagenome	ftp.sra.ebi.ac.uk/vol1/fastq/ERR209/ERR209784/ERR209784_1.fastq.gz;ftp.sra.ebi.ac.uk/vol1/fastq/ERR209/ERR209784/ERR209784_2.fastq.gz	ftp.sra.ebi.ac.uk/vol1/run/ERR209/ERR209784/V1.UC18-0_090112.rmhost.pair.1.fq.gz;ftp.sra.ebi.ac.uk/vol1/run/ERR209/ERR209784/V1.UC18-0_090112.rmhost.pair.2.fq.gz	
ERR209788	PRJEB1220	SAMEA2042449	ERX184453	408170	human gut metagenome	ftp.sra.ebi.ac.uk/vol1/fastq/ERR209/ERR209788/ERR209788_1.fastq.gz;ftp.sra.ebi.ac.uk/vol1/fastq/ERR209/ERR209788/ERR209788_2.fastq.gz	ftp.sra.ebi.ac.uk/vol1/run/ERR209/ERR209788/V1.UC2-0_100130.rmhost.pair.1.fq.gz;ftp.sra.ebi.ac.uk/vol1/run/ERR209/ERR209788/V1.UC2-0_100130.rmhost.pair.2.fq.gz	
ERR209793	PRJEB1220	SAMEA2042453	ERX184458	408170	human gut metagenome	ftp.sra.ebi.ac.uk/vol1/fastq/ERR209/ERR209793/ERR209793_1.fastq.gz;ftp.sra.ebi.ac.uk/vol1/fastq/ERR209/ERR209793/ERR209793_2.fastq.gz	ftp.sra.ebi.ac.uk/vol1/run/ERR209/ERR209793/V1.UC23-0_20100205.rmhost.pair.1.fq.gz;ftp.sra.ebi.ac.uk/vol1/run/ERR209/ERR209793/V1.UC23-0_20100205.rmhost.pair.2.fq.gz	
ERR209798	PRJEB1220	SAMEA2042505	ERX184463	408170	human gut metagenome	ftp.sra.ebi.ac.uk/vol1/fastq/ERR209/ERR209798/ERR209798_1.fastq.gz;ftp.sra.ebi.ac.uk/vol1/fastq/ERR209/ERR209798/ERR209798_2.fastq.gz	ftp.sra.ebi.ac.uk/vol1/run/ERR209/ERR209798/V1.UC24-0_20100305.rmhost.pair.1.fq.gz;ftp.sra.ebi.ac.uk/vol1/run/ERR209/ERR209798/V1.UC24-0_20100305.rmhost.pair.2.fq.gz	
ERR209799	PRJEB1220	SAMEA2042450	ERX184464	408170	human gut metagenome	ftp.sra.ebi.ac.uk/vol1/fastq/ERR209/ERR209799/ERR209799_1.fastq.gz;ftp.sra.ebi.ac.uk/vol1/fastq/ERR209/ERR209799/ERR209799_2.fastq.gz	ftp.sra.ebi.ac.uk/vol1/run/ERR209/ERR209799/V1.UC2-4_100518.rmhost.pair.1.fq.gz;ftp.sra.ebi.ac.uk/vol1/run/ERR209/ERR209799/V1.UC2-4_100518.rmhost.pair.2.fq.gz	
ERR209801	PRJEB1220	SAMEA2042506	ERX184466	408170	human gut metagenome	ftp.sra.ebi.ac.uk/vol1/fastq/ERR209/ERR209801/ERR209801_1.fastq.gz;ftp.sra.ebi.ac.uk/vol1/fastq/ERR209/ERR209801/ERR209801_2.fastq.gz	ftp.sra.ebi.ac.uk/vol1/run/ERR209/ERR209801/V1.UC25-0_20100208.rmhost.pair.1.fq.gz;ftp.sra.ebi.ac.uk/vol1/run/ERR209/ERR209801/V1.UC25-0_20100208.rmhost.pair.2.fq.gz	
ERR209804	PRJEB1220	SAMEA2042507	ERX184469	408170	human gut metagenome	ftp.sra.ebi.ac.uk/vol1/fastq/ERR209/ERR209804/ERR209804_1.fastq.gz;ftp.sra.ebi.ac.uk/vol1/fastq/ERR209/ERR209804/ERR209804_2.fastq.gz	ftp.sra.ebi.ac.uk/vol1/run/ERR209/ERR209804/V1.UC25-1_100525.rmhost.pair.1.fq.gz;ftp.sra.ebi.ac.uk/vol1/run/ERR209/ERR209804/V1.UC25-1_100525.rmhost.pair.2.fq.gz	
ERR209805	PRJEB1220	SAMEA2042508	ERX184470	408170	human gut metagenome	ftp.sra.ebi.ac.uk/vol1/fastq/ERR209/ERR209805/ERR209805_1.fastq.gz;ftp.sra.ebi.ac.uk/vol1/fastq/ERR209/ERR209805/ERR209805_2.fastq.gz	ftp.sra.ebi.ac.uk/vol1/run/ERR209/ERR209805/V1.UC26-0_20100208.rmhost.pair.1.fq.gz;ftp.sra.ebi.ac.uk/vol1/run/ERR209/ERR209805/V1.UC26-0_20100208.rmhost.pair.2.fq.gz	
ERR209806	PRJEB1220	SAMEA2042508	ERX184471	408170	human gut metagenome	ftp.sra.ebi.ac.uk/vol1/fastq/ERR209/ERR209806/ERR209806_1.fastq.gz;ftp.sra.ebi.ac.uk/vol1/fastq/ERR209/ERR209806/ERR209806_2.fastq.gz	ftp.sra.ebi.ac.uk/vol1/run/ERR209/ERR209806/V1.UC26-0_2010123.rmhost.pair.1.fq.gz;ftp.sra.ebi.ac.uk/vol1/run/ERR209/ERR209806/V1.UC26-0_2010123.rmhost.pair.2.fq.gz	
ERR209813	PRJEB1220	SAMEA2042512	ERX184478	408170	human gut metagenome	ftp.sra.ebi.ac.uk/vol1/fastq/ERR209/ERR209813/ERR209813_1.fastq.gz;ftp.sra.ebi.ac.uk/vol1/fastq/ERR209/ERR209813/ERR209813_2.fastq.gz	ftp.sra.ebi.ac.uk/vol1/run/ERR209/ERR209813/V1.UC29-0_20100305.rmhost.pair.1.fq.gz;ftp.sra.ebi.ac.uk/vol1/run/ERR209/ERR209813/V1.UC29-0_20100305.rmhost.pair.2.fq.gz	
ERR209814	PRJEB1220	SAMEA2042516	ERX184479	408170	human gut metagenome	ftp.sra.ebi.ac.uk/vol1/fastq/ERR209/ERR209814/ERR209814_1.fastq.gz;ftp.sra.ebi.ac.uk/vol1/fastq/ERR209/ERR209814/ERR209814_2.fastq.gz	ftp.sra.ebi.ac.uk/vol1/run/ERR209/ERR209814/V1.UC30-0_100206.rmhost.pair.1.fq.gz;ftp.sra.ebi.ac.uk/vol1/run/ERR209/ERR209814/V1.UC30-0_100206.rmhost.pair.2.fq.gz	
ERR209815	PRJEB1220	SAMEA2042513	ERX184480	408170	human gut metagenome	ftp.sra.ebi.ac.uk/vol1/fastq/ERR209/ERR209815/ERR209815_1.fastq.gz;ftp.sra.ebi.ac.uk/vol1/fastq/ERR209/ERR209815/ERR209815_2.fastq.gz	ftp.sra.ebi.ac.uk/vol1/run/ERR209/ERR209815/V1.UC3-0_100130.rmhost.pair.1.fq.gz;ftp.sra.ebi.ac.uk/vol1/run/ERR209/ERR209815/V1.UC3-0_100130.rmhost.pair.2.fq.gz	
ERR209819	PRJEB1220	SAMEA2042519	ERX184484	408170	human gut metagenome	ftp.sra.ebi.ac.uk/vol1/fastq/ERR209/ERR209819/ERR209819_1.fastq.gz;ftp.sra.ebi.ac.uk/vol1/fastq/ERR209/ERR209819/ERR209819_2.fastq.gz	ftp.sra.ebi.ac.uk/vol1/run/ERR209/ERR209819/V1.UC32-0_100515.rmhost.pair.1.fq.gz;ftp.sra.ebi.ac.uk/vol1/run/ERR209/ERR209819/V1.UC32-0_100515.rmhost.pair.2.fq.gz	
ERR209821	PRJEB1220	SAMEA2042515	ERX184486	408170	human gut metagenome	ftp.sra.ebi.ac.uk/vol1/fastq/ERR209/ERR209821/ERR209821_1.fastq.gz;ftp.sra.ebi.ac.uk/vol1/fastq/ERR209/ERR209821/ERR209821_2.fastq.gz	ftp.sra.ebi.ac.uk/vol1/run/ERR209/ERR209821/V1.UC3-2_100518.rmhost.pair.1.fq.gz;ftp.sra.ebi.ac.uk/vol1/run/ERR209/ERR209821/V1.UC3-2_100518.rmhost.pair.2.fq.gz	
ERR209823	PRJEB1220	SAMEA2042520	ERX184488	408170	human gut metagenome	ftp.sra.ebi.ac.uk/vol1/fastq/ERR209/ERR209823/ERR209823_1.fastq.gz;ftp.sra.ebi.ac.uk/vol1/fastq/ERR209/ERR209823/ERR209823_2.fastq.gz	ftp.sra.ebi.ac.uk/vol1/run/ERR209/ERR209823/V1.UC33-0_100515.rmhost.pair.1.fq.gz;ftp.sra.ebi.ac.uk/vol1/run/ERR209/ERR209823/V1.UC33-0_100515.rmhost.pair.2.fq.gz	
ERR209828	PRJEB1220	SAMEA2042571	ERX184493	408170	human gut metagenome	ftp.sra.ebi.ac.uk/vol1/fastq/ERR209/ERR209828/ERR209828_1.fastq.gz;ftp.sra.ebi.ac.uk/vol1/fastq/ERR209/ERR209828/ERR209828_2.fastq.gz	ftp.sra.ebi.ac.uk/vol1/run/ERR209/ERR209828/V1.UC35-0_100525.rmhost.pair.1.fq.gz;ftp.sra.ebi.ac.uk/vol1/run/ERR209/ERR209828/V1.UC35-0_100525.rmhost.pair.2.fq.gz	
ERR209831	PRJEB1220	SAMEA2042573	ERX184496	408170	human gut metagenome	ftp.sra.ebi.ac.uk/vol1/fastq/ERR209/ERR209831/ERR209831_1.fastq.gz;ftp.sra.ebi.ac.uk/vol1/fastq/ERR209/ERR209831/ERR209831_2.fastq.gz	ftp.sra.ebi.ac.uk/vol1/run/ERR209/ERR209831/V1.UC36-0_20100208.rmhost.pair.1.fq.gz;ftp.sra.ebi.ac.uk/vol1/run/ERR209/ERR209831/V1.UC36-0_20100208.rmhost.pair.2.fq.gz	
ERR209835	PRJEB1220	SAMEA2042575	ERX184500	408170	human gut metagenome	ftp.sra.ebi.ac.uk/vol1/fastq/ERR209/ERR209835/ERR209835_1.fastq.gz;ftp.sra.ebi.ac.uk/vol1/fastq/ERR209/ERR209835/ERR209835_2.fastq.gz	ftp.sra.ebi.ac.uk/vol1/run/ERR209/ERR209835/V1.UC38-0_100525.rmhost.pair.1.fq.gz;ftp.sra.ebi.ac.uk/vol1/run/ERR209/ERR209835/V1.UC38-0_100525.rmhost.pair.2.fq.gz	
ERR209837	PRJEB1220	SAMEA2042576	ERX184502	408170	human gut metagenome	ftp.sra.ebi.ac.uk/vol1/fastq/ERR209/ERR209837/ERR209837_1.fastq.gz;ftp.sra.ebi.ac.uk/vol1/fastq/ERR209/ERR209837/ERR209837_2.fastq.gz	ftp.sra.ebi.ac.uk/vol1/run/ERR209/ERR209837/V1.UC39-0_2010123.rmhost.pair.1.fq.gz;ftp.sra.ebi.ac.uk/vol1/run/ERR209/ERR209837/V1.UC39-0_2010123.rmhost.pair.2.fq.gz	
ERR209841	PRJEB1220	SAMEA2042580	ERX184506	408170	human gut metagenome	ftp.sra.ebi.ac.uk/vol1/fastq/ERR209/ERR209841/ERR209841_1.fastq.gz;ftp.sra.ebi.ac.uk/vol1/fastq/ERR209/ERR209841/ERR209841_2.fastq.gz	ftp.sra.ebi.ac.uk/vol1/run/ERR209/ERR209841/V1.UC41-0_100515.rmhost.pair.1.fq.gz;ftp.sra.ebi.ac.uk/vol1/run/ERR209/ERR209841/V1.UC41-0_100515.rmhost.pair.2.fq.gz	
ERR209847	PRJEB1220	SAMEA2042584	ERX184512	408170	human gut metagenome	ftp.sra.ebi.ac.uk/vol1/fastq/ERR209/ERR209847/ERR209847_1.fastq.gz;ftp.sra.ebi.ac.uk/vol1/fastq/ERR209/ERR209847/ERR209847_2.fastq.gz	ftp.sra.ebi.ac.uk/vol1/run/ERR209/ERR209847/V1.UC45-0_20100204.rmhost.pair.1.fq.gz;ftp.sra.ebi.ac.uk/vol1/run/ERR209/ERR209847/V1.UC45-0_20100204.rmhost.pair.2.fq.gz	
ERR209848	PRJEB1220	SAMEA2042584	ERX184513	408170	human gut metagenome	ftp.sra.ebi.ac.uk/vol1/fastq/ERR209/ERR209848/ERR209848_1.fastq.gz;ftp.sra.ebi.ac.uk/vol1/fastq/ERR209/ERR209848/ERR209848_2.fastq.gz	ftp.sra.ebi.ac.uk/vol1/run/ERR209/ERR209848/V1.UC45-0_2010121.rmhost.pair.1.fq.gz;ftp.sra.ebi.ac.uk/vol1/run/ERR209/ERR209848/V1.UC45-0_2010121.rmhost.pair.2.fq.gz	
ERR209850	PRJEB1220	SAMEA2042578	ERX184515	408170	human gut metagenome	ftp.sra.ebi.ac.uk/vol1/fastq/ERR209/ERR209850/ERR209850_1.fastq.gz;ftp.sra.ebi.ac.uk/vol1/fastq/ERR209/ERR209850/ERR209850_2.fastq.gz	ftp.sra.ebi.ac.uk/vol1/run/ERR209/ERR209850/V1.UC4-5_100715.rmhost.pair.1.fq.gz;ftp.sra.ebi.ac.uk/vol1/run/ERR209/ERR209850/V1.UC4-5_100715.rmhost.pair.2.fq.gz	
ERR209851	PRJEB1220	SAMEA2042585	ERX184516	408170	human gut metagenome	ftp.sra.ebi.ac.uk/vol1/fastq/ERR209/ERR209851/ERR209851_1.fastq.gz;ftp.sra.ebi.ac.uk/vol1/fastq/ERR209/ERR209851/ERR209851_2.fastq.gz	ftp.sra.ebi.ac.uk/vol1/run/ERR209/ERR209851/V1.UC46-0_20100208.rmhost.pair.1.fq.gz;ftp.sra.ebi.ac.uk/vol1/run/ERR209/ERR209851/V1.UC46-0_20100208.rmhost.pair.2.fq.gz	
ERR209855	PRJEB1220	SAMEA2042619	ERX184520	408170	human gut metagenome	ftp.sra.ebi.ac.uk/vol1/fastq/ERR209/ERR209855/ERR209855_1.fastq.gz;ftp.sra.ebi.ac.uk/vol1/fastq/ERR209/ERR209855/ERR209855_2.fastq.gz	ftp.sra.ebi.ac.uk/vol1/run/ERR209/ERR209855/V1.UC48-0_100525.rmhost.pair.1.fq.gz;ftp.sra.ebi.ac.uk/vol1/run/ERR209/ERR209855/V1.UC48-0_100525.rmhost.pair.2.fq.gz	
ERR209861	PRJEB1220	SAMEA2042624	ERX184526	408170	human gut metagenome	ftp.sra.ebi.ac.uk/vol1/fastq/ERR209/ERR209861/ERR209861_1.fastq.gz;ftp.sra.ebi.ac.uk/vol1/fastq/ERR209/ERR209861/ERR209861_2.fastq.gz	ftp.sra.ebi.ac.uk/vol1/run/ERR209/ERR209861/V1.UC50-1_100522.rmhost.pair.1.fq.gz;ftp.sra.ebi.ac.uk/vol1/run/ERR209/ERR209861/V1.UC50-1_100522.rmhost.pair.2.fq.gz	
ERR209869	PRJEB1220	SAMEA2042628	ERX184534	408170	human gut metagenome	ftp.sra.ebi.ac.uk/vol1/fastq/ERR209/ERR209869/ERR209869_1.fastq.gz;ftp.sra.ebi.ac.uk/vol1/fastq/ERR209/ERR209869/ERR209869_2.fastq.gz	ftp.sra.ebi.ac.uk/vol1/run/ERR209/ERR209869/V1.UC52-1_100515.rmhost.pair.1.fq.gz;ftp.sra.ebi.ac.uk/vol1/run/ERR209/ERR209869/V1.UC52-1_100515.rmhost.pair.2.fq.gz	
ERR209880	PRJEB1220	SAMEA2042630	ERX184545	408170	human gut metagenome	ftp.sra.ebi.ac.uk/vol1/fastq/ERR209/ERR209880/ERR209880_1.fastq.gz;ftp.sra.ebi.ac.uk/vol1/fastq/ERR209/ERR209880/ERR209880_2.fastq.gz	ftp.sra.ebi.ac.uk/vol1/run/ERR209/ERR209880/V1.UC54-0_100515.rmhost.pair.1.fq.gz;ftp.sra.ebi.ac.uk/vol1/run/ERR209/ERR209880/V1.UC54-0_100515.rmhost.pair.2.fq.gz	
ERR209885	PRJEB1220	SAMEA2042632	ERX184550	408170	human gut metagenome	ftp.sra.ebi.ac.uk/vol1/fastq/ERR209/ERR209885/ERR209885_1.fastq.gz;ftp.sra.ebi.ac.uk/vol1/fastq/ERR209/ERR209885/ERR209885_2.fastq.gz	ftp.sra.ebi.ac.uk/vol1/run/ERR209/ERR209885/V1.UC55-0_100529.rmhost.pair.1.fq.gz;ftp.sra.ebi.ac.uk/vol1/run/ERR209/ERR209885/V1.UC55-0_100529.rmhost.pair.2.fq.gz	
ERR209886	PRJEB1220	SAMEA2042633	ERX184551	408170	human gut metagenome	ftp.sra.ebi.ac.uk/vol1/fastq/ERR209/ERR209886/ERR209886_1.fastq.gz;ftp.sra.ebi.ac.uk/vol1/fastq/ERR209/ERR209886/ERR209886_2.fastq.gz	ftp.sra.ebi.ac.uk/vol1/run/ERR209/ERR209886/V1.UC55-4_100515.rmhost.pair.1.fq.gz;ftp.sra.ebi.ac.uk/vol1/run/ERR209/ERR209886/V1.UC55-4_100515.rmhost.pair.2.fq.gz	
ERR209889	PRJEB1220	SAMEA2042659	ERX184554	408170	human gut metagenome	ftp.sra.ebi.ac.uk/vol1/fastq/ERR209/ERR209889/ERR209889_1.fastq.gz;ftp.sra.ebi.ac.uk/vol1/fastq/ERR209/ERR209889/ERR209889_2.fastq.gz	ftp.sra.ebi.ac.uk/vol1/run/ERR209/ERR209889/V1.UC56-0_100518.rmhost.pair.1.fq.gz;ftp.sra.ebi.ac.uk/vol1/run/ERR209/ERR209889/V1.UC56-0_100518.rmhost.pair.2.fq.gz	
ERR209890	PRJEB1220	SAMEA2042659	ERX184555	408170	human gut metagenome	ftp.sra.ebi.ac.uk/vol1/fastq/ERR209/ERR209890/ERR209890_1.fastq.gz;ftp.sra.ebi.ac.uk/vol1/fastq/ERR209/ERR209890/ERR209890_2.fastq.gz	ftp.sra.ebi.ac.uk/vol1/run/ERR209/ERR209890/V1.UC56-0_100527.rmhost.pair.1.fq.gz;ftp.sra.ebi.ac.uk/vol1/run/ERR209/ERR209890/V1.UC56-0_100527.rmhost.pair.2.fq.gz	
ERR209893	PRJEB1220	SAMEA2042660	ERX184558	408170	human gut metagenome	ftp.sra.ebi.ac.uk/vol1/fastq/ERR209/ERR209893/ERR209893_1.fastq.gz;ftp.sra.ebi.ac.uk/vol1/fastq/ERR209/ERR209893/ERR209893_2.fastq.gz	ftp.sra.ebi.ac.uk/vol1/run/ERR209/ERR209893/V1.UC58-0_100518.rmhost.pair.1.fq.gz;ftp.sra.ebi.ac.uk/vol1/run/ERR209/ERR209893/V1.UC58-0_100518.rmhost.pair.2.fq.gz	
ERR209894	PRJEB1220	SAMEA2042660	ERX184559	408170	human gut metagenome	ftp.sra.ebi.ac.uk/vol1/fastq/ERR209/ERR209894/ERR209894_1.fastq.gz;ftp.sra.ebi.ac.uk/vol1/fastq/ERR209/ERR209894/ERR209894_2.fastq.gz	ftp.sra.ebi.ac.uk/vol1/run/ERR209/ERR209894/V1.UC58-0_100527.rmhost.pair.1.fq.gz;ftp.sra.ebi.ac.uk/vol1/run/ERR209/ERR209894/V1.UC58-0_100527.rmhost.pair.2.fq.gz	
ERR209896	PRJEB1220	SAMEA2042662	ERX184561	408170	human gut metagenome	ftp.sra.ebi.ac.uk/vol1/fastq/ERR209/ERR209896/ERR209896_1.fastq.gz;ftp.sra.ebi.ac.uk/vol1/fastq/ERR209/ERR209896/ERR209896_2.fastq.gz	ftp.sra.ebi.ac.uk/vol1/run/ERR209/ERR209896/V1.UC6-0_090129.rmhost.pair.1.fq.gz;ftp.sra.ebi.ac.uk/vol1/run/ERR209/ERR209896/V1.UC6-0_090129.rmhost.pair.2.fq.gz	
ERR209897	PRJEB1220	SAMEA1967055	ERX184562	408170	human gut metagenome	ftp.sra.ebi.ac.uk/vol1/fastq/ERR209/ERR209897/ERR209897_1.fastq.gz;ftp.sra.ebi.ac.uk/vol1/fastq/ERR209/ERR209897/ERR209897_2.fastq.gz	ftp.sra.ebi.ac.uk/vol1/run/ERR209/ERR209897/V1.UC61-0_100518.rmhost.pair.1.fq.gz;ftp.sra.ebi.ac.uk/vol1/run/ERR209/ERR209897/V1.UC61-0_100518.rmhost.pair.2.fq.gz	
ERR209900	PRJEB1220	SAMEA1972229	ERX184565	408170	human gut metagenome	ftp.sra.ebi.ac.uk/vol1/fastq/ERR209/ERR209900/ERR209900_1.fastq.gz;ftp.sra.ebi.ac.uk/vol1/fastq/ERR209/ERR209900/ERR209900_2.fastq.gz	ftp.sra.ebi.ac.uk/vol1/run/ERR209/ERR209900/V1.UC62-0_100527.rmhost.pair.1.fq.gz;ftp.sra.ebi.ac.uk/vol1/run/ERR209/ERR209900/V1.UC62-0_100527.rmhost.pair.2.fq.gz	
ERR209907	PRJEB1220	SAMEA2042280	ERX184572	408170	human gut metagenome	ftp.sra.ebi.ac.uk/vol1/fastq/ERR209/ERR209907/ERR209907.fastq.gz	ftp.sra.ebi.ac.uk/vol1/run/ERR209/ERR209907/MH0001_081026.rmhost.single.fq.gz	
ERR209915	PRJEB1220	SAMEA2042283	ERX184580	408170	human gut metagenome	ftp.sra.ebi.ac.uk/vol1/fastq/ERR209/ERR209915/ERR209915.fastq.gz	ftp.sra.ebi.ac.uk/vol1/run/ERR209/ERR209915/MH0004_081026.rmhost.single.fq.gz	
ERR209917	PRJEB1220	SAMEA2042284	ERX184582	408170	human gut metagenome	ftp.sra.ebi.ac.uk/vol1/fastq/ERR209/ERR209917/ERR209917.fastq.gz	ftp.sra.ebi.ac.uk/vol1/run/ERR209/ERR209917/MH0005_081109.rmhost.single.fq.gz	
ERR209919	PRJEB1220	SAMEA2042285	ERX184584	408170	human gut metagenome	ftp.sra.ebi.ac.uk/vol1/fastq/ERR209/ERR209919/ERR209919.fastq.gz	ftp.sra.ebi.ac.uk/vol1/run/ERR209/ERR209919/MH0006_081109.rmhost.single.fq.gz	
ERR209926	PRJEB1220	SAMEA2042286	ERX184591	408170	human gut metagenome	ftp.sra.ebi.ac.uk/vol1/fastq/ERR209/ERR209926/ERR209926.fastq.gz	ftp.sra.ebi.ac.uk/vol1/run/ERR209/ERR209926/MH0007_081123.rmhost.single.fq.gz	
ERR209927	PRJEB1220	SAMEA1972794	ERX184592	408170	human gut metagenome	ftp.sra.ebi.ac.uk/vol1/fastq/ERR209/ERR209927/ERR209927.fastq.gz	ftp.sra.ebi.ac.uk/vol1/run/ERR209/ERR209927/MH0008_081113.rmhost.single.fq.gz	
ERR209928	PRJEB1220	SAMEA1972794	ERX184593	408170	human gut metagenome	ftp.sra.ebi.ac.uk/vol1/fastq/ERR209/ERR209928/ERR209928.fastq.gz	ftp.sra.ebi.ac.uk/vol1/run/ERR209/ERR209928/MH0008_081123.rmhost.single.fq.gz	
ERR209929	PRJEB1220	SAMEA2042360	ERX184594	408170	human gut metagenome	ftp.sra.ebi.ac.uk/vol1/fastq/ERR209/ERR209929/ERR209929.fastq.gz	ftp.sra.ebi.ac.uk/vol1/run/ERR209/ERR209929/MH0009_081203.rmhost.single.fq.gz	
ERR209936	PRJEB1220	SAMEA2042362	ERX184601	408170	human gut metagenome	ftp.sra.ebi.ac.uk/vol1/fastq/ERR209/ERR209936/ERR209936.fastq.gz	ftp.sra.ebi.ac.uk/vol1/run/ERR209/ERR209936/MH0011_090120.rmhost.single.fq.gz	
ERR209937	PRJEB1220	SAMEA2042363	ERX184602	408170	human gut metagenome	ftp.sra.ebi.ac.uk/vol1/fastq/ERR209/ERR209937/ERR209937.fastq.gz	ftp.sra.ebi.ac.uk/vol1/run/ERR209/ERR209937/MH0012_081203.rmhost.single.fq.gz	
ERR209939	PRJEB1220	SAMEA2042363	ERX184604	408170	human gut metagenome	ftp.sra.ebi.ac.uk/vol1/fastq/ERR209/ERR209939/ERR209939.fastq.gz	ftp.sra.ebi.ac.uk/vol1/run/ERR209/ERR209939/MH0012_090120.rmhost.single.fq.gz	
ERR209942	PRJEB1220	SAMEA2042363	ERX184607	408170	human gut metagenome	ftp.sra.ebi.ac.uk/vol1/fastq/ERR209/ERR209942/ERR209942.fastq.gz	ftp.sra.ebi.ac.uk/vol1/run/ERR209/ERR209942/MH0012_lane4.rmhost.single.fq.gz	
ERR209944	PRJEB1220	SAMEA2042364	ERX184609	408170	human gut metagenome	ftp.sra.ebi.ac.uk/vol1/fastq/ERR209/ERR209944/ERR209944.fastq.gz	ftp.sra.ebi.ac.uk/vol1/run/ERR209/ERR209944/MH0013_081113.rmhost.single.fq.gz	
ERR209946	PRJEB1220	SAMEA2042365	ERX184611	408170	human gut metagenome	ftp.sra.ebi.ac.uk/vol1/fastq/ERR209/ERR209946/ERR209946.fastq.gz	ftp.sra.ebi.ac.uk/vol1/run/ERR209/ERR209946/MH0014_081203.rmhost.single.fq.gz	
ERR209949	PRJEB1220	SAMEA2042366	ERX184614	408170	human gut metagenome	ftp.sra.ebi.ac.uk/vol1/fastq/ERR209/ERR209949/ERR209949.fastq.gz	ftp.sra.ebi.ac.uk/vol1/run/ERR209/ERR209949/MH0015_081108.rmhost.single.fq.gz	
ERR209950	PRJEB1220	SAMEA2042366	ERX184615	408170	human gut metagenome	ftp.sra.ebi.ac.uk/vol1/fastq/ERR209/ERR209950/ERR209950.fastq.gz	ftp.sra.ebi.ac.uk/vol1/run/ERR209/ERR209950/MH0015_081119.rmhost.single.fq.gz	
ERR209951	PRJEB1220	SAMEA2042367	ERX184616	408170	human gut metagenome	ftp.sra.ebi.ac.uk/vol1/fastq/ERR209/ERR209951/ERR209951.fastq.gz	ftp.sra.ebi.ac.uk/vol1/run/ERR209/ERR209951/MH0016_081203.rmhost.single.fq.gz	
ERR209953	PRJEB1220	SAMEA2042367	ERX184618	408170	human gut metagenome	ftp.sra.ebi.ac.uk/vol1/fastq/ERR209/ERR209953/ERR209953.fastq.gz	ftp.sra.ebi.ac.uk/vol1/run/ERR209/ERR209953/MH0016_090120.rmhost.single.fq.gz	
ERR209954	PRJEB1220	SAMEA2042368	ERX184619	408170	human gut metagenome	ftp.sra.ebi.ac.uk/vol1/fastq/ERR209/ERR209954/ERR209954.fastq.gz	ftp.sra.ebi.ac.uk/vol1/run/ERR209/ERR209954/MH0017_081108.rmhost.single.fq.gz	
ERR209959	PRJEB1220	SAMEA2042371	ERX184624	408170	human gut metagenome	ftp.sra.ebi.ac.uk/vol1/fastq/ERR209/ERR209959/ERR209959.fastq.gz	ftp.sra.ebi.ac.uk/vol1/run/ERR209/ERR209959/MH0019_081119.rmhost.single.fq.gz	
ERR209962	PRJEB1220	SAMEA2042373	ERX184627	408170	human gut metagenome	ftp.sra.ebi.ac.uk/vol1/fastq/ERR209/ERR209962/ERR209962.fastq.gz	ftp.sra.ebi.ac.uk/vol1/run/ERR209/ERR209962/MH0021_081224.rmhost.single.fq.gz	
ERR209963	PRJEB1220	SAMEA2042373	ERX184628	408170	human gut metagenome	ftp.sra.ebi.ac.uk/vol1/fastq/ERR209/ERR209963/ERR209963.fastq.gz	ftp.sra.ebi.ac.uk/vol1/run/ERR209/ERR209963/MH0021_090201.rmhost.single.fq.gz	
ERR209964	PRJEB1220	SAMEA2042374	ERX184629	408170	human gut metagenome	ftp.sra.ebi.ac.uk/vol1/fastq/ERR209/ERR209964/ERR209964.fastq.gz	ftp.sra.ebi.ac.uk/vol1/run/ERR209/ERR209964/MH0022_081108.rmhost.single.fq.gz	
ERR209965	PRJEB1220	SAMEA2042374	ERX184630	408170	human gut metagenome	ftp.sra.ebi.ac.uk/vol1/fastq/ERR209/ERR209965/ERR209965.fastq.gz	ftp.sra.ebi.ac.uk/vol1/run/ERR209/ERR209965/MH0022_081119.rmhost.single.fq.gz	
ERR209968	PRJEB1220	SAMEA2042376	ERX184633	408170	human gut metagenome	ftp.sra.ebi.ac.uk/vol1/fastq/ERR209/ERR209968/ERR209968.fastq.gz	ftp.sra.ebi.ac.uk/vol1/run/ERR209/ERR209968/MH0024_081224.rmhost.single.fq.gz	
ERR209970	PRJEB1220	SAMEA2042087	ERX184635	408170	human gut metagenome	ftp.sra.ebi.ac.uk/vol1/fastq/ERR209/ERR209970/ERR209970.fastq.gz	ftp.sra.ebi.ac.uk/vol1/run/ERR209/ERR209970/MH0025_090120.rmhost.single.fq.gz	
ERR209971	PRJEB1220	SAMEA2042087	ERX184636	408170	human gut metagenome	ftp.sra.ebi.ac.uk/vol1/fastq/ERR209/ERR209971/ERR209971.fastq.gz	ftp.sra.ebi.ac.uk/vol1/run/ERR209/ERR209971/MH0025_090121.rmhost.single.fq.gz	
ERR209972	PRJEB1220	SAMEA2042088	ERX184637	408170	human gut metagenome	ftp.sra.ebi.ac.uk/vol1/fastq/ERR209/ERR209972/ERR209972.fastq.gz	ftp.sra.ebi.ac.uk/vol1/run/ERR209/ERR209972/MH0026_081224.rmhost.single.fq.gz	
ERR209979	PRJEB1220	SAMEA2042090	ERX184644	408170	human gut metagenome	ftp.sra.ebi.ac.uk/vol1/fastq/ERR209/ERR209979/ERR209979.fastq.gz	ftp.sra.ebi.ac.uk/vol1/run/ERR209/ERR209979/MH0030_090121.rmhost.single.fq.gz	
ERR209981	PRJEB1220	SAMEA2042091	ERX184646	408170	human gut metagenome	ftp.sra.ebi.ac.uk/vol1/fastq/ERR209/ERR209981/ERR209981.fastq.gz	ftp.sra.ebi.ac.uk/vol1/run/ERR209/ERR209981/MH0031_090121.rmhost.single.fq.gz	
ERR209986	PRJEB1220	SAMEA2042095	ERX184651	408170	human gut metagenome	ftp.sra.ebi.ac.uk/vol1/fastq/ERR209/ERR209986/ERR209986.fastq.gz	ftp.sra.ebi.ac.uk/vol1/run/ERR209/ERR209986/MH0034_081213.rmhost.single.fq.gz	
ERR209988	PRJEB1220	SAMEA2042096	ERX184653	408170	human gut metagenome	ftp.sra.ebi.ac.uk/vol1/fastq/ERR209/ERR209988/ERR209988.fastq.gz	ftp.sra.ebi.ac.uk/vol1/run/ERR209/ERR209988/MH0035_081223.rmhost.single.fq.gz	
ERR209992	PRJEB1220	SAMEA2042098	ERX184657	408170	human gut metagenome	ftp.sra.ebi.ac.uk/vol1/fastq/ERR209/ERR209992/ERR209992.fastq.gz	ftp.sra.ebi.ac.uk/vol1/run/ERR209/ERR209992/MH0037_081226.rmhost.single.fq.gz	
ERR209994	PRJEB1220	SAMEA2042099	ERX184659	408170	human gut metagenome	ftp.sra.ebi.ac.uk/vol1/fastq/ERR209/ERR209994/ERR209994.fastq.gz	ftp.sra.ebi.ac.uk/vol1/run/ERR209/ERR209994/MH0038_081226.rmhost.single.fq.gz	
ERR209996	PRJEB1220	SAMEA2042100	ERX184661	408170	human gut metagenome	ftp.sra.ebi.ac.uk/vol1/fastq/ERR209/ERR209996/ERR209996.fastq.gz	ftp.sra.ebi.ac.uk/vol1/run/ERR209/ERR209996/MH0039_081226.rmhost.single.fq.gz	
ERR209997	PRJEB1220	SAMEA2042100	ERX184662	408170	human gut metagenome	ftp.sra.ebi.ac.uk/vol1/fastq/ERR209/ERR209997/ERR209997.fastq.gz	ftp.sra.ebi.ac.uk/vol1/run/ERR209/ERR209997/MH0039_090122.rmhost.single.fq.gz	
ERR210000	PRJEB1220	SAMEA2042192	ERX184665	408170	human gut metagenome	ftp.sra.ebi.ac.uk/vol1/fastq/ERR210/ERR210000/ERR210000.fastq.gz	ftp.sra.ebi.ac.uk/vol1/run/ERR210/ERR210000/MH0041_081222.rmhost.single.fq.gz	
ERR210001	PRJEB1220	SAMEA2042192	ERX184666	408170	human gut metagenome	ftp.sra.ebi.ac.uk/vol1/fastq/ERR210/ERR210001/ERR210001.fastq.gz	ftp.sra.ebi.ac.uk/vol1/run/ERR210/ERR210001/MH0041_090125.rmhost.single.fq.gz	
ERR210006	PRJEB1220	SAMEA2042195	ERX184671	408170	human gut metagenome	ftp.sra.ebi.ac.uk/vol1/fastq/ERR210/ERR210006/ERR210006.fastq.gz	ftp.sra.ebi.ac.uk/vol1/run/ERR210/ERR210006/MH0044_081222.rmhost.single.fq.gz	
ERR210010	PRJEB1220	SAMEA2042197	ERX184675	408170	human gut metagenome	ftp.sra.ebi.ac.uk/vol1/fastq/ERR210/ERR210010/ERR210010.fastq.gz	ftp.sra.ebi.ac.uk/vol1/run/ERR210/ERR210010/MH0046_081230.rmhost.single.fq.gz	
ERR210011	PRJEB1220	SAMEA2042197	ERX184676	408170	human gut metagenome	ftp.sra.ebi.ac.uk/vol1/fastq/ERR210/ERR210011/ERR210011.fastq.gz	ftp.sra.ebi.ac.uk/vol1/run/ERR210/ERR210011/MH0046_090125.rmhost.single.fq.gz	
ERR210013	PRJEB1220	SAMEA2042198	ERX184678	408170	human gut metagenome	ftp.sra.ebi.ac.uk/vol1/fastq/ERR210/ERR210013/ERR210013.fastq.gz	ftp.sra.ebi.ac.uk/vol1/run/ERR210/ERR210013/MH0047_090201.rmhost.single.fq.gz	
ERR210018	PRJEB1220	SAMEA2042201	ERX184683	408170	human gut metagenome	ftp.sra.ebi.ac.uk/vol1/fastq/ERR210/ERR210018/ERR210018.fastq.gz	ftp.sra.ebi.ac.uk/vol1/run/ERR210/ERR210018/MH0050_081223.rmhost.single.fq.gz	
ERR210020	PRJEB1220	SAMEA2042202	ERX184685	408170	human gut metagenome	ftp.sra.ebi.ac.uk/vol1/fastq/ERR210/ERR210020/ERR210020.fastq.gz	ftp.sra.ebi.ac.uk/vol1/run/ERR210/ERR210020/MH0051_081226.rmhost.single.fq.gz	
ERR210023	PRJEB1220	SAMEA2042203	ERX184688	408170	human gut metagenome	ftp.sra.ebi.ac.uk/vol1/fastq/ERR210/ERR210023/ERR210023.fastq.gz	ftp.sra.ebi.ac.uk/vol1/run/ERR210/ERR210023/MH0052_090201.rmhost.single.fq.gz	
ERR210024	PRJEB1220	SAMEA2042204	ERX184689	408170	human gut metagenome	ftp.sra.ebi.ac.uk/vol1/fastq/ERR210/ERR210024/ERR210024.fastq.gz	ftp.sra.ebi.ac.uk/vol1/run/ERR210/ERR210024/MH0053_081222.rmhost.single.fq.gz	
ERR210030	PRJEB1220	SAMEA2042287	ERX184695	408170	human gut metagenome	ftp.sra.ebi.ac.uk/vol1/fastq/ERR210/ERR210030/ERR210030.fastq.gz	ftp.sra.ebi.ac.uk/vol1/run/ERR210/ERR210030/MH0056_081230.rmhost.single.fq.gz	
ERR210032	PRJEB1220	SAMEA2042288	ERX184697	408170	human gut metagenome	ftp.sra.ebi.ac.uk/vol1/fastq/ERR210/ERR210032/ERR210032.fastq.gz	ftp.sra.ebi.ac.uk/vol1/run/ERR210/ERR210032/MH0057_081222.rmhost.single.fq.gz	
ERR210045	PRJEB1220	SAMEA2042295	ERX184710	408170	human gut metagenome	ftp.sra.ebi.ac.uk/vol1/fastq/ERR210/ERR210045/ERR210045.fastq.gz	ftp.sra.ebi.ac.uk/vol1/run/ERR210/ERR210045/MH0063_090126.rmhost.single.fq.gz	
ERR210049	PRJEB1220	SAMEA2042297	ERX184714	408170	human gut metagenome	ftp.sra.ebi.ac.uk/vol1/fastq/ERR210/ERR210049/ERR210049.fastq.gz	ftp.sra.ebi.ac.uk/vol1/run/ERR210/ERR210049/MH0065_090126.rmhost.single.fq.gz	
ERR210051	PRJEB1220	SAMEA2042298	ERX184716	408170	human gut metagenome	ftp.sra.ebi.ac.uk/vol1/fastq/ERR210/ERR210051/ERR210051.fastq.gz	ftp.sra.ebi.ac.uk/vol1/run/ERR210/ERR210051/MH0066_090126.rmhost.single.fq.gz	
ERR210055	PRJEB1220	SAMEA2042300	ERX184720	408170	human gut metagenome	ftp.sra.ebi.ac.uk/vol1/fastq/ERR210/ERR210055/ERR210055.fastq.gz	ftp.sra.ebi.ac.uk/vol1/run/ERR210/ERR210055/MH0068_090126.rmhost.single.fq.gz	
ERR210057	PRJEB1220	SAMEA2042301	ERX184722	408170	human gut metagenome	ftp.sra.ebi.ac.uk/vol1/fastq/ERR210/ERR210057/ERR210057.fastq.gz	ftp.sra.ebi.ac.uk/vol1/run/ERR210/ERR210057/MH0069_090103.rmhost.single.fq.gz	
ERR210062	PRJEB1220	SAMEA2042303	ERX184727	408170	human gut metagenome	ftp.sra.ebi.ac.uk/vol1/fastq/ERR210/ERR210062/ERR210062.fastq.gz	ftp.sra.ebi.ac.uk/vol1/run/ERR210/ERR210062/MH0071_090125.rmhost.single.fq.gz	
ERR210063	PRJEB1220	SAMEA2042377	ERX184728	408170	human gut metagenome	ftp.sra.ebi.ac.uk/vol1/fastq/ERR210/ERR210063/ERR210063.fastq.gz	ftp.sra.ebi.ac.uk/vol1/run/ERR210/ERR210063/MH0072_081223.rmhost.single.fq.gz	
ERR210065	PRJEB1220	SAMEA2042378	ERX184730	408170	human gut metagenome	ftp.sra.ebi.ac.uk/vol1/fastq/ERR210/ERR210065/ERR210065.fastq.gz	ftp.sra.ebi.ac.uk/vol1/run/ERR210/ERR210065/MH0073_081223.rmhost.single.fq.gz	
ERR210067	PRJEB1220	SAMEA2042379	ERX184732	408170	human gut metagenome	ftp.sra.ebi.ac.uk/vol1/fastq/ERR210/ERR210067/ERR210067.fastq.gz	ftp.sra.ebi.ac.uk/vol1/run/ERR210/ERR210067/MH0074_081223.rmhost.single.fq.gz	
ERR210070	PRJEB1220	SAMEA2042380	ERX184735	408170	human gut metagenome	ftp.sra.ebi.ac.uk/vol1/fastq/ERR210/ERR210070/ERR210070.fastq.gz	ftp.sra.ebi.ac.uk/vol1/run/ERR210/ERR210070/MH0075_090125.rmhost.single.fq.gz	
ERR210071	PRJEB1220	SAMEA2042381	ERX184736	408170	human gut metagenome	ftp.sra.ebi.ac.uk/vol1/fastq/ERR210/ERR210071/ERR210071.fastq.gz	ftp.sra.ebi.ac.uk/vol1/run/ERR210/ERR210071/MH0076_081223.rmhost.single.fq.gz	
ERR210072	PRJEB1220	SAMEA2042381	ERX184737	408170	human gut metagenome	ftp.sra.ebi.ac.uk/vol1/fastq/ERR210/ERR210072/ERR210072.fastq.gz	ftp.sra.ebi.ac.uk/vol1/run/ERR210/ERR210072/MH0076_090130.rmhost.single.fq.gz	
ERR210073	PRJEB1220	SAMEA2042382	ERX184738	408170	human gut metagenome	ftp.sra.ebi.ac.uk/vol1/fastq/ERR210/ERR210073/ERR210073.fastq.gz	ftp.sra.ebi.ac.uk/vol1/run/ERR210/ERR210073/MH0077_081223.rmhost.single.fq.gz	
ERR210076	PRJEB1220	SAMEA2042383	ERX184741	408170	human gut metagenome	ftp.sra.ebi.ac.uk/vol1/fastq/ERR210/ERR210076/ERR210076.fastq.gz	ftp.sra.ebi.ac.uk/vol1/run/ERR210/ERR210076/MH0078_090130.rmhost.single.fq.gz	
ERR210086	PRJEB1220	SAMEA2042388	ERX184751	408170	human gut metagenome	ftp.sra.ebi.ac.uk/vol1/fastq/ERR210/ERR210086/ERR210086.fastq.gz	ftp.sra.ebi.ac.uk/vol1/run/ERR210/ERR210086/MH0083_090126.rmhost.single.fq.gz	
ERR210088	PRJEB1220	SAMEA2042389	ERX184753	408170	human gut metagenome	ftp.sra.ebi.ac.uk/vol1/fastq/ERR210/ERR210088/ERR210088.fastq.gz	ftp.sra.ebi.ac.uk/vol1/run/ERR210/ERR210088/MH0084_090126.rmhost.single.fq.gz	
ERR210089	PRJEB1220	SAMEA2042391	ERX184754	408170	human gut metagenome	ftp.sra.ebi.ac.uk/vol1/fastq/ERR210/ERR210089/ERR210089.fastq.gz	ftp.sra.ebi.ac.uk/vol1/run/ERR210/ERR210089/MH0085_081223.rmhost.single.fq.gz	
ERR210093	PRJEB1220	SAMEA2042393	ERX184758	408170	human gut metagenome	ftp.sra.ebi.ac.uk/vol1/fastq/ERR210/ERR210093/ERR210093.fastq.gz	ftp.sra.ebi.ac.uk/vol1/run/ERR210/ERR210093/MH0087_20091005.rmhost.single.fq.gz	
ERR210094	PRJEB1220	SAMEA2042393	ERX184759	408170	human gut metagenome	ftp.sra.ebi.ac.uk/vol1/fastq/ERR210/ERR210094/ERR210094.fastq.gz	ftp.sra.ebi.ac.uk/vol1/run/ERR210/ERR210094/MH0087_20100124L8.rmhost.single.fq.gz	
ERR210099	PRJEB1220	SAMEA2042425	ERX184764	408170	human gut metagenome	ftp.sra.ebi.ac.uk/vol1/fastq/ERR210/ERR210099/ERR210099.fastq.gz	ftp.sra.ebi.ac.uk/vol1/run/ERR210/ERR210099/MH0089_20100124L7.rmhost.single.fq.gz	
ERR210100	PRJEB1220	SAMEA2042425	ERX184765	408170	human gut metagenome	ftp.sra.ebi.ac.uk/vol1/fastq/ERR210/ERR210100/ERR210100.fastq.gz	ftp.sra.ebi.ac.uk/vol1/run/ERR210/ERR210100/MH0089_20100125L4.rmhost.single.fq.gz	
ERR210102	PRJEB1220	SAMEA2042426	ERX184767	408170	human gut metagenome	ftp.sra.ebi.ac.uk/vol1/fastq/ERR210/ERR210102/ERR210102.fastq.gz	ftp.sra.ebi.ac.uk/vol1/run/ERR210/ERR210102/MH0090_20091015.rmhost.single.fq.gz	
ERR210103	PRJEB1220	SAMEA2042426	ERX184768	408170	human gut metagenome	ftp.sra.ebi.ac.uk/vol1/fastq/ERR210/ERR210103/ERR210103.fastq.gz	ftp.sra.ebi.ac.uk/vol1/run/ERR210/ERR210103/MH0090_20100128L6.rmhost.single.fq.gz	
ERR210104	PRJEB1220	SAMEA2042426	ERX184769	408170	human gut metagenome	ftp.sra.ebi.ac.uk/vol1/fastq/ERR210/ERR210104/ERR210104.fastq.gz	ftp.sra.ebi.ac.uk/vol1/run/ERR210/ERR210104/MH0090_20100129L2.rmhost.single.fq.gz	
ERR210106	PRJEB1220	SAMEA2042427	ERX184771	408170	human gut metagenome	ftp.sra.ebi.ac.uk/vol1/fastq/ERR210/ERR210106/ERR210106.fastq.gz	ftp.sra.ebi.ac.uk/vol1/run/ERR210/ERR210106/MH0091_20091103.rmhost.single.fq.gz	
ERR210107	PRJEB1220	SAMEA1969296	ERX184772	408170	human gut metagenome	ftp.sra.ebi.ac.uk/vol1/fastq/ERR210/ERR210107/ERR210107.fastq.gz	ftp.sra.ebi.ac.uk/vol1/run/ERR210/ERR210107/MH0092_20091014.rmhost.single.fq.gz	
ERR210110	PRJEB1220	SAMEA1969296	ERX184775	408170	human gut metagenome	ftp.sra.ebi.ac.uk/vol1/fastq/ERR210/ERR210110/ERR210110.fastq.gz	ftp.sra.ebi.ac.uk/vol1/run/ERR210/ERR210110/MH0092_20091126L4.rmhost.single.fq.gz	
ERR210112	PRJEB1220	SAMEA1969296	ERX184777	408170	human gut metagenome	ftp.sra.ebi.ac.uk/vol1/fastq/ERR210/ERR210112/ERR210112.fastq.gz	ftp.sra.ebi.ac.uk/vol1/run/ERR210/ERR210112/MH0092_20091128L4.rmhost.single.fq.gz	
ERR210113	PRJEB1220	SAMEA1969296	ERX184778	408170	human gut metagenome	ftp.sra.ebi.ac.uk/vol1/fastq/ERR210/ERR210113/ERR210113.fastq.gz	ftp.sra.ebi.ac.uk/vol1/run/ERR210/ERR210113/MH0092_20091212L4.rmhost.single.fq.gz	
ERR210114	PRJEB1220	SAMEA2042428	ERX184779	408170	human gut metagenome	ftp.sra.ebi.ac.uk/vol1/fastq/ERR210/ERR210114/ERR210114.fastq.gz	ftp.sra.ebi.ac.uk/vol1/run/ERR210/ERR210114/MH0093_20091014.rmhost.single.fq.gz	
ERR210115	PRJEB1220	SAMEA2042428	ERX184780	408170	human gut metagenome	ftp.sra.ebi.ac.uk/vol1/fastq/ERR210/ERR210115/ERR210115.fastq.gz	ftp.sra.ebi.ac.uk/vol1/run/ERR210/ERR210115/MH0093_20091124L3.rmhost.single.fq.gz	
ERR210119	PRJEB1220	SAMEA2042428	ERX184784	408170	human gut metagenome	ftp.sra.ebi.ac.uk/vol1/fastq/ERR210/ERR210119/ERR210119.fastq.gz	ftp.sra.ebi.ac.uk/vol1/run/ERR210/ERR210119/MH0093_20091212L5.rmhost.single.fq.gz	
ERR210122	PRJEB1220	SAMEA2042429	ERX184787	408170	human gut metagenome	ftp.sra.ebi.ac.uk/vol1/fastq/ERR210/ERR210122/ERR210122.fastq.gz	ftp.sra.ebi.ac.uk/vol1/run/ERR210/ERR210122/MH0094_20091126L4.rmhost.single.fq.gz	
ERR210124	PRJEB1220	SAMEA2042429	ERX184789	408170	human gut metagenome	ftp.sra.ebi.ac.uk/vol1/fastq/ERR210/ERR210124/ERR210124.fastq.gz	ftp.sra.ebi.ac.uk/vol1/run/ERR210/ERR210124/MH0094_20091128L4.rmhost.single.fq.gz	
ERR210127	PRJEB1220	SAMEA2042430	ERX184792	408170	human gut metagenome	ftp.sra.ebi.ac.uk/vol1/fastq/ERR210/ERR210127/ERR210127.fastq.gz	ftp.sra.ebi.ac.uk/vol1/run/ERR210/ERR210127/MH0095_20091124L3.rmhost.single.fq.gz	
ERR210128	PRJEB1220	SAMEA2042430	ERX184793	408170	human gut metagenome	ftp.sra.ebi.ac.uk/vol1/fastq/ERR210/ERR210128/ERR210128.fastq.gz	ftp.sra.ebi.ac.uk/vol1/run/ERR210/ERR210128/MH0095_20091126L6.rmhost.single.fq.gz	
ERR210133	PRJEB1220	SAMEA2042431	ERX184798	408170	human gut metagenome	ftp.sra.ebi.ac.uk/vol1/fastq/ERR210/ERR210133/ERR210133.fastq.gz	ftp.sra.ebi.ac.uk/vol1/run/ERR210/ERR210133/MH0096_20091124L4.rmhost.single.fq.gz	
ERR210134	PRJEB1220	SAMEA2042431	ERX184799	408170	human gut metagenome	ftp.sra.ebi.ac.uk/vol1/fastq/ERR210/ERR210134/ERR210134.fastq.gz	ftp.sra.ebi.ac.uk/vol1/run/ERR210/ERR210134/MH0096_20091126L4.rmhost.single.fq.gz	
ERR210139	PRJEB1220	SAMEA2042433	ERX184804	408170	human gut metagenome	ftp.sra.ebi.ac.uk/vol1/fastq/ERR210/ERR210139/ERR210139.fastq.gz	ftp.sra.ebi.ac.uk/vol1/run/ERR210/ERR210139/MH0097_20091124L3.rmhost.single.fq.gz	
ERR210143	PRJEB1220	SAMEA2042433	ERX184808	408170	human gut metagenome	ftp.sra.ebi.ac.uk/vol1/fastq/ERR210/ERR210143/ERR210143.fastq.gz	ftp.sra.ebi.ac.uk/vol1/run/ERR210/ERR210143/MH0097_20091212L5.rmhost.single.fq.gz	
ERR210144	PRJEB1220	SAMEA2042434	ERX184809	408170	human gut metagenome	ftp.sra.ebi.ac.uk/vol1/fastq/ERR210/ERR210144/ERR210144.fastq.gz	ftp.sra.ebi.ac.uk/vol1/run/ERR210/ERR210144/MH0098_20091014.rmhost.single.fq.gz	
ERR210149	PRJEB1220	SAMEA2042435	ERX184814	408170	human gut metagenome	ftp.sra.ebi.ac.uk/vol1/fastq/ERR210/ERR210149/ERR210149.fastq.gz	ftp.sra.ebi.ac.uk/vol1/run/ERR210/ERR210149/MH0099_20091124L2.rmhost.single.fq.gz	
ERR210150	PRJEB1220	SAMEA2042435	ERX184815	408170	human gut metagenome	ftp.sra.ebi.ac.uk/vol1/fastq/ERR210/ERR210150/ERR210150.fastq.gz	ftp.sra.ebi.ac.uk/vol1/run/ERR210/ERR210150/MH0099_20091124L3.rmhost.single.fq.gz	
ERR210164	PRJEB1220	SAMEA2042437	ERX184829	408170	human gut metagenome	ftp.sra.ebi.ac.uk/vol1/fastq/ERR210/ERR210164/ERR210164.fastq.gz	ftp.sra.ebi.ac.uk/vol1/run/ERR210/ERR210164/MH0102_20091124L6.rmhost.single.fq.gz	
ERR210166	PRJEB1220	SAMEA2042437	ERX184831	408170	human gut metagenome	ftp.sra.ebi.ac.uk/vol1/fastq/ERR210/ERR210166/ERR210166.fastq.gz	ftp.sra.ebi.ac.uk/vol1/run/ERR210/ERR210166/MH0102_20091212L3.rmhost.single.fq.gz	
ERR210168	PRJEB1220	SAMEA2042438	ERX184833	408170	human gut metagenome	ftp.sra.ebi.ac.uk/vol1/fastq/ERR210/ERR210168/ERR210168.fastq.gz	ftp.sra.ebi.ac.uk/vol1/run/ERR210/ERR210168/MH0103_20091124L5.rmhost.single.fq.gz	
ERR210176	PRJEB1220	SAMEA2042488	ERX184841	408170	human gut metagenome	ftp.sra.ebi.ac.uk/vol1/fastq/ERR210/ERR210176/ERR210176.fastq.gz	ftp.sra.ebi.ac.uk/vol1/run/ERR210/ERR210176/MH0104_20091126L7.rmhost.single.fq.gz	
ERR210178	PRJEB1220	SAMEA2042488	ERX184843	408170	human gut metagenome	ftp.sra.ebi.ac.uk/vol1/fastq/ERR210/ERR210178/ERR210178.fastq.gz	ftp.sra.ebi.ac.uk/vol1/run/ERR210/ERR210178/MH0104_20091212L5.rmhost.single.fq.gz	
ERR210191	PRJEB1220	SAMEA2042491	ERX184856	408170	human gut metagenome	ftp.sra.ebi.ac.uk/vol1/fastq/ERR210/ERR210191/ERR210191.fastq.gz	ftp.sra.ebi.ac.uk/vol1/run/ERR210/ERR210191/MH0107_20091015.rmhost.single.fq.gz	
ERR210192	PRJEB1220	SAMEA2042491	ERX184857	408170	human gut metagenome	ftp.sra.ebi.ac.uk/vol1/fastq/ERR210/ERR210192/ERR210192.fastq.gz	ftp.sra.ebi.ac.uk/vol1/run/ERR210/ERR210192/MH0107_20091107L7.rmhost.single.fq.gz	
ERR210194	PRJEB1220	SAMEA2042491	ERX184859	408170	human gut metagenome	ftp.sra.ebi.ac.uk/vol1/fastq/ERR210/ERR210194/ERR210194.fastq.gz	ftp.sra.ebi.ac.uk/vol1/run/ERR210/ERR210194/MH0107_20091124L6.rmhost.single.fq.gz	
ERR210195	PRJEB1220	SAMEA2042491	ERX184860	408170	human gut metagenome	ftp.sra.ebi.ac.uk/vol1/fastq/ERR210/ERR210195/ERR210195.fastq.gz	ftp.sra.ebi.ac.uk/vol1/run/ERR210/ERR210195/MH0107_20091124L7.rmhost.single.fq.gz	
ERR210198	PRJEB1220	SAMEA2042492	ERX184863	408170	human gut metagenome	ftp.sra.ebi.ac.uk/vol1/fastq/ERR210/ERR210198/ERR210198.fastq.gz	ftp.sra.ebi.ac.uk/vol1/run/ERR210/ERR210198/MH0109_20091124L2.rmhost.single.fq.gz	
ERR210199	PRJEB1220	SAMEA2042492	ERX184864	408170	human gut metagenome	ftp.sra.ebi.ac.uk/vol1/fastq/ERR210/ERR210199/ERR210199.fastq.gz	ftp.sra.ebi.ac.uk/vol1/run/ERR210/ERR210199/MH0109_20091124L3.rmhost.single.fq.gz	
ERR210200	PRJEB1220	SAMEA2042492	ERX184865	408170	human gut metagenome	ftp.sra.ebi.ac.uk/vol1/fastq/ERR210/ERR210200/ERR210200.fastq.gz	ftp.sra.ebi.ac.uk/vol1/run/ERR210/ERR210200/MH0109_20091124L4.rmhost.single.fq.gz	
ERR210203	PRJEB1220	SAMEA2042493	ERX184868	408170	human gut metagenome	ftp.sra.ebi.ac.uk/vol1/fastq/ERR210/ERR210203/ERR210203.fastq.gz	ftp.sra.ebi.ac.uk/vol1/run/ERR210/ERR210203/MH0110_20091124L4.rmhost.single.fq.gz	
ERR210206	PRJEB1220	SAMEA2042493	ERX184871	408170	human gut metagenome	ftp.sra.ebi.ac.uk/vol1/fastq/ERR210/ERR210206/ERR210206.fastq.gz	ftp.sra.ebi.ac.uk/vol1/run/ERR210/ERR210206/MH0110_20091128L4.rmhost.single.fq.gz	
ERR210207	PRJEB1220	SAMEA2042493	ERX184872	408170	human gut metagenome	ftp.sra.ebi.ac.uk/vol1/fastq/ERR210/ERR210207/ERR210207.fastq.gz	ftp.sra.ebi.ac.uk/vol1/run/ERR210/ERR210207/MH0110_20091212L4.rmhost.single.fq.gz	
ERR210209	PRJEB1220	SAMEA1965112	ERX184874	408170	human gut metagenome	ftp.sra.ebi.ac.uk/vol1/fastq/ERR210/ERR210209/ERR210209.fastq.gz	ftp.sra.ebi.ac.uk/vol1/run/ERR210/ERR210209/MH0111_20100124L5.rmhost.single.fq.gz	
ERR210210	PRJEB1220	SAMEA1965112	ERX184875	408170	human gut metagenome	ftp.sra.ebi.ac.uk/vol1/fastq/ERR210/ERR210210/ERR210210.fastq.gz	ftp.sra.ebi.ac.uk/vol1/run/ERR210/ERR210210/MH0111_20100305L3.rmhost.single.fq.gz	
ERR210211	PRJEB1220	SAMEA2042495	ERX184876	408170	human gut metagenome	ftp.sra.ebi.ac.uk/vol1/fastq/ERR210/ERR210211/ERR210211.fastq.gz	ftp.sra.ebi.ac.uk/vol1/run/ERR210/ERR210211/MH0113_20091031.rmhost.single.fq.gz	
ERR210213	PRJEB1220	SAMEA2042495	ERX184878	408170	human gut metagenome	ftp.sra.ebi.ac.uk/vol1/fastq/ERR210/ERR210213/ERR210213.fastq.gz	ftp.sra.ebi.ac.uk/vol1/run/ERR210/ERR210213/MH0113_20100125L4.rmhost.single.fq.gz	
ERR210214	PRJEB1220	SAMEA2042495	ERX184879	408170	human gut metagenome	ftp.sra.ebi.ac.uk/vol1/fastq/ERR210/ERR210214/ERR210214.fastq.gz	ftp.sra.ebi.ac.uk/vol1/run/ERR210/ERR210214/MH0113_20100125L5.rmhost.single.fq.gz	
ERR210218	PRJEB1220	SAMEA2042496	ERX184883	408170	human gut metagenome	ftp.sra.ebi.ac.uk/vol1/fastq/ERR210/ERR210218/ERR210218.fastq.gz	ftp.sra.ebi.ac.uk/vol1/run/ERR210/ERR210218/MH0114_20091124L4.rmhost.single.fq.gz	
ERR210227	PRJEB1220	SAMEA2042498	ERX184892	408170	human gut metagenome	ftp.sra.ebi.ac.uk/vol1/fastq/ERR210/ERR210227/ERR210227.fastq.gz	ftp.sra.ebi.ac.uk/vol1/run/ERR210/ERR210227/MH0116_20091128L4.rmhost.single.fq.gz	
ERR210228	PRJEB1220	SAMEA2042498	ERX184893	408170	human gut metagenome	ftp.sra.ebi.ac.uk/vol1/fastq/ERR210/ERR210228/ERR210228.fastq.gz	ftp.sra.ebi.ac.uk/vol1/run/ERR210/ERR210228/MH0116_20091212L4.rmhost.single.fq.gz	
ERR210230	PRJEB1220	SAMEA2042499	ERX184895	408170	human gut metagenome	ftp.sra.ebi.ac.uk/vol1/fastq/ERR210/ERR210230/ERR210230.fastq.gz	ftp.sra.ebi.ac.uk/vol1/run/ERR210/ERR210230/MH0117_20100124L7.rmhost.single.fq.gz	
ERR210232	PRJEB1220	SAMEA2042499	ERX184897	408170	human gut metagenome	ftp.sra.ebi.ac.uk/vol1/fastq/ERR210/ERR210232/ERR210232.fastq.gz	ftp.sra.ebi.ac.uk/vol1/run/ERR210/ERR210232/MH0117_20100125L5.rmhost.single.fq.gz	
ERR210233	PRJEB1220	SAMEA2042500	ERX184898	408170	human gut metagenome	ftp.sra.ebi.ac.uk/vol1/fastq/ERR210/ERR210233/ERR210233.fastq.gz	ftp.sra.ebi.ac.uk/vol1/run/ERR210/ERR210233/MH0118_20091025.rmhost.single.fq.gz	
ERR210235	PRJEB1220	SAMEA2042500	ERX184900	408170	human gut metagenome	ftp.sra.ebi.ac.uk/vol1/fastq/ERR210/ERR210235/ERR210235.fastq.gz	ftp.sra.ebi.ac.uk/vol1/run/ERR210/ERR210235/MH0118_20100305L3.rmhost.single.fq.gz	
ERR210237	PRJEB1220	SAMEA2042501	ERX184902	408170	human gut metagenome	ftp.sra.ebi.ac.uk/vol1/fastq/ERR210/ERR210237/ERR210237.fastq.gz	ftp.sra.ebi.ac.uk/vol1/run/ERR210/ERR210237/MH0120_20100124L6.rmhost.single.fq.gz	
ERR210238	PRJEB1220	SAMEA2042501	ERX184903	408170	human gut metagenome	ftp.sra.ebi.ac.uk/vol1/fastq/ERR210/ERR210238/ERR210238.fastq.gz	ftp.sra.ebi.ac.uk/vol1/run/ERR210/ERR210238/MH0120_20100125L2.rmhost.single.fq.gz	
ERR210241	PRJEB1220	SAMEA2042503	ERX184906	408170	human gut metagenome	ftp.sra.ebi.ac.uk/vol1/fastq/ERR210/ERR210241/ERR210241.fastq.gz	ftp.sra.ebi.ac.uk/vol1/run/ERR210/ERR210241/MH0122_20091023.rmhost.single.fq.gz	
ERR210251	PRJEB1220	SAMEA2042554	ERX184916	408170	human gut metagenome	ftp.sra.ebi.ac.uk/vol1/fastq/ERR210/ERR210251/ERR210251.fastq.gz	ftp.sra.ebi.ac.uk/vol1/run/ERR210/ERR210251/MH0124_20100128L6.rmhost.single.fq.gz	
ERR210255	PRJEB1220	SAMEA2042555	ERX184920	408170	human gut metagenome	ftp.sra.ebi.ac.uk/vol1/fastq/ERR210/ERR210255/ERR210255.fastq.gz	ftp.sra.ebi.ac.uk/vol1/run/ERR210/ERR210255/MH0125_20091011.rmhost.single.fq.gz	
ERR210257	PRJEB1220	SAMEA2042555	ERX184922	408170	human gut metagenome	ftp.sra.ebi.ac.uk/vol1/fastq/ERR210/ERR210257/ERR210257.fastq.gz	ftp.sra.ebi.ac.uk/vol1/run/ERR210/ERR210257/MH0125_20100128L7.rmhost.single.fq.gz	
ERR210258	PRJEB1220	SAMEA2042555	ERX184923	408170	human gut metagenome	ftp.sra.ebi.ac.uk/vol1/fastq/ERR210/ERR210258/ERR210258.fastq.gz	ftp.sra.ebi.ac.uk/vol1/run/ERR210/ERR210258/MH0125_20100128L8.rmhost.single.fq.gz	
ERR210264	PRJEB1220	SAMEA2042557	ERX184929	408170	human gut metagenome	ftp.sra.ebi.ac.uk/vol1/fastq/ERR210/ERR210264/ERR210264.fastq.gz	ftp.sra.ebi.ac.uk/vol1/run/ERR210/ERR210264/MH0127_20100124L7.rmhost.single.fq.gz	
ERR210267	PRJEB1220	SAMEA2042558	ERX184932	408170	human gut metagenome	ftp.sra.ebi.ac.uk/vol1/fastq/ERR210/ERR210267/ERR210267.fastq.gz	ftp.sra.ebi.ac.uk/vol1/run/ERR210/ERR210267/MH0128_20091023.rmhost.single.fq.gz	
ERR210271	PRJEB1220	SAMEA2042559	ERX184936	408170	human gut metagenome	ftp.sra.ebi.ac.uk/vol1/fastq/ERR210/ERR210271/ERR210271.fastq.gz	ftp.sra.ebi.ac.uk/vol1/run/ERR210/ERR210271/MH0129_20091028.rmhost.single.fq.gz	
ERR210278	PRJEB1220	SAMEA2042560	ERX184943	408170	human gut metagenome	ftp.sra.ebi.ac.uk/vol1/fastq/ERR210/ERR210278/ERR210278.fastq.gz	ftp.sra.ebi.ac.uk/vol1/run/ERR210/ERR210278/MH0130_20100129L3.rmhost.single.fq.gz	
ERR210281	PRJEB1220	SAMEA2042561	ERX184946	408170	human gut metagenome	ftp.sra.ebi.ac.uk/vol1/fastq/ERR210/ERR210281/ERR210281.fastq.gz	ftp.sra.ebi.ac.uk/vol1/run/ERR210/ERR210281/MH0132_20100125L4.rmhost.single.fq.gz	
ERR210282	PRJEB1220	SAMEA2042561	ERX184947	408170	human gut metagenome	ftp.sra.ebi.ac.uk/vol1/fastq/ERR210/ERR210282/ERR210282.fastq.gz	ftp.sra.ebi.ac.uk/vol1/run/ERR210/ERR210282/MH0132_20100125L5.rmhost.single.fq.gz	
ERR210283	PRJEB1220	SAMEA2042562	ERX184948	408170	human gut metagenome	ftp.sra.ebi.ac.uk/vol1/fastq/ERR210/ERR210283/ERR210283.fastq.gz	ftp.sra.ebi.ac.uk/vol1/run/ERR210/ERR210283/MH0133_20091028.rmhost.single.fq.gz	
ERR210284	PRJEB1220	SAMEA2042562	ERX184949	408170	human gut metagenome	ftp.sra.ebi.ac.uk/vol1/fastq/ERR210/ERR210284/ERR210284.fastq.gz	ftp.sra.ebi.ac.uk/vol1/run/ERR210/ERR210284/MH0133_20100124L7.rmhost.single.fq.gz	
ERR210286	PRJEB1220	SAMEA2042562	ERX184951	408170	human gut metagenome	ftp.sra.ebi.ac.uk/vol1/fastq/ERR210/ERR210286/ERR210286.fastq.gz	ftp.sra.ebi.ac.uk/vol1/run/ERR210/ERR210286/MH0133_20100125L5.rmhost.single.fq.gz	
ERR210289	PRJEB1220	SAMEA2042563	ERX184954	408170	human gut metagenome	ftp.sra.ebi.ac.uk/vol1/fastq/ERR210/ERR210289/ERR210289.fastq.gz	ftp.sra.ebi.ac.uk/vol1/run/ERR210/ERR210289/MH0134_20100125L2.rmhost.single.fq.gz	
ERR210292	PRJEB1220	SAMEA2042564	ERX184957	408170	human gut metagenome	ftp.sra.ebi.ac.uk/vol1/fastq/ERR210/ERR210292/ERR210292.fastq.gz	ftp.sra.ebi.ac.uk/vol1/run/ERR210/ERR210292/MH0135_20100124L6.rmhost.single.fq.gz	
ERR210293	PRJEB1220	SAMEA2042564	ERX184958	408170	human gut metagenome	ftp.sra.ebi.ac.uk/vol1/fastq/ERR210/ERR210293/ERR210293.fastq.gz	ftp.sra.ebi.ac.uk/vol1/run/ERR210/ERR210293/MH0135_20100125L2.rmhost.single.fq.gz	
ERR210294	PRJEB1220	SAMEA2042564	ERX184959	408170	human gut metagenome	ftp.sra.ebi.ac.uk/vol1/fastq/ERR210/ERR210294/ERR210294.fastq.gz	ftp.sra.ebi.ac.uk/vol1/run/ERR210/ERR210294/MH0135_20100125L3.rmhost.single.fq.gz	
ERR210300	PRJEB1220	SAMEA2042567	ERX184965	408170	human gut metagenome	ftp.sra.ebi.ac.uk/vol1/fastq/ERR210/ERR210300/ERR210300.fastq.gz	ftp.sra.ebi.ac.uk/vol1/run/ERR210/ERR210300/MH0137_20100124L8.rmhost.single.fq.gz	
ERR210302	PRJEB1220	SAMEA2042567	ERX184967	408170	human gut metagenome	ftp.sra.ebi.ac.uk/vol1/fastq/ERR210/ERR210302/ERR210302.fastq.gz	ftp.sra.ebi.ac.uk/vol1/run/ERR210/ERR210302/MH0137_20100128L8.rmhost.single.fq.gz	
ERR210303	PRJEB1220	SAMEA2042568	ERX184968	408170	human gut metagenome	ftp.sra.ebi.ac.uk/vol1/fastq/ERR210/ERR210303/ERR210303.fastq.gz	ftp.sra.ebi.ac.uk/vol1/run/ERR210/ERR210303/MH0138_20091103.rmhost.single.fq.gz	
ERR210304	PRJEB1220	SAMEA2042569	ERX184969	408170	human gut metagenome	ftp.sra.ebi.ac.uk/vol1/fastq/ERR210/ERR210304/ERR210304.fastq.gz	ftp.sra.ebi.ac.uk/vol1/run/ERR210/ERR210304/MH0139_20091115.rmhost.single.fq.gz	
ERR210305	PRJEB1220	SAMEA2042602	ERX184970	408170	human gut metagenome	ftp.sra.ebi.ac.uk/vol1/fastq/ERR210/ERR210305/ERR210305.fastq.gz	ftp.sra.ebi.ac.uk/vol1/run/ERR210/ERR210305/MH0140_20091115.rmhost.single.fq.gz	
ERR210311	PRJEB1220	SAMEA2042607	ERX184976	408170	human gut metagenome	ftp.sra.ebi.ac.uk/vol1/fastq/ERR210/ERR210311/ERR210311.fastq.gz	ftp.sra.ebi.ac.uk/vol1/run/ERR210/ERR210311/MH0145_20100124L5.rmhost.single.fq.gz	
ERR210312	PRJEB1220	SAMEA2042608	ERX184977	408170	human gut metagenome	ftp.sra.ebi.ac.uk/vol1/fastq/ERR210/ERR210312/ERR210312.fastq.gz	ftp.sra.ebi.ac.uk/vol1/run/ERR210/ERR210312/MH0146_20091116.rmhost.single.fq.gz	
ERR210313	PRJEB1220	SAMEA2042609	ERX184978	408170	human gut metagenome	ftp.sra.ebi.ac.uk/vol1/fastq/ERR210/ERR210313/ERR210313.fastq.gz	ftp.sra.ebi.ac.uk/vol1/run/ERR210/ERR210313/MH0147_20091116.rmhost.single.fq.gz	
ERR210316	PRJEB1220	SAMEA2042609	ERX184981	408170	human gut metagenome	ftp.sra.ebi.ac.uk/vol1/fastq/ERR210/ERR210316/ERR210316.fastq.gz	ftp.sra.ebi.ac.uk/vol1/run/ERR210/ERR210316/MH0147_20100129L3.rmhost.single.fq.gz	
ERR210318	PRJEB1220	SAMEA2042611	ERX184983	408170	human gut metagenome	ftp.sra.ebi.ac.uk/vol1/fastq/ERR210/ERR210318/ERR210318.fastq.gz	ftp.sra.ebi.ac.uk/vol1/run/ERR210/ERR210318/MH0148_20100124L7.rmhost.single.fq.gz	
ERR210319	PRJEB1220	SAMEA2042611	ERX184984	408170	human gut metagenome	ftp.sra.ebi.ac.uk/vol1/fastq/ERR210/ERR210319/ERR210319.fastq.gz	ftp.sra.ebi.ac.uk/vol1/run/ERR210/ERR210319/MH0148_20100125L4.rmhost.single.fq.gz	
ERR210320	PRJEB1220	SAMEA2042611	ERX184985	408170	human gut metagenome	ftp.sra.ebi.ac.uk/vol1/fastq/ERR210/ERR210320/ERR210320.fastq.gz	ftp.sra.ebi.ac.uk/vol1/run/ERR210/ERR210320/MH0148_20100125L5.rmhost.single.fq.gz	
ERR210327	PRJEB1220	SAMEA2042617	ERX184992	408170	human gut metagenome	ftp.sra.ebi.ac.uk/vol1/fastq/ERR210/ERR210327/ERR210327.fastq.gz	ftp.sra.ebi.ac.uk/vol1/run/ERR210/ERR210327/MH0156_20091111.rmhost.single.fq.gz	
ERR210328	PRJEB1220	SAMEA2042643	ERX184993	408170	human gut metagenome	ftp.sra.ebi.ac.uk/vol1/fastq/ERR210/ERR210328/ERR210328.fastq.gz	ftp.sra.ebi.ac.uk/vol1/run/ERR210/ERR210328/MH0157_20091111.rmhost.single.fq.gz	
ERR210330	PRJEB1220	SAMEA2042644	ERX184995	408170	human gut metagenome	ftp.sra.ebi.ac.uk/vol1/fastq/ERR210/ERR210330/ERR210330.fastq.gz	ftp.sra.ebi.ac.uk/vol1/run/ERR210/ERR210330/MH0159_20091111.rmhost.single.fq.gz	
ERR210331	PRJEB1220	SAMEA2042645	ERX184996	408170	human gut metagenome	ftp.sra.ebi.ac.uk/vol1/fastq/ERR210/ERR210331/ERR210331.fastq.gz	ftp.sra.ebi.ac.uk/vol1/run/ERR210/ERR210331/MH0160_20091111.rmhost.single.fq.gz	
ERR210334	PRJEB1220	SAMEA2042647	ERX184999	408170	human gut metagenome	ftp.sra.ebi.ac.uk/vol1/fastq/ERR210/ERR210334/ERR210334.fastq.gz	ftp.sra.ebi.ac.uk/vol1/run/ERR210/ERR210334/MH0163_20100124L5.rmhost.single.fq.gz	
ERR210336	PRJEB1220	SAMEA2042649	ERX185001	408170	human gut metagenome	ftp.sra.ebi.ac.uk/vol1/fastq/ERR210/ERR210336/ERR210336.fastq.gz	ftp.sra.ebi.ac.uk/vol1/run/ERR210/ERR210336/MH0165_20091031.rmhost.single.fq.gz	
ERR210339	PRJEB1220	SAMEA2042649	ERX185004	408170	human gut metagenome	ftp.sra.ebi.ac.uk/vol1/fastq/ERR210/ERR210339/ERR210339.fastq.gz	ftp.sra.ebi.ac.uk/vol1/run/ERR210/ERR210339/MH0165_20100125L3.rmhost.single.fq.gz	
ERR210340	PRJEB1220	SAMEA2042649	ERX185005	408170	human gut metagenome	ftp.sra.ebi.ac.uk/vol1/fastq/ERR210/ERR210340/ERR210340.fastq.gz	ftp.sra.ebi.ac.uk/vol1/run/ERR210/ERR210340/MH0165_20100305L3.rmhost.single.fq.gz	
ERR210344	PRJEB1220	SAMEA2042651	ERX185009	408170	human gut metagenome	ftp.sra.ebi.ac.uk/vol1/fastq/ERR210/ERR210344/ERR210344.fastq.gz	ftp.sra.ebi.ac.uk/vol1/run/ERR210/ERR210344/MH0167_20091031.rmhost.single.fq.gz	
ERR210349	PRJEB1220	SAMEA2042653	ERX185014	408170	human gut metagenome	ftp.sra.ebi.ac.uk/vol1/fastq/ERR210/ERR210349/ERR210349.fastq.gz	ftp.sra.ebi.ac.uk/vol1/run/ERR210/ERR210349/MH0168_20100124L6.rmhost.single.fq.gz	
ERR210351	PRJEB1220	SAMEA2042653	ERX185016	408170	human gut metagenome	ftp.sra.ebi.ac.uk/vol1/fastq/ERR210/ERR210351/ERR210351.fastq.gz	ftp.sra.ebi.ac.uk/vol1/run/ERR210/ERR210351/MH0168_20100125L3.rmhost.single.fq.gz	
ERR210353	PRJEB1220	SAMEA2042654	ERX185018	408170	human gut metagenome	ftp.sra.ebi.ac.uk/vol1/fastq/ERR210/ERR210353/ERR210353.fastq.gz	ftp.sra.ebi.ac.uk/vol1/run/ERR210/ERR210353/MH0169_20100124L5.rmhost.single.fq.gz	
ERR210360	PRJEB1220	SAMEA2042658	ERX185025	408170	human gut metagenome	ftp.sra.ebi.ac.uk/vol1/fastq/ERR210/ERR210360/ERR210360.fastq.gz	ftp.sra.ebi.ac.uk/vol1/run/ERR210/ERR210360/MH0174_20091110.rmhost.single.fq.gz	
ERR210364	PRJEB1220	SAMEA2042730	ERX185029	408170	human gut metagenome	ftp.sra.ebi.ac.uk/vol1/fastq/ERR210/ERR210364/ERR210364.fastq.gz	ftp.sra.ebi.ac.uk/vol1/run/ERR210/ERR210364/MH0177_20100125L2.rmhost.single.fq.gz	
ERR210366	PRJEB1220	SAMEA2042731	ERX185031	408170	human gut metagenome	ftp.sra.ebi.ac.uk/vol1/fastq/ERR210/ERR210366/ERR210366.fastq.gz	ftp.sra.ebi.ac.uk/vol1/run/ERR210/ERR210366/MH0178_20091110.rmhost.single.fq.gz	
ERR210369	PRJEB1220	SAMEA2042734	ERX185034	408170	human gut metagenome	ftp.sra.ebi.ac.uk/vol1/fastq/ERR210/ERR210369/ERR210369.fastq.gz	ftp.sra.ebi.ac.uk/vol1/run/ERR210/ERR210369/MH0181_20091117.rmhost.single.fq.gz	
ERR210372	PRJEB1220	SAMEA2042737	ERX185037	408170	human gut metagenome	ftp.sra.ebi.ac.uk/vol1/fastq/ERR210/ERR210372/ERR210372.fastq.gz	ftp.sra.ebi.ac.uk/vol1/run/ERR210/ERR210372/MH0183_20100124L6.rmhost.single.fq.gz	
ERR210376	PRJEB1220	SAMEA2042738	ERX185041	408170	human gut metagenome	ftp.sra.ebi.ac.uk/vol1/fastq/ERR210/ERR210376/ERR210376.fastq.gz	ftp.sra.ebi.ac.uk/vol1/run/ERR210/ERR210376/MH0184_20100128L6.rmhost.single.fq.gz	
ERR210377	PRJEB1220	SAMEA2042738	ERX185042	408170	human gut metagenome	ftp.sra.ebi.ac.uk/vol1/fastq/ERR210/ERR210377/ERR210377.fastq.gz	ftp.sra.ebi.ac.uk/vol1/run/ERR210/ERR210377/MH0184_20100129L2.rmhost.single.fq.gz	
ERR210383	PRJEB1220	SAMEA2042743	ERX185048	408170	human gut metagenome	ftp.sra.ebi.ac.uk/vol1/fastq/ERR210/ERR210383/ERR210383.fastq.gz	ftp.sra.ebi.ac.uk/vol1/run/ERR210/ERR210383/O2.UC11-0_090112.rmhost.single.fq.gz	
ERR210387	PRJEB1220	SAMEA2042745	ERX185052	408170	human gut metagenome	ftp.sra.ebi.ac.uk/vol1/fastq/ERR210/ERR210387/ERR210387.fastq.gz	ftp.sra.ebi.ac.uk/vol1/run/ERR210/ERR210387/O2.UC12-0_090127.rmhost.single.fq.gz	
ERR210390	PRJEB1220	SAMEA2042829	ERX185055	408170	human gut metagenome	ftp.sra.ebi.ac.uk/vol1/fastq/ERR210/ERR210390/ERR210390.fastq.gz	ftp.sra.ebi.ac.uk/vol1/run/ERR210/ERR210390/O2.UC13-0_090114.rmhost.single.fq.gz	
ERR210395	PRJEB1220	SAMEA2042830	ERX185060	408170	human gut metagenome	ftp.sra.ebi.ac.uk/vol1/fastq/ERR210/ERR210395/ERR210395.fastq.gz	ftp.sra.ebi.ac.uk/vol1/run/ERR210/ERR210395/O2.UC14-2_20091130.rmhost.single.fq.gz	
ERR210402	PRJEB1220	SAMEA2042839	ERX185067	408170	human gut metagenome	ftp.sra.ebi.ac.uk/vol1/fastq/ERR210/ERR210402/ERR210402.fastq.gz	ftp.sra.ebi.ac.uk/vol1/run/ERR210/ERR210402/O2.UC18-0_090117.rmhost.single.fq.gz	
ERR210405	PRJEB1220	SAMEA2042838	ERX185070	408170	human gut metagenome	ftp.sra.ebi.ac.uk/vol1/fastq/ERR210/ERR210405/ERR210405.fastq.gz	ftp.sra.ebi.ac.uk/vol1/run/ERR210/ERR210405/O2.UC18-2_2010122.rmhost.single.fq.gz	
ERR210407	PRJEB1220	SAMEA2042837	ERX185072	408170	human gut metagenome	ftp.sra.ebi.ac.uk/vol1/fastq/ERR210/ERR210407/ERR210407.fastq.gz	ftp.sra.ebi.ac.uk/vol1/run/ERR210/ERR210407/O2.UC19-0_090129.rmhost.single.fq.gz	
ERR210415	PRJEB1220	SAMEA2042911	ERX185080	408170	human gut metagenome	ftp.sra.ebi.ac.uk/vol1/fastq/ERR210/ERR210415/ERR210415.fastq.gz	ftp.sra.ebi.ac.uk/vol1/run/ERR210/ERR210415/O2.UC20-2_20091130.rmhost.single.fq.gz	
ERR210419	PRJEB1220	SAMEA2042914	ERX185084	408170	human gut metagenome	ftp.sra.ebi.ac.uk/vol1/fastq/ERR210/ERR210419/ERR210419.fastq.gz	ftp.sra.ebi.ac.uk/vol1/run/ERR210/ERR210419/O2.UC22-0_090117.rmhost.single.fq.gz	
ERR210420	PRJEB1220	SAMEA2042914	ERX185085	408170	human gut metagenome	ftp.sra.ebi.ac.uk/vol1/fastq/ERR210/ERR210420/ERR210420.fastq.gz	ftp.sra.ebi.ac.uk/vol1/run/ERR210/ERR210420/O2.UC22-0_090129.rmhost.single.fq.gz	
ERR210421	PRJEB1220	SAMEA2042841	ERX185086	408170	human gut metagenome	ftp.sra.ebi.ac.uk/vol1/fastq/ERR210/ERR210421/ERR210421.fastq.gz	ftp.sra.ebi.ac.uk/vol1/run/ERR210/ERR210421/O2.UC2-2_20091125.rmhost.single.fq.gz	
ERR210422	PRJEB1220	SAMEA1968361	ERX185087	408170	human gut metagenome	ftp.sra.ebi.ac.uk/vol1/fastq/ERR210/ERR210422/ERR210422.fastq.gz	ftp.sra.ebi.ac.uk/vol1/run/ERR210/ERR210422/O2.UC22-2_100409.rmhost.single.fq.gz	
ERR210424	PRJEB1220	SAMEA2042915	ERX185089	408170	human gut metagenome	ftp.sra.ebi.ac.uk/vol1/fastq/ERR210/ERR210424/ERR210424.fastq.gz	ftp.sra.ebi.ac.uk/vol1/run/ERR210/ERR210424/O2.UC23-0_090129.rmhost.single.fq.gz	
ERR210428	PRJEB1220	SAMEA2042917	ERX185093	408170	human gut metagenome	ftp.sra.ebi.ac.uk/vol1/fastq/ERR210/ERR210428/ERR210428.fastq.gz	ftp.sra.ebi.ac.uk/vol1/run/ERR210/ERR210428/O2.UC24-0_090120.rmhost.single.fq.gz	
ERR210432	PRJEB1220	SAMEA2042920	ERX185097	408170	human gut metagenome	ftp.sra.ebi.ac.uk/vol1/fastq/ERR210/ERR210432/ERR210432.fastq.gz	ftp.sra.ebi.ac.uk/vol1/run/ERR210/ERR210432/O2.UC26-2_20091130.rmhost.single.fq.gz	
ERR210437	PRJEB1220	SAMEA2042923	ERX185102	408170	human gut metagenome	ftp.sra.ebi.ac.uk/vol1/fastq/ERR210/ERR210437/ERR210437.fastq.gz	ftp.sra.ebi.ac.uk/vol1/run/ERR210/ERR210437/O2.UC29-2_100423.rmhost.single.fq.gz	
ERR210440	PRJEB1220	SAMEA2042924	ERX185105	408170	human gut metagenome	ftp.sra.ebi.ac.uk/vol1/fastq/ERR210/ERR210440/ERR210440.fastq.gz	ftp.sra.ebi.ac.uk/vol1/run/ERR210/ERR210440/O2.UC3-0_20100204.rmhost.single.fq.gz	
ERR210443	PRJEB1220	SAMEA2042982	ERX185108	408170	human gut metagenome	ftp.sra.ebi.ac.uk/vol1/fastq/ERR210/ERR210443/ERR210443.fastq.gz	ftp.sra.ebi.ac.uk/vol1/run/ERR210/ERR210443/O2.UC30-2_20100130.rmhost.single.fq.gz	
ERR210444	PRJEB1220	SAMEA2042982	ERX185109	408170	human gut metagenome	ftp.sra.ebi.ac.uk/vol1/fastq/ERR210/ERR210444/ERR210444.fastq.gz	ftp.sra.ebi.ac.uk/vol1/run/ERR210/ERR210444/O2.UC30-2_20100204.rmhost.single.fq.gz	
ERR210446	PRJEB1220	SAMEA2042983	ERX185111	408170	human gut metagenome	ftp.sra.ebi.ac.uk/vol1/fastq/ERR210/ERR210446/ERR210446.fastq.gz	ftp.sra.ebi.ac.uk/vol1/run/ERR210/ERR210446/O2.UC31-0_20100130.rmhost.single.fq.gz	
ERR210448	PRJEB1220	SAMEA2042984	ERX185113	408170	human gut metagenome	ftp.sra.ebi.ac.uk/vol1/fastq/ERR210/ERR210448/ERR210448.fastq.gz	ftp.sra.ebi.ac.uk/vol1/run/ERR210/ERR210448/O2.UC31-2_20100112.rmhost.single.fq.gz	
ERR210449	PRJEB1220	SAMEA2042984	ERX185114	408170	human gut metagenome	ftp.sra.ebi.ac.uk/vol1/fastq/ERR210/ERR210449/ERR210449.fastq.gz	ftp.sra.ebi.ac.uk/vol1/run/ERR210/ERR210449/O2.UC31-2_20100130.rmhost.single.fq.gz	
ERR210452	PRJEB1220	SAMEA2042980	ERX185117	408170	human gut metagenome	ftp.sra.ebi.ac.uk/vol1/fastq/ERR210/ERR210452/ERR210452.fastq.gz	ftp.sra.ebi.ac.uk/vol1/run/ERR210/ERR210452/O2.UC3-2_2010122.rmhost.single.fq.gz	
ERR210454	PRJEB1220	SAMEA2042986	ERX185119	408170	human gut metagenome	ftp.sra.ebi.ac.uk/vol1/fastq/ERR210/ERR210454/ERR210454.fastq.gz	ftp.sra.ebi.ac.uk/vol1/run/ERR210/ERR210454/O2.UC32-2_100423.rmhost.single.fq.gz	
ERR210455	PRJEB1220	SAMEA2042987	ERX185120	408170	human gut metagenome	ftp.sra.ebi.ac.uk/vol1/fastq/ERR210/ERR210455/ERR210455.fastq.gz	ftp.sra.ebi.ac.uk/vol1/run/ERR210/ERR210455/O2.UC34-0_20100113.rmhost.single.fq.gz	
ERR210458	PRJEB1220	SAMEA2042990	ERX185123	408170	human gut metagenome	ftp.sra.ebi.ac.uk/vol1/fastq/ERR210/ERR210458/ERR210458.fastq.gz	ftp.sra.ebi.ac.uk/vol1/run/ERR210/ERR210458/O2.UC35-2_20100114.rmhost.single.fq.gz	
ERR210473	PRJEB1220	SAMEA2043046	ERX185138	408170	human gut metagenome	ftp.sra.ebi.ac.uk/vol1/fastq/ERR210/ERR210473/ERR210473.fastq.gz	ftp.sra.ebi.ac.uk/vol1/run/ERR210/ERR210473/O2.UC43-2_20100114.rmhost.single.fq.gz	
ERR210482	PRJEB1220	SAMEA2043051	ERX185147	408170	human gut metagenome	ftp.sra.ebi.ac.uk/vol1/fastq/ERR210/ERR210482/ERR210482.fastq.gz	ftp.sra.ebi.ac.uk/vol1/run/ERR210/ERR210482/O2.UC47-0_20100130.rmhost.single.fq.gz	
ERR210483	PRJEB1220	SAMEA2043051	ERX185148	408170	human gut metagenome	ftp.sra.ebi.ac.uk/vol1/fastq/ERR210/ERR210483/ERR210483.fastq.gz	ftp.sra.ebi.ac.uk/vol1/run/ERR210/ERR210483/O2.UC47-0_20100204.rmhost.single.fq.gz	
ERR210486	PRJEB1220	SAMEA1964914	ERX185151	408170	human gut metagenome	ftp.sra.ebi.ac.uk/vol1/fastq/ERR210/ERR210486/ERR210486.fastq.gz	ftp.sra.ebi.ac.uk/vol1/run/ERR210/ERR210486/O2.UC47-2_20100204.rmhost.single.fq.gz	
ERR210490	PRJEB1220	SAMEA1968035	ERX185155	408170	human gut metagenome	ftp.sra.ebi.ac.uk/vol1/fastq/ERR210/ERR210490/ERR210490.fastq.gz	ftp.sra.ebi.ac.uk/vol1/run/ERR210/ERR210490/O2.UC48-2_20100130.rmhost.single.fq.gz	
ERR210491	PRJEB1220	SAMEA1968035	ERX185156	408170	human gut metagenome	ftp.sra.ebi.ac.uk/vol1/fastq/ERR210/ERR210491/ERR210491.fastq.gz	ftp.sra.ebi.ac.uk/vol1/run/ERR210/ERR210491/O2.UC48-2_20100204.rmhost.single.fq.gz	
ERR210493	PRJEB1220	SAMEA2041923	ERX185158	408170	human gut metagenome	ftp.sra.ebi.ac.uk/vol1/fastq/ERR210/ERR210493/ERR210493.fastq.gz	ftp.sra.ebi.ac.uk/vol1/run/ERR210/ERR210493/O2.UC49-0_100423.rmhost.single.fq.gz	
ERR210497	PRJEB1220	SAMEA2041927	ERX185162	408170	human gut metagenome	ftp.sra.ebi.ac.uk/vol1/fastq/ERR210/ERR210497/ERR210497.fastq.gz	ftp.sra.ebi.ac.uk/vol1/run/ERR210/ERR210497/O2.UC50-0_100423.rmhost.single.fq.gz	
ERR210500	PRJEB1220	SAMEA2041928	ERX185165	408170	human gut metagenome	ftp.sra.ebi.ac.uk/vol1/fastq/ERR210/ERR210500/ERR210500.fastq.gz	ftp.sra.ebi.ac.uk/vol1/run/ERR210/ERR210500/O2.UC50-2_100403.rmhost.single.fq.gz	
ERR210501	PRJEB1220	SAMEA2041930	ERX185166	408170	human gut metagenome	ftp.sra.ebi.ac.uk/vol1/fastq/ERR210/ERR210501/ERR210501.fastq.gz	ftp.sra.ebi.ac.uk/vol1/run/ERR210/ERR210501/O2.UC51-0_20100208.rmhost.single.fq.gz	
ERR210512	PRJEB1220	SAMEA2041936	ERX185177	408170	human gut metagenome	ftp.sra.ebi.ac.uk/vol1/fastq/ERR210/ERR210512/ERR210512.fastq.gz	ftp.sra.ebi.ac.uk/vol1/run/ERR210/ERR210512/O2.UC54-0_20100114.rmhost.single.fq.gz	
ERR210514	PRJEB1220	SAMEA2041938	ERX185179	408170	human gut metagenome	ftp.sra.ebi.ac.uk/vol1/fastq/ERR210/ERR210514/ERR210514.fastq.gz	ftp.sra.ebi.ac.uk/vol1/run/ERR210/ERR210514/O2.UC55-0_20100114.rmhost.single.fq.gz	
ERR210518	PRJEB1220	SAMEA2042001	ERX185183	408170	human gut metagenome	ftp.sra.ebi.ac.uk/vol1/fastq/ERR210/ERR210518/ERR210518.fastq.gz	ftp.sra.ebi.ac.uk/vol1/run/ERR210/ERR210518/O2.UC57-0_20100114.rmhost.single.fq.gz	
ERR210519	PRJEB1220	SAMEA2042002	ERX185184	408170	human gut metagenome	ftp.sra.ebi.ac.uk/vol1/fastq/ERR210/ERR210519/ERR210519.fastq.gz	ftp.sra.ebi.ac.uk/vol1/run/ERR210/ERR210519/O2.UC57-2_20100114.rmhost.single.fq.gz	
ERR210522	PRJEB1220	SAMEA2042005	ERX185187	408170	human gut metagenome	ftp.sra.ebi.ac.uk/vol1/fastq/ERR210/ERR210522/ERR210522.fastq.gz	ftp.sra.ebi.ac.uk/vol1/run/ERR210/ERR210522/O2.UC59-0_20100114.rmhost.single.fq.gz	
ERR210525	PRJEB1220	SAMEA2042007	ERX185190	408170	human gut metagenome	ftp.sra.ebi.ac.uk/vol1/fastq/ERR210/ERR210525/ERR210525.fastq.gz	ftp.sra.ebi.ac.uk/vol1/run/ERR210/ERR210525/O2.UC60-0_2010122.rmhost.single.fq.gz	
ERR210527	PRJEB1220	SAMEA2042010	ERX185192	408170	human gut metagenome	ftp.sra.ebi.ac.uk/vol1/fastq/ERR210/ERR210527/ERR210527.fastq.gz	ftp.sra.ebi.ac.uk/vol1/run/ERR210/ERR210527/O2.UC9-0_100409.rmhost.single.fq.gz	
ERR210529	PRJEB1220	SAMEA2042011	ERX185194	408170	human gut metagenome	ftp.sra.ebi.ac.uk/vol1/fastq/ERR210/ERR210529/ERR210529.fastq.gz	ftp.sra.ebi.ac.uk/vol1/run/ERR210/ERR210529/O2.UC9-2_20100208.rmhost.single.fq.gz	
ERR210530	PRJEB1220	SAMEA2042011	ERX185195	408170	human gut metagenome	ftp.sra.ebi.ac.uk/vol1/fastq/ERR210/ERR210530/ERR210530.fastq.gz	ftp.sra.ebi.ac.uk/vol1/run/ERR210/ERR210530/O2.UC9-2_2010122.rmhost.single.fq.gz	
ERR210531	PRJEB1220	SAMEA1968151	ERX185196	408170	human gut metagenome	ftp.sra.ebi.ac.uk/vol1/fastq/ERR210/ERR210531/ERR210531.fastq.gz	ftp.sra.ebi.ac.uk/vol1/run/ERR210/ERR210531/V1.CD10-0_2010122.rmhost.single.fq.gz	
ERR210532	PRJEB1220	SAMEA2042012	ERX185197	408170	human gut metagenome	ftp.sra.ebi.ac.uk/vol1/fastq/ERR210/ERR210532/ERR210532.fastq.gz	ftp.sra.ebi.ac.uk/vol1/run/ERR210/ERR210532/V1.CD1-0_090107.rmhost.single.fq.gz	
ERR210535	PRJEB1220	SAMEA2042013	ERX185200	408170	human gut metagenome	ftp.sra.ebi.ac.uk/vol1/fastq/ERR210/ERR210535/ERR210535.fastq.gz	ftp.sra.ebi.ac.uk/vol1/run/ERR210/ERR210535/V1.CD11-0_090127.rmhost.single.fq.gz	
ERR210536	PRJEB1220	SAMEA2042014	ERX185201	408170	human gut metagenome	ftp.sra.ebi.ac.uk/vol1/fastq/ERR210/ERR210536/ERR210536.fastq.gz	ftp.sra.ebi.ac.uk/vol1/run/ERR210/ERR210536/V1.CD12-0_090105.rmhost.single.fq.gz	
ERR210538	PRJEB1220	SAMEA2042101	ERX185203	408170	human gut metagenome	ftp.sra.ebi.ac.uk/vol1/fastq/ERR210/ERR210538/ERR210538.fastq.gz	ftp.sra.ebi.ac.uk/vol1/run/ERR210/ERR210538/V1.CD13-0_090105.rmhost.single.fq.gz	
ERR210541	PRJEB1220	SAMEA2042102	ERX185206	408170	human gut metagenome	ftp.sra.ebi.ac.uk/vol1/fastq/ERR210/ERR210541/ERR210541.fastq.gz	ftp.sra.ebi.ac.uk/vol1/run/ERR210/ERR210541/V1.CD14-0_090127.rmhost.single.fq.gz	
ERR210545	PRJEB1220	SAMEA2042103	ERX185210	408170	human gut metagenome	ftp.sra.ebi.ac.uk/vol1/fastq/ERR210/ERR210545/ERR210545.fastq.gz	ftp.sra.ebi.ac.uk/vol1/run/ERR210/ERR210545/V1.CD15-3_100715.rmhost.single.fq.gz	
ERR210546	PRJEB1220	SAMEA2042104	ERX185211	408170	human gut metagenome	ftp.sra.ebi.ac.uk/vol1/fastq/ERR210/ERR210546/ERR210546.fastq.gz	ftp.sra.ebi.ac.uk/vol1/run/ERR210/ERR210546/V1.CD16-0_100130.rmhost.single.fq.gz	
ERR210548	PRJEB1220	SAMEA2042106	ERX185213	408170	human gut metagenome	ftp.sra.ebi.ac.uk/vol1/fastq/ERR210/ERR210548/ERR210548.fastq.gz	ftp.sra.ebi.ac.uk/vol1/run/ERR210/ERR210548/V1.CD17-4_100518.rmhost.single.fq.gz	
ERR210552	PRJEB1220	SAMEA2042108	ERX185217	408170	human gut metagenome	ftp.sra.ebi.ac.uk/vol1/fastq/ERR210/ERR210552/ERR210552.fastq.gz	ftp.sra.ebi.ac.uk/vol1/run/ERR210/ERR210552/V1.CD18-3_100518.rmhost.single.fq.gz	
ERR210555	PRJEB1220	SAMEA2042109	ERX185220	408170	human gut metagenome	ftp.sra.ebi.ac.uk/vol1/fastq/ERR210/ERR210555/ERR210555.fastq.gz	ftp.sra.ebi.ac.uk/vol1/run/ERR210/ERR210555/V1.CD19-0_100527.rmhost.single.fq.gz	
ERR210557	PRJEB1220	SAMEA2042110	ERX185222	408170	human gut metagenome	ftp.sra.ebi.ac.uk/vol1/fastq/ERR210/ERR210557/ERR210557.fastq.gz	ftp.sra.ebi.ac.uk/vol1/run/ERR210/ERR210557/V1.CD2-0_090126.rmhost.single.fq.gz	
ERR210570	PRJEB1220	SAMEA2042217	ERX185235	408170	human gut metagenome	ftp.sra.ebi.ac.uk/vol1/fastq/ERR210/ERR210570/ERR210570.fastq.gz	ftp.sra.ebi.ac.uk/vol1/run/ERR210/ERR210570/V1.CD27-0_2010122.rmhost.single.fq.gz	
ERR210573	PRJEB1220	SAMEA2042219	ERX185238	408170	human gut metagenome	ftp.sra.ebi.ac.uk/vol1/fastq/ERR210/ERR210573/ERR210573.fastq.gz	ftp.sra.ebi.ac.uk/vol1/run/ERR210/ERR210573/V1.CD29-0_2010122.rmhost.single.fq.gz	
ERR210575	PRJEB1220	SAMEA2042220	ERX185240	408170	human gut metagenome	ftp.sra.ebi.ac.uk/vol1/fastq/ERR210/ERR210575/ERR210575.fastq.gz	ftp.sra.ebi.ac.uk/vol1/run/ERR210/ERR210575/V1.CD3-0_090107.rmhost.single.fq.gz	
ERR210578	PRJEB1220	SAMEA2042222	ERX185243	408170	human gut metagenome	ftp.sra.ebi.ac.uk/vol1/fastq/ERR210/ERR210578/ERR210578.fastq.gz	ftp.sra.ebi.ac.uk/vol1/run/ERR210/ERR210578/V1.CD31-0_2010123.rmhost.single.fq.gz	
ERR210579	PRJEB1220	SAMEA2042223	ERX185244	408170	human gut metagenome	ftp.sra.ebi.ac.uk/vol1/fastq/ERR210/ERR210579/ERR210579.fastq.gz	ftp.sra.ebi.ac.uk/vol1/run/ERR210/ERR210579/V1.CD34-0_100518.rmhost.single.fq.gz	
ERR210580	PRJEB1220	SAMEA2042223	ERX185245	408170	human gut metagenome	ftp.sra.ebi.ac.uk/vol1/fastq/ERR210/ERR210580/ERR210580.fastq.gz	ftp.sra.ebi.ac.uk/vol1/run/ERR210/ERR210580/V1.CD34-0_100527.rmhost.single.fq.gz	
ERR210583	PRJEB1220	SAMEA2042225	ERX185248	408170	human gut metagenome	ftp.sra.ebi.ac.uk/vol1/fastq/ERR210/ERR210583/ERR210583.fastq.gz	ftp.sra.ebi.ac.uk/vol1/run/ERR210/ERR210583/V1.CD35-1_100518.rmhost.single.fq.gz	
ERR210585	PRJEB1220	SAMEA2042226	ERX185250	408170	human gut metagenome	ftp.sra.ebi.ac.uk/vol1/fastq/ERR210/ERR210585/ERR210585.fastq.gz	ftp.sra.ebi.ac.uk/vol1/run/ERR210/ERR210585/V1.CD36-0_100518.rmhost.single.fq.gz	
ERR210586	PRJEB1220	SAMEA2042226	ERX185251	408170	human gut metagenome	ftp.sra.ebi.ac.uk/vol1/fastq/ERR210/ERR210586/ERR210586.fastq.gz	ftp.sra.ebi.ac.uk/vol1/run/ERR210/ERR210586/V1.CD36-0_100527.rmhost.single.fq.gz	
ERR210587	PRJEB1220	SAMEA2042304	ERX185252	408170	human gut metagenome	ftp.sra.ebi.ac.uk/vol1/fastq/ERR210/ERR210587/ERR210587.fastq.gz	ftp.sra.ebi.ac.uk/vol1/run/ERR210/ERR210587/V1.CD38-0_100518.rmhost.single.fq.gz	
ERR210597	PRJEB1220	SAMEA1963786	ERX185262	408170	human gut metagenome	ftp.sra.ebi.ac.uk/vol1/fastq/ERR210/ERR210597/ERR210597.fastq.gz	ftp.sra.ebi.ac.uk/vol1/run/ERR210/ERR210597/V1.CD6-4_100518.rmhost.single.fq.gz	
ERR210599	PRJEB1220	SAMEA2042398	ERX185264	408170	human gut metagenome	ftp.sra.ebi.ac.uk/vol1/fastq/ERR210/ERR210599/ERR210599.fastq.gz	ftp.sra.ebi.ac.uk/vol1/run/ERR210/ERR210599/V1.CD7-0_2010122.rmhost.single.fq.gz	
ERR210603	PRJEB1220	SAMEA2042400	ERX185268	408170	human gut metagenome	ftp.sra.ebi.ac.uk/vol1/fastq/ERR210/ERR210603/ERR210603.fastq.gz	ftp.sra.ebi.ac.uk/vol1/run/ERR210/ERR210603/V1.CD8-0_090127.rmhost.single.fq.gz	
ERR210606	PRJEB1220	SAMEA2042403	ERX185271	408170	human gut metagenome	ftp.sra.ebi.ac.uk/vol1/fastq/ERR210/ERR210606/ERR210606.fastq.gz	ftp.sra.ebi.ac.uk/vol1/run/ERR210/ERR210606/V1.UC10-0_090110.rmhost.single.fq.gz	
ERR210607	PRJEB1220	SAMEA2042403	ERX185272	408170	human gut metagenome	ftp.sra.ebi.ac.uk/vol1/fastq/ERR210/ERR210607/ERR210607.fastq.gz	ftp.sra.ebi.ac.uk/vol1/run/ERR210/ERR210607/V1.UC10-0_090129.rmhost.single.fq.gz	
ERR210608	PRJEB1220	SAMEA2042402	ERX185273	408170	human gut metagenome	ftp.sra.ebi.ac.uk/vol1/fastq/ERR210/ERR210608/ERR210608.fastq.gz	ftp.sra.ebi.ac.uk/vol1/run/ERR210/ERR210608/V1.UC1-0_100130.rmhost.single.fq.gz	
ERR210614	PRJEB1220	SAMEA2042406	ERX185279	408170	human gut metagenome	ftp.sra.ebi.ac.uk/vol1/fastq/ERR210/ERR210614/ERR210614.fastq.gz	ftp.sra.ebi.ac.uk/vol1/run/ERR210/ERR210614/V1.UC11-5_100715.rmhost.single.fq.gz	
ERR210619	PRJEB1220	SAMEA2042439	ERX185284	408170	human gut metagenome	ftp.sra.ebi.ac.uk/vol1/fastq/ERR210/ERR210619/ERR210619.fastq.gz	ftp.sra.ebi.ac.uk/vol1/run/ERR210/ERR210619/V1.UC13-0_090129.rmhost.single.fq.gz	
ERR210622	PRJEB1220	SAMEA2042441	ERX185287	408170	human gut metagenome	ftp.sra.ebi.ac.uk/vol1/fastq/ERR210/ERR210622/ERR210622.fastq.gz	ftp.sra.ebi.ac.uk/vol1/run/ERR210/ERR210622/V1.UC14-0_090110.rmhost.single.fq.gz	
ERR210623	PRJEB1220	SAMEA2042441	ERX185288	408170	human gut metagenome	ftp.sra.ebi.ac.uk/vol1/fastq/ERR210/ERR210623/ERR210623.fastq.gz	ftp.sra.ebi.ac.uk/vol1/run/ERR210/ERR210623/V1.UC14-0_090127.rmhost.single.fq.gz	
ERR210625	PRJEB1220	SAMEA1966253	ERX185290	408170	human gut metagenome	ftp.sra.ebi.ac.uk/vol1/fastq/ERR210/ERR210625/ERR210625.fastq.gz	ftp.sra.ebi.ac.uk/vol1/run/ERR210/ERR210625/V1.UC14-1_100525.rmhost.single.fq.gz	
ERR210626	PRJEB1220	SAMEA2042442	ERX185291	408170	human gut metagenome	ftp.sra.ebi.ac.uk/vol1/fastq/ERR210/ERR210626/ERR210626.fastq.gz	ftp.sra.ebi.ac.uk/vol1/run/ERR210/ERR210626/V1.UC15-0_090110.rmhost.single.fq.gz	
ERR210629	PRJEB1220	SAMEA2042443	ERX185294	408170	human gut metagenome	ftp.sra.ebi.ac.uk/vol1/fastq/ERR210/ERR210629/ERR210629.fastq.gz	ftp.sra.ebi.ac.uk/vol1/run/ERR210/ERR210629/V1.UC15-3_100525.rmhost.single.fq.gz	
ERR210633	PRJEB1220	SAMEA2042445	ERX185298	408170	human gut metagenome	ftp.sra.ebi.ac.uk/vol1/fastq/ERR210/ERR210633/ERR210633.fastq.gz	ftp.sra.ebi.ac.uk/vol1/run/ERR210/ERR210633/V1.UC17-0_090127.rmhost.single.fq.gz	
ERR210634	PRJEB1220	SAMEA2042446	ERX185299	408170	human gut metagenome	ftp.sra.ebi.ac.uk/vol1/fastq/ERR210/ERR210634/ERR210634.fastq.gz	ftp.sra.ebi.ac.uk/vol1/run/ERR210/ERR210634/V1.UC17-2_100515.rmhost.single.fq.gz	
ERR210635	PRJEB1220	SAMEA2042446	ERX185300	408170	human gut metagenome	ftp.sra.ebi.ac.uk/vol1/fastq/ERR210/ERR210635/ERR210635.fastq.gz	ftp.sra.ebi.ac.uk/vol1/run/ERR210/ERR210635/V1.UC17-2_100525.rmhost.single.fq.gz	
ERR210644	PRJEB1220	SAMEA2042452	ERX185309	408170	human gut metagenome	ftp.sra.ebi.ac.uk/vol1/fastq/ERR210/ERR210644/ERR210644.fastq.gz	ftp.sra.ebi.ac.uk/vol1/run/ERR210/ERR210644/V1.UC21-4_100525.rmhost.single.fq.gz	
ERR210645	PRJEB1220	SAMEA2042453	ERX185310	408170	human gut metagenome	ftp.sra.ebi.ac.uk/vol1/fastq/ERR210/ERR210645/ERR210645.fastq.gz	ftp.sra.ebi.ac.uk/vol1/run/ERR210/ERR210645/V1.UC23-0_20100205.rmhost.single.fq.gz	
ERR210646	PRJEB1220	SAMEA2042453	ERX185311	408170	human gut metagenome	ftp.sra.ebi.ac.uk/vol1/fastq/ERR210/ERR210646/ERR210646.fastq.gz	ftp.sra.ebi.ac.uk/vol1/run/ERR210/ERR210646/V1.UC23-0_20100305.rmhost.single.fq.gz	
ERR210648	PRJEB1220	SAMEA2042504	ERX185313	408170	human gut metagenome	ftp.sra.ebi.ac.uk/vol1/fastq/ERR210/ERR210648/ERR210648.fastq.gz	ftp.sra.ebi.ac.uk/vol1/run/ERR210/ERR210648/V1.UC23-1_100525.rmhost.single.fq.gz	
ERR210649	PRJEB1220	SAMEA2042505	ERX185314	408170	human gut metagenome	ftp.sra.ebi.ac.uk/vol1/fastq/ERR210/ERR210649/ERR210649.fastq.gz	ftp.sra.ebi.ac.uk/vol1/run/ERR210/ERR210649/V1.UC24-0_20100205.rmhost.single.fq.gz	
ERR210651	PRJEB1220	SAMEA2042450	ERX185316	408170	human gut metagenome	ftp.sra.ebi.ac.uk/vol1/fastq/ERR210/ERR210651/ERR210651.fastq.gz	ftp.sra.ebi.ac.uk/vol1/run/ERR210/ERR210651/V1.UC2-4_100518.rmhost.single.fq.gz	
ERR210652	PRJEB1220	SAMEA2042450	ERX185317	408170	human gut metagenome	ftp.sra.ebi.ac.uk/vol1/fastq/ERR210/ERR210652/ERR210652.fastq.gz	ftp.sra.ebi.ac.uk/vol1/run/ERR210/ERR210652/V1.UC2-4_100527.rmhost.single.fq.gz	
ERR210653	PRJEB1220	SAMEA2042506	ERX185318	408170	human gut metagenome	ftp.sra.ebi.ac.uk/vol1/fastq/ERR210/ERR210653/ERR210653.fastq.gz	ftp.sra.ebi.ac.uk/vol1/run/ERR210/ERR210653/V1.UC25-0_20100208.rmhost.single.fq.gz	
ERR210654	PRJEB1220	SAMEA2042506	ERX185319	408170	human gut metagenome	ftp.sra.ebi.ac.uk/vol1/fastq/ERR210/ERR210654/ERR210654.fastq.gz	ftp.sra.ebi.ac.uk/vol1/run/ERR210/ERR210654/V1.UC25-0_2010123.rmhost.single.fq.gz	
ERR210658	PRJEB1220	SAMEA2042508	ERX185323	408170	human gut metagenome	ftp.sra.ebi.ac.uk/vol1/fastq/ERR210/ERR210658/ERR210658.fastq.gz	ftp.sra.ebi.ac.uk/vol1/run/ERR210/ERR210658/V1.UC26-0_2010123.rmhost.single.fq.gz	
ERR210660	PRJEB1220	SAMEA2042509	ERX185325	408170	human gut metagenome	ftp.sra.ebi.ac.uk/vol1/fastq/ERR210/ERR210660/ERR210660.fastq.gz	ftp.sra.ebi.ac.uk/vol1/run/ERR210/ERR210660/V1.UC26-4_100715.rmhost.single.fq.gz	
ERR210664	PRJEB1220	SAMEA2042512	ERX185329	408170	human gut metagenome	ftp.sra.ebi.ac.uk/vol1/fastq/ERR210/ERR210664/ERR210664.fastq.gz	ftp.sra.ebi.ac.uk/vol1/run/ERR210/ERR210664/V1.UC29-0_20100206.rmhost.single.fq.gz	
ERR210665	PRJEB1220	SAMEA2042512	ERX185330	408170	human gut metagenome	ftp.sra.ebi.ac.uk/vol1/fastq/ERR210/ERR210665/ERR210665.fastq.gz	ftp.sra.ebi.ac.uk/vol1/run/ERR210/ERR210665/V1.UC29-0_20100305.rmhost.single.fq.gz	
ERR210671	PRJEB1220	SAMEA2042519	ERX185336	408170	human gut metagenome	ftp.sra.ebi.ac.uk/vol1/fastq/ERR210/ERR210671/ERR210671.fastq.gz	ftp.sra.ebi.ac.uk/vol1/run/ERR210/ERR210671/V1.UC32-0_100515.rmhost.single.fq.gz	
ERR210672	PRJEB1220	SAMEA2042519	ERX185337	408170	human gut metagenome	ftp.sra.ebi.ac.uk/vol1/fastq/ERR210/ERR210672/ERR210672.fastq.gz	ftp.sra.ebi.ac.uk/vol1/run/ERR210/ERR210672/V1.UC32-0_100525.rmhost.single.fq.gz	
ERR210674	PRJEB1220	SAMEA2042515	ERX185339	408170	human gut metagenome	ftp.sra.ebi.ac.uk/vol1/fastq/ERR210/ERR210674/ERR210674.fastq.gz	ftp.sra.ebi.ac.uk/vol1/run/ERR210/ERR210674/V1.UC3-2_100527.rmhost.single.fq.gz	
ERR210679	PRJEB1220	SAMEA2042571	ERX185344	408170	human gut metagenome	ftp.sra.ebi.ac.uk/vol1/fastq/ERR210/ERR210679/ERR210679.fastq.gz	ftp.sra.ebi.ac.uk/vol1/run/ERR210/ERR210679/V1.UC35-0_100515.rmhost.single.fq.gz	
ERR210680	PRJEB1220	SAMEA2042571	ERX185345	408170	human gut metagenome	ftp.sra.ebi.ac.uk/vol1/fastq/ERR210/ERR210680/ERR210680.fastq.gz	ftp.sra.ebi.ac.uk/vol1/run/ERR210/ERR210680/V1.UC35-0_100525.rmhost.single.fq.gz	
ERR210682	PRJEB1220	SAMEA2042572	ERX185347	408170	human gut metagenome	ftp.sra.ebi.ac.uk/vol1/fastq/ERR210/ERR210682/ERR210682.fastq.gz	ftp.sra.ebi.ac.uk/vol1/run/ERR210/ERR210682/V1.UC35-4_100715.rmhost.single.fq.gz	
ERR210684	PRJEB1220	SAMEA2042573	ERX185349	408170	human gut metagenome	ftp.sra.ebi.ac.uk/vol1/fastq/ERR210/ERR210684/ERR210684.fastq.gz	ftp.sra.ebi.ac.uk/vol1/run/ERR210/ERR210684/V1.UC36-0_2010123.rmhost.single.fq.gz	
ERR210686	PRJEB1220	SAMEA2042575	ERX185351	408170	human gut metagenome	ftp.sra.ebi.ac.uk/vol1/fastq/ERR210/ERR210686/ERR210686.fastq.gz	ftp.sra.ebi.ac.uk/vol1/run/ERR210/ERR210686/V1.UC38-0_100515.rmhost.single.fq.gz	
ERR210687	PRJEB1220	SAMEA2042575	ERX185352	408170	human gut metagenome	ftp.sra.ebi.ac.uk/vol1/fastq/ERR210/ERR210687/ERR210687.fastq.gz	ftp.sra.ebi.ac.uk/vol1/run/ERR210/ERR210687/V1.UC38-0_100525.rmhost.single.fq.gz	
ERR210689	PRJEB1220	SAMEA2042576	ERX185354	408170	human gut metagenome	ftp.sra.ebi.ac.uk/vol1/fastq/ERR210/ERR210689/ERR210689.fastq.gz	ftp.sra.ebi.ac.uk/vol1/run/ERR210/ERR210689/V1.UC39-0_2010123.rmhost.single.fq.gz	
ERR210691	PRJEB1220	SAMEA2042579	ERX185356	408170	human gut metagenome	ftp.sra.ebi.ac.uk/vol1/fastq/ERR210/ERR210691/ERR210691.fastq.gz	ftp.sra.ebi.ac.uk/vol1/run/ERR210/ERR210691/V1.UC40-0_2010121.rmhost.single.fq.gz	
ERR210696	PRJEB1220	SAMEA2042582	ERX185361	408170	human gut metagenome	ftp.sra.ebi.ac.uk/vol1/fastq/ERR210/ERR210696/ERR210696.fastq.gz	ftp.sra.ebi.ac.uk/vol1/run/ERR210/ERR210696/V1.UC43-0_100515.rmhost.single.fq.gz	
ERR210697	PRJEB1220	SAMEA2042582	ERX185362	408170	human gut metagenome	ftp.sra.ebi.ac.uk/vol1/fastq/ERR210/ERR210697/ERR210697.fastq.gz	ftp.sra.ebi.ac.uk/vol1/run/ERR210/ERR210697/V1.UC43-0_100525.rmhost.single.fq.gz	
ERR210701	PRJEB1220	SAMEA2042578	ERX185366	408170	human gut metagenome	ftp.sra.ebi.ac.uk/vol1/fastq/ERR210/ERR210701/ERR210701.fastq.gz	ftp.sra.ebi.ac.uk/vol1/run/ERR210/ERR210701/V1.UC4-5_100703.rmhost.single.fq.gz	
ERR210702	PRJEB1220	SAMEA2042578	ERX185367	408170	human gut metagenome	ftp.sra.ebi.ac.uk/vol1/fastq/ERR210/ERR210702/ERR210702.fastq.gz	ftp.sra.ebi.ac.uk/vol1/run/ERR210/ERR210702/V1.UC4-5_100715.rmhost.single.fq.gz	
ERR210703	PRJEB1220	SAMEA2042585	ERX185368	408170	human gut metagenome	ftp.sra.ebi.ac.uk/vol1/fastq/ERR210/ERR210703/ERR210703.fastq.gz	ftp.sra.ebi.ac.uk/vol1/run/ERR210/ERR210703/V1.UC46-0_20100208.rmhost.single.fq.gz	
ERR210705	PRJEB1220	SAMEA2042618	ERX185370	408170	human gut metagenome	ftp.sra.ebi.ac.uk/vol1/fastq/ERR210/ERR210705/ERR210705.fastq.gz	ftp.sra.ebi.ac.uk/vol1/run/ERR210/ERR210705/V1.UC47-0_2010121.rmhost.single.fq.gz	
ERR210706	PRJEB1220	SAMEA2042619	ERX185371	408170	human gut metagenome	ftp.sra.ebi.ac.uk/vol1/fastq/ERR210/ERR210706/ERR210706.fastq.gz	ftp.sra.ebi.ac.uk/vol1/run/ERR210/ERR210706/V1.UC48-0_100515.rmhost.single.fq.gz	
ERR210709	PRJEB1220	SAMEA2042620	ERX185374	408170	human gut metagenome	ftp.sra.ebi.ac.uk/vol1/fastq/ERR210/ERR210709/ERR210709.fastq.gz	ftp.sra.ebi.ac.uk/vol1/run/ERR210/ERR210709/V1.UC49-0_100525.rmhost.single.fq.gz	
ERR210713	PRJEB1220	SAMEA2042624	ERX185378	408170	human gut metagenome	ftp.sra.ebi.ac.uk/vol1/fastq/ERR210/ERR210713/ERR210713.fastq.gz	ftp.sra.ebi.ac.uk/vol1/run/ERR210/ERR210713/V1.UC50-1_100522.rmhost.single.fq.gz	
ERR210715	PRJEB1220	SAMEA2042625	ERX185380	408170	human gut metagenome	ftp.sra.ebi.ac.uk/vol1/fastq/ERR210/ERR210715/ERR210715.fastq.gz	ftp.sra.ebi.ac.uk/vol1/run/ERR210/ERR210715/V1.UC51-0_100522.rmhost.single.fq.gz	
ERR210716	PRJEB1220	SAMEA2042625	ERX185381	408170	human gut metagenome	ftp.sra.ebi.ac.uk/vol1/fastq/ERR210/ERR210716/ERR210716.fastq.gz	ftp.sra.ebi.ac.uk/vol1/run/ERR210/ERR210716/V1.UC51-0_100525.rmhost.single.fq.gz	
ERR210717	PRJEB1220	SAMEA2042626	ERX185382	408170	human gut metagenome	ftp.sra.ebi.ac.uk/vol1/fastq/ERR210/ERR210717/ERR210717.fastq.gz	ftp.sra.ebi.ac.uk/vol1/run/ERR210/ERR210717/V1.UC51-4_100522.rmhost.single.fq.gz	
ERR210718	PRJEB1220	SAMEA2042626	ERX185383	408170	human gut metagenome	ftp.sra.ebi.ac.uk/vol1/fastq/ERR210/ERR210718/ERR210718.fastq.gz	ftp.sra.ebi.ac.uk/vol1/run/ERR210/ERR210718/V1.UC51-4_100525.rmhost.single.fq.gz	
ERR210719	PRJEB1220	SAMEA2042627	ERX185384	408170	human gut metagenome	ftp.sra.ebi.ac.uk/vol1/fastq/ERR210/ERR210719/ERR210719.fastq.gz	ftp.sra.ebi.ac.uk/vol1/run/ERR210/ERR210719/V1.UC52-0_100522.rmhost.single.fq.gz	
ERR210721	PRJEB1220	SAMEA2042628	ERX185386	408170	human gut metagenome	ftp.sra.ebi.ac.uk/vol1/fastq/ERR210/ERR210721/ERR210721.fastq.gz	ftp.sra.ebi.ac.uk/vol1/run/ERR210/ERR210721/V1.UC52-1_100515.rmhost.single.fq.gz	
ERR210723	PRJEB1220	SAMEA2042628	ERX185388	408170	human gut metagenome	ftp.sra.ebi.ac.uk/vol1/fastq/ERR210/ERR210723/ERR210723.fastq.gz	ftp.sra.ebi.ac.uk/vol1/run/ERR210/ERR210723/V1.UC52-1_100529.rmhost.single.fq.gz	
ERR210724	PRJEB1220	SAMEA1965191	ERX185389	408170	human gut metagenome	ftp.sra.ebi.ac.uk/vol1/fastq/ERR210/ERR210724/ERR210724.fastq.gz	ftp.sra.ebi.ac.uk/vol1/run/ERR210/ERR210724/V1.UC53-0_100515.rmhost.single.fq.gz	
ERR210728	PRJEB1220	SAMEA2042623	ERX185393	408170	human gut metagenome	ftp.sra.ebi.ac.uk/vol1/fastq/ERR210/ERR210728/ERR210728.fastq.gz	ftp.sra.ebi.ac.uk/vol1/run/ERR210/ERR210728/V1.UC5-3_100715.rmhost.single.fq.gz	
ERR210729	PRJEB1220	SAMEA2042629	ERX185394	408170	human gut metagenome	ftp.sra.ebi.ac.uk/vol1/fastq/ERR210/ERR210729/ERR210729.fastq.gz	ftp.sra.ebi.ac.uk/vol1/run/ERR210/ERR210729/V1.UC53-4_100515.rmhost.single.fq.gz	
ERR210734	PRJEB1220	SAMEA2042630	ERX185399	408170	human gut metagenome	ftp.sra.ebi.ac.uk/vol1/fastq/ERR210/ERR210734/ERR210734.fastq.gz	ftp.sra.ebi.ac.uk/vol1/run/ERR210/ERR210734/V1.UC54-0_100529.rmhost.single.fq.gz	
ERR210738	PRJEB1220	SAMEA2042633	ERX185403	408170	human gut metagenome	ftp.sra.ebi.ac.uk/vol1/fastq/ERR210/ERR210738/ERR210738.fastq.gz	ftp.sra.ebi.ac.uk/vol1/run/ERR210/ERR210738/V1.UC55-4_100515.rmhost.single.fq.gz	
ERR210742	PRJEB1220	SAMEA2042659	ERX185407	408170	human gut metagenome	ftp.sra.ebi.ac.uk/vol1/fastq/ERR210/ERR210742/ERR210742.fastq.gz	ftp.sra.ebi.ac.uk/vol1/run/ERR210/ERR210742/V1.UC56-0_100527.rmhost.single.fq.gz	
ERR210745	PRJEB1220	SAMEA2042660	ERX185410	408170	human gut metagenome	ftp.sra.ebi.ac.uk/vol1/fastq/ERR210/ERR210745/ERR210745.fastq.gz	ftp.sra.ebi.ac.uk/vol1/run/ERR210/ERR210745/V1.UC58-0_100518.rmhost.single.fq.gz	
ERR210746	PRJEB1220	SAMEA2042660	ERX185411	408170	human gut metagenome	ftp.sra.ebi.ac.uk/vol1/fastq/ERR210/ERR210746/ERR210746.fastq.gz	ftp.sra.ebi.ac.uk/vol1/run/ERR210/ERR210746/V1.UC58-0_100527.rmhost.single.fq.gz	
ERR210747	PRJEB1220	SAMEA2042662	ERX185412	408170	human gut metagenome	ftp.sra.ebi.ac.uk/vol1/fastq/ERR210/ERR210747/ERR210747.fastq.gz	ftp.sra.ebi.ac.uk/vol1/run/ERR210/ERR210747/V1.UC6-0_090104.rmhost.single.fq.gz	
ERR210748	PRJEB1220	SAMEA2042662	ERX185413	408170	human gut metagenome	ftp.sra.ebi.ac.uk/vol1/fastq/ERR210/ERR210748/ERR210748.fastq.gz	ftp.sra.ebi.ac.uk/vol1/run/ERR210/ERR210748/V1.UC6-0_090129.rmhost.single.fq.gz	
ERR210757	PRJEB1220	SAMEA2042665	ERX185422	408170	human gut metagenome	ftp.sra.ebi.ac.uk/vol1/fastq/ERR210/ERR210757/ERR210757.fastq.gz	ftp.sra.ebi.ac.uk/vol1/run/ERR210/ERR210757/V1.UC9-0_090110.rmhost.single.fq.gz	
