taxon	stderr	estimate
1XD42-69 sp014287635	0.092556718501336	-0.140524550610974
43-108 sp001915545	0.156248567323498	-0.126196842312998
51-20 sp900542055	0.0706866620404648	-0.0957462408949058
AF33-28 sp003477885	0.0737368390504236	-0.098989600623877
AM07-15 sp003477405	0.0996790984851384	-0.192696917622196
AM51-8 sp003478275	0.0498394780898535	-0.0517894722045715
AM51-8 sp900546435	0.174689339105272	-0.0206869291457434
AM51-8 sp900761925	0.116073213342523	0.0487147134468298
Absicoccus sp000434355	0.102855931108255	0.176193060250005
Acetatifactor sp003447295	0.115728390477766	-0.18682749333756
Acetatifactor sp900066365	0.0821320992400753	-0.0264056710770104
Acetatifactor sp900066565	0.122806610972215	-0.15078683175383
Acetatifactor sp900554205	0.0319341762435223	-0.0239109290677722
Acetatifactor sp900755865	0.0857493227154751	-0.104528523884456
Acetatifactor sp900760705	0.113575717679495	-0.0433232006704285
Acetatifactor sp900766575	0.0564754470028286	-0.0279975019043218
Acetatifactor sp900771995	0.12306498260809	-0.123276274298922
Acetatifactor sp900772845	0.0733675134090978	-0.0768110756052816
Acetivibrio_A ethanolgignens	0.0893341772167105	-0.0863294814389996
Acidaminococcus fermentans	0.19752477050801	0.309068715945633
Acidaminococcus fermentans_A	0.113843554565355	0.176630405820788
Acidaminococcus intestini	0.247208490472845	0.593535550345209
Acidaminococcus massiliensis	0.257981381154526	0.468893581082536
Acidaminococcus provencensis	0.136143814843939	0.0895737895984752
Acidaminococcus sp000437815	0.333531535742695	0.122558826961051
Acidaminococcus sp900538365	0.237661728821878	-0.0126802604958066
Acidaminococcus sp900770265	0.220454360031439	0.0536179641556571
Acidaminococcus timonensis	0.153231401004166	0.297139309701033
Actinomyces graevenitzii	0.0843651872098724	-0.102154694939072
Actinomyces oris	0.112584897415271	0.114613070703783
Acutalibacter sp000432995	0.0525826365024877	0.0391339905710835
Acutalibacter sp000435395	0.280893379660833	0.400457610202114
Acutalibacter sp900543305	0.207608998301312	0.23206482297306
Acutalibacter sp900543555	0.378381546836043	0.464792872539243
Acutalibacter sp900548545	0.0456659207488669	0.0631419636767196
Acutalibacter sp900755895	0.0681693804039685	-0.0639451018308758
Acutalibacter sp900759575	0.349424515061121	0.34501636359349
Acutalibacter timonensis	0.30689227352266	0.270855977570185
Adlercreutzia celatus_A	0.17910399533962	0.0485527992887257
Agathobacter faecis	0.350732211715137	-0.0679357551201068
Agathobacter rectalis	0.174964848869895	0.129110811302359
Agathobacter sp000434275	0.191255493886628	-0.125369296730501
Agathobacter sp900543445	0.229608688624942	-0.0769180191791696
Agathobacter sp900546625	0.165641011860219	0.140981264890979
Agathobacter sp900547695	0.0877012514751528	0.000809610979080565
Agathobacter sp900548765	0.158368437164092	-0.0437095769259253
Agathobacter sp900549895	0.245524906701266	-0.122606232164826
Agathobacter sp900550545	0.201912050229375	-0.0957285641360304
Agathobacter sp900552085	0.218662011642627	-0.0576105562387886
Agathobaculum butyriciproducens	0.202468294833309	-0.197579377481334
Agathobaculum desmolans	0.121051297379428	0.0225804558625807
Agathobaculum sp003481705	0.159884428942694	-0.212487623082643
Agathobaculum sp900291975	0.0558069721129083	0.0823322523732889
Agathobaculum sp900544475	0.0537189445898886	-0.0406232676850237
Agathobaculum sp900555465	0.212481359374065	-0.0794456243133286
Agathobaculum sp900557315	0.0278858530191944	-0.0060162135723382
Aggregatibacter segnis	0.25801807712936	0.433835890774033
Akkermansia muciniphila	0.267637493860311	0.264144616383292
Akkermansia muciniphila_A	0.451736422514972	0.372533336430236
Akkermansia muciniphila_B	0.187634526360296	-0.198589334339349
Akkermansia muciniphila_C	0.406499221923642	-0.119160344819186
Akkermansia sp001580195	0.340850840848782	0.287601082091349
Akkermansia sp004167605	0.303051735413461	0.278072722732928
Akkermansia sp900545155	0.265910048859274	0.380107543429128
Alistipes communis	0.490701122987219	0.413776192186727
Alistipes dispar	0.458150387524488	0.365027306495358
Alistipes finegoldii	0.0693248221933191	-0.0586960351718658
Alistipes onderdonkii	0.0976949185957853	-0.0750498689972753
Alistipes provencensis	0.123200740625508	-0.0844997226171066
Alistipes putredinis	0.157003654794261	-0.121334411673704
Alistipes senegalensis	0.322179847829995	0.134705989885397
Alistipes shahii	0.325738393755287	0.0905449093891317
Alistipes sp000434235	0.229527139058128	0.0840569641462135
Alistipes sp001941065	0.314799994912536	0.146178357423723
Alistipes sp002161445	0.172066248768082	-0.000644503404715588
Alistipes sp002358415	0.319050266278836	0.164113026902391
Alistipes sp900021155	0.301652300375442	0.23746944699619
Alistipes sp900290115	0.438309114099121	0.252854108306663
Alistipes sp900541585	0.353349244249062	0.164830287966658
Alistipes sp900542505	0.341114780217287	0.0227425361184852
Alistipes sp900544265	0.477093411847593	0.0802694039729147
Alistipes sp900546065	0.300405323032977	0.0593942352653614
Alistipes sp900548155	0.323004262703784	-0.308575541220772
Alistipes sp900549305	0.339117761943778	0.0521565751111103
Alistipes sp900550375	0.273220902165033	0.21511443098038
Alistipes sp900550925	0.234797585727313	-0.00548007862951536
Alistipes sp900552955	0.0472311037345127	0.0304920486360141
Alistipes sp900553175	0.0419654832971924	-0.0483473047790921
Alistipes sp900760675	0.177489176086082	-0.115213828954179
Alistipes sp900761235	0.0725812808893733	0.0532532551263113
Alistipes sp900768015	0.117635444266008	0.0740210061686945
Alistipes sp900768045	0.0630361061416766	0.0717197240359765
Alistipes sp900769405	0.18442261478183	-0.128274839017957
Alistipes sp900769445	0.0454363804160667	0.0271447391968295
Alistipes sp900769745	0.170473280720865	-0.162324490014613
Alistipes sp900770585	0.193467745516057	-0.391770223241117
Alistipes sp900770635	0.144410028731019	-0.0773683816973853
Alistipes sp902363575	0.168690819484555	0.0324813416358659
Alistipes sp902388705	0.0688458747394164	-0.0218444503709641
Alistipes timonensis	0.299450940595503	0.0921878318156659
Alistipes_A ihumii	0.462051956251361	0.212214565548015
Alistipes_A indistinctus	0.341128219723473	0.084335535246186
Alistipes_A sp900240235	0.0699133596116346	-0.0764157740554251
Alistipes_A sp900539755	0.0655259916772585	-0.0162672649066269
Alistipes_A sp900545315	0.222111106662799	0.130211038271404
Alistipes_A sp900546005	0.118303669697062	0.0222684366351046
Alistipes_A sp900549685	0.061748893043932	-0.0558128649333635
Allisonella histaminiformans	0.234380132356403	0.0872114304890519
Alloprevotella tannerae	0.119871901867008	-0.0812223583774166
Alloscardovia omnicolens	0.206176899810294	-0.0575464410290413
Alterileibacterium massiliense	0.168863668780355	-0.152908976702712
Amedibacillus dolichus	0.185300802751036	-0.170988671187531
Amedibacterium intestinale	0.0566661781661796	-0.101114691421476
Amulumruptor caecigallinarius	0.10738093652151	0.0833385211460758
Amulumruptor sp001689515	0.216934595512342	-0.0907950156274831
Amulumruptor sp900539915	0.234646355893219	-0.152746895250548
Amulumruptor sp900547825	0.153377260545301	0.0512004883070187
An172 sp002160515	0.0391132607614358	0.0109875350235312
An181 sp002160325	0.0375428561103961	0.0420608875373059
An23 sp900545755	0.055943811268367	-0.0822556064079612
An92 sp900199495	0.149869416714278	-0.144924933403217
Anaerobutyricum hallii	0.154199910385745	0.161514265355252
Anaerobutyricum soehngenii	0.116305669178483	0.0845711657836876
Anaerobutyricum sp002161065	0.138024503569283	0.142555166108393
Anaerobutyricum sp900754855	0.148534398487878	0.080134948129323
Anaerocolumna aminovalerica	0.0260198930008998	-0.00714814093153401
Anaerofustis sp900549875	0.145543517644153	-0.134929137363178
Anaerofustis stercorihominis	0.0688774421824035	0.0466664706147146
Anaeroglobus geminatus	0.19259110897407	0.244388061750712
Anaeroglobus massiliensis	0.11803345628021	0.0629983221210208
Anaeroglobus micronuciformis	0.299452853382615	0.219029403829251
Anaeromassilibacillus sp001305115	0.245923728622432	0.191455561735868
Anaeromassilibacillus sp002159845	0.0551306794123212	0.00973022944693825
Anaeroplasma sp900767915	0.0722012780655054	-0.167564126979775
Anaeroplasma sp900770055	0.181082643225979	-0.188323877291026
Anaerosacchariphilus sp002160765	0.329988377354341	0.283756967209656
Anaerosacchariphilus sp014290175	0.107142496249011	-0.106871953913308
Anaerosacchariphilus sp900066385	0.0915289165139732	-0.118987332563063
Anaerosacchariphilus sp900553635	0.144061715008064	-0.246697945543408
Anaerosporobacter mobilis	0.0533021472114693	-0.0660464353375616
Anaerostipes caccae	0.1528065572996	0.019565340897814
Anaerostipes hadrus	0.176983231438421	-0.18183770718076
Anaerostipes hadrus_A	0.171555662553376	-0.24684345899357
Anaerostipes rhamnosivorans	0.0697919722284295	0.0443769387554079
Anaerostipes sp000508985	0.0409430250322232	0.00548738735270042
Anaerostipes sp900066705	0.188391044073472	-0.209217198197651
Anaerostipes sp900756035	0.0525010514639972	0.0532041186140444
Anaerotignum faecicola	0.128023722223248	-0.224346446768339
Anaerotignum lactatifermentans	0.180585897198134	-0.0869639186698065
Anaerotignum sp001304995	0.138866473781198	0.0723381394059914
Anaerotruncus colihominis	0.035162105830666	-0.0131806491656961
Anaerotruncus massiliensis	0.195621580778771	0.241078636995565
Anaerotruncus rubiinfantis	0.165437120620493	0.196942994482424
Anaerovibrio sp900548165	0.0871194069225303	0.0206140014488896
Angelakisella sp003453215	0.179096461414517	0.0511428323151546
Angelakisella sp004557855	0.244854808854019	0.187873704671986
Angelakisella sp900547385	0.192559087691358	-0.0155572942741089
Angelakisella sp900552845	0.133446796322697	0.0817210664007237
Arabia massiliensis	0.127567305914571	-0.0176590879708863
Atlantibacter hermannii	0.198263607897762	0.245117857768744
Azonexus sp900549295	0.165474302474953	0.120413910444943
BX12 sp014333425	0.115577266238976	0.0926972292634243
BX12 sp902363595	0.226655208021466	0.273746280228192
Bacilliculturomica massiliensis	0.12645401159493	0.138860175095883
Bacillus_A luti	0.240793644278557	0.039484539620668
Bacteroides acidifaciens	0.0526001782784658	0.0364534274375544
Bacteroides bouchesdurhonensis	0.0482214509541711	0.0139448759788894
Bacteroides caccae	0.0842319622512546	0.119268698804668
Bacteroides cellulosilyticus	0.0971901470753028	-0.0655961734254449
Bacteroides clarus	0.0627516577637298	-0.0221145100343547
Bacteroides congonensis	0.103842850891002	0.0788336411668075
Bacteroides cutis	0.252779034021277	-0.323009558224459
Bacteroides eggerthii	0.08354499893852	0.0670877962014322
Bacteroides faecis	0.0633270711811743	0.0437626709610517
Bacteroides finegoldii	0.152694751665519	0.147160341676457
Bacteroides fluxus	0.0592255848191867	0.0813519168242352
Bacteroides fragilis	0.140745382604466	0.0795593311688736
Bacteroides fragilis_A	0.28943712540379	-0.262660735346528
Bacteroides gallinarum	0.126253032468675	-0.0469219518206205
Bacteroides graminisolvens	0.0703309613370459	0.0170768814510474
Bacteroides intestinalis	0.0852841495955172	-0.113807536177944
Bacteroides massiliensis_A	0.0574504319864834	0.0114603015629786
Bacteroides ndongoniae	0.0561543066259098	0.0102101121701476
Bacteroides neonati	0.168468386721796	-0.0417791561091688
Bacteroides nordii	0.0703869925806306	0.067280294916731
Bacteroides oleiciplenus	0.0578057645998838	0.00497837348101621
Bacteroides ovatus	0.130519835344676	0.110826629604836
Bacteroides pyogenes	0.183089557586313	-0.142257471984538
Bacteroides salyersiae	0.064604986096304	-0.0682842020637958
Bacteroides sp002491635	0.069540216755218	0.0795778757877212
Bacteroides sp003545565	0.264076212503001	-0.299593204095908
Bacteroides sp007896885	0.0574704039015109	0.0232744836973048
Bacteroides sp014385165	0.147769174279068	-0.0991127980058511
Bacteroides sp900547205	0.0921952874778905	0.0502703001856206
Bacteroides sp900553815	0.0781146791391447	0.0190994361482733
Bacteroides sp900555635	0.0792794876005261	0.0630856602175624
Bacteroides sp900556215	0.0844300833728412	0.0707380890237406
Bacteroides sp900761785	0.0544373878662485	0.0591928608852812
Bacteroides sp900765785	0.0773910979082227	0.0567202287700222
Bacteroides sp900766005	0.135285460268156	0.0700462191780839
Bacteroides sp900766195	0.195280164605721	-0.25528474451047
Bacteroides sp902362375	0.0658986421378853	0.0868640161033869
Bacteroides sp902388495	0.0660984983276321	0.0573692738934401
Bacteroides stercorirosoris	0.0622930549630848	0.00122413157962132
Bacteroides stercoris	0.167114988458362	0.0809063373380013
Bacteroides thetaiotaomicron	0.0678203110361634	-0.0124040555889451
Bacteroides togonis	0.100069294185486	-0.0142099586701963
Bacteroides uniformis	0.104177757353044	0.0398134906265919
Bacteroides xylanisolvens	0.0696724819868933	0.135611196102049
Bacteroides_F pectinophilus	0.138224000060553	-0.206940340697843
Bariatricus comes	0.156853200789359	0.105035588686133
Bariatricus massiliensis	0.0433104277127545	0.0433381365779174
Bariatricus sp900554415	0.196316767010143	-0.130280567818227
Barnesiella intestinihominis	0.475927322557085	0.449353556559917
Barnesiella sp002159975	0.290490397369651	0.118865238157546
Barnesiella sp003150885	0.062297484027225	-0.0864118926612185
Barnesiella sp900538555	0.184006994382334	-0.135022083835711
Barnesiella sp900538705	0.331179757219525	-0.31322234292117
Barnesiella sp900542255	0.103999566816571	-0.0766497786374709
Beduini sp900550005	0.0658457343518127	0.0698717445215173
Bifidobacterium adolescentis	0.74956258145447	0.695441049724172
Bifidobacterium angulatum	0.344438643395996	0.473031809587112
Bifidobacterium animalis	0.183818811936099	0.406337332768911
Bifidobacterium bifidum	0.139406649769938	0.226693457039898
Bifidobacterium breve	0.0665478036150988	0.0803114259748753
Bifidobacterium catenulatum	0.0696391278745609	0.0728544344744437
Bifidobacterium dentium	0.19621411467723	0.273638554117289
Bifidobacterium gallicum	0.115404452700233	0.265941815778524
Bifidobacterium gallinarum	0.198191677216663	0.276776422068074
Bifidobacterium globosum	0.149956422304819	0.220535847494972
Bifidobacterium infantis	0.07494465710538	-0.0321248297326433
Bifidobacterium italicum	0.228500195801192	-0.161410213828865
Bifidobacterium pseudocatenulatum	0.182391793128976	0.0460391185180447
Bifidobacterium pullorum	0.138890044234366	0.217896118971066
Bifidobacterium ruminantium	0.493857182528702	0.480962326879645
Bifidobacterium scardovii	0.0796501940918806	0.127335139963589
Bifidobacterium sp002742445	0.107682051949402	0.0643352868021418
Bifidobacterium sp900551485	0.0831429425011879	0.102631180489518
Bifidobacterium thermophilum	0.143936835655019	0.299552169626927
Bilophila sp900550745	0.0718658938405363	0.0783814121383245
Bilophila sp900553145	0.0938724168301888	0.116114419135825
Bilophila sp902373525	0.258377071625786	-0.125587296754512
Bilophila wadsworthia	0.0745856669576969	0.0359549569667202
Bittarella massiliensis	0.144920051845401	-0.00294413039109276
Blautia coccoides	0.0767047718680668	0.0525801255946124
Blautia hansenii	0.0793326676618455	0.12189597673189
Blautia hominis	0.0410075793392979	0.028507403462327
Blautia sp000432195	0.112990471636242	0.130076295282732
Blautia sp001304935	0.0996513131053667	0.00185922247069562
Blautia sp002161285	0.071766781102171	0.0609037417303589
Blautia sp003287895	0.0878376968920327	0.0615464249860426
Blautia sp900539145	0.108040390713206	0.116311958636367
Blautia sp900541955	0.0641378334585199	0.0361421315287922
Blautia sp900543715	0.0570937611491129	0.0900861459689887
Blautia sp900547685	0.0548397377286775	0.0511465490038418
Blautia sp900555025	0.0848246347349095	0.0713736519243864
Blautia sp900556555	0.0407943399158572	0.0430112358201312
Blautia sp900753905	0.10824548725027	0.101127261252409
Blautia sp900765525	0.0886145355317978	0.0437435709853769
Blautia stercoris	0.156662903749145	-0.0790665395011528
Blautia_A caecimuris	0.142346843966302	0.162000230984728
Blautia_A faecis	0.110545796052391	-0.0344442915777333
Blautia_A hydrogenotrophica	0.0525371968656237	0.0351123204381325
Blautia_A luti	0.0999660562709441	0.0396769523613096
Blautia_A massiliensis	0.0809444115426256	0.0877471250894329
Blautia_A obeum	0.171666558592252	-0.140033585938407
Blautia_A obeum_B	0.0454671623629625	0.000160791753805212
Blautia_A schinkii	0.051038095128852	0.0667063426183723
Blautia_A sp000285855	0.0498567736831283	0.111089819936602
Blautia_A sp000436615	0.091490115456547	-0.119052644373775
Blautia_A sp003471165	0.373134694358199	-0.216148674848664
Blautia_A sp003474435	0.040441917944772	0.0255800026809201
Blautia_A sp900066145	0.144624742158237	-0.283840706385923
Blautia_A sp900066205	0.0534116892023627	-0.0802203213858937
Blautia_A sp900066335	0.066457845496816	0.106561588786899
Blautia_A sp900066505	0.0566504093663103	-0.0745375894564513
Blautia_A sp900120195	0.0751914944616175	0.0233544470291838
Blautia_A sp900540785	0.069106761476077	0.0595344769208029
Blautia_A sp900541345	0.143963764232242	-0.0193676309016075
Blautia_A sp900541985	0.033143739121817	0.0169751804649402
Blautia_A sp900542045	0.0628991948639848	0.0400410663240551
Blautia_A sp900547615	0.0452674858793168	0.0375040995410073
Blautia_A sp900548245	0.132097464909639	-0.153523865961888
Blautia_A sp900549015	0.0619523937721326	0.0804083635142869
Blautia_A sp900551075	0.061733199145348	0.0289062554539642
Blautia_A sp900551465	0.0877689570110459	0.0742819237749085
Blautia_A sp900551715	0.0434830721482707	0.0190251860985208
Blautia_A sp900553515	0.113165813075075	0.0586707289579019
Blautia_A sp900763175	0.126944395433007	-0.0994573053843246
Blautia_A wexlerae_A	0.17342747680775	0.0932788640422783
Blautia_A wexlerae_B	0.143614792601127	0.134037210764241
Borkfalkia ceftriaxoniphila	0.30764901839672	0.20973828715389
Brachyspira pilosicoli	0.152414580144163	0.0842930107729888
Bruticola sp004554425	0.208274021023068	-0.312896295420084
Bruticola sp900772775	0.137651331446881	-0.0729333254372102
Bulleidia massiliensis_B	0.188066766097759	0.091738219318818
Bulleidia moorei	0.0729232694708794	0.0311466205224524
Bulleidia sp900539965	0.148595455000867	0.00945826205348993
Bulleidia sp900554555	0.0395832043187959	-0.00747548971513687
Butyricicoccus pullicaecorum	0.122367705895431	0.0750176835755125
Butyricicoccus sp900547195	0.210789426661492	0.107628044051855
Butyricicoccus_A sp002395695	0.0986411439058292	-0.13109562231424
Butyricimonas faecalis	0.0682473767451906	0.068713852791006
Butyricimonas paravirosa	0.107560582413094	0.101265617657832
Butyricimonas sp003479425	0.230775036702461	-0.11716355101055
Butyricimonas sp900184685	0.0451604037054054	-0.0016849861657968
Butyricimonas sp900759925	0.0630166481449477	0.071215064544118
Butyricimonas sp900761485	0.306259061794528	-0.181121055114778
Butyricimonas synergistica	0.0786085365285014	0.0615806902709792
Butyricimonas virosa	0.0907412662666558	0.110761807181785
Butyrivibrio_A crossotus	0.227031170573405	-0.140101229965262
Butyrivibrio_A sp000431815	0.162493620082153	-0.199290355652759
Butyrivibrio_A sp900768755	0.0825777714514927	-0.0917556044036145
Butyrivibrio_A sp900771195	0.0956967786420164	0.109321403061647
CAAEEV01 sp900754955	0.177989382954063	0.0462262887741869
CAAFZY01 sp900767645	0.278962664005744	0.108309241075918
CACZQA01 sp900758075	0.343957156499311	0.156902652564845
CAG-1000 sp000434555	0.253211224391986	-0.204531625816635
CAG-1000 sp000436975	0.294681096764058	-0.429142256814793
CAG-1000 sp004552445	0.209636838793185	0.00166562456425177
CAG-1000 sp900556025	0.267531965483301	-0.33835061399297
CAG-1000 sp900761555	0.22610724018134	0.0840566852053942
CAG-1000 sp900768345	0.228475080704867	0.0894118955320449
CAG-1024 sp000432015	0.120612453689154	0.0342374550756747
CAG-103 sp000432375	0.0764715457380165	0.0101991855257633
CAG-103 sp004556965	0.25669632668554	0.217512181679109
CAG-103 sp900317855	0.0761975475006181	-0.0239712433020278
CAG-103 sp900543625	0.0869001501186987	-0.0517843333051798
CAG-103 sp900757655	0.186305440309617	0.0427038031067638
CAG-1031 sp000431215	0.24055254229423	-0.132143616495513
CAG-1031 sp900752535	0.0581128452473763	0.00581695950688953
CAG-110 sp000434635	0.352918474539914	0.066269861798647
CAG-110 sp000435995	0.154795759161221	-0.0626137269887935
CAG-110 sp003525905	0.224078415649571	0.191398954806185
CAG-110 sp900540635	0.128802327275913	-0.190353268245456
CAG-110 sp900544405	0.352776000117204	0.377687493449169
CAG-110 sp900544705	0.217317606947218	0.235026199436736
CAG-110 sp900544945	0.0647409439317931	-0.0633823371752072
CAG-110 sp900544975	0.0563062593239255	-0.068607258217394
CAG-110 sp900546075	0.284344529878202	0.0720062366949014
CAG-110 sp900546415	0.271463519891083	0.225877617944644
CAG-110 sp900546915	0.0633000168968422	0.0311421759232985
CAG-110 sp900547405	0.105190937342465	-0.0771540557583426
CAG-110 sp900548795	0.29996133666921	0.277721847171896
CAG-110 sp900549495	0.08907369620082	-0.0281745601909312
CAG-110 sp900549705	0.127464952417545	-0.133236342182008
CAG-110 sp900551495	0.209871649709698	0.220214912691686
CAG-110 sp900553805	0.0860084900218148	-0.0835932394539139
CAG-110 sp900554625	0.188260971483497	0.134413511705156
CAG-110 sp900554705	0.154715822242046	0.173606985355968
CAG-110 sp900556935	0.0821045199728433	-0.111213279570593
CAG-110 sp900752285	0.244921183522102	0.188926777854308
CAG-110 sp900762005	0.141820107147786	0.0432154383629725
CAG-110 sp900762245	0.034454880678064	-0.00774917398070541
CAG-110 sp900762935	0.203306808817137	0.179042256126192
CAG-110 sp900763965	0.0374684489312151	-0.0177277988481874
CAG-110 sp900769835	0.0304695048708748	-0.0389085925962719
CAG-110 sp900769995	0.215311314423643	0.26141994073528
CAG-110 sp900770015	0.0542560393133607	-0.0439108753390574
CAG-115 sp000432175	0.577668231738075	0.111715529605722
CAG-115 sp002492075	0.11544905589376	0.0889850840666062
CAG-115 sp003507295	0.474257001531481	0.273779688883147
CAG-115 sp003516865	0.315255463663996	0.046251321187885
CAG-115 sp003531585	0.705210940254631	0.00958380350158285
CAG-115 sp900766795	0.263271994742313	0.124139356752153
CAG-115 sp900768125	0.652577565007665	-0.0825424910445599
CAG-115 sp900768705	0.256480614466142	0.169379331701024
CAG-1193 sp000436255	0.292946832279387	0.0858922691772814
CAG-1193 sp900550145	0.307558633045909	-0.136513875406011
CAG-127 sp900319515	0.208700115242331	-0.0957180008825433
CAG-127 sp900539705	0.188025363104954	-0.121706651238032
CAG-127 sp900553925	0.162868658313361	-0.0486470517310578
CAG-127 sp900766925	0.131065514564464	-0.074287083560538
CAG-127 sp900767585	0.20340645742926	-0.0319470116818423
CAG-1427 sp000434775	0.289010771235519	-0.0717871300872334
CAG-1427 sp000435475	0.71313766582516	-0.11838706578462
CAG-1427 sp000435675	0.0648934121675376	-0.133421715243517
CAG-1427 sp900538545	0.145550263866083	-0.314865578063936
CAG-1427 sp900542525	0.0863786759144463	-0.164947682503077
CAG-1427 sp900546175	0.127803671767716	0.0331497951590295
CAG-1427 sp900548955	0.150910958244431	-0.104244909710495
CAG-1427 sp900553605	0.537451587334074	0.589012766152022
CAG-1427 sp900556585	0.0776075743680289	0.127986378007093
CAG-145 sp000435715	0.240399032301214	0.31142722107527
CAG-145 sp002320005	0.0360788450661956	-0.00950438904932398
CAG-145 sp900540145	0.0516659094715673	0.0751905131862979
CAG-145 sp900542295	0.0787833371865913	0.0261831421153577
CAG-145 sp900542565	0.393010242927183	0.280612499291923
CAG-145 sp900545135	0.173809615392805	0.111741805791835
CAG-145 sp900754795	0.221264763775759	0.226060278075259
CAG-170 sp000432135	0.105195210462254	-0.0575315540956264
CAG-170 sp000436735	0.223322102435283	0.117912914534266
CAG-170 sp002404795	0.402304592024365	0.161948104555928
CAG-170 sp003516765	0.49079096281246	0.384550715702838
CAG-170 sp900545925	0.295685277514993	0.0984541561932694
CAG-170 sp900548625	0.234149870323073	0.116875965402514
CAG-170 sp900549635	0.171648969093561	-0.131097621020321
CAG-170 sp900553545	0.278767361916112	0.0503609097551339
CAG-170 sp900555665	0.351180265655291	0.2567903995349
CAG-170 sp900751035	0.226486049429747	0.123681284634871
CAG-177 sp000431775	0.247623812898669	0.217943608569979
CAG-177 sp003514385	0.145631944279407	0.234440300744647
CAG-177 sp003538135	0.221248614742535	0.352986886136317
CAG-177 sp900770255	0.32248151097953	0.503085386609559
CAG-177 sp900771185	0.217517965759782	0.334007509719226
CAG-180 sp000432435	0.474767449448061	0.751575431370863
CAG-180 sp004556705	0.0994458580252788	0.193959449327169
CAG-180 sp900540295	0.0878181975766195	-0.0434914380402284
CAG-180 sp900545625	0.0847295200848471	-0.0415739023477329
CAG-180 sp900766945	0.0492648558589513	0.0723645616403587
CAG-194 sp000432915	0.068927762377778	-0.025131995520331
CAG-196 sp002102975	0.0935583634477778	-0.0685553151640488
CAG-196 sp900549855	0.112511196982172	-0.100750547035612
CAG-196 sp900553895	0.0744844948078773	0.053874151397855
CAG-217 sp000436335	0.17459202682622	-0.355795263879326
CAG-217 sp900547275	0.0813633820109547	0.0238573255680894
CAG-238 sp000435615	0.490212197542565	0.32000621450435
CAG-238 sp900542245	0.126098064308223	0.000759735932503724
CAG-238 sp900551415	0.368171090241513	0.241536322970086
CAG-238 sp900754805	0.209564631060302	0.0960007024784814
CAG-245 sp000434195	0.126601813060081	0.158920407190012
CAG-245 sp000435175	0.168174064469793	-0.376661692459489
CAG-245 sp900552135	0.293640849101013	0.311640716758631
CAG-245 sp900758165	0.0722518391282377	0.0848044889735697
CAG-245 sp900761475	0.254635050284669	0.0668269319378874
CAG-269 sp000431335	0.545194917476584	0.355335186903229
CAG-269 sp000435535	0.0742696258568295	0.0714552326597123
CAG-269 sp000437215	0.247518562113129	0.0908272758413214
CAG-269 sp000438255	0.166283239608989	-0.340872315491011
CAG-269 sp001916005	0.328917724918371	-0.155938479252705
CAG-269 sp001916035	0.0713945232973862	-0.132142495192195
CAG-269 sp001916055	0.229607871736098	-0.165335174561742
CAG-269 sp001916065	0.175045456594801	-0.37845884906839
CAG-269 sp003525075	0.186386915249446	-0.211177363729107
CAG-269 sp900551615	0.0769998809443039	-0.131283922459595
CAG-269 sp900552555	0.0844719043714218	-0.183894507236479
CAG-269 sp900553125	0.141991578867192	-0.299448218861602
CAG-269 sp900553985	0.0470713284099427	-0.0605200021727597
CAG-269 sp900554175	0.125985477709467	-0.0956619695626927
CAG-269 sp900554365	0.301025476212852	0.166298960826656
CAG-269 sp900554565	0.123129377045997	-0.105416232506094
CAG-269 sp900555615	0.148429663676471	-0.152209197497967
CAG-269 sp900556345	0.1085693756361	-0.16446408363231
CAG-269 sp900556695	0.267933217928233	-0.342520567441664
CAG-269 sp900556865	0.2641608528867	0.397096560457437
CAG-269 sp900556945	0.29345269598801	0.342977437781321
CAG-269 sp900753165	0.13561299098131	-0.0625207167816958
CAG-269 sp900754285	0.0683721572774615	-0.252991401940905
CAG-269 sp900760175	0.132706107809182	-0.175565385553654
CAG-269 sp900762425	0.0475620288936242	0.0297378494286822
CAG-272 sp000433515	0.0966403837055226	0.0558309538133273
CAG-272 sp900556615	0.120280429049054	-0.14373060010751
CAG-273 sp000435755	0.0830670648492214	-0.0276750668351147
CAG-273 sp000437855	0.49507338337042	0.571278480779414
CAG-273 sp000438355	0.443701290309163	0.47101663893339
CAG-273 sp003507395	0.2903440404702	0.19830094454379
CAG-273 sp003534295	0.437703672092057	0.401208551527929
CAG-273 sp900752095	0.214302043063264	0.169266957474506
CAG-273 sp900752335	0.169076120673622	0.0743806566325222
CAG-273 sp902406115	0.228339758809936	0.104794732930579
CAG-274 sp000432155	0.230010476987008	-0.0089786020773867
CAG-274 sp900545305	0.203712592036428	0.0167431901277354
CAG-279 sp000437795	0.152273865158682	0.00194369434049909
CAG-279 sp900541555	0.299028790519258	0.243922748682158
CAG-279 sp900541935	0.154468586988248	0.0167895472762399
CAG-279 sp900544305	0.0560765057843887	0.0410801021603494
CAG-279 sp900548875	0.0469788809066268	-0.0331659875102938
CAG-279 sp900550025	0.367466190226906	-0.119285040714955
CAG-279 sp900556245	0.0663250099617558	0.0697439614157068
CAG-288 sp000437395	0.11971046797505	-0.11763986610099
CAG-302 sp000431795	0.344036979792062	-0.343931700667137
CAG-302 sp001916775	0.163041180002958	-0.359394079379363
CAG-302 sp900543825	0.3417384491997	0.435551004792454
CAG-302 sp900548425	0.307998950978291	0.328384143245585
CAG-302 sp900549325	0.232509355410211	-0.154582636587909
CAG-302 sp900554615	0.186838869434196	0.0390094654415256
CAG-303 sp000437755	0.0724503218015416	-0.0416550761005409
CAG-303 sp900539455	0.132902081581883	-0.00569189654179131
CAG-307 sp001916215	0.531836320738927	-0.0290164537016393
CAG-312 sp002405555	0.202510404563745	0.401637427498397
CAG-312 sp002437405	0.0816882165677997	-0.069833978242922
CAG-313 sp000433035	0.0691634431030191	-0.0186542513043093
CAG-313 sp003539625	0.34415725924185	0.0479365032060093
CAG-313 sp900539265	0.132949005839707	0.0465945405874687
CAG-314 sp000437915	0.450218000789882	0.304375643418745
CAG-314 sp900551395	0.183515294152503	-0.183854108968454
CAG-317 sp000433215	0.0858017188332893	0.0465588001367747
CAG-317 sp000433535	0.118348137212586	0.0630427061876652
CAG-317 sp900543415	0.053626054360719	0.165861014408266
CAG-345 sp000433315	1.0227976499816	-0.110608545264471
CAG-349 sp001940895	0.179321972320305	0.106864871140588
CAG-349 sp003539515	0.170952431594326	-0.00379798113689906
CAG-353 sp900066885	0.319224435347485	0.110598664397263
CAG-353 sp900768995	0.0635218074851465	-0.00750818214256109
CAG-354 sp001915925	0.441772764444581	-0.135607109512479
CAG-354 sp900552655	0.198614221390014	-0.031012855077767
CAG-354 sp900553015	0.311873569875516	0.0285746033437861
CAG-354 sp900555085	0.0617357027221458	0.0509155775626155
CAG-354 sp900754085	0.048260984171244	-0.135116651655012
CAG-354 sp900759015	0.520749605611157	0.0617625251627367
CAG-390 sp000437015	0.497913331923244	0.446666175357631
CAG-390 sp003523225	0.201677323243762	0.280311937244436
CAG-390 sp900753295	0.112539721333919	0.0565601727338459
CAG-41 sp900066215	0.132515900341012	-0.108567687674898
CAG-411 sp000437275	0.196666046564685	-0.194533384486512
CAG-417 sp000432835	0.458931114788699	0.419104276445212
CAG-433 sp000433675	0.306741632097907	-0.120019356248258
CAG-433 sp900546245	0.383924938377328	-0.377473505616456
CAG-448 sp000433415	0.141899459736742	0.139248651309514
CAG-448 sp003150135	0.0696628708651021	-0.0124572874024931
CAG-449 sp000432895	0.334794445402611	0.234634160105403
CAG-449 sp900551385	0.375923452217826	0.491909844219384
CAG-45 sp000438375	0.266833379959204	-0.0424807240749759
CAG-451 sp000438295	0.704741334998569	-0.437523929673743
CAG-451 sp900758495	0.17220148019473	-0.0821850316132792
CAG-451 sp900760545	0.246433807676935	0.120988481153493
CAG-452 sp000434035	0.338890688903944	0.177537627263548
CAG-452 sp900770415	0.184544512000257	-0.128398489961089
CAG-460 sp000437315	0.508184970075119	0.420043526015802
CAG-460 sp000437355	0.138986890019011	0.200887753013962
CAG-460 sp000438075	0.484050243205349	0.540511175263415
CAG-460 sp900544625	0.308031815265638	-0.0149786389739198
CAG-460 sp900546715	0.0439029183702992	-0.000931966648367663
CAG-460 sp900551525	0.240686905800553	0.391101331939442
CAG-462 sp003489705	0.102352288914407	-0.0691634645771806
CAG-462 sp900291465	0.134745656590169	0.0715589495230973
CAG-462 sp900765575	0.231619048433308	-0.310559506970468
CAG-465 sp000433135	0.266540683771056	-0.0379451371869092
CAG-465 sp000433335	0.392607373839508	0.0994912380601384
CAG-465 sp000433755	0.386914570603543	-0.159157620502666
CAG-465 sp900554875	0.196684787628363	-0.278484495114544
CAG-475 sp900547975	0.223154192540444	0.0906301319059224
CAG-475 sp900548005	0.189665949196107	-0.0757227623330292
CAG-475 sp900550915	0.221776019567089	-0.0632803057259984
CAG-475 sp900763875	0.292147683132697	0.0650946329123483
CAG-484 sp000431315	0.299546469152304	0.249110639831651
CAG-484 sp900554385	0.0689788829910762	-0.143413970838225
CAG-485 sp000437495	0.0487221993016489	0.0192283042671771
CAG-485 sp001701295	0.0590200320026117	-0.15823139842254
CAG-485 sp002361235	0.0801624161535392	-0.0225017697219374
CAG-485 sp002491165	0.179870312850276	-0.231975972059277
CAG-485 sp900321585	0.213649972024267	-0.334533555267098
CAG-485 sp900542185	0.235667059978641	-0.271340291934046
CAG-485 sp900547755	0.126875342535355	-0.14462573518883
CAG-485 sp900549375	0.167406029255173	-0.222122539537289
CAG-485 sp900550645	0.0476411542624217	0.0173862252683806
CAG-485 sp900552315	0.0367805839323185	-0.00153504354359799
CAG-485 sp900554345	0.136265836167399	-0.294249416400984
CAG-485 sp900554845	0.0604324679035503	-0.116599557049026
CAG-485 sp900555915	0.0428169544488756	0.0123097844491606
CAG-485 sp900556595	0.44120737156498	-0.1911903723088
CAG-485 sp900759795	0.051562460900963	-0.0600232595624601
CAG-485 sp900760735	0.0480303938770882	-0.0135260073858915
CAG-485 sp900760815	0.186916040872672	-0.291943177911447
CAG-485 sp900760885	0.118848300410027	0.128661206527542
CAG-485 sp900761855	0.101274229922311	-0.163338694889681
CAG-485 sp900766975	0.171230383572198	-0.136416203158988
CAG-485 sp900767075	0.101911118381745	-0.0517167897655579
CAG-488 sp000434055	0.0853628005055686	-0.10484440760539
CAG-488 sp000434915	0.200802987019844	-0.263402811944039
CAG-488 sp003486665	0.0459806660410965	-0.00924712344585237
CAG-488 sp900539465	0.325692027871188	0.391195534909047
CAG-488 sp900554995	0.0624128600029376	-0.0530184729601997
CAG-492 sp000434015	0.275776724115785	-0.0193382124151102
CAG-492 sp000434335	0.158018300291723	-0.217616997737673
CAG-492 sp900553225	0.242384091900829	0.210958409077895
CAG-492 sp900557045	0.215908319508337	0.163197925843025
CAG-492 sp900557195	0.0476788628469482	-0.14272731814789
CAG-495 sp001917125	0.357340919996372	0.423339031747166
CAG-495 sp900538765	0.200077553091251	0.00396767289267825
CAG-495 sp900551585	0.0516123239771548	0.152020059135962
CAG-510 sp000434615	0.087016188025928	0.0578715061633959
CAG-510 sp900550475	0.1273798502068	-0.0904900796375599
CAG-510 sp900551115	0.0918688791385869	-0.0507498619390631
CAG-533 sp000434495	0.536409917283646	0.333623699824406
CAG-533 sp004563275	0.222215583816584	0.0290235953452747
CAG-533 sp900551105	0.495166922778397	0.452484224580883
CAG-533 sp900553855	0.46042400207362	-0.325458327325176
CAG-557 sp000435275	0.174906987734762	-0.37136317896166
CAG-56 sp900539525	0.0685610179551169	0.0219564816702875
CAG-56 sp900752065	0.0362397867893429	-0.026266908524065
CAG-56 sp900762665	0.0413638960876646	-0.0132360508072622
CAG-582 sp000435515	0.205746246908777	-0.31025738956759
CAG-582 sp900760845	0.115995688861382	-0.143960731534625
CAG-590 sp000431135	0.168285965252552	-0.15596314848567
CAG-590 sp900544905	0.0484438491401836	-0.189540250516368
CAG-590 sp900548855	0.0758172103927846	-0.129889370831301
CAG-590 sp900552885	0.0938036547479788	-0.0246164688572128
CAG-590 sp900769115	0.0843590681484148	-0.027856773733457
CAG-594 sp000434835	0.455710489356285	0.484651250982003
CAG-594 sp900771805	0.0489414961845082	-0.0389634905066436
CAG-594 sp900772415	0.14393835870328	0.439538909343884
CAG-603 sp900066105	0.144177381404876	-0.174682424339082
CAG-605 sp000433255	0.175743464342527	0.0662815030436564
CAG-605 sp000433475	0.155775976903838	-0.0503370228074884
CAG-605 sp900545005	0.194858889102596	0.15955232296928
CAG-611 sp900552235	0.174854322319411	0.220909352487397
CAG-617 sp000431275	0.272257726758758	0.0210056902888603
CAG-617 sp000438115	0.251452935134257	-0.067290268827578
CAG-617 sp900553285	0.0453361064288756	0.0263965469627638
CAG-628 sp000438415	0.38356756712595	0.406627946366983
CAG-628 sp003524085	0.381603602345613	-0.0507892266741145
CAG-631 sp900754115	0.0524835156755737	0.0790446881441969
CAG-631 sp900762575	0.167873436630896	0.145075287145208
CAG-632 sp000431515	0.210354790820659	0.00388197831307814
CAG-632 sp002406015	0.102516773251033	-0.0750024825467059
CAG-632 sp900539185	0.128298593623346	-0.0965478790893979
CAG-698 sp000431235	0.302617516138929	0.37269858188563
CAG-710 sp000432595	0.204074236802974	0.147985408856282
CAG-724 sp003524145	0.209310592949712	0.34258380936639
CAG-724 sp900551005	0.0734696141904851	0.0250414678965877
CAG-762 sp000432575	0.613335583160139	0.333089912243457
CAG-762 sp900551315	0.348575506777926	0.366631190540455
CAG-776 sp000438195	0.23538983955359	-0.277325535671457
CAG-776 sp900758895	0.0436753223417747	-0.0245469201435253
CAG-791 sp000431495	0.0600913279575676	-0.0725329531693915
CAG-791 sp900315055	0.0656885670121573	0.0134250163181479
CAG-793 sp000433915	0.275304155028382	-0.0979098614332244
CAG-793 sp900557475	0.132074985649697	0.00782882237790336
CAG-81 sp000435795	0.162527465760873	0.207704959817371
CAG-81 sp900066055	0.218275216684411	-0.33888514932565
CAG-81 sp900066535	0.294776455160826	-0.379417184081301
CAG-81 sp900066785	0.151687795478758	-0.338297051370284
CAG-81 sp900541255	0.0428668226330518	-0.00780719237112618
CAG-81 sp900556965	0.197447559261198	-0.0971047364527206
CAG-822 sp000432855	0.243620575727651	-0.108583643847991
CAG-822 sp900546055	0.138208207766996	-0.0196280119788778
CAG-83 sp000431575	0.0763184221309749	0.0849528741074856
CAG-83 sp000435555	0.480015231505383	0.156617474002336
CAG-83 sp000435975	0.215577298704351	0.138277885664022
CAG-83 sp001916855	0.262096666194326	0.152128758441668
CAG-83 sp003487665	0.224217384425735	-0.00271482977228817
CAG-83 sp003539495	0.0905196939308617	-0.0468450326958177
CAG-83 sp900313295	0.316645695193942	0.298234893398473
CAG-83 sp900545495	0.169322565688	0.0678285452945754
CAG-83 sp900545585	0.160942823130441	-0.171929336502496
CAG-83 sp900547745	0.193302663269592	-0.00582927108060719
CAG-83 sp900548615	0.305306468697561	0.167999783689093
CAG-83 sp900549395	0.196675500916447	0.185092234794885
CAG-83 sp900550585	0.167338441057296	0.0237879421881959
CAG-83 sp900550615	0.130696147844452	0.183120479423015
CAG-83 sp900551355	0.276580977178769	0.182750783787149
CAG-83 sp900551995	0.293595229127127	0.205730155812162
CAG-83 sp900552475	0.333411290324906	0.255223330334084
CAG-83 sp900552725	0.234869583052808	0.0168670653216422
CAG-83 sp900554275	0.232901663037185	0.0721614581205727
CAG-83 sp900555735	0.302487164654569	0.208866367631593
CAG-83 sp900556015	0.365924836630723	0.278244975157344
CAG-83 sp900756715	0.0975990985858608	0.0205949844057471
CAG-83 sp902388735	0.26639996116246	0.289050899889953
CAG-831 sp000432775	0.170006158459801	-0.102918923931818
CAG-831 sp900544175	0.348456050786376	0.309168204739754
CAG-831 sp900769885	0.208812942627736	-0.101248342203066
CAG-831 sp902388455	0.156780264541204	0.0644348273857547
CAG-841 sp000437375	0.165693673669089	0.109873789131629
CAG-841 sp002479075	0.190503232968641	-0.0573836125184907
CAG-841 sp900544285	0.216193412776492	0.148504220414869
CAG-873 sp001701165	0.174721114283723	-0.0844584788522472
CAG-873 sp002493945	0.093404818734694	-0.0958637304404193
CAG-873 sp004552485	0.115031964088992	-0.0489022708644671
CAG-873 sp009775195	0.102943112484859	-0.160309830854305
CAG-873 sp900540625	0.4783086493757	-1.12041048465533
CAG-873 sp900541865	0.132229958409578	-0.355122714573965
CAG-873 sp900548975	0.048562455987517	0.0264395729119933
CAG-873 sp900550395	0.0550636515654897	-0.0683600903499065
CAG-873 sp900554265	0.0795531540700099	-0.216552500203584
CAG-873 sp900554715	0.172530752424193	-0.301022143254495
CAG-873 sp900555715	0.240925070376138	-0.0756846175582049
CAG-873 sp900755985	0.150603436952358	-0.00359828970740562
CAG-873 sp900759845	0.137584264410309	-0.100891033172633
CAG-877 sp000433455	0.198947636584093	-0.0972655755721982
CAG-877 sp900548695	0.0926739441187616	0.11996934317154
CAG-877 sp900552495	0.241728430930763	-0.272069663666166
CAG-877 sp900554305	0.0493103573878827	0.0189673489734416
CAG-877 sp900554315	0.181843271612611	-0.402900746966753
CAG-877 sp900753325	0.240823269928937	-0.16717493462722
CAG-877 sp900768815	0.235145685564827	0.638614373548731
CAG-878 sp000432255	0.46044866123923	0.0299463146252775
CAG-882 sp000435595	0.120255571620089	-0.156675699436525
CAG-882 sp003486385	0.170094636834393	-0.417176916527619
CAG-882 sp900545175	0.164510878802484	-0.258404769416237
CAG-882 sp900545455	0.112850774296467	-0.18685672459336
CAG-884 sp000433875	0.378496453821166	0.292977774715141
CAG-914 sp000437895	0.241443105469896	0.221503311037702
CAG-917 sp000437555	0.119000961243807	-0.287809483003662
CAG-95 sp000436115	0.14424240745176	-0.235186601324351
CAG-95 sp000438155	0.135215650475832	-0.224709605153063
CAG-95 sp900066375	0.0813475365488656	-0.110435473629668
CAG-95 sp900553305	0.0641046799127616	-0.0915699703370325
CAG-95 sp900554925	0.0471178788644421	-0.00830231871463035
CAG-964 sp000435335	0.0598050260089213	0.0745388173810124
CAG-964 sp902789345	0.0415046305554128	0.0164039721197753
CAG-988 sp003149915	0.20502385821043	0.0193604632709197
CHH4-2 sp002899675	0.0482514564849952	0.0735054710730368
COE1 sp001916965	0.157288487623335	-0.382309735583238
COE1 sp900753305	0.144149300883312	-0.278467807597957
Caecibacter hominis	0.421172811092072	-0.517440368009839
Caecibacter massiliensis	0.202719674804642	0.377804708451092
Caecibacter sp003467125	0.343654152661098	-0.0126934277011229
Campylobacter_B hominis	0.137107741711135	-0.183515990535641
Caproiciproducens sp000752215	0.141865131154061	0.127976936804281
Catenibacillus sp900553975	0.0404132429469317	0.00580335211283248
Catenibacillus sp900557175	0.077794213656807	0.13554788600813
Catenibacillus sp902363555	0.103894661410243	0.0141576301472503
Catenibacterium mitsuokai	0.448615716569088	0.666110693262351
Catenibacterium sp000437715	0.268255438211388	0.1973400146194
Catenibacterium sp900540665	0.235458024749843	0.15367438539093
Catenibacterium sp900540685	0.378621771436202	0.452921305407862
Catenibacterium sp900764565	0.316453373921261	0.105432411670771
Catenibacterium sp900764725	0.30985953233762	0.401423827063509
Christensenella hongkongensis	0.188228579060673	0.30038998122969
Christensenella minuta	0.10286686890693	0.144265181417323
Christensenella sp001678845	0.236489840382478	-0.321730613653106
Christensenella timonensis	0.183945500014138	0.172392606035977
Citrobacter braakii	0.100535540861917	0.155040278584652
Citrobacter europaeus	0.2367220301019	0.189561425247043
Citrobacter freundii	0.0530248465361877	0.0091481245056823
Citrobacter gillenii	0.116623077858044	-0.0175382550005092
Citrobacter portucalensis	0.300550098664916	-0.133488224139567
Citrobacter portucalensis_A	0.254251118683513	0.369661094652824
Citrobacter werkmanii	0.157808674990471	0.176272282497524
Citrobacter youngae	0.165520587340878	0.0319330040017687
Citrobacter_A amalonaticus	0.221998580103084	0.0387583065627359
Citrobacter_A farmeri	0.306051387840486	0.132852652058437
Citrobacter_A sedlakii	0.228143209980027	0.0963106933321668
Citrobacter_A sp009363175	0.0501797867621209	0.0800440629855263
Citrobacter_B koseri	0.249058850759372	0.131965876843332
Cloacibacillus evryensis	0.386029012311894	-0.477961203596645
Cloacibacillus porcorum	0.348079099847919	0.638486319211883
Clostridioides difficile	0.0427827230719671	0.0539235248436754
Clostridium baratii	0.142238439952188	0.122647088151263
Clostridium beijerinckii	0.060240342876113	-0.105928193255492
Clostridium butyricum	0.0966072303466319	-0.251059385951937
Clostridium celatum	0.154583234621298	0.222196162385183
Clostridium cuniculi	0.1821116157302	0.125776584789556
Clostridium disporicum_A	0.152832906630355	0.103362347552653
Clostridium neonatale	0.036579450239709	-0.0149959130913107
Clostridium paraputrificum	0.211458458360227	0.372682124214769
Clostridium saudiense	0.329276267053188	0.584099487481104
Clostridium sp000435835	0.31990760623421	0.328125651907695
Clostridium sp001916075	0.29264245624421	0.268838449983086
Clostridium sp900539375	0.175724700653942	-0.253531246133115
Clostridium sp900540255	0.181715940915611	0.00651998770893096
Clostridium sp900543325	0.242418484690003	-0.0556404387594303
Clostridium sp900547475	0.135912758542481	0.124171941065557
Clostridium sp900759995	0.0684984951684001	0.064289066441782
Clostridium sp900766315	0.153927395676814	0.235386949995945
Clostridium sp900769625	0.0426360859200706	-0.0419218684558678
Clostridium_A leptum	0.308338626109898	0.338703606258029
Clostridium_AA polynesiense	0.0333737935502954	0.0482733017990735
Clostridium_AP scindens	0.0917984414760317	0.0873867740609697
Clostridium_AQ innocuum	0.0857933343715293	0.119807890099913
Clostridium_AQ sp000165065	0.185244444273503	-0.0454434433848799
Clostridium_AQ sp003481775	0.0443696714236497	0.0430675729045771
Clostridium_AQ sp900552125	0.134354847999834	0.0927446119865627
Clostridium_B sp902809985	0.157868137423956	0.00128847183320542
Clostridium_E jeddahense	0.0894383465570176	0.0176434160662068
Clostridium_E sporosphaeroides	0.162057120938715	0.0803311076943362
Clostridium_P perfringens	0.266341170199337	0.206160602178763
Clostridium_Q saccharolyticum_A	0.104040954684842	-0.0613839417571432
Clostridium_Q sp000435655	0.211981450648466	0.11189673445037
Clostridium_Q sp003024715	0.278113680528671	-0.222876586840838
Clostridium_Q sp900547735	0.0401623536050481	0.0442608629936046
Clostridium_Q symbiosum	0.113317448895602	0.177183410907763
Collinsella aerofaciens	0.24014094188306	0.405816740390609
Collinsella aerofaciens_F	0.244795993769172	0.317380661765413
Collinsella aerofaciens_G	0.103496637565771	0.187357493256158
Collinsella aerofaciens_H	0.13871530483851	-0.00321888995808663
Collinsella aerofaciens_J	0.328061715024901	0.614775297858576
Collinsella bouchesdurhonensis	0.343648759310284	-0.145321911500367
Collinsella ihuae	0.160172816186839	0.229855282992114
Collinsella sp000434535	0.178960922238493	0.128797064405847
Collinsella sp002232035	0.104746396489169	0.075516700898039
Collinsella sp002391315	0.142905411084934	0.231335448235169
Collinsella sp003437035	0.0571656888466424	0.0553206885032065
Collinsella sp003458415	0.264032840866976	0.164572864565048
Collinsella sp003459505	0.163982143241728	-0.0120757442508702
Collinsella sp003469205	0.0727854812876261	0.110881673403945
Collinsella sp003470665	0.22469117682005	0.425089359065311
Collinsella sp003479805	0.0867014812756749	0.034759010368657
Collinsella sp003487125	0.149384140623946	0.300248414530185
Collinsella sp900540855	0.0846746469593683	0.0855114984748086
Collinsella sp900540875	0.0446435017135524	-0.0375403953296546
Collinsella sp900540985	0.147817418788325	0.211012680226416
Collinsella sp900541015	0.114681578949088	0.204940394320163
Collinsella sp900541025	0.249090994023817	0.6320236072465
Collinsella sp900541045	0.367090035575388	-0.0255797462922115
Collinsella sp900541125	0.0848504854527135	0.0722131290073713
Collinsella sp900541145	0.35267159795386	0.396108833506699
Collinsella sp900541185	0.0971521679688391	0.128752238545102
Collinsella sp900541205	0.0639107263414282	0.0835347300622026
Collinsella sp900541245	0.174949516561291	0.288859169682549
Collinsella sp900541285	0.0899732237356239	0.0855715370192113
Collinsella sp900541475	0.047924866368463	0.0554980465368517
Collinsella sp900541665	0.0409491248801357	0.0135556936401056
Collinsella sp900541745	0.158879865372986	0.309594854933232
Collinsella sp900542235	0.16931489833154	-0.116796462312401
Collinsella sp900542275	0.234217467330056	-0.13661420740637
Collinsella sp900543515	0.142338806617638	0.249876498029845
Collinsella sp900543845	0.0630548405183372	0.0343246863419601
Collinsella sp900544065	0.137725039307349	0.267916178408406
Collinsella sp900544235	0.309210568171689	0.38906103749244
Collinsella sp900544425	0.1117480851092	0.157570709258001
Collinsella sp900544755	0.0464712108623266	0.0345623356711872
Collinsella sp900545075	0.054200778707664	0.0599474836695869
Collinsella sp900545835	0.0864681288371061	0.100719763698709
Collinsella sp900545875	0.111141643139963	0.08245778077239
Collinsella sp900545905	0.147357623870675	-0.0425775138872347
Collinsella sp900546455	0.129724346556186	0.218824081338686
Collinsella sp900546825	0.132961684474284	0.0449097139266385
Collinsella sp900547125	0.0590595503292149	-0.0238538885989031
Collinsella sp900547285	0.0739210365779823	0.0145125848606596
Collinsella sp900547345	0.273888117493863	0.155700854959786
Collinsella sp900548075	0.250279180087055	0.325118643385132
Collinsella sp900548365	0.512062422698004	-0.429448870385946
Collinsella sp900548515	0.296645436175544	0.319486913934818
Collinsella sp900548565	0.311774477240117	0.371829767951064
Collinsella sp900548935	0.102330021675872	0.182583009320715
Collinsella sp900549025	0.345192657087079	0.351333075202834
Collinsella sp900549085	0.0904674561984838	0.120559958236075
Collinsella sp900549185	0.065527875432515	0.0566163774183019
Collinsella sp900549215	0.398553000321461	0.411208547250492
Collinsella sp900549355	0.291460891419761	0.316400542282357
Collinsella sp900549455	0.348223532158605	0.29610448405661
Collinsella sp900549535	0.116655668233941	0.134478910317718
Collinsella sp900550185	0.132785031465299	-0.0359119023718602
Collinsella sp900550205	0.165623356414112	0.27655442092948
Collinsella sp900550355	0.158692682500001	0.173284280300334
Collinsella sp900550415	0.0493138062739666	0.0690968382765836
Collinsella sp900550595	0.0403311444373589	0.0175720433743428
Collinsella sp900550815	0.0587509113224749	0.0897536769649977
Collinsella sp900550825	0.0777973379628815	0.105995684113192
Collinsella sp900551195	0.172809319724638	0.037415533219278
Collinsella sp900551635	0.0769976621906816	0.142592497654128
Collinsella sp900551655	0.0446860371597652	0.106866622353896
Collinsella sp900551665	0.0793315381721201	0.137635576557842
Collinsella sp900552145	0.110439112207484	0.168126996306692
Collinsella sp900552155	0.141202613101179	0.215531118209501
Collinsella sp900552295	0.190994128044922	0.247133966265221
Collinsella sp900552705	0.0409492342965856	0.00872880519595209
Collinsella sp900552755	0.149366226595068	0.107736147509482
Collinsella sp900552875	0.454803338781382	0.513860296953872
Collinsella sp900552995	0.035539252058673	-0.00448593604434993
Collinsella sp900553215	0.0394796024974087	0.0159424900617041
Collinsella sp900553415	0.0347299550117583	0.00244816502082638
Collinsella sp900553705	0.0454481981051301	-0.0133470397891931
Collinsella sp900553935	0.042385026499726	-0.018640434612387
Collinsella sp900554155	0.040693100417246	0.0450952535787572
Collinsella sp900554255	0.14601690809286	0.19617169143198
Collinsella sp900554325	0.0809970775315946	0.121116281691788
Collinsella sp900554465	0.040161787448579	0.00139416093619898
Collinsella sp900554585	0.319946102751141	0.332331436788926
Collinsella sp900554645	0.0848828361230107	0.139428948385103
Collinsella sp900554655	0.254468923479878	0.245323001813506
Collinsella sp900554985	0.14723238336628	0.0613415492132447
Collinsella sp900555355	0.118092276145589	0.0955970563894971
Collinsella sp900555585	0.0542392017434566	0.0190262702178363
Collinsella sp900555745	0.108271626347868	0.204626354250273
Collinsella sp900555765	0.203695194025613	0.175955535998631
Collinsella sp900555815	0.225488988946392	0.223568278610895
Collinsella sp900555955	0.106287773329912	0.177899848813296
Collinsella sp900556205	0.039967187218543	0.000701420353897944
Collinsella sp900556285	0.0428626762072176	-0.00820381948731081
Collinsella sp900556365	0.10190427469114	0.0619326676997319
Collinsella sp900556445	0.0925441883032787	0.0464011662507485
Collinsella sp900556495	0.0445745680155927	-0.0134852861555228
Collinsella sp900556515	0.354585722431225	0.426693026606143
Collinsella sp900557505	0.0954817821650597	0.191682551311335
Collinsella sp900752015	0.0447219366957407	0.176768232420374
Collinsella sp900752475	0.381892915901086	0.413532097358816
Collinsella sp900754385	0.0443177752016125	0.073013581682883
Collinsella sp900754435	0.140107052614166	0.0699929131951127
Collinsella sp900754445	0.0720289813890711	0.162789912298651
Collinsella sp900754525	0.0693809253804712	0.0341313375824625
Collinsella sp900755685	0.0480273549352637	0.0729615163468564
Collinsella sp900757235	0.362434755090481	-0.367097154577106
Collinsella sp900757265	0.0351643961022375	-0.0259335403386798
Collinsella sp900757285	0.0670129867553641	0.113447565840888
Collinsella sp900758845	0.219510415940636	0.234574523147759
Collinsella sp900759335	0.48579090939881	0.596521308632502
Collinsella sp900760245	0.0921442432607835	-0.0664794743192562
Collinsella sp900760905	0.128773273530788	-0.0352180895649741
Collinsella sp900762015	0.529614489378574	0.45692382944244
Collinsella sp900765115	0.156777952353734	0.102556323792635
Collinsella sp900765185	0.153227719816508	0.226871840458998
Collinsella sp900768795	0.11224107783134	-0.00998408978794302
Collinsella tanakaei	0.48175763900359	-0.220133862153531
Coprobacillus cateniformis	0.0984101958199248	0.208312074077978
Coprobacter fastidiosus	0.0730661176142866	-0.046829143277291
Coprobacter secundus	0.0699942222029648	-0.105367429130139
Coprobacter sp900545915	0.0509253897408304	0.0147509297916311
Coprococcus eutactus	0.161543682654286	0.0163159815554281
Coprococcus eutactus_A	0.194191942958401	-0.0145271048678584
Coprococcus sp000154245	0.146456319475651	-0.306317623377825
Coprococcus sp000433075	0.0967701955614941	-0.128026046247048
Coprococcus sp900066115	0.120865935901524	-0.262135149380243
Coprococcus sp900548215	0.270485957350426	0.154587394907357
Coprococcus sp900548315	0.427234928565261	0.290675463711663
Coprococcus sp900761435	0.13672434272524	-0.108387470006365
Coprococcus sp900767685	0.270907200650771	0.130598210163211
Coprococcus_A catus	0.053597745103097	-0.0595630047176551
Coprococcus_A sp900548825	0.0561751043773124	0.00641254884329559
D5 sp900113995	0.220798578763825	0.0977656983312797
DTU089 sp002440045	0.0821595431302418	0.132929795536558
Desulfitobacterium hafniense	0.0543807319639595	-0.0782249629784431
Desulfovibrio desulfuricans	0.486061401535308	-0.528543102061048
Desulfovibrio desulfuricans_A	0.326482962522991	0.144663375110092
Desulfovibrio fairfieldensis	0.530748572216762	-0.0777937701228216
Desulfovibrio legallii	0.276276022293646	0.0833552414836749
Desulfovibrio piger	0.594811995208757	0.808995653924162
Desulfovibrio piger_A	0.812533912176987	0.75272503804972
Desulfovibrio sp002159665	0.227292018407904	0.0668227406077881
Desulfovibrio sp900319575	0.226363351060078	0.0742748328601496
Desulfovibrio sp900540515	0.0747447103310239	0.0665334802893941
Desulfovibrio sp900546145	0.546116810503054	-0.296003714326821
Desulfovibrio sp900547595	0.0573045868849639	-0.0471519962040222
Dialister hominis	0.107739947966996	-0.150509489274769
Dialister invisus	0.283507307567902	-0.136630166250856
Dialister sp000434475	0.256861993136268	-0.381651462385613
Dialister sp002320515	0.2398872013952	-0.0473149575024087
Dialister sp900538805	0.327465090574901	-0.320908123612509
Dialister sp900541485	0.04589079575476	0.0179743611583885
Dialister sp900541605	0.230357861277521	0.0315818074245226
Dialister sp900543165	0.141851520957168	0.114249897643373
Dialister sp900543455	0.164222519248026	-0.392012423325177
Dialister sp900545785	0.0342965985228893	0.0144966602302239
Dialister sp900547785	0.111630409165891	0.155622244698969
Dialister sp900557365	0.208656597614804	-0.0205257162164362
Dialister sp900759415	0.403459561742133	-0.506420882749654
Dialister sp900765565	0.121759165210345	0.0507729879008598
Dialister succinatiphilus	0.132787072086043	0.0397376397555513
Dielma fastidiosa	0.339833985914341	-0.421903656347392
Dielma sp001305055	0.0401253944107696	-0.0308999286520979
Dorea formicigenerans	0.166723862344718	-0.126139269286775
Dorea_A longicatena	0.0981098854138714	0.0807113193291465
Dorea_A longicatena_B	0.108760316821483	-0.0484717729453527
Dorea_A sp900550865	0.0830729390021889	0.00476888561807875
Dorea_B phocaeensis	0.09088793005716	0.100985321843576
Duncaniella dubosii	0.294602871962463	0.267664829965152
Duncaniella sp001701225	0.168596927637663	-0.186533934775433
Duncaniella sp900544535	0.0882518067892279	-0.0244018409002776
Duncaniella sp900549445	0.0565901695084397	-0.0743373492132165
Duncaniella sp900762315	0.0997451339713279	-0.16113483437141
Duodenibacillus massiliensis	0.333564878205197	0.0449529452127923
Duodenibacillus sp003472385	0.100422513825567	-0.0327612061100457
Duodenibacillus sp900538905	0.27403282851476	-0.513922671031692
Duodenibacillus sp900542805	0.157464499764805	0.0769813314922703
Duodenibacillus sp900544255	0.322121783589687	0.126021594865367
Duodenibacillus sp900552545	0.207499698937039	0.0424857370665244
Duodenibacillus sp900767875	0.219282430623971	-0.180698877082608
Dysgonomonas capnocytophagoides	0.0328840512286187	-0.00584324282032069
Dysgonomonas gadei	0.0320330644211951	-0.0221245626973446
Dysgonomonas mossii	0.0460166688091651	0.0616208878373964
Dysgonomonas sp900556485	0.11507060398008	-0.229162629171691
Dysosmobacter sp000436875	0.34172798702709	0.223363567726519
Dysosmobacter sp001916835	0.111520399259372	-0.188870252502273
Dysosmobacter sp004553545	0.310080274614185	0.161636769826745
Dysosmobacter sp014297375	0.0471283297364698	0.0432293774005781
Dysosmobacter sp900542115	0.152601742600544	-0.199746891643955
Dysosmobacter sp900544105	0.0891741249566233	-0.113473098408661
Dysosmobacter sp900544615	0.150558801733759	-0.247841505709343
Dysosmobacter sp900544955	0.233492277424992	0.10373400834717
Dysosmobacter sp900546705	0.224509892810733	0.0392002933897487
Dysosmobacter sp900548505	0.184604867247239	-0.0268833902533384
Dysosmobacter sp900550685	0.113720443939007	-0.117603850426562
Dysosmobacter sp900551885	0.269849927414672	0.030741915353771
Dysosmobacter sp900556925	0.338005893822411	0.301423552567523
Dysosmobacter sp900752075	0.293564575563877	0.143745267990047
Dysosmobacter sp900763685	0.183598074012584	-0.139256167128609
Dysosmobacter sp900770295	0.0331646793561718	0.00131545698451313
Dysosmobacter welbionis	0.301416508642251	0.219690251175212
ER4 sp000765235	0.133109006159685	-0.1173369844722
ER4 sp003522105	0.233961328534667	0.0352241533318787
ER4 sp900317525	0.320242191566031	-0.0406276431024617
ER4 sp900546295	0.18300811596032	0.110668208940549
ER4 sp900550165	0.0937384921649401	-0.0939439255254354
ER4 sp900552015	0.177711578175126	-0.0161021815602738
ER4 sp900552375	0.203389586527468	0.0633631449194028
ER4 sp900763705	0.165910653727575	0.106246951531231
ER4 sp900768135	0.225838923747335	0.203385940295598
Eggerthella lenta	0.108264072474516	0.0807755234197649
Eggerthella sinensis	0.413637235736174	-0.227139925726881
Eggerthella sp014287365	0.154468627446426	-0.0791943727588187
Eisenbergiella massiliensis	0.0663268950041442	-0.107810794271693
Eisenbergiella sp003478085	0.0460401596439624	0.0405491378978577
Eisenbergiella sp900066775	0.154634556409459	-0.152685423583547
Eisenbergiella sp900539715	0.0953409868629141	0.00360777943805792
Eisenbergiella sp900544445	0.172028377339768	0.17605610442221
Eisenbergiella sp900548905	0.0406615144725464	0.0249882037728494
Eisenbergiella sp900550285	0.0848841309477429	0.0910162416265864
Eisenbergiella sp900555195	0.177204151646656	0.0442167196613401
Eisenbergiella tayi	0.05827191335031	-0.0290334738577602
Ellagibacter isourolithinifaciens	0.68225324067866	0.77627548952044
Ellagibacter sp900554945	0.0658709927437077	0.0695190592295263
Emergencia sp900066695	0.033927606765596	-0.0135109420094252
Emergencia sp900551775	0.042803397442076	0.0510204439299267
Emergencia timonensis	0.0463068463249905	-0.0228960546584066
Enorma massiliensis	0.169026179986198	0.148084013596134
Enorma sp900538305	0.193141121517486	0.284885515032482
Enorma sp900751795	0.0894698577377552	0.0919073927887874
Enorma timonensis	0.182472029790447	0.196335072490136
Enterobacter asburiae_B	0.119676020300833	-0.0838571281925036
Enterobacter bugandensis	0.122010107798504	-0.0871322813074128
Enterobacter cancerogenus	0.175690889661227	0.132897885275673
Enterobacter chengduensis	0.0829912103838847	-0.0903242218046045
Enterobacter cloacae	0.206582183843521	-0.0202106392518911
Enterobacter cloacae_O	0.266664502231619	0.0201555482791031
Enterobacter hormaechei_A	0.106453831756544	0.188083642214741
Enterobacter kobei	0.156882080219482	0.0847490135172777
Enterobacter ludwigii	0.19218911401259	0.104735498991373
Enterobacter mori	0.269283918799462	-0.245227873305667
Enterobacter roggenkampii	0.351213629568042	-0.229311339790981
Enterobacter sichuanensis	0.248439236692919	-0.0102189024213957
Enterobacter_D kobei_A	0.143304764580881	0.208220300603009
Enterocloster aldenensis	0.207942501994705	0.06722372686263
Enterocloster asparagiformis	0.0896439566128046	0.10558036160969
Enterocloster bolteae	0.2409742723247	0.135231702637763
Enterocloster citroniae	0.205764319837706	0.0225447382708626
Enterocloster clostridioformis	0.124187231549737	0.207941575832885
Enterocloster clostridioformis_A	0.118580150758112	0.178091748787704
Enterocloster lavalensis	0.0775765230133592	0.129912715413635
Enterocloster sp000155435	0.0754474034230315	0.0834092055181985
Enterocloster sp000431375	0.27612624838351	-0.186067644271788
Enterocloster sp001517625	0.252811812354869	0.153919736510628
Enterocloster sp005845215	0.0603831356369246	0.0558419902117532
Enterocloster sp900538485	0.126511831113636	0.174064930604121
Enterocloster sp900540675	0.0515423017736531	0.0767459202223076
Enterocloster sp900541315	0.215627180348344	-0.147468272738687
Enterocloster sp900543885	0.251709943284163	-0.233761590919869
Enterocloster sp900547035	0.181357195231234	0.150389221939075
Enterocloster sp900549235	0.15979560711497	0.0124130228194334
Enterocloster sp900551225	0.0627310276136206	0.0756900057071103
Enterocloster sp900555045	0.08239450955547	0.0216527262398224
Enterocloster sp900555905	0.199928671032192	-0.127776240526725
Enterocloster sp900753815	0.0493093779534843	0.0528502273258575
Enterocloster sp900759225	0.117326153470745	0.102437767551421
Enterocloster sp900770345	0.121173745893404	0.0818091329819917
Enterococcus faecalis	0.172903459285984	-0.0894746940489146
Enterococcus_A devriesei	0.0850756359875989	0.0134739071767688
Enterococcus_B faecium	0.161271503387295	0.20014968640133
Enteroscipio rubneri	0.130073137498343	-0.24124079476187
Erysipelatoclostridium ramosum	0.0644882630269014	0.107017189049718
Erysipelatoclostridium saccharogumia	0.168195584993872	-0.128161264928329
Erysipelatoclostridium sp002160495	0.0400275596303107	-0.016896201521321
Erysipelatoclostridium spiroforme	0.0650556487874721	0.071569785803672
Escherichia albertii	0.378966460221838	0.0595244869021248
Escherichia coli_D	0.545353706799046	-0.0166834203933378
Escherichia fergusonii	0.466895739116237	-0.0399925764579474
Escherichia marmotae	0.395808831584065	0.00995809746114218
Escherichia sp000208585	0.453250672174835	-0.00762481779139842
Eubacterium callanderi	0.0554098358575812	0.0779757726141398
Eubacterium maltosivorans	0.0471714719365201	-0.0673716211529707
Eubacterium_F sp000433735	0.192713266987054	-0.223382407690801
Eubacterium_F sp000434115	0.204730033864072	-0.0353275077289646
Eubacterium_F sp003491505	0.19508382457253	-0.00849751334603205
Eubacterium_F sp900539115	0.513055837253218	0.085432220740414
Eubacterium_G sp000432355	0.107071462363834	-0.110173780109429
Eubacterium_G sp000434315	0.0791489726758313	-0.15562289680877
Eubacterium_G sp000435815	0.202411134883266	-0.0144497064714349
Eubacterium_G sp900548465	0.0587711733464057	-0.110498037593183
Eubacterium_G sp900550135	0.106111965112555	-0.0174282658275956
Eubacterium_G ventriosum	0.186716316627204	-0.0384509182667539
Eubacterium_I ramulus	0.0946372150670759	0.0479452040536338
Eubacterium_I ramulus_A	0.0630755071509685	-0.000554898315398999
Eubacterium_I sp900066595	0.0717111893930537	0.0396112297876661
Eubacterium_I sp900546495	0.135333287075291	-0.0244058744875724
Eubacterium_I sp900557275	0.126823280498811	-0.127144909717798
Eubacterium_M sp900540015	0.0554371961434555	0.0657500054093689
Eubacterium_R coprostanoligenes	0.222841285153971	-0.132245642702789
Eubacterium_R sp000431535	0.0502412831904327	0.161651385569226
Eubacterium_R sp000433975	0.307033457874456	-0.241689990961492
Eubacterium_R sp000434995	0.0713169581100094	0.0579938962551555
Eubacterium_R sp000436835	0.2255804694019	0.163440869516991
Eubacterium_R sp002493325	0.149629396402861	-0.0772145288572359
Eubacterium_R sp003526845	0.124242735948909	0.0292241610310427
Eubacterium_R sp014465955	0.150397632485729	-0.156731897678962
Eubacterium_R sp900539165	0.0395876778050664	0.012380019989777
Eubacterium_R sp900539325	0.0817473879047184	0.00124376320284834
Eubacterium_R sp900539425	0.0867812799807225	0.140824095908514
Eubacterium_R sp900539775	0.0633207283221748	0.0605123488011862
Eubacterium_R sp900539845	0.0349481955832113	-0.0156860483071504
Eubacterium_R sp900540235	0.280990655746746	-0.11958351461847
Eubacterium_R sp900540305	0.0508040947902821	0.0704740278865528
Eubacterium_R sp900542875	0.0468501074626194	-0.00512897464858118
Eubacterium_R sp900543795	0.0458671402053609	-0.11733035240033
Eubacterium_R sp900546785	0.111230477330611	0.218592858131827
Eubacterium_R sp900547915	0.0410322685293334	0.00847041611411905
Eubacterium_R sp900548085	0.144878452480776	-0.040585111630958
Eubacterium_R sp900555015	0.0390273620362243	0.00458344002787896
Eubacterium_R sp900764665	0.095326563668048	-0.0624235031784093
Eubacterium_R sp900767025	0.116336015283559	0.162104097749948
Eubacterium_T sp900766045	0.149778983592127	-0.0316479458907753
Evtepia gabavorous	0.0640472311267013	0.0331333974002978
Evtepia sp004554585	0.0437433512281152	-0.00563085647625853
Evtepia sp004556345	0.0731376734850639	-0.0715557761911591
Evtepia sp900546255	0.275784772784722	0.323212747796082
Evtepia sp900758955	0.206673869254953	0.187765905539935
Extibacter hylemonae	0.0360282325470546	0.0200050864607711
Extibacter muris	0.0595828445682478	0.051148595244647
Extibacter sp001185345	0.131152298950345	0.156498960775353
Ezakiella sp900540185	0.0881934621246645	0.0965836159741977
F0040 sp000318095	0.24647642795564	-0.00874859942065127
F0040 sp900095835	0.0924660682654921	-0.169422252894495
F0422 sp003999875	0.281927576203692	0.173389743604308
F0422 sp900766245	0.0311824193643981	0.0150136144302871
F082 sp002633315	0.244824703352198	0.0722604877062148
F082 sp900542475	0.299855911314181	-0.437228753619034
F082 sp900769945	0.153684506907553	0.0894559249488329
F23-B02 sp000431075	0.274023558533899	0.0725079164801564
F23-B02 sp001916715	0.596164934370286	0.268436182419181
F23-B02 sp002472405	0.576215682032348	0.244246346301421
F23-B02 sp003533405	0.246023626565379	0.244171239409877
F23-B02 sp004553495	0.251368332514024	0.0917600916224037
F23-B02 sp004556755	0.300184329323774	0.35091561412805
F23-B02 sp004557075	0.0911054633640404	-0.053088510591823
F23-B02 sp004558025	0.250858872786698	0.168024197880563
F23-B02 sp900545805	0.311118865798629	0.141137298764026
F23-B02 sp900556535	0.197349954665764	0.215949851240851
F23-B02 sp900760205	0.246874289838828	0.105600796546333
F23-B02 sp900772725	0.226806972087383	0.196449681156467
Faecalibacillus faecis	0.16443413234009	-0.367220531197738
Faecalibacillus intestinalis	0.146384808256215	-0.326600077967374
Faecalibacillus sp003480255	0.149073774007402	-0.209850215110805
Faecalibacillus sp900544435	0.16969953966706	-0.257704947329946
Faecalibacterium prausnitzii	0.202261742663626	-0.126509301265461
Faecalibacterium prausnitzii_C	0.106912309989444	0.0266692883393643
Faecalibacterium prausnitzii_D	0.202830039493614	-0.273504525648861
Faecalibacterium prausnitzii_E	0.219230702773145	-0.438473800186903
Faecalibacterium prausnitzii_F	0.145753916122113	-0.261404189309344
Faecalibacterium prausnitzii_G	0.204920293237724	-0.272219216806441
Faecalibacterium prausnitzii_H	0.177040830425834	-0.272694989878871
Faecalibacterium prausnitzii_I	0.185393667934378	-0.347126214789959
Faecalibacterium prausnitzii_J	0.18812120344637	-0.253952287573351
Faecalibacterium prausnitzii_M	0.198972940660728	-0.292346218733137
Faecalibacterium sp003449675	0.174864987232292	-0.166597717821777
Faecalibacterium sp900539885	0.135773798899123	-0.259249910963603
Faecalibacterium sp900539945	0.0693299736322241	-0.0801371078548841
Faecalibacterium sp900540455	0.211958296527822	-0.205398857536432
Faecalibacterium sp900551435	0.195783265453741	-0.247520765166902
Faecalibacterium sp900758465	0.0651779585271394	-0.077998225122246
Faecalibacterium sp900765105	0.28284990309538	-0.423272996943077
Faecalibacterium sp900772565	0.107577171928197	-0.0590976061533921
Faecalicoccus sp900546545	0.169126502591328	0.256554925995865
Faecalimonas phoceensis	0.188869314179468	0.0303399480002449
Faecalimonas sp000209385	0.0986245749505926	0.0863775419269466
Faecalimonas sp900546325	0.0869270285219759	0.0699073089474384
Faecalimonas sp900550235	0.105016873735667	0.0428477565802492
Faecalimonas sp900551895	0.0822385950550575	0.0665246480122363
Faecalimonas sp900555395	0.0461517179036523	0.0200423729616866
Faecalimonas umbilicata	0.126730792634405	0.0406166252195884
Faecalitalea cylindroides	0.121379392554751	0.0762123589922962
Fenollaria timonensis	0.207475744748449	0.0822060291829973
Fermentimonas caenicola	0.0447443349582632	-0.0458908881783811
Fibrobacter_A intestinalis	0.154072739369964	0.0477830995628683
Firm-07 sp900548735	0.346719182551459	0.0708220836861334
Firm-07 sp900770145	0.13324399299538	0.0159336589086169
Firm-10 sp004552515	0.395009963673383	0.626089099383296
Firm-11 sp004556545	0.110488282782104	0.0038747240910759
Firm-11 sp900540045	0.365485718185105	0.334602110980512
Firm-11 sp900548145	0.140332423636707	-0.0987666124074099
Firm-11 sp900550955	0.199048622691548	0.101736726612643
Firm-11 sp900553905	0.50784769914593	0.343522956608497
Flavonifractor plautii	0.187091991124227	0.0830529218483394
Flavonifractor sp900549795	0.125635082500892	-0.140668405858917
Fournierella massiliensis	0.0927614231969042	0.0285874240225923
Fournierella sp004558145	0.0548257992021504	0.00472602005791523
Fournierella sp900543285	0.0558093665878038	0.0649371469018457
Frisingicoccus caecimuris	0.106866777114909	0.0420583895363242
Frisingicoccus sp900549105	0.0715169902611891	0.061754841810657
Frisingicoccus sp900753685	0.121608153887896	0.152507460774201
Frisingicoccus sp900757195	0.198783752976065	0.138069861321618
Fusicatenibacter saccharivorans	0.18864441146632	-0.217255058465975
Fusicatenibacter sp900543115	0.0613152248386784	0.0743335025464101
Fusicatenibacter sp900772675	0.0979854162634092	-0.132227887262051
Fusobacterium nucleatum_E	0.244078221060726	-0.16863486035322
Fusobacterium_A sp900015295	0.0439103888961349	0.00108458370425873
Fusobacterium_A sp900549465	0.0419893447263964	0.0485078817217689
Fusobacterium_A sp900555845	0.091750205333119	0.0369496437656279
Fusobacterium_A sp900764925	0.0419968388277273	0.00198801536635597
Fusobacterium_A ulcerans_A	0.202102334467473	-0.0513395046762219
Fusobacterium_A varium_A	0.312338173924757	-0.140134112752883
Fusobacterium_B sp900541465	0.341290017744981	0.159204255347864
GCA-900066135 sp900066135	0.0859492628907184	-0.111857576953402
GCA-900066135 sp900543575	0.0892669077294195	-0.115039291453116
GCA-900066495 sp902362365	0.15518405674726	0.197949413435912
GCA-900066755 sp900066755	0.0559922271397602	-0.0813697629051048
GCA-900066755 sp902363085	0.042825896228605	0.0435109712293544
GCA-900066905 sp900066905	0.261347062184138	0.250268526306016
Gabonibacter massiliensis	0.241188429360451	-0.172358905435499
Gabonibacter sp900543425	0.0660642335482592	0.0311478004758867
Garciella sp900555725	0.0707177819815688	-0.0744339330664962
Gastranaerophilus phascolarctosicola	0.075204731160914	-0.00676695764335638
Gemella morbillorum	0.0619228323442397	0.0895211047453034
Gemella sanguinis	0.0804209468966893	0.0140422172327585
Gemmiger formicilis	0.105577083223487	-0.011447611421503
Gemmiger qucibialis	0.0729141206313637	-0.0423046342936267
Gemmiger sp004555405	0.0977444516804746	-0.166248823603388
Gemmiger sp900539695	0.0698664007892659	-0.123263215854645
Gemmiger sp900540595	0.234833369131683	-0.131171490325401
Gemmiger sp900540775	0.177005676651421	-0.0852686243796099
Gemmiger sp900545545	0.204602018354446	-0.0900033713094706
Gemmiger sp900548355	0.109546716480806	-0.105681508976621
Gemmiger sp900554145	0.184618585007415	-0.166452442800378
Gemmiger sp900556255	0.16605049107363	-0.163634755193035
Gemmiger variabilis	0.132785391993634	-0.152960490274137
Gemmiger variabilis_A	0.158012301373208	-0.0915033066619944
Gemmiger variabilis_B	0.187383199374806	-0.164358659558017
Gordonibacter massiliensis	0.323243450066027	-0.225651315165351
Gordonibacter pamelaeae	0.104326936890268	-0.0593024781362347
Gordonibacter sp003339845	0.0713165344018327	0.11243373965157
Gordonibacter urolithinfaciens	0.245258953216846	0.295442958935989
Granulicatella adiacens	0.120794365168678	-0.0132026705001784
Granulicatella sp001058355	0.217321399371299	-0.0618885141715137
Granulicatella sp900551535	0.141431084640986	0.0315905370770381
HGM04593 sp900769465	0.0395563165812208	0.00378316012738
HGM04593 sp900769765	0.238594334145894	-0.169150405002857
HGM04593 sp900770665	0.04511679840837	0.0566001438449918
HGM04792 sp900770705	0.269871054647667	-0.268945581526235
HGM05190 sp900759815	0.150242228209163	-0.182779759215724
HGM05232 sp900759955	0.0610757890550884	0.0850308585801319
HGM10766 sp900757295	0.579242455024394	-0.345830313981548
HGM10818 sp900772445	0.048849053960407	-0.114635112212901
HGM10836 sp900772095	0.179092004757309	-0.094973435909378
HGM10873 sp900753645	0.0805483588362425	0.0429488276463226
HGM11327 sp900759935	0.302108740430243	0.266575209892713
HGM11368 sp900772745	0.215550516357413	-0.207666699845573
HGM11372 sp900767715	0.332733370661859	0.24687053189204
HGM11386 sp900761915	0.176448265961027	0.029405009292575
HGM11412 sp900770185	0.315347496305376	-0.0442060365018966
HGM11416 sp900766495	0.160557159481918	-0.0842321917792099
HGM11416 sp900768525	0.315911275851313	0.327843703956952
HGM11417 sp900761895	0.137099834015874	-0.291845082353203
HGM11501 sp900766735	0.119886066540913	0.0679161578930828
HGM11507 sp900761005	0.0462625057656804	-0.0522290303529408
HGM11514 sp900757255	0.186907215062973	0.161309615871422
HGM11521 sp900751885	0.169018110958308	-0.137293658579441
HGM11523 sp900756545	0.0854241056861994	0.0386666040617301
HGM11525 sp900770405	0.0555221391327047	0.0892295666518389
HGM11530 sp900751685	0.199446313789579	0.0904257232506352
HGM11575 sp900754775	0.516743880562962	0.55621765040589
HGM11588 sp900754755	0.534450806692133	0.383570798276872
HGM11616 sp900761075	0.268600620180367	0.316475410688135
HGM11788 sp900760465	0.0594453322535972	0.042933785905608
HGM11808 sp900757025	0.0997874379258125	-0.0121317267593264
HGM12587 sp900766915	0.087585413770326	-0.0225047540090924
HGM12619 sp900753195	0.179661534155092	0.119960629556683
HGM12650 sp900761725	0.252538805716288	0.256286781287953
HGM12657 sp900760575	0.134989541058406	-0.213404533599507
HGM12669 sp900761935	0.641365940895557	0.653113625161749
HGM12713 sp900754175	0.342926642196587	0.319384202701395
HGM12789 sp900766585	0.246094282162683	0.194933463945767
HGM12814 sp900770165	0.0831614061929193	-0.00444852166147978
HGM12957 sp900760695	0.0792914505059366	-0.0220669319915633
HGM12998 sp900756495	0.226852475263873	0.052418235963915
HGM13006 sp900756575	0.0552430964089135	-0.00298442293770485
HGM13006 sp900757695	0.226814814796263	0.084783534530393
HGM13010 sp900754965	0.0918643507183046	-0.025075085388716
HGM13222 sp900757485	0.149549873123333	0.0792424979806545
HGM13233 sp900762805	0.180749346166902	0.237430505626189
HGM13618 sp900753975	0.242334095523537	0.265288701516226
HGM13634 sp900770385	0.219993832668586	0.262738233204538
HGM13862 sp900760825	0.220940365162367	-0.358078007327758
HGM14224 sp900761905	0.112119456385018	-0.138973930684162
HGM20899 sp900767005	0.0542435030976728	-0.0204931233259362
Haemophilus_D parainfluenzae	0.182294442701035	-0.116020100955458
Haemophilus_D parainfluenzae_J	0.178721585994778	-0.0197535748732313
Haemophilus_D parainfluenzae_K	0.226961842897272	-0.147579011870087
Haemophilus_D parainfluenzae_L	0.203139672881039	-0.18925594546701
Haemophilus_D parainfluenzae_M	0.195727886065695	-0.0418456673106845
Haemophilus_D parainfluenzae_N	0.179438037948992	-0.164083332755423
Haemophilus_D pittmaniae	0.207051333576963	0.00453139966773433
Haemophilus_D sp900756155	0.196936369021894	-0.182570322942173
Haemophilus_D sp900756875	0.228347499909037	-0.230307092438569
Hafnia alvei	0.345127514391172	-0.0396435439494259
Hafnia paralvei	0.391839340470646	-0.0112554093026008
Harryflintia acetispora	0.29944206342139	0.287400211239604
Holdemanella biformis	0.0849068267066986	0.0911324357333689
Holdemanella sp002299315	0.0859757336389514	0.0434478065113062
Holdemanella sp003436425	0.076690268528497	0.065084497621525
Holdemanella sp003458715	0.172511981019354	0.103936145965819
Holdemanella sp900547815	0.0526816963936961	0.0224495707695726
Holdemanella sp900754615	0.0654569770997466	0.0221654766043143
Holdemania filiformis	0.326895483742639	0.294324693026753
Holdemania massiliensis	0.0599690165388051	0.0508952937631203
Holdemania sp900120005	0.354099620129513	0.389509620883582
Hungatella effluvii	0.119887900648188	0.122335491516632
Hungatella sp005845265	0.0753002174537178	0.13468206553859
Hungatella_A hathewayi_A	0.126731686681088	0.123552088982613
Hydrogeniiclostridium mannosilyticum	0.226075968318779	0.263972211755711
Hydrogeniiclostridium sp900550095	0.231574911258166	0.280327418586458
Hydrogeniiclostridium sp900752115	0.280523348299601	0.149632070907341
Intestinibacter bartlettii	0.134578826783986	0.213939441208363
Intestinibacter sp900540355	0.0947568993267914	0.112964421319471
Intestinimonas butyriciproducens	0.123108364877026	-0.0773461295223052
Intestinimonas massiliensis	0.075222100835269	-0.0961599998537061
Intestinimonas sp900540545	0.0395404685143076	-0.05124296180919
Johnsonella sp900766185	0.0438540544072766	-0.00635620885428591
KA00274 sp902373515	0.104187975985609	-0.23856792459707
KLE1615 sp900066985	0.0557291081247682	0.0724684718920399
Klebsiella aerogenes	0.227270596957159	0.00687161886769781
Klebsiella pneumoniae	0.344320169690495	-0.120346782759284
Klebsiella quasipneumoniae	0.150694888517419	-0.0194867382351055
Klebsiella quasivariicola	0.217478442627792	-0.183204249361446
Klebsiella variicola	0.254815178612044	-0.0264769755863488
Klebsiella_A grimontii	0.204599310256653	0.176085329692633
Klebsiella_A indica	0.265149794798096	0.224967955153828
Klebsiella_A michiganensis	0.211415301547732	0.352204870548044
Klebsiella_A oxytoca	0.17084595058171	0.230205341897051
Kluyvera ascorbata	0.353955029318038	0.119687272474957
Kluyvera ascorbata_B	0.20522264512155	0.111976942801505
Kluyvera sp902363335	0.259264589203702	0.0562384397220083
Kosakonia cowanii	0.118742476023664	0.0165965563851883
Lachnoanaerobaculum orale	0.090267194597738	-0.0343040387131586
Lachnoanaerobaculum sp000296385	0.11928145889553	-0.0613048954366521
Lachnoanaerobaculum umeaense	0.0690152499272898	-0.0581371669806011
Lachnoclostridium phytofermentans_A	0.0841756705431358	0.0260787777806658
Lachnoclostridium sp900078195	0.0292020609411564	-0.0243750751789648
Lachnoclostridium_A edouardi	0.118568702364169	0.178576751911405
Lachnoclostridium_A sp002160755	0.0721672102685457	0.0387543885890292
Lachnoclostridium_A sp003464085	0.0440143370445824	0.0349448335205905
Lachnoclostridium_B phocaeensis	0.0403455168213232	0.00197929430335513
Lachnoclostridium_B sp000765215	0.110710159798385	0.138564357672277
Lachnoclostridium_B sp900066555	0.0428973239569185	-0.000177523625070922
Lachnoclostridium_B sp900066765	0.0796500107417018	0.0269651550751462
Lachnoclostridium_B sp900543315	0.0923487833817417	0.0773568418114991
Lachnospira eligens_A	0.102339399117167	-0.12232039569679
Lachnospira rogosae_A	0.146092538947683	0.0204310418857084
Lachnospira sp000436475	0.26092920939605	-0.161699429549322
Lachnospira sp000436535	0.370172038001851	-0.338771726640354
Lachnospira sp000437735	0.209291910309449	-0.0525531840511613
Lachnospira sp003537285	0.0744927479507859	-0.0756233792572797
Lachnospira sp900316325	0.117634577832824	-0.152038383197251
Lachnospira sp900545725	0.19068201313341	-0.222121713339891
Lachnospira sp900547255	0.120715524957853	-0.139035027913889
Lachnospira sp900551945	0.132737537572137	-0.221892124908512
Lachnospira sp900552795	0.037508569429038	-0.0232692293731232
Lachnospira sp900772425	0.131781366791125	-0.165630613276361
Lacrimispora sp000526575	0.060112883844646	0.10686674362605
Lacrimispora sp902363735	0.0307840913428065	-0.0349587147837194
Lacrimispora sp902363835	0.0324958483062105	0.0341134059117656
Lacticaseibacillus paracasei	0.213919087002678	0.260387625602072
Lactiplantibacillus plantarum	0.0525586992272141	0.081011048196616
Lactobacillus delbrueckii	0.168587511151637	0.262366714321172
Lactobacillus kalixensis	0.0488839901242005	0.0568650158897342
Lactococcus lactis	0.210176526739515	0.197550160268636
Lactococcus lactis_E	0.0592477741160132	0.059870048669523
Lactococcus_A raffinolactis	0.0656236093852051	0.0117538471544883
Lactonifactor longoviformis	0.0668148299626241	0.00224130485685509
Lactonifactor sp009677585	0.0619674491701307	0.0684846664238107
Lagierella massiliensis	0.0308588035170153	0.00289472290031919
Lancefieldella rimae	0.234802735658304	-0.11076517062854
Lancefieldella sp000564995	0.242762588146793	-0.235412684265519
Latilactobacillus sakei	0.114015874354251	0.143065351711536
Lawsonibacter asaccharolyticus	0.293039466331149	0.229935849993608
Lawsonibacter sp000177015	0.0366156848638214	-0.00220773750395735
Lawsonibacter sp003478995	0.0385204886760087	-0.0241161629862917
Lawsonibacter sp014287875	0.19543360463013	-0.0770495811947994
Lawsonibacter sp900066645	0.0627058745766062	0.0696038267035817
Lawsonibacter sp900066825	0.106116588338006	0.022466821639186
Lawsonibacter sp900545895	0.275853261512983	0.223751396511772
Lawsonibacter sp900549405	0.319999795459234	0.0135337300376091
Lawsonibacter sp900550705	0.0394675127828069	-0.0400104635487216
Lawsonibacter sp900553135	0.0386257953154253	0.011261153673749
Lawsonibacter sp900754605	0.0957898798961165	0.0633006632078791
Lawsonibacter sp900763995	0.176940241791853	0.163560493522609
Lawsonibacter sp900764755	0.0810941218618536	0.0582140334454972
Lawsonibacter sp900766145	0.0583478070753769	0.0469620115475594
Lawsonibacter sp902363045	0.108164146394348	0.107200850712784
Leclercia adecarboxylata_C	0.243752707986022	-0.0566293321965081
Leptotrichia wadei	0.261934405048336	-0.254103598782447
Leuconostoc lactis	0.0460644547798145	-0.0263305237723544
Leuconostoc mesenteroides	0.0474306659823969	0.0576852941740484
Ligilactobacillus ruminis	0.0641358496594855	0.0484289469783983
Limosilactobacillus reuteri_E	0.0903011980085869	0.335290246955144
Longibaculum muris	0.132375453127586	0.0535816853811358
Longibaculum sp900538465	0.29187654417885	0.106485557395925
Longicatena caecimuris	0.0551552454476477	-0.0433551003116334
Lysinibacillus fusiformis_D	0.139620417004579	-0.0508524644283006
MGYG000000286	0.156485423594627	-0.119119357139092
MGYG000000298	0.115271036386689	0.0641599597987795
MGYG000000300	0.0546849560454659	0.0714769056736108
MGYG000000325	0.0809334439313026	-0.110594831740681
MGYG000000334	0.270192049904433	0.233599267115698
MGYG000000339	0.0376205788458082	-0.0362892370492639
MGYG000000346	0.037137093448417	-0.0277852753307917
MGYG000000348	0.148611605970106	0.1420810041569
MGYG000000350	0.198490730845848	0.168254976600283
MGYG000000351	0.16403099351809	0.106814571670193
MGYG000000355	0.0526314392359736	0.0242394709326985
MGYG000000356	0.121278921075894	-0.0673185980960355
MGYG000000357	0.107436411453446	-0.246659312469978
MGYG000000359	0.0729576142882761	-0.105526318234437
MGYG000000361	0.0308833996634219	-0.00192676760195316
MGYG000000375	0.173124318391572	0.046375001494226
MGYG000000377	0.0616707516609297	-0.0672803417963087
MGYG000000378	0.311360321639868	0.0438247599132977
MGYG000000380	0.49612823767586	0.524792206481331
MGYG000000381	0.42408794688511	0.616248683582717
MGYG000000383	0.298699106932152	0.395031355516259
MGYG000000384	0.16531455887559	0.00788868010167172
MGYG000000386	0.0553325813758358	0.0441519701324845
MGYG000000387	0.0681495856921623	-0.271156113320546
MGYG000000388	0.148448825190898	0.148287571782271
MGYG000000390	0.0421685827996844	-0.0444385497754255
MGYG000000393	0.419719815738678	-0.287264368395456
MGYG000000397	0.0385722320237383	-0.0494827185109098
MGYG000000398	0.0415185237808202	0.00355458249076511
MGYG000000400	0.0437089401730917	-0.00269383706395403
MGYG000000403	0.0444106860334017	-0.0126737247008047
MGYG000000407	0.25460326293937	0.0427146175937481
MGYG000000408	0.0803040548083998	0.147603435810317
MGYG000000411	0.191198996586357	0.258588812694311
MGYG000000413	0.216901949567984	0.0201049601910219
MGYG000000421	0.330497304097827	0.209583850669022
MGYG000000423	0.107078532814147	-0.0294483750926541
MGYG000000425	0.0584819257462618	0.0251055674038249
MGYG000000426	0.133926682058981	0.114549922485353
MGYG000000432	0.0568507777959588	-0.108614786387681
MGYG000000433	0.0807779279532912	-0.231781404930678
MGYG000000440	0.281507824364084	0.422830659821954
MGYG000000443	0.211100728087307	-0.10961307121862
MGYG000000448	0.0947068743321336	0.0779018557839193
MGYG000000450	0.268410853475287	0.201176386828122
MGYG000000454	0.219381533927693	0.406823163146774
MGYG000000455	0.0320973044069891	0.00861858871276758
MGYG000000456	0.176405925948261	0.112637538810986
MGYG000000459	0.243615189926931	0.455113698349768
MGYG000000469	0.125967651569094	-0.0951646892854437
MGYG000000474	0.238827722250097	0.0731112091499296
MGYG000000481	0.139328411436099	0.201040098104746
MGYG000000494	0.430910662166193	0.113450104358504
MGYG000000505	0.0758149299636639	0.0422982571527956
MGYG000000512	0.18371917799849	-0.190175697617962
MGYG000000516	0.21378472491092	0.115938105729622
MGYG000000521	0.431105412366645	0.239190306955291
MGYG000000545	0.0877931790779674	-0.0710807609353535
MGYG000000547	0.240726617620114	0.469657347880726
MGYG000000566	0.330588844532711	-0.372147226030556
MGYG000000572	0.115595277720984	-0.181841286662282
MGYG000000574	0.0320686827574211	-0.0271267861555661
MGYG000000576	0.0387930575006008	0.00124664729977313
MGYG000000581	0.293749236011372	0.00274248128659456
MGYG000000585	0.159219778913483	0.0169741354085169
MGYG000000586	0.0922406929738938	-0.0456261663218922
MGYG000000587	0.044359646222874	-0.00505474072249008
MGYG000000588	0.871484125484061	-0.912429170112393
MGYG000000589	0.127030880050145	-0.122716527497593
MGYG000000592	0.155052537309071	0.0953845687122973
MGYG000000594	0.138443009277479	0.237838442221494
MGYG000000597	0.0688885043838589	0.111632424789503
MGYG000000605	0.0661141615896521	-0.0917958040044896
MGYG000000608	0.115011477244622	-0.118083844015691
MGYG000000609	0.14130043319226	0.0734512894136287
MGYG000000613	0.0442022532817424	0.075213430290578
MGYG000000616	0.11398477198059	-0.252343118306378
MGYG000000621	0.115588318667897	-0.0882217344935575
MGYG000000624	0.303035388923036	-0.355135457264471
MGYG000000625	0.197099833424969	-0.0666539439033317
MGYG000000626	0.116192965597072	-0.0935583710162491
MGYG000000627	0.0816949669740165	-0.118046074399278
MGYG000000628	0.296753270358462	-0.200757710036662
MGYG000000630	0.437697700567432	-0.287314372188589
MGYG000000632	0.473802469886546	-0.33493195162661
MGYG000000635	0.0639497377194767	0.133483336182878
MGYG000000643	0.414160931680722	0.303959838344909
MGYG000000650	0.0559777101298226	0.0446813755136964
MGYG000000656	0.0624827831049051	-0.099769443359203
MGYG000000658	0.0691231720282343	-0.114596733880609
MGYG000000661	0.265048772461444	0.285109848332094
MGYG000000662	0.163974303542571	0.223031412056742
MGYG000000665	0.0476959295875317	-0.0180368189504364
MGYG000000666	0.499849324405019	-0.401310051988689
MGYG000000674	0.113899900622386	0.0472958234260973
MGYG000000677	0.353939582178451	-0.334610342632442
MGYG000000680	0.119692644950007	-0.192390314236278
MGYG000000682	0.272544657694171	-0.112011430711008
MGYG000000684	0.0766475717951912	0.123609035190014
MGYG000000687	0.12567902656335	-0.044981681690413
MGYG000000688	0.040740924388764	-0.0457062724962098
MGYG000000691	0.244865227601774	0.312600424829384
MGYG000000693	0.0376204925673075	0.0457153091128293
MGYG000000694	0.203094673569596	0.204936550930326
MGYG000000699	0.166126541323992	-0.00385955055373317
MGYG000000702	0.249817160599753	0.195117178341825
MGYG000000704	0.122009552115588	0.0788692255175001
MGYG000000706	0.0518445538774483	-0.0524311523659869
MGYG000000709	0.215097322315433	-0.164776223444029
MGYG000000710	0.241620003453432	0.207302741985848
MGYG000000711	0.0770228479209047	-0.0698598908001761
MGYG000000713	0.189043390979702	0.118305637326746
MGYG000000716	0.0400150229686907	-0.0096739116779529
MGYG000000719	0.0917150843460909	-0.0465212359277496
MGYG000000721	0.177477345231306	-0.0457470574920477
MGYG000000724	0.146152980940192	-0.132395308689454
MGYG000000727	0.45525992561968	0.442040189105746
MGYG000000728	0.147356661238728	0.115390261990174
MGYG000000732	0.406874996921778	-0.0934359090954206
MGYG000000733	0.341387821286792	0.2193502895899
MGYG000000735	0.214663289094836	0.13147425496701
MGYG000000736	0.230857000833908	0.218699122986705
MGYG000000738	0.127031352785893	-0.248205446658584
MGYG000000739	0.169156264426866	0.179177088619308
MGYG000000745	0.142740476738721	0.0553135077224268
MGYG000000746	0.286864910123252	0.288467824934314
MGYG000000747	0.190579898365584	0.219534192223373
MGYG000000750	0.673545918652367	-0.381167328947082
MGYG000000752	0.193994627395207	0.0709781415930041
MGYG000000759	0.156235242246453	0.149659425377881
MGYG000000760	0.186581853398792	-0.0456061906672482
MGYG000000761	0.320276625448615	-0.414628792758219
MGYG000000795	0.0899125655660956	0.0758138904072881
MGYG000000818	0.173742126679672	0.136422116307685
MGYG000000821	0.320919517045905	0.220161978685113
MGYG000000860	0.138887968947008	-0.0999116639669516
MGYG000000862	0.0495184579196257	0.0947130909812507
MGYG000000876	0.0771130825901496	0.055129571428985
MGYG000000934	0.144827026972729	0.0474208832753646
MGYG000001020	0.162624431886653	0.0665615418714174
MGYG000001028	0.0366204931151377	-0.0674501083759041
MGYG000001032	0.0426431364602307	0.0201962398831178
MGYG000001033	0.224808849445557	0.0884598021474816
MGYG000001048	0.263513378623853	-0.108140504195046
MGYG000001049	0.245632288791335	0.114710416851004
MGYG000001075	0.136831424580296	-0.115197295195798
MGYG000001106	0.0757968168264318	-0.113117313511626
MGYG000001112	0.261278936044716	-0.223222533778539
MGYG000001133	0.109001577577302	-0.20602436352898
MGYG000001142	0.224494260810579	-0.1423253759289
MGYG000001150	0.0418144507923932	0.00401725369370248
MGYG000001169	0.244632168554923	0.34723733291986
MGYG000001181	0.0687588502495225	0.0291687715372596
MGYG000001189	0.0561685439266631	0.101618343777255
MGYG000001195	0.212666452402984	0.0606473234729901
MGYG000001197	0.0505456881074104	0.0450802774006728
MGYG000001205	0.148350847075268	-0.0855980744947136
MGYG000001219	0.0457866536455654	0.0160481963805654
MGYG000001242	0.196444378620796	-0.372127276628434
MGYG000001284	0.0929038224548556	-0.0520220097956823
MGYG000001566	0.104406109776635	0.00503162505151894
MGYG000001572	0.0427880743278713	0.0066262405286647
MGYG000001580	0.176811405602812	0.347802791884037
MGYG000001582	0.270078244014735	0.514038949521394
MGYG000001583	0.0905844388945378	0.0864119763065639
MGYG000001594	0.140899367937805	-0.0414217455447724
MGYG000001632	0.298410212771473	0.178348492922576
MGYG000001642	0.0644289915229447	-0.0762387289042539
MGYG000001643	0.425613182278633	0.0557981662482273
MGYG000001666	0.139056073882176	-0.183268260936666
MGYG000001678	0.145766911259083	-0.229082211274811
MGYG000001679	0.24846272618763	0.27316263316893
MGYG000001683	0.0433198644529663	-0.0353928608031269
MGYG000001685	0.0626119692822045	0.0263747730468245
MGYG000001717	0.0951077542894101	0.142785235473079
MGYG000001724	0.139612788036621	0.314654456124414
MGYG000001727	0.0759759619128787	0.0885168897374634
MGYG000001735	0.0531667956323271	0.0309544689582463
MGYG000001739	0.112633052854585	0.0696486042682367
MGYG000001743	0.0477430770389385	0.00910877976576425
MGYG000001758	0.147854641248363	-0.192475947222058
MGYG000001761	0.135206839157706	-0.053341705897007
MGYG000001775	0.154520132225769	-0.147939606469837
MGYG000001778	0.269859426294938	0.372759952819
MGYG000001780	0.0583681085260577	0.0023937238731421
MGYG000001792	0.0773113692607027	-0.0983324428708842
MGYG000001799	0.0846200852495501	-0.0714095252298026
MGYG000001800	0.159784888613606	0.19526002563883
MGYG000001801	0.345907727315653	0.27176345605047
MGYG000001804	0.20649766883631	0.315932475315391
MGYG000001805	0.256057042463735	-0.0342588211450771
MGYG000001807	0.0627453555612248	-0.0110654017718568
MGYG000001808	0.0789984627517149	-0.0244047810592239
MGYG000001809	0.213923350604681	0.191363209433644
MGYG000001811	0.133547161264745	-0.127259956273633
MGYG000001813	0.173216578153223	-0.135432080853581
MGYG000001817	0.0503588868600992	0.0474313452335948
MGYG000001818	0.350173247424686	0.346970825118213
MGYG000001821	0.0544233638160199	-0.0432311501531693
MGYG000001822	0.271352731367657	0.136105035004789
MGYG000001825	0.0567745300722836	-0.122782950421352
MGYG000001826	0.0893789929942833	-0.0393317801892461
MGYG000001832	0.262085253647287	-0.0575712584496152
MGYG000001837	0.204605774986136	0.314172747398059
MGYG000001839	0.060921312382737	-0.0378066477392739
MGYG000001840	0.0660562417475528	-0.0451787590306477
MGYG000001841	0.477409330173531	0.30561739654392
MGYG000001844	0.281740506526044	0.250584451188843
MGYG000001850	0.212525406537333	0.259091728141511
MGYG000001858	0.0548118502246503	0.0298015371753321
MGYG000001859	0.0902644918413307	0.0605699571360317
MGYG000001861	0.141813427494688	-0.00509216103955617
MGYG000001862	0.449105414267319	-0.383463021191615
MGYG000001864	0.0347168141442078	-0.0367564512950826
MGYG000001868	0.0838046256673025	-0.0875793369411269
MGYG000001870	0.081416124468186	0.149929816753227
MGYG000001871	0.0877416121638088	-0.00900894442513925
MGYG000001873	0.201115680155559	0.128469935294755
MGYG000001879	0.165698439900043	0.243413063054318
MGYG000001880	0.201828462235821	0.0919143863485263
MGYG000001885	0.255383517121743	-0.129510266413643
MGYG000001886	0.0837287775692203	-0.018139877876726
MGYG000001891	0.201630321301194	0.125171034988077
MGYG000001897	0.242517810234616	-0.31290025763159
MGYG000001899	0.0664706309069661	-0.123128615299005
MGYG000001902	0.254558013278138	-0.130943733551353
MGYG000001903	0.159036934419295	0.144882190452946
MGYG000001905	0.307898020436219	0.149612744581781
MGYG000001906	0.0501932152648474	0.0124607556092085
MGYG000001914	0.336051149272534	0.164690813512937
MGYG000001915	0.207292887989028	0.261734652328971
MGYG000001917	0.131922403879577	-0.065219503308166
MGYG000001921	0.308608640588413	0.359001235870411
MGYG000001935	0.196816858982326	0.350153803978058
MGYG000001952	0.388149758412648	0.314297668182932
MGYG000001953	0.262683229634058	0.208372352807338
MGYG000001954	0.260876084936693	0.261144706111962
MGYG000001958	0.0492995932235585	-0.00316394973435996
MGYG000001969	0.23886965205786	0.154812145152219
MGYG000001977	0.057280071333979	0.0560949355060544
MGYG000001979	0.111206333883445	0.0511818728434159
MGYG000001994	0.118428319296468	-0.0242405641241119
MGYG000002005	0.243166130120989	0.231376500646653
MGYG000002010	0.0412418444554931	-0.0156036379867792
MGYG000002017	0.041970700264098	0.0282975976118377
MGYG000002025	0.196658500807765	0.122800451206474
MGYG000002035	0.16500443518141	-0.133838942024597
MGYG000002037	0.0882135934370909	-0.187315359168652
MGYG000002038	0.487592716626937	0.479699703653715
MGYG000002045	0.293752655507948	0.223134015423658
MGYG000002046	0.152469548729884	0.0299771047934118
MGYG000002052	0.202787344466044	0.0338821848049559
MGYG000002053	0.34774819804917	-0.371460162494492
MGYG000002063	0.156404238793174	-0.0820575035305947
MGYG000002064	0.127582971371563	-0.0514111677375296
MGYG000002067	0.0333177531087732	-0.0231070002092557
MGYG000002068	0.056165808097356	-0.0949612645746881
MGYG000002069	0.104288033960398	0.0973906607414318
MGYG000002071	0.0500459623410528	-0.0733608332886136
MGYG000002073	0.457280587339835	0.37273748635534
MGYG000002075	0.350185927786883	0.170532347622192
MGYG000002077	0.179421695716242	-0.147311288908925
MGYG000002084	0.0976847309139284	-0.0567522651505369
MGYG000002085	0.244157075162145	0.105046156962231
MGYG000002086	0.0795767509280479	-0.0779133814732986
MGYG000002089	0.0687216326563285	-0.0617624254087914
MGYG000002090	0.160796738778437	0.0768663992344131
MGYG000002092	0.296605496813425	-0.215696172001561
MGYG000002095	0.316457005788249	0.328738600627573
MGYG000002098	0.315930815594679	0.288598128214977
MGYG000002099	0.246186407653468	0.14919905752129
MGYG000002100	0.368900396824933	-0.301812947321814
MGYG000002107	0.15326676407735	-0.0178400902431904
MGYG000002112	0.0691878239621616	0.0906948434684721
MGYG000002115	0.197623664671647	0.0457449040311906
MGYG000002127	0.142447146806659	-0.136358285137004
MGYG000002130	0.188532630369815	0.0762843786871433
MGYG000002148	0.0272586669296201	0.00441560755120416
MGYG000002150	0.0859610866942983	0.0175015936342678
MGYG000002151	0.471295777558524	0.559769434669604
MGYG000002170	0.213268876940339	0.0595656387485431
MGYG000002176	0.144893364967232	-0.11283543798814
MGYG000002178	0.124923812380143	0.0400942264551561
MGYG000002179	0.0842462139004019	-0.174787566490949
MGYG000002182	0.40263812747741	-0.38193432890214
MGYG000002201	0.174231084141139	-0.121859687608121
MGYG000002203	0.485647576279023	0.131551984266024
MGYG000002204	0.171741527268467	-0.462975423386758
MGYG000002207	0.0732636127314801	-0.110946933252635
MGYG000002209	0.18500247047585	-0.0891634069734079
MGYG000002210	0.221944971653568	0.264486841157717
MGYG000002212	0.0559735336433564	0.0623287093299052
MGYG000002213	0.0553399656543147	-0.0586134985361722
MGYG000002215	0.0443410445305884	0.024822668191199
MGYG000002216	0.0413262178508304	0.0221946171656572
MGYG000002219	0.0969597368445012	0.111440503956804
MGYG000002221	0.293914410983278	0.223358956815297
MGYG000002223	0.162386407304418	-0.0713443945402222
MGYG000002229	0.161959399823345	-0.0447917467932497
MGYG000002243	0.109219720324062	-0.172088297179172
MGYG000002245	0.267174236405132	0.291062285318869
MGYG000002249	0.102840630561175	-0.152273530936216
MGYG000002255	0.33012112333969	0.321643358959463
MGYG000002256	0.105285776361472	0.0387548819462448
MGYG000002575	0.209379621364745	-0.0152221710249118
MGYG000002585	0.0759266055123548	0.085518734633894
MGYG000002604	0.137297768031612	-0.226736007035837
MGYG000002606	0.399832779160213	-0.589644109294382
MGYG000002610	0.244115568516978	-0.282142661537736
MGYG000002613	0.215944020008805	-0.157305982274617
MGYG000002614	0.105089851783802	-0.0608475695516728
MGYG000002623	0.0711506773165658	0.0132694754175825
MGYG000002626	0.0467103920355277	-0.0211928330321454
MGYG000002627	0.149163354475132	-0.22991627261571
MGYG000002628	0.0912505771046043	0.0187225166288045
MGYG000002629	0.112273298063817	0.0365538443100433
MGYG000002642	0.267468361211833	0.0912462580803921
MGYG000002646	0.250366823475916	0.362529289785774
MGYG000002650	0.140596239019589	-0.0261791915671467
MGYG000002654	0.104307114383915	-0.219576438480958
MGYG000002657	0.218063931256	-0.144010072666824
MGYG000002659	0.0725104967879833	0.0202968460975894
MGYG000002669	0.194137460575003	-0.171039556694105
MGYG000002674	0.356837736530372	0.152827086457086
MGYG000002675	0.26581350974036	-0.0288415919190578
MGYG000002677	0.0366489995475648	-0.0257736946875151
MGYG000002680	0.135883208523709	0.112601807261662
MGYG000002683	0.0516851231486796	0.0514349623905076
MGYG000002685	0.0761321611719723	-0.0986882485489338
MGYG000002686	0.0414769559478666	-0.0732204880863268
MGYG000002687	0.53997803665623	0.703123275034316
MGYG000002691	0.132977002504959	-0.0467719195927217
MGYG000002694	0.259193047715577	0.178387562710346
MGYG000002695	0.0556230289190655	-0.0807941413610904
MGYG000002696	0.0490292674640768	0.0645430000678241
MGYG000002697	0.210130520460664	0.0820695834501706
MGYG000002698	0.338620259052038	0.0577734767973295
MGYG000002699	0.340699686274505	0.193365140496337
MGYG000002701	0.0416720882095996	-0.0396579685255536
MGYG000002702	0.135959118029037	0.000923262491519604
MGYG000002704	0.475113833115776	0.3817079926701
MGYG000002705	0.167931987787157	0.159601540147748
MGYG000002706	0.0419307908269584	-0.0115266797980714
MGYG000002708	0.0445478204205574	-0.0188819649852989
MGYG000002712	0.142270172612382	-0.0308369153366827
MGYG000002713	0.0491738375589783	-0.0479077226649515
MGYG000002717	0.0736072776033218	0.0822018559686561
MGYG000002719	0.0363641684774958	-0.0106330321114602
MGYG000002726	0.140462521543685	0.0370514404489099
MGYG000002727	0.247086604522255	0.170068770720666
MGYG000002738	0.0828883568335209	0.0765975023797632
MGYG000002740	0.0682482874295767	-0.0102879990919803
MGYG000002743	0.0551371240271397	0.0416346566898499
MGYG000002753	0.163561763801034	0.0925802627760001
MGYG000002754	0.0403356767177069	0.00877983040244963
MGYG000002758	0.0886225981864643	0.146392156243066
MGYG000002766	0.241098962257715	0.330777216253729
MGYG000002769	0.112076108970941	0.145977790403525
MGYG000002772	0.179287491643336	-0.148251898411187
MGYG000002785	0.0626003436655314	0.0406321519539654
MGYG000002791	0.296883468898818	-0.207452031459082
MGYG000002797	0.0473931526861141	-0.0142271675174661
MGYG000002808	0.0668856341920491	0.0215774007212498
MGYG000002809	0.155167265729831	-0.153961898821147
MGYG000002826	0.152672140685603	0.119182041174679
MGYG000002828	0.048311654317465	-0.01362448604197
MGYG000002843	0.132612714603695	0.118721665032712
MGYG000002881	0.152710148323273	0.0274101232910433
MGYG000002921	0.0757082937326039	0.0355335189884871
MGYG000002931	0.140355236685963	-0.185520296363456
MGYG000003005	0.065985395799054	0.0659546442780409
MGYG000003015	0.170089340044862	-0.198196078313791
MGYG000003021	0.182340028168195	-0.170998700644152
MGYG000003050	0.0743826826354548	0.183105957517474
MGYG000003060	0.177278434280404	-0.195232223300645
MGYG000003061	0.0393235113237463	0.0557937811047722
MGYG000003067	0.0982585591209422	0.118251526296019
MGYG000003071	0.155184706926422	-0.0210498687561437
MGYG000003076	0.0376865986983117	0.00530013274903191
MGYG000003108	0.129457369718173	0.0298171025312139
MGYG000003109	0.0832458612178754	0.0266697734896894
MGYG000003112	0.164642604972684	-0.142962984469816
MGYG000003136	0.118437399128265	0.00162051940331569
MGYG000003162	0.104106507840398	0.0561028134886148
MGYG000003167	0.0679895653289729	0.0736354633170597
MGYG000003175	0.110117604225953	0.188141906905011
MGYG000003206	0.228825729081842	0.24066523603449
MGYG000003207	0.269548104014422	0.152059697247126
MGYG000003211	0.35512135796643	0.383713805072162
MGYG000003212	0.138254727465148	-0.221771696644596
MGYG000003235	0.191025003795931	0.00656088628816934
MGYG000003254	0.351305195598232	0.338434123189745
MGYG000003256	0.0810853825812645	-0.0984569375144991
MGYG000003267	0.435114014820349	-0.403555086978303
MGYG000003270	0.282986778088226	-0.256123990767091
MGYG000003271	0.0736554431728114	0.172579611908254
MGYG000003273	0.256336812669309	-0.141180852354535
MGYG000003289	0.164351311826784	-0.159005253002069
MGYG000003294	0.0949866701502689	-0.0063049037219377
MGYG000003296	0.165189871612713	0.229423417738087
MGYG000003297	0.053530721526095	0.00142087429879786
MGYG000003299	0.0911245850472547	0.041090359739043
MGYG000003301	0.269428447726022	-0.441103660321595
MGYG000003304	0.21701620969646	0.262248545567549
MGYG000003305	0.109329751395479	-0.149918760004962
MGYG000003308	0.332999998015455	0.389955527370533
MGYG000003315	0.182551555816646	0.188955895651614
MGYG000003319	0.0791858209637951	-0.0932731979064348
MGYG000003322	0.22951330788672	0.289006281750612
MGYG000003323	0.138898920098378	-0.222322136343009
MGYG000003324	0.0929035264476501	0.0906383873563189
MGYG000003338	0.121921839403923	0.084585460817439
MGYG000003431	0.105038804111474	-0.104324813685522
MGYG000003434	0.0491291014416595	-0.0828927678815597
MGYG000003441	0.078866426964219	-0.00506400570151019
MGYG000003442	0.084091806456559	0.00926059720281937
MGYG000003444	0.125332695344158	-0.00316685227840923
MGYG000003451	0.643074731019972	-1.16404414300951
MGYG000003453	0.093408930163438	-0.105226833535482
MGYG000003470	0.100376208857269	-0.194967096285107
MGYG000003480	0.300098580014945	-0.172441306881311
MGYG000003490	0.0761318268351109	-0.0944223726760291
MGYG000003492	0.175492703878782	-0.0908753566658533
MGYG000003506	0.0732016979629685	-0.129651436089085
MGYG000003509	0.0375751929229698	0.0383429929872823
MGYG000003510	0.0343016455186172	-0.0154758485890026
MGYG000003526	0.169448923601751	0.147387410206066
MGYG000003576	0.118047606876435	0.0436404313729683
MGYG000003578	0.132489042151511	0.0201116035277987
MGYG000003600	0.106704084820107	0.0274035704424497
MGYG000003616	0.0735420097866604	-0.0541282289454386
MGYG000003618	0.195518283785128	-0.366579461997687
MGYG000003644	0.19827760480456	-0.25129197764471
MGYG000003647	0.0686532275085481	0.0362549068292393
MGYG000003666	0.16380105221865	0.389389756644904
MGYG000003716	0.0427523199935713	0.0105635849283403
MGYG000003728	0.347267252415274	-0.303288175601699
MGYG000003745	0.0792473200105027	0.0819349379165899
MGYG000003747	0.244586704546071	0.570256109121872
MGYG000003752	0.331355573924179	0.335475577131952
MGYG000003766	0.0735809996481953	0.0512589309414069
MGYG000003768	0.0621079272079601	0.0550848219787967
MGYG000003769	0.0916744610558425	0.166457873441635
MGYG000003770	0.047844406541462	-0.0593034027541173
MGYG000003773	0.162864595217842	0.241217261698407
MGYG000003776	0.0484660769747022	-0.0319987252254441
MGYG000003777	0.0539268195980596	0.0409576918328769
MGYG000003778	0.0531694962300106	0.0515179179347539
MGYG000003784	0.205934856264126	0.153747026800038
MGYG000003788	0.105233389101949	-0.0472193188117228
MGYG000003797	0.100724532622113	0.0583159662254029
MGYG000003799	0.319171947640529	-0.196317848589007
MGYG000003807	0.0630942043237863	-0.00684836925967942
MGYG000003816	0.215591594181058	-0.342580070290032
MGYG000003822	0.141559747394437	-0.0706690500037288
MGYG000003826	0.184474103547755	0.0933138902088141
MGYG000003828	0.124401533851425	0.105895307240687
MGYG000003829	0.0800204408451221	0.0357265577561206
MGYG000003831	0.127815964830994	0.0333854995623486
MGYG000003833	0.267405781548252	0.143500081144059
MGYG000003839	0.296487834308618	0.187649200932877
MGYG000003840	0.166209550210207	0.00755338983523488
MGYG000003841	0.137518725526633	0.162293299470924
MGYG000003842	0.0534592537266429	-0.106355924772285
MGYG000003850	0.255152893662292	0.114601210648645
MGYG000003854	0.0741015097758272	0.0219418180100453
MGYG000003855	0.0420145379821864	-0.0635587714108411
MGYG000003857	0.165033937169716	-0.14483145101844
MGYG000003858	0.210548572230231	0.186419187234469
MGYG000003861	0.194687699465407	0.236756103194188
MGYG000003863	0.344663404601256	0.266334615901255
MGYG000003867	0.0377815991574233	0.0301834945196398
MGYG000003869	0.0367376931666552	-0.0201408472354038
MGYG000003871	0.0998018476383773	0.120365723810694
MGYG000003872	0.0523448647563312	0.044885660040922
MGYG000003876	0.170156743462051	0.176891700410711
MGYG000003877	0.0486861349418229	0.0892214321800529
MGYG000003879	0.110953129245509	0.258322642276541
MGYG000003881	0.245370558297251	0.0979907651346089
MGYG000003882	0.252431991200157	-0.0950429098389005
MGYG000003884	0.222922848720749	0.157707467445019
MGYG000003887	0.297338221191068	0.182994482483647
MGYG000003895	0.139812401598653	0.143613907988904
MGYG000003898	0.156378137197277	0.0750433792216354
MGYG000003900	0.0889575065924297	0.0279020090467207
MGYG000003904	0.0523983549330291	0.0184585648252582
MGYG000003905	0.349838203553342	-0.108053865372917
MGYG000003907	0.0475127794851505	-0.0362724711072522
MGYG000003909	0.0371261334794118	-0.0120440155237641
MGYG000003910	0.219700947376511	-0.0259751208479148
MGYG000003913	0.169943889754978	0.0428360777277312
MGYG000003914	0.0713175633602906	0.0456770531138465
MGYG000003915	0.0609104283457713	-0.017541172243222
MGYG000003918	0.152124222905548	-0.0912389609930218
MGYG000003927	0.256227358902445	0.206121567571328
MGYG000003930	0.138233083921865	-0.0941650622385009
MGYG000003931	0.0973466198258591	-0.0670832465542681
MGYG000003934	0.070444280498362	-0.134341971694378
MGYG000003936	0.118901232819865	0.107368554319136
MGYG000003938	0.179092949659567	0.137432264568627
MGYG000003941	0.353154808201475	0.184627135652535
MGYG000003945	0.161326310775257	0.00973168404689506
MGYG000003947	0.120905150904687	-0.0644780819524903
MGYG000003948	0.233248738453322	-0.22062840547729
MGYG000003950	0.129791463981647	0.0243766209475293
MGYG000003955	0.184970022181988	0.132812657701584
MGYG000003970	0.0289161712934884	-0.0143227034417848
MGYG000003975	0.158106960063018	0.043798526117089
MGYG000003977	0.134393427429333	-0.101010623786608
MGYG000003978	0.282815961440709	0.172757556784783
MGYG000003980	0.260030417350393	0.202016831242835
MGYG000003994	0.153638194868658	0.224074678739274
MGYG000003995	0.0433249842077946	-0.0563720296412822
MGYG000004002	0.111383954521017	0.101452583839596
MGYG000004003	0.151800825561924	0.027086615629421
MGYG000004004	0.244435621664407	0.0956143832582105
MGYG000004007	0.34031387023441	-0.609965875793335
MGYG000004009	0.127708410668822	-0.147881338104337
MGYG000004010	0.143393081659912	-0.0087896593608838
MGYG000004012	0.396016452492366	0.284495660931458
MGYG000004024	0.0610906639946934	-0.0594928393408976
MGYG000004026	0.133989937977004	0.161819459933455
MGYG000004027	0.0775659174264369	0.167402274365018
MGYG000004028	0.333323934040295	0.358075607828411
MGYG000004029	0.230284793565398	0.177537779169375
MGYG000004030	0.151825628053264	0.114757399133092
MGYG000004032	0.172662175254227	0.169637843788964
MGYG000004033	0.0968483573141359	-0.0357307961190343
MGYG000004034	0.273769134227894	0.244164317787597
MGYG000004035	0.214872223300392	0.17348466586028
MGYG000004037	0.141727883982345	0.00479903043010176
MGYG000004039	0.101067100583879	-0.0736703341503097
MGYG000004042	0.0693351557405192	-0.0653694164002093
MGYG000004045	0.164495065023353	0.240646205930375
MGYG000004049	0.280106013717591	0.198903487547381
MGYG000004050	0.0970114621483631	-0.0627422387285759
MGYG000004051	0.0983859611872016	-0.129894472540507
MGYG000004057	0.162736201016968	-0.132847277272894
MGYG000004061	0.0619669483011425	0.0218313390281218
MGYG000004062	0.197106837654024	0.217578382353788
MGYG000004068	0.233200542716426	0.0285977045611756
MGYG000004073	0.125317747704884	0.107394530499384
MGYG000004075	0.274343792997774	0.440479861425914
MGYG000004076	0.153702950879195	0.174448620741858
MGYG000004077	0.242123118626985	-0.1029758862041
MGYG000004078	0.298395430766053	0.294877818085223
MGYG000004085	0.0392944538891239	0.00880093669791945
MGYG000004093	0.249560075159698	0.036353443476276
MGYG000004094	0.293304728199797	-0.367759977988095
MGYG000004095	0.0474030058997174	-0.0489496657438104
MGYG000004098	0.321314859586309	0.2757470976099
MGYG000004100	0.304129637412591	0.145989260488942
MGYG000004103	0.16094243150705	0.12121728672031
MGYG000004107	0.125521613224267	0.167336108634385
MGYG000004109	0.188215996187711	-0.284226813200543
MGYG000004112	0.133008632454755	0.25301270666292
MGYG000004116	0.410453943260868	0.50722493006065
MGYG000004118	0.217303664094755	0.204135020143504
MGYG000004119	0.160219023423108	-0.180696417525195
MGYG000004122	0.137692474470456	0.0240602046367256
MGYG000004123	0.16683848452389	0.212812229774672
MGYG000004124	0.301043816095954	0.216965434220023
MGYG000004125	0.354334086169127	0.406288894150352
MGYG000004127	0.163431544494972	-0.0943601900402893
MGYG000004131	0.327608670948655	0.277679568063958
MGYG000004133	0.148777216540115	0.167470965098599
MGYG000004135	0.172171686542619	0.105605505990313
MGYG000004139	0.377755257928771	0.20202586622334
MGYG000004146	0.108412756444719	0.0481082777902439
MGYG000004154	0.206718766674116	0.194415619108092
MGYG000004159	0.342499093557921	0.292193052142511
MGYG000004166	0.0453169954696424	-0.0700132281100641
MGYG000004167	0.258919201559916	-0.233132324510954
MGYG000004168	0.250651902623672	0.304334138422421
MGYG000004169	0.0381089277902611	-0.00124183146483967
MGYG000004170	0.35880990938267	-0.419083683088585
MGYG000004171	0.147015574820509	-0.174828475297654
MGYG000004172	0.457607008404698	0.300167422932915
MGYG000004174	0.389223142181283	0.210895725916383
MGYG000004175	0.137075383763905	-0.0768294730797445
MGYG000004177	0.217483359074161	-0.288735556131108
MGYG000004180	0.0791188001736867	0.0591626824680891
MGYG000004183	0.108748868780412	0.182509795676676
MGYG000004184	0.192997107879214	0.139354751236999
MGYG000004187	0.0442803618625607	0.000821457224199061
MGYG000004188	0.0919305195883506	-0.00839245121686261
MGYG000004193	0.261446201844673	-0.227161536787933
MGYG000004195	0.0849301243398182	0.0564374959360321
MGYG000004197	0.118326175515981	-0.151974957395788
MGYG000004198	0.28316829996505	0.192581104028179
MGYG000004199	0.228960112297589	-0.352237204083194
MGYG000004203	0.158026283091199	0.0736865635785848
MGYG000004204	0.270533416064009	-0.177520803253637
MGYG000004206	0.127222310892467	0.0175275594505356
MGYG000004210	0.0310553219328854	-0.0171415995499421
MGYG000004212	0.273127231097971	0.138607867727163
MGYG000004213	0.207261698559679	-0.437029595453688
MGYG000004216	0.3702390378062	-0.118050693261164
MGYG000004218	0.118190236146289	-0.0928227781394188
MGYG000004219	0.0505149645220358	0.0254381682779405
MGYG000004224	0.142524271387416	0.134666327686591
MGYG000004228	0.15446367267415	0.0782622687848445
MGYG000004229	0.285333535473417	0.378484690525039
MGYG000004231	0.0497818436973162	0.0544719875484903
MGYG000004233	0.0435805887746964	-0.0351555551483482
MGYG000004235	0.16794670913612	0.129444450618868
MGYG000004238	0.110401813350953	0.0318655351941548
MGYG000004242	0.409744655920762	0.277364207581556
MGYG000004243	0.137404921988006	0.15637714216309
MGYG000004247	0.108795011146442	-0.179212899641432
MGYG000004251	0.203108342042864	-0.26663713999015
MGYG000004264	0.0733934781703132	0.0234931260380525
MGYG000004299	0.358017542687547	-0.554027589220622
MGYG000004303	0.0434406302582302	-0.044690041517515
MGYG000004304	0.111581900648462	-0.131767782343716
MGYG000004306	0.0503902285045943	0.00356783202851267
MGYG000004310	0.234155631035908	0.233446217083825
MGYG000004312	0.130951068997703	0.132292997217396
MGYG000004322	0.25599264769621	0.0348265927109144
MGYG000004325	0.231979850802189	0.298706248568907
MGYG000004327	0.144526882710618	0.141762998103943
MGYG000004333	0.366313848756085	-0.0713377065822582
MGYG000004340	0.206910754594618	-0.282316666863844
MGYG000004342	0.550967113416436	-0.672266908470178
MGYG000004346	0.037782249221088	0.0152901535745291
MGYG000004348	0.242896855818552	-0.0962587368740054
MGYG000004353	0.276724119112576	-0.238283087332913
MGYG000004359	0.119888897630311	0.0399733658208126
MGYG000004365	0.152009530490639	0.0502142991492629
MGYG000004377	0.215277029365909	-0.343631677952287
MGYG000004380	0.134978053331518	0.0043218817486345
MGYG000004384	0.0945260605183577	0.021812218737883
MGYG000004391	0.303839357688535	0.321256716194172
MGYG000004393	0.290275674801987	0.082688987705775
MGYG000004394	0.271646786643067	-0.431352601659259
MGYG000004395	0.273625867869066	0.00760035889940196
MGYG000004398	0.097844641275619	0.105940541401863
MGYG000004401	0.269265291586315	0.201343353021905
MGYG000004405	0.222437510311097	0.141658275368139
MGYG000004408	0.136546194587076	-0.000275326252655051
MGYG000004411	0.252472368957354	0.0823633535458849
MGYG000004417	0.143246651523318	-0.184951075113667
MGYG000004423	0.225634974384911	0.0612223326312739
MGYG000004427	0.272486954068693	0.272302242338318
MGYG000004428	0.128468330624548	-0.0961654786408423
MGYG000004429	0.0844449285922104	-0.122062984808049
MGYG000004430	0.0496963155598993	-0.0189028096327857
MGYG000004432	0.210991915411635	-0.042123576293038
MGYG000004436	0.269640871105193	0.201263572195445
MGYG000004439	0.209938587577712	-0.24218641701179
MGYG000004440	0.136307320613342	0.159823725798947
MGYG000004443	0.0550809647584768	-0.0490693979672176
MGYG000004445	0.211571797849021	0.139694899851344
MGYG000004449	0.271804685107171	0.0851222325403566
MGYG000004455	0.241078327240857	0.0213960362441901
MGYG000004458	0.231859775293508	0.146692206743907
MGYG000004461	0.11103520065562	-0.0389579309351416
MGYG000004462	0.0948674952216355	0.0472542987709342
MGYG000004465	0.13274028395222	0.0123262406361396
MGYG000004470	0.225048560472665	0.304427779873958
MGYG000004477	0.0754230869522257	-0.0606379128074808
MGYG000004481	0.18558755274021	-0.0970163707993761
MGYG000004495	0.214008392393462	0.0200309114662569
MGYG000004496	0.171394712482706	0.15330037755719
MGYG000004502	0.182755165639202	-0.295398411749781
MGYG000004503	0.318466582283673	0.269711420006633
MGYG000004505	0.0526267893619544	-0.0793179087869397
MGYG000004506	0.240508014837956	0.476073594766032
MGYG000004509	0.0827538379397062	-0.0241070956291707
MGYG000004514	0.338053903056609	0.318487237048763
MGYG000004519	0.0871632800390028	-0.0882590002383982
MGYG000004522	0.0645030179229703	0.0363628566477701
MGYG000004527	0.0583256207125528	-0.141012011321036
MGYG000004530	0.191881657644485	0.149807036736215
MGYG000004531	0.213959579554729	0.173649866152901
MGYG000004539	0.315477774930125	0.181729582161341
MGYG000004543	0.0714769479187888	-0.039264353074398
MGYG000004547	0.0719220007636728	0.056955376404859
MGYG000004549	0.226084457913296	0.419175374244621
MGYG000004554	0.176960128660476	0.256361222419434
MGYG000004555	0.0861482696585917	0.0199645457172532
MGYG000004556	0.172281163176736	0.368381072975953
MGYG000004558	0.100763565721598	0.0270507498508957
MGYG000004559	0.134997989037964	-0.0678500677682063
MGYG000004560	0.108846395817436	0.205144170225515
MGYG000004572	0.0836429530697823	0.0620440942744704
MGYG000004575	0.265648198822216	0.206713616375884
MGYG000004582	0.229512116365619	-0.22865322796645
MGYG000004586	0.0427282972417252	-0.00905908227120461
MGYG000004591	0.116606903499794	0.0414091109773458
MGYG000004594	0.0918282043204141	-0.0704935555552226
MGYG000004595	0.294026332152799	0.153789620438248
MGYG000004596	0.0351463042322294	0.00140338030739678
MGYG000004598	0.0515974740878028	-0.00564884334392479
MGYG000004599	0.168100516386462	-0.115969969853896
MGYG000004604	0.217312046572887	0.0718455267718818
MGYG000004608	0.0895893014141607	0.177150499901766
MGYG000004609	0.0996568653796587	-0.0151252859358941
MGYG000004610	0.155380548660238	-0.0701343515652874
MGYG000004611	0.152245911038236	0.017084709437901
MGYG000004615	0.31864576535661	-0.242728593416923
MGYG000004616	0.239890182316708	0.280735261341049
MGYG000004620	0.0488913188556127	-0.00794188057989295
MGYG000004621	0.196560021862073	-0.199439681114429
MGYG000004624	0.284671450091374	0.266609323886511
MGYG000004628	0.0645403623981241	0.0364023638558853
MGYG000004630	0.036323174919287	-0.000443527742305727
MGYG000004634	0.100389220151729	-0.0999968344496618
MGYG000004645	0.118941810723839	-0.160910689636387
MGYG000004646	0.0908616808169373	0.0406681994468798
MGYG000004647	0.186687387527479	-0.154757532128159
MGYG000004649	0.146125407222535	-0.209126649391042
MGYG000004650	0.0523213525698099	0.0369373214756611
MGYG000004654	0.232471889671988	0.228006782833888
MGYG000004655	0.13485031659085	-0.203820761866845
MGYG000004656	0.08008541128678	0.0807210084042639
MGYG000004657	0.0603222196120773	-0.0753711013767403
MGYG000004659	0.140589504712825	0.0854362339189186
MGYG000004660	0.0342585849163776	0.0328536379663818
MGYG000004662	0.0426326860610653	0.0437459056473267
MGYG000004664	0.334371431400913	0.413094461375048
MGYG000004669	0.207371819648132	-0.0288955235023494
MGYG000004670	0.0358264693585095	0.005929772788878
MGYG000004674	0.0993433128423548	0.061150359412466
MGYG000004677	0.183119732989466	0.170577013477237
MGYG000004680	0.0477087414286412	-0.0207108476901842
MGYG000004681	0.183473208353102	0.36957212215941
MGYG000004684	0.210848253289904	0.206173818250426
MGYG000004686	0.0676054992735906	-0.100541146727255
MGYG000004689	0.216411075857462	-0.201663021040935
MGYG000004693	0.0406901575109907	-0.014615586760773
MGYG000004697	0.188943767834853	0.00829024918690671
MGYG000004700	0.0969606632124389	-0.0571047587553905
MGYG000004701	0.141883848882059	0.256594188905976
MGYG000004702	0.144911722447081	-0.0877144364049854
MGYG000004704	0.0846101592683544	-0.10020297096162
MGYG000004705	0.252282080993288	-0.508785330407472
MGYG000004708	0.155449971482644	-0.13826066831624
MGYG000004710	0.153023542950703	0.149409915559337
MGYG000004711	0.0470795515293287	-0.0391756159699031
MGYG000004721	0.216417598810236	-0.0847230904177293
MGYG000004722	0.194407686863778	0.055878904980311
MGYG000004727	0.0433739137466994	-0.0173384385174048
MGYG000004732	0.121730320197027	-0.111120630691157
MGYG000004741	0.256827461179715	0.163692652848593
MGYG000004742	0.308453289577166	-0.214587351102477
MGYG000004745	0.155123869160042	0.133719835207232
MGYG000004748	0.146598180172585	-0.102121775349279
MGYG000004749	0.221762178508751	-0.321610837236405
MGYG000004750	0.0544320433078388	0.00062003660772355
MGYG000004752	0.0314302580120448	-0.00950326211638726
MGYG000004753	0.276370534096428	0.177166313158531
MGYG000004756	0.228324257645473	0.148203603649112
MGYG000004759	0.149764000579877	-0.160686751531842
MGYG000004760	0.353502114686803	0.29578373316861
MGYG000004765	0.0707280700991688	0.06859951699289
MGYG000004768	0.0532181697211897	-0.0206062419844325
MGYG000004771	0.454983284610678	0.332427241955458
MGYG000004772	0.132327802362051	0.127637292319024
MGYG000004774	0.133921409379546	-0.0802757311653297
MGYG000004775	0.0896087861445731	-0.0664314924580598
MGYG000004776	0.272310724673998	-0.00780128196766863
MGYG000004781	0.0345638902686485	-0.0207391113916384
MGYG000004782	0.0597900056307551	0.0375588000712957
MGYG000004787	0.197729725279805	0.108683931604775
MGYG000004790	0.127470202633681	0.0120006742728179
MGYG000004791	0.131691200556351	0.141458991822772
MGYG000004793	0.064763704292642	0.0169959497933914
MGYG000004795	0.128350735180166	0.0145971321120025
MGYG000004800	0.0777515065072726	-0.100272229898872
MGYG000004803	0.0349864878058224	-0.0151965829634241
MGYG000004807	0.155950329721494	0.252610527298315
MGYG000004808	0.225293835639548	-0.149446198354565
MGYG000004811	0.0709802477428034	-0.090588035063055
MGYG000004817	0.104935609848188	-0.053309185115981
MGYG000004818	0.167993473397379	-0.185216209906209
MGYG000004820	0.103048834465047	0.0551550175102654
MGYG000004822	0.0378195850123386	-0.00714736732568378
MGYG000004824	0.0797367710557406	-0.00451644246052138
MGYG000004829	0.0408438127030427	-0.0278635604891005
MGYG000004836	0.149336034692367	0.0166403573699848
MGYG000004837	0.166477915690174	-0.135508009881213
MGYG000004839	0.105463744851687	-0.140767780378156
MGYG000004841	0.115258789485905	-0.0613796326775452
MGYG000004845	0.259421554323405	0.26954043094832
MGYG000004848	0.182225302204857	-0.137343031384099
MGYG000004849	0.0337113407465589	-0.000609356466314417
MGYG000004850	0.145494586372882	0.0802968050767708
MGYG000004852	0.0460243008482553	0.0172015442716558
MGYG000004853	0.224159740449849	0.0444971088391598
MGYG000004854	0.315043014429058	0.21886593526616
MGYG000004857	0.243967385354592	-0.0369149753754081
MGYG000004858	0.168336440894093	-0.121207845964045
MGYG000004863	0.0968056895011612	-0.0416569856153717
MGYG000004864	0.118806278690918	-0.144756341819449
MGYG000004868	0.150987457543223	0.175921503176319
MGYG000004870	0.436854037850105	0.397759015892579
MGYG000004871	0.384953760810615	0.0124633335139607
MGYG000004873	0.0817865428075108	0.0294535293437271
MGYG000004874	0.0481308007128458	-0.00648985740174996
MGYG000004876	0.304389200827988	-0.299798397589285
MGYG000004879	0.0830564893183809	-0.0619690380149844
MGYG000004880	0.133236749390695	0.0107071144943487
MGYG000004881	0.0539577771321681	-0.0270991208671535
MGYG000004882	0.149278023258319	0.0798433662892267
MGYG000004884	0.120520512430791	-0.0083998921489274
MGYG000004885	0.042541096967295	-0.0279343313275411
MGYG000004886	0.0479699869277489	0.02678673835502
MGYG000004888	0.137674677628652	0.145761500642663
MGYG000004890	0.099063570946144	0.0954718441782881
MGYG000004892	0.148876747929538	0.0650464009747495
MGYG000004894	0.208081999473222	-0.155668330816003
MGYG000004895	0.0345308474082609	0.00119430366859486
MGYG000004901	0.0432419784744436	0.00814506844901623
MGYG000004904	0.0787782193577962	-0.0345285101634189
Mailhella sp003150275	0.520516838207378	0.42858890478288
Mailhella sp900541395	0.510443439725836	0.395204173484771
Mailhella sp900553065	0.4667052519593	-0.293547998574017
Mailhella sp900555975	0.365026645686147	-0.423126567862861
Marseille-P3106 sp900169975	0.105077568882242	-0.00594864601205703
Marseille-P3106 sp900543935	0.0413251085989575	-0.0130687417106263
Marseille-P4683 sp900232885	0.0412614258333401	-0.00973969515274476
Marvinbryantia formatexigens	0.0738884892834638	0.0170525077793826
Marvinbryantia sp014385005	0.176261830730549	-0.126327120064825
Marvinbryantia sp900066075	0.0653675304517358	-0.120521895738067
Marvinbryantia sp900544685	0.120663788570262	-0.121316073031559
Marvinbryantia sp900550755	0.138017021877343	0.0365828919157953
Massilicoli timonensis	0.318270706718985	0.402056647419786
Massilimaliae sp900752435	0.163318499480807	0.0318442284178386
Massilimaliae timonensis	0.144719151607295	0.170734979054922
Massilioclostridium coli	0.182197606075225	0.159189441421995
Massilioclostridium methylpentosum	0.0481300581976981	-0.00118915586363326
Massiliomicrobiota sp002160815	0.103754439172626	0.0967699077749842
Massiliomicrobiota sp002160865	0.17391264831413	-0.0180890958934242
Massilistercora sp902406105	0.0778177992506294	0.081869067392206
Massilistercora timonensis	0.20460189714774	0.159920358244078
Mediterraneibacter faecis	0.188524512900971	-0.107691148286864
Mediterraneibacter lactaris	0.120294717192078	-0.237836923897023
Mediterraneibacter massiliensis	0.0788624457283104	0.0575263018239962
Mediterraneibacter sp002314255	0.145386939955684	0.113991766122857
Mediterraneibacter sp900541505	0.0729637541459989	0.0648739357672364
Mediterraneibacter sp900553885	0.192644564158615	0.199461539276964
Mediterraneibacter sp900555215	0.117076107708418	0.0921783740516108
Mediterraneibacter sp900751785	0.0362382020535617	-0.038971843732495
Mediterraneibacter sp900752395	0.0802412076575716	0.0829901999952775
Mediterraneibacter sp900761655	0.122850491406477	-0.0930761397630376
Mediterraneibacter torques	0.12066329486817	0.109330065618584
Mediterraneibacter_A butyricigenes	0.0317115621553778	-0.0231635217643498
Megamonas funiformis	0.216667596859476	0.21573529416191
Megamonas hypermegale	0.103402905970744	-0.0354994162767375
Megamonas sp900554895	0.172075723772594	-0.0360856481299888
Megasphaera cerevisiae	0.0686228427878808	-0.0744126158818897
Megasphaera elsdenii	0.163008969660758	0.352207428671311
Megasphaera sp000417505	0.100314430852697	0.169377917141235
Megasphaera sp001546855	0.780227585828611	-0.20132996039616
Megasphaera sp002319965	0.146569909860049	0.162487805682969
Megasphaera sp900539295	0.11355313851362	0.252507362858111
Megasphaera sp900540735	0.100504457952527	0.182858450969761
Megasphaera sp900548635	0.452912047679548	-0.233386518703239
Megasphaera stantonii	0.248756951808347	0.369733109282106
Merdibacter sp900543035	0.54097097499928	0.3979780979449
Merdibacter sp900754715	0.102168884746004	-0.0611644663490404
Merdibacter sp900759455	0.154571538652579	-0.0937539880038372
Merdimonas faecis	0.0454007248620984	0.0169446645389391
Merdimonas sp900553355	0.0428315017285676	0.0896090150390363
Mesosutterella multiformis	0.110304436579229	-0.164853812178965
Methanobrevibacter_A smithii	0.116694401796716	-0.207596936806626
Methanobrevibacter_A smithii_A	0.053162866443562	-0.0322694119270359
Methanobrevibacter_A sp900766745	0.0828650424308092	0.0835218631608264
Methanobrevibacter_A woesei	0.050472858684568	0.10009305513855
Methanosphaera sp900322125	0.048608459014461	0.0160690863088538
Methanosphaera stadtmanae	0.410333561731738	-0.732859017988776
Mitsuokella jalaludinii	0.155621186194509	-0.581673907883413
Mitsuokella multacida	0.150784280653714	-0.332272521760042
Mitsuokella sp003458855	0.136945261903182	0.0202101436003991
Mitsuokella sp900552565	0.0992649361150621	0.173626737617942
Mobilibacterium sp900315625	0.100857985498241	-0.00193977816794621
Mobilibacterium timonense	0.0465897669224661	0.00188457462846938
Monoglobus pectinilyticus	0.0682430231413491	-0.176214567369364
Monoglobus sp900542675	0.122065504840073	-0.212078456844504
Monoglobus sp900554105	0.189786833422032	0.228674691900219
Murdochiella massiliensis	0.0972633474131523	0.0637989760982813
Murdochiella vaginalis	0.041580822739766	0.0298141538132778
Muribaculum intestinale	0.151155886444671	-0.114048810733221
Muribaculum sp001701195	0.222116476690393	-0.0876933422037727
Muribaculum sp002358615	0.157018106889034	-0.0665696322793506
Muribaculum sp002473395	0.256665888107551	-0.126109467141908
Muribaculum sp002492595	0.163225320151048	-0.111729155413848
Muribaculum sp003150235	0.146478775252606	-0.293014733494786
Muricomes contortus_B	0.121606273917672	0.104265173984368
Muricomes fissicatena_A	0.0361579318886727	-0.0313800389292483
Muricomes oroticus	0.0814655493140997	0.0630307368219061
Muricomes sp000509105	0.0443865873677503	0.0316492570401914
Muricomes sp900604355	0.0879693949734012	0.0504728058865979
Murimonas intestini	0.0883135471879109	0.0251517663846884
NK3B98 sp900545815	0.283784175669531	0.135230728706858
NK3B98 sp900752305	0.217776022809691	0.204202072022266
NK3B98 sp900758315	0.375784830031827	0.313098160576531
NK4A136 sp002314855	0.123777700610754	-0.113616655276577
NSJ-32 sp014384895	0.0578645602343887	-0.0887120853220493
NSJ-38 sp902363445	0.0334363154432539	-0.000318369881428392
NSJ-50 sp014385105	0.0524492224438077	0.0640056992447559
NSJ-61 sp003433845	0.115401487218725	-0.0205772156082216
NSJ-63 sp014384805	0.267425521609811	0.164709189440031
Negativibacillus massiliensis	0.0639950035582808	0.0462089100578438
Negativibacillus sp000435195	0.369807651443318	0.588866242410076
Negativibacillus sp900547015	0.12065013473369	0.00686736744259197
Negativibacillus sp900547455	0.437119438211173	0.470983791702223
Neisseria subflava_C	0.122630142230181	-0.0136563162554859
Neobittarella massiliensis	0.162073996953711	-0.051839095505229
Niameybacter sp900551325	0.0416992282582994	-0.0568619864437672
Nitratidesulfovibrio vulgaris	0.074311532851678	0.0888496200221831
OF09-33XD sp003481995	0.0467241157625965	0.0760516997064477
OM05-12 sp003438995	0.21820949769109	-0.172080981786688
OM05-12 sp900760755	0.127453790956764	-0.102502913139461
Odoribacter laneus	0.127733671868165	0.0561115988699599
Odoribacter massiliensis	0.412104414468777	-0.380027885031343
Odoribacter sp900541415	0.098719201146427	-0.194972934282422
Odoribacter sp900544025	0.0511744350869681	0.00989116147142217
Odoribacter sp900548135	0.110234959245165	-0.0894737687553946
Odoribacter splanchnicus	0.149891947847293	-0.12898685784113
Olsenella sp900555995	0.0450440801533392	0.039797693037199
Olsenella_B sp900770865	0.283204046503263	0.180146296547609
Olsenella_E provencensis	0.248009714682743	0.0921524188277675
Olsenella_E sp002160255	0.190243969442026	0.202827682328361
Olsenella_E sp003150175	0.069619442127113	-0.143430248145517
Olsenella_E sp003609875	0.399930144887347	0.497844383175782
Olsenella_E sp900540955	0.0693901276084952	0.0731852599733386
Olsenella_E timonensis	0.0434716628371982	0.0338304421481223
Oribacterium sinus	0.11747672694844	0.0715799090901191
Oribacterium sp004554245	0.0946154068664102	-0.0816990669519554
Oribacterium sp900770445	0.088091374700864	-0.0859659103019401
Oribacterium sp900772695	0.106820533301604	-0.036021802338684
Oscillibacter ruminantium	0.155716630707385	0.125115352409234
Oxalobacter formigenes	0.382580282728602	-0.375514155088705
Oxalobacter formigenes_B	0.0466797060049514	-0.0119344400164613
Oxalobacter sp900760095	0.29384079211542	0.137056458813706
Parabacteroides acidifaciens	0.155641443867015	-0.111093430027793
Parabacteroides bouchesdurhonensis	0.0456342262025527	-0.00515902335312755
Parabacteroides chinchillae	0.119653235437622	-0.109928405002638
Parabacteroides distasonis	0.0765417319179943	-0.0399962696320188
Parabacteroides faecis	0.0588273533968944	0.0114860128910826
Parabacteroides goldsteinii	0.0735952867263327	-0.0696529230673345
Parabacteroides gordonii	0.0538574172384613	0.0225271779958159
Parabacteroides johnsonii	0.101266482753967	0.0453044954995858
Parabacteroides massiliensis	0.0541529067655074	0.019437672863735
Parabacteroides merdae	0.0700597791442819	0.0353585402880702
Parabacteroides sp000436495	0.142725459361042	0.0120895101473532
Parabacteroides sp003473295	0.221915700767555	-0.247030542422117
Parabacteroides sp003480915	0.251240581526426	-0.242448802433351
Parabacteroides sp014287585	0.0682084826702318	-0.00367042057530126
Parabacteroides sp900540715	0.0664837853428568	0.071261323965532
Parabacteroides sp900541965	0.249294665281144	-0.184851372364296
Parabacteroides sp900547435	0.0347152809260487	0.0211745546873423
Parabacteroides sp900548175	0.0692014438248068	-0.122665745119924
Parabacteroides sp900549585	0.0922143698919121	0.0167715605498092
Parabacteroides sp900552415	0.189040156371588	0.0503063826553578
Parabacteroides sp900552465	0.220507637295221	-0.203929010150974
Parabacteroides sp900760525	0.208699272462523	-0.105809364022371
Parabacteroides sp900770835	0.0466123775619727	-0.003995956766802
Parabacteroides timonensis	0.0532354058003891	0.0357944182153095
Paraeggerthella hongkongensis	0.160215254414529	-0.153270125538513
Paraeggerthella hongkongensis_A	0.175740421120059	-0.0350970790240349
Paramuribaculum sp000431155	0.0961024576666381	-0.114193388134818
Paramuribaculum sp001689535	0.126561165739431	-0.30055575790964
Paramuribaculum sp009775605	0.0724798612416735	-0.0968430843806035
Paramuribaculum sp900546365	0.125436292598412	-0.0692082950783913
Paramuribaculum sp900551515	0.126541596198542	-0.184318908267233
Paramuribaculum sp900752995	0.0720724606685775	-0.102193001637716
Paramuribaculum sp900759835	0.236521107922066	-0.0493540434290744
Paramuribaculum sp900759915	0.182588059722376	-0.16438360864783
Paramuribaculum sp900760855	0.0667184284504337	-0.114077290539703
Paraprevotella clara	0.0980218728747082	0.0499328013979796
Paraprevotella sp003477995	0.222191867469172	-0.203504505951282
Paraprevotella sp900546665	0.0517537783277254	0.000686982457638514
Paraprevotella sp900548345	0.160760905944904	-0.169287843044996
Paraprevotella sp900760455	0.118880040129439	-0.0548897566763428
Paraprevotella xylaniphila	0.0819322840111898	0.0905295651545967
Parasutterella excrementihominis	0.0790340658371364	0.0514151928964664
Parasutterella sp000980495	0.252274066658111	0.0229052236496582
Parasutterella sp009767915	0.221494767473242	-0.15801169953284
Parasutterella sp900554375	0.181785461123048	0.102159200702087
Parasutterella sp900766055	0.169797703498526	-0.072549354714097
Parolsenella sp900544655	0.185550259625632	0.291645723519017
Parolsenella sp900552935	0.0404717871973052	0.0242737465826553
Parvimonas micra	0.257766224889668	-0.264468162913565
Parvimonas sp001553085	0.257611924759185	-0.182986481894534
Pauljensenia bouchesdurhonensis	0.103643863896747	-0.0119567631941067
Pauljensenia sp000278725	0.227330774012061	-0.16970337950075
Pauljensenia sp000308055	0.12146312643195	0.0422276567133812
Pauljensenia sp000411415	0.138265580420602	-0.00469335798019199
Pauljensenia sp000758755	0.159720265515682	-0.051100926582494
Pauljensenia sp001064145	0.048284894060247	0.0363950521337023
Pauljensenia sp001838165	0.124733228266264	-0.0767746063961177
Pauljensenia sp900541895	0.116209622424616	-0.122689658071238
Pauljensenia sp900554605	0.248981774115492	-0.196112362314047
Pauljensenia sp900556405	0.0937112842659394	-0.0039188584441434
Pauljensenia sp902373435	0.138881273383077	-0.123944245335358
Pauljensenia sp902373545	0.175129527555953	-0.0964806104311327
PeH17 sp000435055	0.200336902902327	-0.11080812233813
PeH17 sp900542285	0.359767879912656	0.31110239965026
Peptacetobacter sp900539645	0.033666519902252	-0.0196148696060464
Peptoniphilus_A lacrimalis	0.189881267087393	-0.116136293851621
Peptoniphilus_A phoceensis	0.069143526356107	-0.110220056350076
Peptoniphilus_B duerdenii	0.29262732000708	-0.204503421163569
Peptostreptococcus anaerobius	0.0811342453218178	-0.021098591369828
Phascolarctobacterium faecium	0.109950747105333	-0.240323051685803
Phascolarctobacterium sp000436095	0.301484540881153	0.261993085201545
Phascolarctobacterium sp900544795	0.148164955613857	-0.187060806446576
Phascolarctobacterium sp900545535	0.224992267494415	-0.528552256749653
Phascolarctobacterium sp900551745	0.198870146272613	-0.602319303875483
Phascolarctobacterium sp900554395	0.326444154971165	0.329432940924857
Phascolarctobacterium_A sp900541915	0.0282665586002131	-0.0040029885357695
Phascolarctobacterium_A sp900544885	0.134395121527003	0.0894377120440477
Phascolarctobacterium_A sp900545025	0.218096228991942	-0.273707676793223
Phascolarctobacterium_A sp900547415	0.0486734349667689	0.0789099320012422
Phascolarctobacterium_A sp900551335	0.209777628164249	-0.0594642873622609
Phascolarctobacterium_A sp900552005	0.138400112960314	0.121820281793657
Phascolarctobacterium_A sp900552855	0.197691489728386	0.184373078561461
Phascolarctobacterium_A sp900553055	0.158385637257867	0.122949594153632
Phascolarctobacterium_A sp900757795	0.075515388875781	0.078864228423117
Phascolarctobacterium_A sp900770955	0.156320782271425	0.125618393484391
Phascolarctobacterium_A succinatutens	0.273941803497466	0.38972648217246
Phascolarctobacterium_A succinatutens_A	0.18467680536364	0.246575872794521
Phil1 sp001940855	0.189492586616319	0.0833075601907943
Phil1 sp004558525	0.259033911514565	0.264234595624302
Phocaeicola barnesiae	0.0587133580810414	-0.00188054303110567
Phocaeicola coprocola	0.0768506175130096	-0.0661311370660986
Phocaeicola coprophilus	0.123058978860675	0.0394668800001507
Phocaeicola dorei	0.0647795964088318	0.0203629120776751
Phocaeicola ilei	0.125500906954061	-0.171212739329011
Phocaeicola massiliensis	0.113792480125303	0.0169688386681335
Phocaeicola mediterraneensis	0.123055379922315	-0.109226814222126
Phocaeicola plebeius	0.0898378440076944	-0.123812236109808
Phocaeicola plebeius_A	0.094114942326898	-0.133804299750226
Phocaeicola salanitronis	0.0485202266491153	-0.0205012732769678
Phocaeicola sartorii	0.10029766275477	0.0518480336219559
Phocaeicola sp000432735	0.0837952214859291	-0.0723879910023585
Phocaeicola sp000434735	0.172773554123489	-0.0554170348635088
Phocaeicola sp000436795	0.0614161200560389	-0.0126310437202258
Phocaeicola sp002161565	0.14006370927995	-0.124945835238929
Phocaeicola sp002161765	0.114478838426405	-0.0134731416510959
Phocaeicola sp002493165	0.120625804891793	0.0150936073758273
Phocaeicola sp900066445	0.151773947934889	-0.0541496003287522
Phocaeicola sp900066455	0.150762786158039	-0.124805457511898
Phocaeicola sp900540105	0.117797083389075	-0.0436672634981868
Phocaeicola sp900541515	0.128889156936687	-0.14089177749067
Phocaeicola sp900542985	0.187611448003924	-0.190298536987899
Phocaeicola sp900544075	0.0882189798741284	-0.0189202106219574
Phocaeicola sp900544675	0.136562324349099	0.0293986057410615
Phocaeicola sp900546095	0.0523174772364023	0.011091905048723
Phocaeicola sp900546355	0.0713532125902941	0.0526336129278258
Phocaeicola sp900546645	0.15398564583447	0.149492324846239
Phocaeicola sp900551065	0.105916306096072	-0.154353021643879
Phocaeicola sp900551445	0.11165048417295	-0.141386306021721
Phocaeicola sp900551645	0.0768740140775976	-0.000765919081711154
Phocaeicola sp900552075	0.127392135400723	-0.111719598250817
Phocaeicola sp900552645	0.183056158238011	-0.180181394288516
Phocaeicola sp900553185	0.126590921997312	-0.177179132965211
Phocaeicola sp902388365	0.123696760134341	0.0104503984772576
Phocea massiliensis	0.152706452450195	0.145677037323327
Phoenicibacter congonensis	0.159958884345573	0.103467380066931
Phytobacter massiliensis	0.199169039329394	0.0932936656702119
Phytobacter ursingii	0.199260875929961	0.191073796153989
Plesiomonas shigelloides	0.238789711535565	0.0304469076503829
Pluralibacter gergoviae	0.197825085908008	0.10776776939857
Porphyromonas gingivalis	0.224323483215408	-0.186386666961403
Porphyromonas sp900539155	0.091885281823462	-0.166277046186112
Porphyromonas_A bennonis	0.105003686406899	-0.0291355576333653
Porphyromonas_A sp900541275	0.0332583841161002	-0.0130971261511152
Pradoshia sp001183965	0.043245917605366	-0.038184097521679
Prevotella amnii	0.12557889306773	-0.0731301007421246
Prevotella bergensis	0.189051977292765	-0.127466668689082
Prevotella bivia	0.251550311280099	-0.194089583021374
Prevotella brunnea	0.199148546189565	-0.228347609336679
Prevotella buccae	0.212338593724759	-0.117343467032572
Prevotella buccalis	0.104624377363465	-0.0556871714867131
Prevotella colorans	0.158632649713625	-0.0372405014923866
Prevotella copri_A	0.138946107297559	0.0410856111082231
Prevotella corporis	0.242878599911574	-0.278810523592614
Prevotella denticola	0.161332586434343	-0.0797516010815783
Prevotella disiens	0.190834022209201	-0.0360450652162422
Prevotella hominis	0.223103841592896	0.0854607889717168
Prevotella intermedia	0.0534889571257903	-0.000756319528422746
Prevotella jejuni	0.160355062033988	-0.110421810861496
Prevotella lascolaii	0.199124930318449	-0.120163107714431
Prevotella melaninogenica	0.156233114372454	-0.102792627013672
Prevotella multisaccharivorax	0.0487532205847534	-0.0362247591117223
Prevotella nigrescens	0.0617545947256155	0.031880592703721
Prevotella oralis	0.149189730417157	-0.161795540630187
Prevotella oris	0.165815618808475	-0.199134578306213
Prevotella pectinovora	0.308514166825515	-0.164832913075931
Prevotella rara	0.0885556636728312	-0.0843656207289759
Prevotella salivae	0.129494875174466	-0.0169292240916958
Prevotella sp000431975	0.161827245401857	-0.213606179795967
Prevotella sp000433175	0.153953565372715	-0.0462623425877769
Prevotella sp000434975	0.282265684798263	-0.0251265925195968
Prevotella sp000435635	0.159499237334376	0.099611252695579
Prevotella sp000436035	0.185663879640597	0.0858733127878074
Prevotella sp000436595	0.0936171638879709	-0.0119019506788335
Prevotella sp000436695	0.079455709936599	-0.0676631600507627
Prevotella sp000436915	0.165592049313417	0.00695573609561469
Prevotella sp002251295	0.206834480677563	-0.0481457067235987
Prevotella sp002251365	0.219494267419024	-0.104317923346007
Prevotella sp002251385	0.365880332383194	0.0915782289828452
Prevotella sp002265625	0.194722529461216	0.0515824438756836
Prevotella sp002299275	0.20963710283916	-0.0606478420792788
Prevotella sp002299635	0.202394895616661	0.0113314695967993
Prevotella sp002300055	0.2598602553893	-0.380658507223188
Prevotella sp002350355	0.255097035199855	-0.53464008925038
Prevotella sp002480935	0.188880361355838	-0.189768904523089
Prevotella sp002481295	0.160562288195675	-0.29993474049679
Prevotella sp003447235	0.246004857076078	0.0853215666813474
Prevotella sp004556065	0.245027138937948	-0.197599102181371
Prevotella sp900290275	0.218611187774541	-0.0135730673632572
Prevotella sp900313215	0.220395364727344	0.0441337761194842
Prevotella sp900315955	0.198157340453335	0.0764707705474119
Prevotella sp900316565	0.300670132013964	-0.393003446170308
Prevotella sp900317685	0.32904582534702	-0.426337690180493
Prevotella sp900540375	0.197548644120319	-0.159077932506507
Prevotella sp900540415	0.300179481529692	0.186742772070238
Prevotella sp900543585	0.203207730047073	-0.0229326705545235
Prevotella sp900543975	0.275626828265288	-0.0537261360599006
Prevotella sp900544495	0.258653176632148	-0.140423159658195
Prevotella sp900544825	0.114915922795684	0.00150791985010708
Prevotella sp900545525	0.20296064073584	-0.174413645417003
Prevotella sp900546345	0.166502651411678	-0.0951160371042234
Prevotella sp900546535	0.183700955440369	0.024710939494212
Prevotella sp900546575	0.213467149712343	-0.0531115831010217
Prevotella sp900547005	0.257057857859038	-0.168410991699571
Prevotella sp900548195	0.174105378289884	-0.0907573127767631
Prevotella sp900548535	0.0854035782263774	-0.00730577792560928
Prevotella sp900548585	0.130244648193005	-0.073493392672912
Prevotella sp900548745	0.249515781418139	-0.150646056728364
Prevotella sp900549175	0.159006075311404	-0.0825065965849331
Prevotella sp900550035	0.19264827849826	-0.0241754006184878
Prevotella sp900550365	0.160600913677847	-0.0539987494147891
Prevotella sp900551055	0.322435602340447	0.136139693979607
Prevotella sp900551985	0.139841531614643	0.0604380407303261
Prevotella sp900552515	0.201706058022416	-0.0649913986790409
Prevotella sp900552675	0.241949261708069	-0.0464905277946592
Prevotella sp900552965	0.182461396704978	0.0433465576080285
Prevotella sp900553155	0.205652704558577	-0.0927421354490168
Prevotella sp900553465	0.124937280812331	-0.0415726499609025
Prevotella sp900553595	0.187830693711817	-0.135792999527922
Prevotella sp900553965	0.196214336865784	-0.120227625338857
Prevotella sp900554045	0.115307450173748	-0.0102272270158948
Prevotella sp900554545	0.147043034099904	-0.0120957803959548
Prevotella sp900554695	0.315271333986108	-0.102623801049087
Prevotella sp900555035	0.107187621898696	0.0712311849378832
Prevotella sp900556275	0.0980075293530598	0.0601370400248116
Prevotella sp900556395	0.171560792631542	-0.0288589714506796
Prevotella sp900556795	0.19249817727379	0.0462917404148967
Prevotella sp900556825	0.172887131452877	0.0292929635213399
Prevotella sp900557255	0.13465398243315	0.0555388669016702
Prevotella sp900557405	0.287417900446657	-0.0684443508258299
Prevotella sp900762125	0.209374171020744	-0.13355768979785
Prevotella sp900765465	0.200321050112695	-0.0642703196025756
Prevotella sp900767615	0.201728509307544	0.0983316848436432
Prevotella sp900769055	0.186202145293967	-0.000223068933396789
Prevotella sp900769275	0.182537192157584	-0.0203003754437784
Prevotella sp900770025	0.146669373149457	0.0734043026497306
Prevotella sp900770395	0.181985820357307	-0.190547844716909
Prevotella sp900770845	0.131401846179597	0.00933679887914316
Prevotella sp900771975	0.230749532079627	0.04567858201114
Prevotella sp900772835	0.298914039984942	-0.307455707378359
Prevotella stercorea	0.231593990360465	-0.141646665282449
Prevotella timonensis	0.224746156777602	-0.349723461465707
Prevotella veroralis	0.142301699779799	-0.10300663276384
Prevotellamassilia sp000437675	0.155325649040859	0.0215104167789125
Prevotellamassilia sp004552865	0.109326005942432	-0.0159801128896533
Prevotellamassilia sp004557035	0.157565069853369	-0.160057832371054
Prevotellamassilia sp900539625	0.251261964530965	-0.336692963366595
Prevotellamassilia sp900540885	0.285302080285719	-0.201707645973259
Prevotellamassilia sp900541335	0.145499202461655	-0.0187202439746124
Prevotellamassilia sp900541575	0.25323121478422	-0.0341398537051071
Prevotellamassilia sp900542795	0.201636004036711	-0.0471187737130385
Prevotellamassilia sp900543155	0.21133687895067	-0.0902521486527445
Prevotellamassilia sp900546605	0.106711970644365	-0.104261783435349
Prevotellamassilia sp900556465	0.114682237177507	-0.0929031158529158
Prevotellamassilia sp900768625	0.197120312564372	-0.0926899396198622
Prevotellamassilia sp900772575	0.109139288413571	-0.0104374881745972
Prevotellamassilia timonensis	0.210195920027786	-0.178608840187758
Proteus sp003144505	0.211539379835598	-0.232598087083655
Providencia rettgeri	0.280975115761569	0.0506085187251323
Providencia stuartii	0.223234898051275	0.104606281501148
Pseudobutyrivibrio fibrisolvens_A	0.124392810361703	-0.136666367515329
Pseudoflavonifractor capillosus	0.0425122968486543	-0.0552671260212831
Pseudoflavonifractor sp014287675	0.207764183623958	0.0682206242380257
Pseudomonas aeruginosa	0.408180416558809	-0.828726961926029
Pseudomonas citronellolis	0.389401420438658	-0.381413376962818
Pseudomonas_E putida_P	0.167466286511387	-0.299219554303191
Pseudoruminococcus massiliensis	0.166495538333778	0.039925148627904
Pseudoruminococcus sp902765855	0.0555851008222783	-0.0672364609279863
Psychrobacillus sp012843435	0.0483342436328613	0.0913374495208133
Pygmaiobacter massiliensis	0.0339009174648291	-0.0348093376806568
QAKD01 sp003343965	0.526821648594335	0.402786982785537
QAKW01 sp003343605	0.147592122822508	-0.166608242594443
QALR01 sp900542425	0.0499594479974023	-0.024913323733437
QALR01 sp900552255	0.128117480134812	0.00471125506295967
QALR01 sp900553085	0.193348106292102	0.0923834653860937
QALS01 sp003150575	0.553508058634962	-0.0888637923721422
QALS01 sp900552625	0.193129231444262	0.104210884843639
QALS01 sp900555925	0.698211793835723	0.669834258921462
QALW01 sp003150515	0.191416969678011	0.0460416743260814
QALW01 sp900547955	0.168169569971043	-0.245510723379746
QALW01 sp900552055	0.394298846176698	0.531494348660752
QAMI01 sp900551915	0.29101271102606	0.293534004397818
QAMI01 sp900554095	0.407525564198132	-0.103071034853535
QAMM01 sp003150405	0.249717006835365	0.268174971000681
QAMM01 sp900552945	0.215747207391331	0.195684867473201
QAMM01 sp900762715	0.0380820289970524	0.00198549490288784
QAMX01 sp003149835	0.0565502505422816	-0.0387232898092353
QAMX01 sp004555605	0.290370810738829	0.270465352745791
QANA01 sp003149735	0.0610894935836341	-0.121396708497182
QANA01 sp900554725	0.0711130544852006	-0.0614230980172182
RC9 sp000431015	0.106963151307679	0.0320034975732064
RC9 sp000432515	0.168109780743068	0.111475088280828
RC9 sp000432655	0.12032560267775	-0.00690488744567814
RC9 sp000433355	0.112867148469347	0.0644359187484153
RC9 sp000434935	0.130636046850155	0.0789060528756444
RC9 sp000435075	0.0667706276497208	0.0486875164912289
RC9 sp001915575	0.155143585000836	0.00718020097841302
RC9 sp004554455	0.321468590064261	0.0317559887531669
RC9 sp004556005	0.169068689893309	0.350913315647071
RC9 sp900541925	0.114979975490413	0.197099358769986
RC9 sp900543205	0.0599108403214873	0.0794709814831056
RC9 sp900544195	0.121874008191814	-0.01873344873282
RC9 sp900545245	0.219021054431593	0.250483615812907
RC9 sp900546395	0.102662925406986	-0.0358084466594327
RC9 sp900546445	0.128193711593563	-0.00148826624795739
RC9 sp900546925	0.0604382644278268	-0.0146738727627065
RC9 sp900760425	0.256664487326561	0.0368369132704849
RC9 sp900767375	0.224276488265909	0.0403973423367144
RC9 sp900767405	0.327989250169377	-0.129051829680324
RC9 sp900769145	0.32330445607404	0.202737855396954
RC9 sp900769905	0.0831834784531519	-0.129202605212448
RC9 sp900771005	0.0501677524017751	-0.0266030011930145
RF16 sp900556095	0.0797374303645069	-0.157716340805507
RQCD01 sp008668455	0.126296405206285	0.0717075967108083
RUG013 sp001486445	0.148180278547487	0.160175382108704
RUG023 sp900315435	0.201328723719075	-0.127185425714184
RUG11247 sp902767315	0.423104351554928	0.550945285633302
RUG115 sp900066395	0.18767370799618	-0.155088024355036
RUG12045 sp900770325	0.0404822512594051	0.0407469728253204
RUG131 sp900315885	0.191871802287025	-0.325872535411998
RUG131 sp900549975	0.475573069162948	0.0170414866760575
RUG14107 sp900772685	0.0361013483198721	0.00509664796300669
RUG420 sp900542575	0.17061964115764	0.0506037829067949
RUG472 sp900545265	0.264807625734626	0.147516429496254
RUG572 sp900547945	0.244940622407378	-0.0660866968171233
RUG572 sp900771305	0.256876463620971	0.139279695496098
RUG705 sp900551455	0.252611044622803	-0.156510851451263
RUG806 sp900313475	0.173044270151393	0.137242859992226
Raoultella ornithinolytica	0.168603806403466	0.111107151220952
Raoultibacter timonensis	0.0432808131959843	-0.00688341060096617
Rikenella microfusus	0.0959389879172676	-0.335212016407965
Robinsoniella peoriensis	0.0331068387155565	-0.0152461340218716
Robinsoniella sp900539655	0.131129370563066	0.149613623084668
Robinsoniella sp900540475	0.0281160680911	-0.0161202278082111
Robinsoniella sp900555455	0.0451581256428001	0.0206084963801838
Romboutsia dakarensis	0.0911384553635186	-0.0793732759270318
Romboutsia timonensis	0.127634178461161	0.00892983436119287
Roseburia hominis	0.060272619347717	-0.00318536860488188
Roseburia intestinalis	0.262696578612401	-0.269433067186958
Roseburia sp003470905	0.163982125475528	-0.127449090423722
Roseburia sp003483745	0.281909012243751	-0.313338635608451
Roseburia sp900542495	0.315715982053283	-0.191753041752519
Roseburia sp900548205	0.197391425892576	-0.150894728902642
Roseburia sp900550935	0.182867671906881	-0.134468705163165
Roseburia sp900552665	0.325013431223136	-0.17733282416154
Roseburia sp900753715	0.160381214911593	-0.168811326767568
Roseburia sp900756925	0.233505369245148	-0.264541152669488
Rothia mucilaginosa	0.0596519859790612	-0.0993202548749865
Rothia mucilaginosa_A	0.24363646150756	-0.387688932985683
Rothia mucilaginosa_B	0.0503182318063286	-0.0477012067144521
Rothia sp001808955	0.240759766062529	-0.275461280146071
Rothia sp902373285	0.0395375507783602	-0.0607731691533573
Rubneribacter badeniensis	0.202021636604479	0.298184306843467
Ruminiclostridium_E siraeum	0.281282643944436	0.13904351960015
Ruminiclostridium_E sp003512525	0.34590994128962	0.29218176025337
Ruminiclostridium_E sp900539195	0.311179595472546	0.230574515470438
Ruminiclostridium_E sp900556525	0.199253308541613	0.0798618612630929
Ruminiclostridium_E sp900768735	0.526870108272695	-0.130419421152182
Ruminococcus sp002438605	0.053557571526725	-0.0308795063078824
Ruminococcus sp900540005	0.157012919289164	-0.0155015418549534
Ruminococcus sp900545125	0.124377623090202	0.0996613021089249
Ruminococcus sp900752785	0.0429321273677108	-0.00433134578384151
Ruminococcus sp900761275	0.043207219136618	-0.0152080293652881
Ruminococcus_A faecicola	0.0611765394976776	0.0206662614846381
Ruminococcus_A sp000432335	0.214917911813628	-0.125017053372065
Ruminococcus_A sp003011855	0.060503192594392	-0.0595724664427199
Ruminococcus_B gnavus	0.165384804402303	0.142306493889032
Ruminococcus_B sp900544395	0.131330146960244	0.119532828835026
Ruminococcus_C callidus	0.0743532309342498	-0.0954962203790184
Ruminococcus_C sp000433635	0.11074111782644	-0.122801401574212
Ruminococcus_C sp000437175	0.0543007316445402	-0.0333998099513326
Ruminococcus_C sp000437255	0.0636686042833698	-0.0240663714512405
Ruminococcus_C sp000980705	0.313903981597454	0.412817433033844
Ruminococcus_C sp900545285	0.0638454585517979	0.049110683418038
Ruminococcus_C sp900765125	0.0605732035810978	0.00977324362272053
Ruminococcus_C sp900770195	0.0605802660586153	-0.0925692503808136
Ruminococcus_D bicirculans	0.0909515687808555	-0.0534750851700031
Ruminococcus_D sp000434695	0.0642087527565811	0.00384326375322692
Ruminococcus_D sp900539095	0.0786066180286779	0.0347046950772644
Ruminococcus_D sp900539835	0.0473997336313079	0.0672539571585888
Ruminococcus_D sp900543145	0.173130969856365	0.21479394433017
Ruminococcus_D sp900752625	0.0476970172642147	0.0496193209613891
Ruminococcus_D sp900770285	0.183050814169034	0.0981848945708761
Ruminococcus_E bromii	0.233749820062787	0.220757406697644
Ruminococcus_E bromii_A	0.0927992145406507	0.116191408484105
Ruminococcus_E bromii_B	0.250271853604778	0.201026825907007
Ruminococcus_E sp002493635	0.077305210274366	0.0668629132470611
Ruminococcus_E sp003438075	0.0626062164681891	0.0295779478778583
Ruminococcus_E sp003521625	0.0530510716441353	0.0403568064849118
Ruminococcus_E sp003526955	0.0957527148652549	0.0399383487578767
Ruminococcus_E sp900314705	0.0710243851198102	0.000743926496290772
Ruminococcus_E sp900543095	0.0831752827904429	0.0742679783821588
Ruminococcus_E sp900755995	0.0407735209789446	-0.0258334209643683
Ruminococcus_F champanellensis	0.227463431737391	0.128716987252729
Ruminococcus_G gauvreauii	0.0417339262717598	-0.0565173459304622
Ruthenibacterium lactatiformans	0.0504375304093151	-0.0211003678358925
Ruthenibacterium sp900546885	0.302999867521864	0.358416034924356
Ruthenibacterium sp900759375	0.243742215792977	0.334820332766562
S5-A14a sp900553025	0.122195750464413	0.00521583463550503
SFDB01 sp004558825	0.246988148170389	0.262296926042092
SFDP01 sp004558185	0.145063906822496	-0.0251355728053654
SFDP01 sp900770785	0.146499484557965	-0.0670452189507807
SFEL01 sp004557245	0.426134791596094	0.288545312458614
SFFH01 sp900542395	0.253779495520939	0.0558576479726796
SFFH01 sp900542445	0.319047512800018	0.0852918812595896
SFFH01 sp900548125	0.443098559534928	0.355779647006382
SFGY01 sp004556455	0.160098677749738	0.106731907779316
SFHK01 sp004556395	0.397910817305529	0.367748241895808
SFJ001 sp004555865	0.129287611757747	-0.17642694525663
SFLA01 sp004553575	0.250256385021203	0.289667395853942
SFMI01 sp004556155	0.44397114690007	0.454841570341563
SFTJ01 sp004557385	0.175017484468302	-0.45585947426764
SFTJ01 sp900769345	0.204140218125073	0.103360178106036
SFVR01 sp900769035	0.0331708707797953	0.00578101375569618
Salinicola tamaricis	0.1225415740221	-0.0581352287618502
Salmonella bongori	0.22185491718884	0.264962790107152
Salmonella enterica	0.257753115298772	0.292732584996247
Scardovia wiggsiae	0.194805543150622	0.0413288171482791
Schaedlerella glycyrrhizinilytica	0.121111743064862	0.0727805178136309
Schaedlerella sp900066545	0.155063563420513	-0.0854212061433743
Schaedlerella sp900765975	0.0826007998212968	0.0997199004161947
Selenomonas_A sp900769615	0.272112907003421	-0.0432762722791962
Selenomonas_C bovis	0.380768793134199	0.348697557214604
Selenomonas_C sp002351185	0.160292790334074	0.00146025850000913
Sellimonas intestinalis	0.131977353423221	0.0815294785044923
Sellimonas sp002161525	0.034773034357986	-0.0135305729051426
Senegalimassilia anaerobia	0.150008184638401	0.170206151312758
Senegalimassilia faecalis	0.12898647803055	-0.15213479817011
Senegalimassilia sp900550055	0.155114180449358	0.252051727557769
Slackia_A isoflavoniconvertens	0.289706063060578	0.211912889300425
Slackia_A sp900553775	0.0744417906899679	-0.0404685626489369
Slackia_A sp900555495	0.0657352622495676	0.0231026827801061
Sneathia amnii	0.39776486597985	-0.138151160084594
Sodaliphilus pleomorphus	0.318496596829306	-0.407976363070466
Sodaliphilus sp004557565	0.246634641761156	-0.0612992971488639
Sodaliphilus sp900770215	0.717200210306354	-1.04999601960972
Sporanaerobacter acetigenes	0.150697696446832	-0.033631414983611
Stomatobaculum longum	0.217078947634634	0.270456289748952
Stomatobaculum naviforme	0.112363684312566	0.0773997604473822
Stomatobaculum sp002892395	0.0342333430803926	-0.0110036660735843
Stoquefichus massiliensis	0.0369451801621415	-0.0340428908774225
Stoquefichus sp001244545	0.0570588041158973	-0.0990948280480908
Streptococcus alactolyticus	0.239383787026059	-0.157937709992778
Streptococcus anginosus_C	0.221660856483932	0.245067698787935
Streptococcus constellatus	0.115097816734534	0.183924906859175
Streptococcus gordonii	0.163278905264198	0.351893921387345
Streptococcus infantarius	0.0514086864681592	-0.00697363266917532
Streptococcus infantis_I	0.0573341139176959	0.0325698164527773
Streptococcus koreensis	0.257026040603422	-0.213339676797147
Streptococcus lutetiensis	0.463448073642787	-0.131083755568432
Streptococcus mitis	0.112225288350802	0.0129632233293194
Streptococcus mitis_AC	0.0700435315933677	0.0468416324318998
Streptococcus mitis_BB	0.0910340053330822	0.0495505863170641
Streptococcus mitis_D	0.10266624162604	0.0271289256927147
Streptococcus mutans	0.131495978044548	0.384749303924995
Streptococcus oralis	0.135921613445595	-0.0016175546651257
Streptococcus oralis_E	0.170987637672414	0.0593700029353488
Streptococcus oralis_S	0.104332008950811	0.0548099385037568
Streptococcus oralis_W	0.203997261675412	-0.0810456367530599
Streptococcus parasanguinis	0.175620369512549	0.104059334149783
Streptococcus parasanguinis_B	0.16797823060436	0.1670578624173
Streptococcus pasteurianus	0.264474190203061	-0.110520329094283
Streptococcus pseudopneumoniae_O	0.169861653079262	-0.0890682713786516
Streptococcus rubneri	0.0521237155382253	0.0153038468200622
Streptococcus salivarius	0.161667084265123	0.0700796165948392
Streptococcus sanguinis_H	0.119021391425778	0.192023119518651
Streptococcus sobrinus	0.123518147607044	0.15037625990362
Streptococcus sp000187445	0.126564870692381	0.0701538236526093
Streptococcus sp000411475	0.144943315526813	0.0226639152113934
Streptococcus sp001556435	0.208687322114109	0.0516105761500997
Streptococcus sp004166885	0.0747345801727746	0.0458253406862708
Streptococcus sp900543065	0.143870830071036	0.132278412372559
Streptococcus sp900546335	0.110199708961894	0.14255580739531
Streptococcus sp900550895	0.137162490801535	-0.0790386211107325
Streptococcus sp900555155	0.042958345658961	0.0193341341015887
Streptococcus sp900755085	0.160126285397962	0.133426671877168
Streptococcus sp902363395	0.110640832898455	0.128056565653297
Streptococcus sp902373455	0.141846278451563	0.108012471235924
Streptococcus thermophilus	0.144462757551227	0.151829884561555
Streptococcus timonensis	0.0595494195158083	0.0395943375392873
Streptococcus vestibularis	0.183059691166391	0.123974839369676
Succinatimonas hippei	0.139726979981017	-0.260341610660128
Succiniclasticum sp900314855	0.426093981886573	-0.441042674560766
Succiniclasticum sp900544275	0.134426089828317	0.251374923308757
Succinivibrio sp000431835	0.458250896155611	-0.406040200770782
Succinivibrio sp900548485	0.263014084423492	-0.268265161653569
Superficieibacter sp900766525	0.168524233334678	0.0971630174238096
Sutterella faecalis	0.420984756933464	-0.187489137631335
Sutterella seckii_A	0.182809666182893	0.129183960815305
Sutterella sp900543805	0.277115432083703	-0.294001166853692
Sutterella sp900764215	0.263392632753795	-0.2427155684582
Sutterella sp900770335	0.231415277921016	-0.321988996334294
Sutterella wadsworthensis	0.873914003705611	0.842101427678105
Sutterella wadsworthensis_A	0.140546543927409	-0.100777785604035
TF01-11 sp000436755	0.0875182067689699	-0.10276074545136
TF01-11 sp001414325	0.174814243054986	-0.221827709418764
TF01-11 sp001916135	0.0668707721673204	-0.0266374622604827
TF01-11 sp003149875	0.243527858011561	-0.17478056415284
TF01-11 sp003524945	0.0835411894547381	0.0385690219685106
TF01-11 sp003529475	0.116699742802185	-0.192773124421789
TF01-11 sp900759665	0.0644727783430435	-0.0690407496120522
TM7x sp900555265	0.0738034310820627	0.0281942423136659
TM7x sp900555425	0.0348983617941347	0.0104452088337639
TM7x sp900555675	0.147922145830899	0.111842315917887
TM7x sp900555885	0.0354748388989886	0.0043523886068248
TM7x sp900556355	0.158684171621233	-0.0585941650016799
TM7x sp900556885	0.046404822888269	0.0112701379210364
TM7x sp900557595	0.0801805610587545	-0.00309998659229045
Tener-01 sp001940985	0.0528057787794431	-0.0536902913236891
Terrisporobacter glycolicus_A	0.0645831530038454	0.0895816425506412
Terrisporobacter othiniensis	0.114010404185966	0.158493350220991
Terrisporobacter sp900557165	0.0672148905370785	0.0399130410273975
Terrisporobacter sp902363255	0.0888383065797701	0.130310251814091
Tidjanibacter inops_A	0.298506125530749	0.0723383471284901
Treponema_D sp900541995	0.0521406527002951	-0.146656734475749
Treponema_D sp900769975	0.192113084418268	0.23934390459685
Turicibacter sanguinis	0.305481406556148	0.388259903524851
Turicibacter sp001543345	0.108244793213002	-0.111413632951175
Turicimonas sp900542195	0.361090880878186	-0.296221849564416
UBA10281 sp000437515	0.349116056627951	-0.13857773455999
UBA10281 sp900548285	0.137180525010864	0.0597625967260234
UBA10281 sp900554485	0.733844765061066	0.934523296060373
UBA10281 sp900556195	0.352671230933116	0.317138861951753
UBA10281 sp900764105	0.327924899988483	0.282667961961753
UBA10281 sp900767815	0.363712885648778	0.391861099886526
UBA10281 sp900767885	0.155747234426321	-0.0429450782514275
UBA10677 sp003533505	0.704835807633594	-0.477204646583026
UBA10677 sp900543755	0.197613448099224	0.0657147775804735
UBA10677 sp900760475	0.209132203457264	0.216206368212701
UBA1081 sp900543395	0.161452813823097	0.186325605451409
UBA11452 sp003526375	0.236402185260997	0.0506727676577072
UBA11471 sp000434215	0.0661929776378498	-0.0165249765143994
UBA11471 sp900542765	0.219130368545089	0.183966725667632
UBA11471 sp900547555	0.0616223587697616	0.0125175447102327
UBA11475 sp003538975	0.284897533268276	0.0934394766964386
UBA11512 sp003522145	0.360919161144654	0.404472468377445
UBA11517 sp003522085	0.123128998109243	-0.231719398753422
UBA11517 sp900555365	0.200320334473382	-0.322572019943991
UBA11517 sp900753315	0.106968894476995	-0.248148137441263
UBA11524 sp000437595	0.37615239524113	-0.00305988109031322
UBA11524 sp900769075	0.265826984554854	0.0722153580875317
UBA1174 sp900556855	0.259668615633328	-0.180457340246365
UBA11774 sp003507655	0.443962261749205	0.197765446750218
UBA1181 sp900769555	0.12903775595953	-0.0479636907638862
UBA1191 sp900066305	0.0477059035471166	-0.0234174233099146
UBA1191 sp900542385	0.0644463776879901	0.100093743548002
UBA1191 sp900543485	0.112118196910024	0.0380397184322121
UBA1191 sp900545775	0.252595030805523	-0.0932998702007705
UBA1191 sp900549125	0.0559341215234635	0.079584603583699
UBA11963 sp900552975	0.0896082338566022	-0.0100676825744247
UBA1206 sp000433115	0.343120984254568	0.405060153652912
UBA1221 sp900770525	0.046010338816848	-0.0845730842132034
UBA1227 sp900545655	0.0431864818595974	0.0853080839207034
UBA1232 sp004561775	0.0479746700295568	0.0893930214258495
UBA1232 sp900544815	0.197522397086271	-0.0494873055248123
UBA1234 sp900753135	0.0798447443925062	0.112409987229707
UBA1234 sp900765095	0.19259177563422	0.114715294196961
UBA1259 sp003523255	0.163593774157843	-0.0069940196243116
UBA1259 sp900760875	0.113415345024492	0.0487991754518876
UBA1375 sp002305795	0.0652639575083393	0.0261726251587425
UBA1390 sp002305315	0.0605824511479668	-0.044788425291755
UBA1390 sp900764045	0.176612142786343	0.132969025163393
UBA1394 sp900066845	0.189305791777173	0.218866131173722
UBA1394 sp900538575	0.191990874198081	0.0761764351213554
UBA1394 sp900554975	0.0664796691464198	-0.158455115242458
UBA1409 sp002338885	0.216469142545489	0.156963734140193
UBA1409 sp002491605	0.226937528528044	0.378664929485259
UBA1409 sp900553675	0.259604906504956	-0.0525054171166014
UBA1409 sp900760125	0.242738444141199	0.219846379964155
UBA1417 sp002305575	0.319662841394097	0.248886181898721
UBA1417 sp003531055	0.47755955870049	0.479011305416176
UBA1417 sp900549945	0.166024631285758	0.261584225002323
UBA1417 sp900552925	0.25211762941748	0.426023370213194
UBA1685 sp002320595	0.375295067711844	0.363090861596926
UBA1685 sp900546845	0.138469032633308	0.130945079158189
UBA1691 sp002320555	0.0436512720837795	0.0397231887105686
UBA1691 sp900544375	0.0650252935156257	0.11147330377927
UBA1691 sp900544715	0.124875999543934	0.219197725816158
UBA1691 sp900549825	0.150828955942585	0.128339369374807
UBA1691 sp900552985	0.0746683319711433	0.0827097101404157
UBA1711 sp900771365	0.0487464156411896	0.0147437433761955
UBA1740 sp004558975	0.341168536998005	-0.0688651599262727
UBA1740 sp900767415	0.0394025548175593	-0.0603001318614144
UBA1752 sp900554405	0.177210554669539	0.209828727591559
UBA1777 sp002320035	0.276129487206381	0.151832036158125
UBA1777 sp003150355	0.173441207133054	0.0787073098080111
UBA1777 sp900546515	0.244938331763023	0.258513361838182
UBA1777 sp900547315	0.234104634193071	0.171115277113305
UBA1777 sp900549485	0.187230844245955	0.0391850153643489
UBA1777 sp900549545	0.166882342729397	0.0745590216467677
UBA1777 sp900549645	0.303765119484124	0.308720460868441
UBA1777 sp900549865	0.248660723373364	0.089810742488221
UBA1777 sp900754515	0.359303605774444	0.252258847660166
UBA1786 sp900771425	0.345930702391771	-0.408592902666379
UBA1820 sp002314265	0.597494040139707	0.153182541111454
UBA1820 sp003150615	0.200386280977048	-0.220280362371661
UBA1822 sp002314995	0.126812973148821	-0.158609581125344
UBA1822 sp900545365	0.057491731115261	-0.117090370965427
UBA1829 sp900548385	0.227569302509198	0.187805882266686
UBA1829 sp900549415	0.181934804305251	0.0126079604737683
UBA1829 sp900760615	0.0786096345340763	-0.0268939824403742
UBA2821 sp902763335	0.151871134095425	-0.00985613234270062
UBA2856 sp009696445	0.0284825401536162	-0.0106395617405256
UBA2856 sp900555005	0.0966587800372126	0.0566679214117003
UBA2882 sp002362385	0.192769802958484	0.145372236008668
UBA2882 sp900542015	0.0355535824139447	0.00279702574102077
UBA2882 sp900549665	0.192414347076897	-0.243117717930643
UBA2883 sp002103075	0.202771337167889	-0.116444819081259
UBA2883 sp900768915	0.146677601447519	0.0895686616392334
UBA2913 sp900770895	0.233605372170616	0.203887637345711
UBA3210 sp900755065	0.162194919914325	-0.304717534868827
UBA3388 sp002358835	0.164750942801808	-0.328035464596361
UBA3388 sp004551865	0.316494512301697	0.0680096339079185
UBA3388 sp900545215	0.0478732081583469	0.0374490371823316
UBA3388 sp900546465	0.0361102046487189	0.000580700001212874
UBA3402 sp003478355	0.105886489320714	-0.181475125565913
UBA3631 sp900544605	0.245471683539737	0.232147096266365
UBA3631 sp900546275	0.395568663066111	0.427098178942437
UBA3766 sp900769175	0.0997601379529016	-0.0118147281702365
UBA3789 sp900543055	0.246224459043938	-0.099897444645704
UBA3818 sp900557155	0.224672598494804	-0.115770674258503
UBA4285 sp900545225	0.157097809884019	-0.0840407402005569
UBA4372 sp900543815	0.319296101042496	0.119314678219282
UBA4372 sp900766785	0.40040700341922	-0.360969135633909
UBA4636 sp900770945	0.478049881908253	-0.460467541156677
UBA4644 sp900555855	0.334362051412419	0.267528396089601
UBA4644 sp900763355	0.11952576955735	0.164510743924918
UBA4716 sp900556575	0.231236744941192	-0.269467303453192
UBA4855 sp900540395	0.326201136341313	-0.223915414624539
UBA4871 sp014467055	0.127723352258585	-0.116004902325302
UBA4871 sp900554535	0.0912696347793309	-0.0542299687099923
UBA4877 sp002399345	0.280548276812086	0.409876255389512
UBA5026 sp900546745	0.172462108734906	0.0448374655190356
UBA5026 sp900550255	0.367700288166708	0.093685893750637
UBA5026 sp900552335	0.110481816259533	-0.127938530727343
UBA5026 sp900557305	0.102288661487731	-0.129832502425145
UBA5394 sp003150565	0.42524110207088	0.117790449659319
UBA5394 sp900542615	0.424378522232833	0.265199438627372
UBA5416 sp900539175	0.165786047535116	-0.105293083454201
UBA5446 sp004553625	0.509860646240107	0.338588482686019
UBA5446 sp900543085	0.322050870388688	0.329212001116327
UBA5446 sp900544295	0.244931490217192	0.232128667711469
UBA5446 sp900544765	0.478159944672895	0.487554480505372
UBA5446 sp900545405	0.480844060477225	0.298765568037102
UBA5446 sp900546485	0.0507775116982504	-0.0288530778995573
UBA5446 sp900546615	0.247436436522223	0.171292935515594
UBA5446 sp900752445	0.273284648244602	0.254664542556729
UBA5446 sp900759385	0.411148454969097	0.398205890133406
UBA5809 sp002417965	0.15693664534708	-0.118388788866759
UBA5884 sp900551505	0.163471020669906	-0.0543811198073808
UBA5905 sp002437905	0.259600437372435	0.249570894543793
UBA5905 sp004558485	0.130656266937155	0.126327875600624
UBA5905 sp900549155	0.358371696815214	0.37920093428499
UBA5905 sp900763035	0.340031613120405	0.187345068599503
UBA5905 sp900764115	0.242339714767867	0.152989613979129
UBA636 sp900546285	0.116454156061555	-0.0041651338152083
UBA6382 sp900557555	0.195494407129918	0.0520760475097676
UBA6398 sp003150315	0.0708918468854179	0.0159598945458962
UBA6398 sp900550635	0.211304498337942	-0.088417783737259
UBA6398 sp900555645	0.262461036764849	0.146961652650638
UBA644 sp002299265	0.223757435693949	0.338707943843619
UBA644 sp900547165	0.252535128509377	0.22739382700345
UBA6857 sp900767015	0.0404945980009113	0.0473151931512574
UBA6857 sp900768075	0.0852357444026779	-0.0227249805257712
UBA6984 sp003258725	0.350983433572218	0.0548484404839454
UBA6984 sp900550295	0.373291024526384	0.206348302958923
UBA7001 sp900553685	0.242622977790481	0.046384246169206
UBA7001 sp900768805	0.210612656534328	0.0860806987143646
UBA7057 sp900542735	0.417632854359756	-0.154114400380159
UBA7057 sp900543675	0.524454028260938	-0.807387398345163
UBA7102 sp900760085	0.370415320200272	0.248126590031528
UBA7160 sp900757145	0.0458313012189683	0.0555736282864028
UBA7160 sp902363135	0.0371858610285612	-0.0107516660737268
UBA7160 sp902363665	0.0587706530445364	-0.0595544637530281
UBA7173 sp001701135	0.209976689118229	0.160481783218252
UBA7173 sp001915385	0.127274880124403	-0.158453368609082
UBA7173 sp900540205	0.0405087344732252	-0.00330345317218573
UBA7173 sp900546835	0.106771170039812	-0.129432283418658
UBA7173 sp900548705	0.36261946750677	0.142815542413674
UBA7173 sp900552325	0.0398043804937474	-0.0342955680942087
UBA7173 sp900555165	0.13200085885202	-0.172436708094269
UBA7173 sp900759895	0.334019072295186	0.285512951590378
UBA7173 sp900768685	0.175557307480899	-0.246967154274946
UBA7182 sp003480725	0.118602664423545	-0.111182535476276
UBA7182 sp003481535	0.114879627167408	-0.215141632434328
UBA7185 sp900556545	0.090357974285482	-0.033619638522444
UBA7185 sp900756555	0.115929114410187	-0.150945300208467
UBA737 sp002431945	0.278147383257552	0.219045452234539
UBA737 sp900543215	0.149005838642926	0.148157470926068
UBA737 sp900547095	0.151719308841394	0.144019862869921
UBA737 sp900547305	0.0656072809329358	-0.121349125771312
UBA737 sp900547445	0.24784197957263	0.3418300083524
UBA737 sp900549055	0.389256305081649	0.321745006797576
UBA737 sp900549755	0.0973268087028404	-0.00403866641773795
UBA737 sp900554525	0.0784489331216809	-0.0152249221771174
UBA737 sp900754145	0.0584973059927307	0.0585570149352169
UBA738 sp003522945	0.233907603113294	0.0479535867163114
UBA738 sp004557735	0.176337969072052	0.0153230955096285
UBA738 sp900763675	0.0668389202420764	-0.0317502320913425
UBA7488 sp002477185	0.200302724342185	0.14222776825534
UBA7597 sp003448195	0.335667035914918	-0.292722292690177
UBA7597 sp900542935	0.193318933131724	-0.0769115703349487
UBA7597 sp900767195	0.394549713403131	0.23159268287641
UBA7642 sp900763245	0.247145409056603	-0.368658074723647
UBA866 sp900543295	0.0881809537029923	-0.0295939045820843
UBA940 sp900768115	0.334229279922137	-0.306295372610464
UBA9414 sp003458885	0.0881740976396799	0.0210052754579199
UBA945 sp900549675	0.0603247328958386	-0.1336158895143
UBA9475 sp900549885	0.359725575546669	0.280035273879468
UBA9475 sp900554075	0.0333775293098156	-0.0291544347002887
UBA9502 sp003478505	0.221661494945291	-0.29693808639342
UBA9502 sp003480315	0.111078587124779	-0.157363898995397
UBA9502 sp003481825	0.134479121577126	-0.22740217744921
UBA9502 sp003506385	0.184840420109196	-0.232589598486557
UBA9502 sp900538475	0.158206116117609	0.211300908286458
UBA9502 sp900540335	0.0867190426709695	0.0159571622953485
UBA9502 sp900555625	0.0628906279861711	-0.0671525582212964
UBA9502 sp900770535	0.108763400543457	-0.164845879118672
UBA9506 sp003506415	0.0669493472736046	0.103134488379327
UBA9732 sp001940825	0.0997455782741776	-0.106772550460925
UC5-1-2E3 sp001304875	0.295953675381368	0.347907527555093
UCG-010 sp003150215	0.34749592327484	0.323608561683278
UCG-010 sp900754535	0.0868945421365107	-0.1161464090465
UMGS1002 sp900547565	0.262336073005786	0.229396608247106
UMGS1004 sp900761685	0.097307049797919	-0.0585487062139155
UMGS1045 sp900547995	0.0562353984663334	-0.145026798622246
UMGS1052 sp900548115	0.138739730126823	0.135429362273998
UMGS1071 sp900541905	0.097961389841162	0.148620022709932
UMGS1071 sp900542375	0.0786211866320237	0.093214175310744
UMGS1071 sp900548305	0.104369641065417	0.0701947047372365
UMGS1109 sp900548675	0.303917417510581	0.351260982756169
UMGS1124 sp900548725	0.212514602842496	0.10374515067494
UMGS1202 sp900549565	0.0430871990047514	0.0184094144163866
UMGS1217 sp900549625	0.0778303634799101	-0.0909081882954672
UMGS1224 sp900549775	0.0461106694759602	0.0329874630307485
UMGS1225 sp900549725	0.171234857240061	0.225235995047621
UMGS124 sp900539345	0.0916822681786426	0.0590435958712802
UMGS1241 sp900540495	0.162124411202999	0.0465141852937178
UMGS1241 sp900549955	0.1928578290163	-0.12400364154527
UMGS1241 sp900550525	0.200877647523374	0.0284681551739792
UMGS1251 sp900549995	0.0955067425975314	0.116347227940857
UMGS1253 sp900550065	0.193027283875132	0.264996596773923
UMGS1279 sp900550315	0.355026244726237	0.315334262738226
UMGS1279 sp900761625	0.094368900348292	-0.14081906164823
UMGS1293 sp900550385	0.16501658711487	-0.221775450999446
UMGS1293 sp900754495	0.307989071646605	-0.453762215113726
UMGS1307 sp900550505	0.173871168886582	-0.125593148852191
UMGS1312 sp900550625	0.306633706658322	0.31518938051998
UMGS1322 sp900550765	0.0614259418015241	0.0773404938614164
UMGS1326 sp900550775	0.181016771914492	-0.026625775430113
UMGS1338 sp900550805	0.146297729731754	-0.0295344297803484
UMGS1370 sp900542035	0.164899041130398	0.229834428008117
UMGS1370 sp900551135	0.0740402017219133	-0.0519971271262918
UMGS1375 sp900066615	0.0664210205909104	-0.0653062382381013
UMGS1375 sp900551235	0.0739345772707414	0.00923756751500496
UMGS1384 sp900551265	0.333431824280668	0.433550858287018
UMGS1387 sp900551295	0.120680065951253	0.0455535504633528
UMGS1388 sp900551345	0.0867518468144713	-0.0554711723634221
UMGS1397 sp900551425	0.183521093719564	0.14616092720318
UMGS1397 sp900761355	0.274972725247581	0.308858202606148
UMGS1418 sp900551595	0.0502550615284898	0.0776022316169058
UMGS1441 sp900543365	0.193314252672706	-0.0886541619790598
UMGS1441 sp900551755	0.0638699301876847	-0.10623149988039
UMGS1472 sp900552095	0.0402532308711773	0.00830075987263541
UMGS1474 sp900547105	0.161472233167002	0.120839920691532
UMGS1474 sp900552115	0.0317864186799981	0.00220271842548262
UMGS1477 sp900553845	0.183668367390301	0.057189822034893
UMGS1484 sp900552285	0.0772322128482029	-0.0731395123914258
UMGS1484 sp902388225	0.0445535370736788	-0.0203946741691988
UMGS1487 sp900552225	0.138272818361121	0.0516161407596155
UMGS1490 sp900552245	0.0636113321665535	0.0530313558762378
UMGS1491 sp900757335	0.0844990964086164	-0.0424066263239243
UMGS1494 sp900552305	0.167284673950508	-0.296547509646461
UMGS1518 sp900552575	0.0733189105082102	-0.0536262320064849
UMGS1532 sp900552605	0.141142733468463	-0.036410956922083
UMGS1537 sp900543695	0.264532305495892	0.371275888809496
UMGS1537 sp900552695	0.0436649632474912	-0.0142167965718594
UMGS1537 sp900761045	0.22948377476051	0.274361497739149
UMGS1540 sp900552775	0.043149539694809	-0.0467743327701605
UMGS1572 sp900553045	0.128534058907067	0.090001606125472
UMGS1585 sp900553205	0.322709340598007	0.175482093318319
UMGS1590 sp900552455	0.235387340865357	0.0648333158089069
UMGS1590 sp900759105	0.186784744115745	-0.133857350898226
UMGS1591 sp900553255	0.201124972472751	0.221842828860491
UMGS1600 sp900553295	0.524366009096772	0.399013427342731
UMGS1600 sp900553315	0.209377773712043	-0.185554641553866
UMGS1601 sp900545345	0.0929378512126584	0.0723173783675121
UMGS1601 sp900553335	0.133914138165527	-0.170600040119359
UMGS1603 sp900553265	0.213826314274072	-0.023459741939864
UMGS1603 sp900759005	0.0624923848806199	0.017697138859224
UMGS1611 sp900553435	0.0969041693513378	-0.168576946404673
UMGS1613 sp900553395	0.0799624110920011	0.189131824832935
UMGS1623 sp900553525	0.136248950583737	0.11478910909354
UMGS1633 sp900553645	0.254299602767078	0.13072674952863
UMGS1648 sp900553765	0.0696184800417146	-0.126256198894304
UMGS1649 sp900553785	0.207048915505192	-0.222484337240371
UMGS1663 sp900553405	0.21440822059812	0.121356395222073
UMGS1663 sp900553865	0.239199559563452	-0.0381966854679406
UMGS1663 sp900753245	0.0742327792494363	-0.0805570809483068
UMGS1668 sp900553955	0.233008452074231	0.266363350196807
UMGS1668 sp900768105	0.296258184519002	0.31730667775104
UMGS1670 sp900546215	0.192676773551262	-0.261602122541935
UMGS1670 sp900548595	0.169082880456179	0.274300606963693
UMGS1670 sp900553995	0.126032247040241	-0.204378117549271
UMGS1670 sp902406135	0.162386208973259	0.218129695847535
UMGS1690 sp900554165	0.221736238466859	0.17309341312411
UMGS1696 sp900554225	0.30944989378185	0.317519152416329
UMGS1696 sp900753285	0.320335089610413	0.338090940258482
UMGS1696 sp900763885	0.11741928236844	0.0655039448907163
UMGS172 sp900539855	0.112954570526526	-0.0188176020635655
UMGS1754 sp900554815	0.136420650717552	0.018828809155649
UMGS1754 sp900759475	0.284835137696493	-0.0211157798632316
UMGS1766 sp900554855	0.0773802251521569	-0.0969905155228835
UMGS1781 sp900553365	0.0558830638662085	0.0160740898593693
UMGS1781 sp900553695	0.264391939686595	0.384401535984411
UMGS1781 sp900554635	0.138675970351711	-0.154709341337412
UMGS1781 sp900555075	0.196873906970912	0.357918439284162
UMGS1783 sp900555065	0.441405082246554	0.464188601179255
UMGS1795 sp900555125	0.441404363782001	0.152658278441191
UMGS1810 sp900555295	0.0302627210313716	-0.0113599762359185
UMGS1815 sp900555345	0.106284652923427	0.0845268787154833
UMGS1820 sp900545865	0.111715943653325	-0.0695759115452218
UMGS1820 sp900555375	0.165245045107189	0.111671826583525
UMGS1826 sp900555435	0.310944925974837	0.243498336530029
UMGS1839 sp900555545	0.0583793799992239	0.0103703970228761
UMGS1840 sp900555525	0.0344206999087293	-0.0197845475526558
UMGS1851 sp900555605	0.370416404275145	0.289501293203425
UMGS1858 sp900555705	0.0328875196294287	0.00402774984812383
UMGS1864 sp900555835	0.065899267020707	-0.0223533280109705
UMGS1865 sp900547725	0.3867093145176	0.345759326262392
UMGS1865 sp900555785	0.474269770507638	0.549652712097854
UMGS1865 sp900768535	0.297390956263608	0.322226028935815
UMGS1872 sp900549475	0.178454638043231	0.046536498699833
UMGS1872 sp900555795	0.156224504541387	0.0712316161266954
UMGS1872 sp902373635	0.119840457501736	-0.186381183499878
UMGS1880 sp900555875	0.137157349334013	0.0218237157661405
UMGS1880 sp900761765	0.313282218170263	0.0369317929979974
UMGS1883 sp900763305	0.0453234590716649	-0.00258410706121978
UMGS1889 sp900556055	0.127304892332398	0.0211133024044053
UMGS1901 sp900553755	0.275557060131233	0.169131591152845
UMGS1901 sp900556135	0.150447141745653	0.117474317307294
UMGS1933 sp900556455	0.194012187498967	-0.271718836241295
UMGS1933 sp900772235	0.0860438691356194	-0.107582331081228
UMGS1975 sp900546685	0.136403633727834	0.117714626659149
UMGS1975 sp900556815	0.136599326140112	0.0203712475660346
UMGS1975 sp900751745	0.504443950966046	0.501077041231965
UMGS1976 sp900556765	0.247642812431027	0.384584317128539
UMGS1976 sp900769535	0.0339661708953843	-0.0315450635760335
UMGS1994 sp900553945	0.242994772393693	-0.107353270415965
UMGS1994 sp900556975	0.134478368159566	-0.150713784445745
UMGS2016 sp900557185	0.0631846650679418	0.0896489968345765
UMGS2055 sp900557635	0.174578675360599	0.0611277214776654
UMGS2068 sp900769635	0.251693206587131	0.163381625076233
UMGS263 sp900540535	0.0676522261922721	-0.0486121761583109
UMGS268 sp900540175	0.300911408106926	0.0973311602620283
UMGS268 sp900540705	0.0347783848931923	0.0220348219605941
UMGS363 sp900541495	0.0630301467259128	0.0865620753710268
UMGS363 sp900543105	0.106535702531635	-0.0774233553865553
UMGS363 sp900550695	0.175347852074398	-0.0552964028252327
UMGS363 sp900768245	0.326767633519066	0.22931063214436
UMGS403 sp900540275	0.0412627119914611	-0.00589844513960881
UMGS403 sp900540865	0.125381990304716	0.0492289534263228
UMGS403 sp900541565	0.237853502390008	0.25374110399357
UMGS403 sp900541975	0.178601779155689	0.191182007871517
UMGS416 sp900542005	0.263051965229162	0.315996532461572
UMGS577 sp900543525	0.380885998552421	0.343074616691795
UMGS599 sp900543705	0.255738059269929	0.246621457702406
UMGS680 sp900544525	0.0871247970633509	0.0869485404820274
UMGS687 sp900551705	0.124520022320926	-0.0925045973865933
UMGS692 sp900544545	0.23704552101192	-0.000829396317239998
UMGS693 sp900544555	0.125696451722039	-0.107848559834283
UMGS731 sp900544985	0.0854664010948311	-0.215350285696436
UMGS743 sp900545085	0.17000582511053	0.0632203058676023
UMGS75 sp900538885	0.14269513723437	0.277763871386831
UMGS75 sp900752975	0.0807920647189729	-0.0385417833873909
UMGS755 sp900545185	0.0445733173019206	0.000390896207591458
UMGS856 sp900546265	0.372252544241751	0.432092721175135
UMGS856 sp900760305	0.221324930734132	0.162446423626709
UMGS874 sp900546315	0.34524579191534	-0.0157510834058246
UMGS882 sp003343885	0.223059536731841	0.127933519651593
UMGS882 sp900546385	0.211765256966983	0.178893562564105
UMGS882 sp900757905	0.0581703607699367	-0.00531605257714163
UMGS902 sp003343845	0.288070964899656	0.226173900729963
UMGS902 sp900546635	0.12628461607687	0.0816135678954534
UMGS902 sp900761025	0.365296685700766	0.403231863046564
UMGS905 sp900540085	0.156231760389662	0.26136378920243
UMGS905 sp900546735	0.106845237269549	0.049659628733453
UMGS911 sp003343545	0.307375174840021	0.352157888989408
UMGS911 sp900545935	0.075852146107819	0.0851645035272608
UMGS911 sp900546695	0.268269909960309	0.426834224724915
UMGS929 sp900546875	0.0595077837437464	-0.0446841339178657
UMGS946 sp900544965	0.191385378758226	0.163384326927116
UMGS946 sp900547135	0.193234938405612	0.127997638501218
UMGS951 sp900547585	0.169953794646839	-0.0920502486464473
UMGS966 sp900547185	0.0805151953351042	0.0130386045293372
UMGS966 sp900761965	0.277562938317492	0.106271566824276
UMGS973 sp900547295	0.245946047592008	0.0937958297185985
UMGS995 sp900547465	0.264108548951595	0.169963965761982
UMGS995 sp900769695	0.453826393960524	0.134750732034098
Ureibacillus endophyticus	0.496982687561149	-0.281528996724287
V9D3004 sp002349525	0.0676278878144504	0.0581599295116631
V9D3004 sp900760345	0.182983634231324	-0.0804866473280282
VUNA01 sp002299625	0.189247726722661	0.203214523127531
Veillonella atypica	0.192709080746295	-0.102828850422782
Veillonella dispar	0.0828241320776503	0.0972488744654273
Veillonella dispar_A	0.169214213080849	0.0688289093700813
Veillonella parvula_A	0.174901901338011	0.0647481884368691
Veillonella rogosae	0.0657466373137693	-0.0430350253357501
Veillonella sp003463825	0.143304552927628	0.340751203701721
Veillonella sp009929605	0.219760609528228	-0.251345951594884
Veillonella sp900538355	0.259221487236946	0.296502447632285
Veillonella sp900545205	0.153077250512175	0.0433020346581611
Veillonella sp900549845	0.171117395203328	-0.0521066186044182
Veillonella sp900550175	0.145466307452965	0.175463987745638
Veillonella sp900550455	0.0438945446705504	0.0308315177454207
Veillonella sp900552445	0.17126422909016	0.0160104999437529
Veillonella sp900552715	0.207176009578099	0.210891634641905
Veillonella sp900556785	0.16332563434438	0.156541602905035
Veillonella sp900757715	0.197900696923438	0.0799136973404312
Veillonella sp900765235	0.17986429334224	0.12620731003444
Veillonella tobetsuensis	0.228561689453677	-0.0620073013284622
Vibrio parahaemolyticus	0.30512749492665	-0.342371680333597
Victivallis sp002998355	0.0827471782666337	0.0182670320730832
Victivallis sp900550905	0.199124578537016	-0.0533900495252389
Victivallis vadensis	0.137631043417603	0.0700237584293911
W0P28-013 sp004557405	0.329587353952164	-0.309009507547495
W3P20-009 sp900766825	0.201065839348789	-0.1338701717426
WG-1 sp900539665	0.200334245519784	-0.285083811265355
Weissella viridescens	0.151334330850117	-0.087785196340253
Yokenella regensburgei	0.202118253225228	0.0472283423180711
Zag1 sp000433095	0.285058448869611	-0.253246905154704
Zag1 sp000437435	0.13517353458192	-0.215559649820002
Zag1 sp000438175	0.0624662600571416	-0.042798138140833
Zag1 sp900556295	0.221933190377349	-0.458390987780022
Zag1 sp900767135	0.230865064905648	-0.206642879136478
Zag1 sp900769355	0.0529992035788987	-0.0406677917603974
Zag1 sp900769645	0.171196495175738	-0.140989606541025
Zag111 sp003258735	0.141335748473467	0.093691431048503
Zag111 sp900551965	0.0469773699318555	-0.0617094895925764
